HIERARCHY
ROOT Hips
{
  OFFSET 0.000000 0.000000 0.000000
  CHANNELS 6 Xposition Yposition Zposition Zrotation Yrotation Xrotation
  JOINT Spine1
  {
    OFFSET -0.013727 5.003763 -0.053727
    CHANNELS 3 Zrotation Yrotation Xrotation
    JOINT Spine2
    {
      OFFSET -0.000000 7.125301 -0.029825
      CHANNELS 3 Zrotation Yrotation Xrotation
      JOINT Chest
      {
        OFFSET -0.000001 7.550063 -0.815971
        CHANNELS 3 Zrotation Yrotation Xrotation
        JOINT Neck1
        {
          OFFSET -0.181677 26.311295 -0.553348
          CHANNELS 3 Zrotation Yrotation Xrotation
          JOINT Neck2
          {
            OFFSET -0.000003 7.709397 2.302585
            CHANNELS 3 Zrotation Yrotation Xrotation
            JOINT Head
            {
              OFFSET -0.000005 6.128916 1.953709
              CHANNELS 3 Zrotation Yrotation Xrotation
              JOINT HeadEnd
              {
                OFFSET 0.003598 16.065403 -1.835379
                CHANNELS 3 Zrotation Yrotation Xrotation
                End Site
                {
                  OFFSET 0.0 1.0 0.0
                }
              }
              JOINT Jaw
              {
                OFFSET 0.002637 0.475592 3.094941
                CHANNELS 3 Zrotation Yrotation Xrotation
                End Site
                {
                  OFFSET 0.0 1.0 0.0
                }
              }
              JOINT LeftEye
              {
                OFFSET 3.206381 5.380205 7.586883
                CHANNELS 3 Zrotation Yrotation Xrotation
                End Site
                {
                  OFFSET 0.0 1.0 0.0
                }
              }
              JOINT RightEye
              {
                OFFSET -3.222440 5.361869 7.558234
                CHANNELS 3 Zrotation Yrotation Xrotation
                End Site
                {
                  OFFSET 0.0 1.0 0.0
                }
              }
            }
          }
        }
        JOINT LeftShoulder
        {
          OFFSET 1.621652 23.237164 5.113413
          CHANNELS 3 Zrotation Yrotation Xrotation
          JOINT LeftArm
          {
            OFFSET 14.919846 0.000002 -5.502326
            CHANNELS 3 Zrotation Yrotation Xrotation
            JOINT LeftForeArm
            {
              OFFSET 28.739307 0.000000 -0.002588
              CHANNELS 3 Zrotation Yrotation Xrotation
              JOINT LeftHand
              {
                OFFSET 27.093981 -0.000001 0.002609
                CHANNELS 3 Zrotation Yrotation Xrotation
                JOINT LeftHandThumb1
                {
                  OFFSET 2.276482 -1.392045 3.191413
                  CHANNELS 3 Zrotation Yrotation Xrotation
                  JOINT LeftHandThumb2
                  {
                    OFFSET 4.012836 -1.828127 1.641654
                    CHANNELS 3 Zrotation Yrotation Xrotation
                    JOINT LeftHandThumb3
                    {
                      OFFSET 2.798515 0.000000 -0.000003
                      CHANNELS 3 Zrotation Yrotation Xrotation
                      JOINT LeftHandThumbEnd
                      {
                        OFFSET 3.180793 -0.000004 0.000004
                        CHANNELS 3 Zrotation Yrotation Xrotation
                        End Site
                        {
                          OFFSET 0.0 1.0 0.0
                        }
                      }
                    }
                  }
                }
                JOINT LeftHandIndex1
                {
                  OFFSET 3.247555 -0.531998 2.296169
                  CHANNELS 3 Zrotation Yrotation Xrotation
                  JOINT LeftHandIndex2
                  {
                    OFFSET 6.364578 0.012060 0.178600
                    CHANNELS 3 Zrotation Yrotation Xrotation
                    JOINT LeftHandIndex3
                    {
                      OFFSET 3.662364 0.000000 0.000000
                      CHANNELS 3 Zrotation Yrotation Xrotation
                      JOINT LeftHandIndex4
                      {
                        OFFSET 2.329242 0.000004 0.000004
                        CHANNELS 3 Zrotation Yrotation Xrotation
                        JOINT LeftHandIndexEnd
                        {
                          OFFSET 2.759615 -0.180537 -0.113024
                          CHANNELS 3 Zrotation Yrotation Xrotation
                          End Site
                          {
                            OFFSET 0.0 1.0 0.0
                          }
                        }
                      }
                    }
                  }
                }
                JOINT LeftHandMiddle1
                {
                  OFFSET 3.163495 0.240981 1.000332
                  CHANNELS 3 Zrotation Yrotation Xrotation
                  JOINT LeftHandMiddle2
                  {
                    OFFSET 6.190780 -0.259278 -1.002548
                    CHANNELS 3 Zrotation Yrotation Xrotation
                    JOINT LeftHandMiddle3
                    {
                      OFFSET 4.356520 -0.000004 -0.000001
                      CHANNELS 3 Zrotation Yrotation Xrotation
                      JOINT LeftHandMiddle4
                      {
                        OFFSET 2.996877 -0.000008 0.000000
                        CHANNELS 3 Zrotation Yrotation Xrotation
                        JOINT LeftHandMiddleEnd
                        {
                          OFFSET 2.304287 -0.294569 -0.031741
                          CHANNELS 3 Zrotation Yrotation Xrotation
                          End Site
                          {
                            OFFSET 0.0 1.0 0.0
                          }
                        }
                      }
                    }
                  }
                }
                JOINT LeftHandRing1
                {
                  OFFSET 2.882643 -0.053652 -0.322543
                  CHANNELS 3 Zrotation Yrotation Xrotation
                  JOINT LeftHandRing2
                  {
                    OFFSET 5.854541 -0.486202 -1.373841
                    CHANNELS 3 Zrotation Yrotation Xrotation
                    JOINT LeftHandRing3
                    {
                      OFFSET 4.350578 0.000000 0.000003
                      CHANNELS 3 Zrotation Yrotation Xrotation
                      JOINT LeftHandRing4
                      {
                        OFFSET 2.651321 0.000007 0.000002
                        CHANNELS 3 Zrotation Yrotation Xrotation
                        JOINT LeftHandRingEnd
                        {
                          OFFSET 1.936105 0.077687 -0.000071
                          CHANNELS 3 Zrotation Yrotation Xrotation
                          End Site
                          {
                            OFFSET 0.0 1.0 0.0
                          }
                        }
                      }
                    }
                  }
                }
                JOINT LeftHandPinky1
                {
                  OFFSET 2.865500 -0.310005 -1.600378
                  CHANNELS 3 Zrotation Yrotation Xrotation
                  JOINT LeftHandPinky2
                  {
                    OFFSET 5.087849 -1.331141 -1.771230
                    CHANNELS 3 Zrotation Yrotation Xrotation
                    JOINT LeftHandPinky3
                    {
                      OFFSET 3.070974 0.000004 0.000000
                      CHANNELS 3 Zrotation Yrotation Xrotation
                      JOINT LeftHandPinky4
                      {
                        OFFSET 1.549672 0.000000 0.000001
                        CHANNELS 3 Zrotation Yrotation Xrotation
                        JOINT LeftHandPinkyEnd
                        {
                          OFFSET 1.944893 -0.157802 0.057219
                          CHANNELS 3 Zrotation Yrotation Xrotation
                          End Site
                          {
                            OFFSET 0.0 1.0 0.0
                          }
                        }
                      }
                    }
                  }
                }
              }
            }
          }
        }
        JOINT RightShoulder
        {
          OFFSET -1.380118 23.180309 5.214158
          CHANNELS 3 Zrotation Yrotation Xrotation
          JOINT RightArm
          {
            OFFSET -15.037196 0.000012 -5.545604
            CHANNELS 3 Zrotation Yrotation Xrotation
            JOINT RightForeArm
            {
              OFFSET -28.736639 0.000002 -0.002597
              CHANNELS 3 Zrotation Yrotation Xrotation
              JOINT RightHand
              {
                OFFSET -27.133619 -0.000000 0.002613
                CHANNELS 3 Zrotation Yrotation Xrotation
                JOINT RightHandThumb1
                {
                  OFFSET -2.274032 -1.383988 3.163127
                  CHANNELS 3 Zrotation Yrotation Xrotation
                  JOINT RightHandThumb2
                  {
                    OFFSET -4.011429 -1.827466 1.640914
                    CHANNELS 3 Zrotation Yrotation Xrotation
                    JOINT RightHandThumb3
                    {
                      OFFSET -2.794935 -0.000004 -0.000003
                      CHANNELS 3 Zrotation Yrotation Xrotation
                      JOINT RightHandThumbEnd
                      {
                        OFFSET -3.183852 0.000004 0.000001
                        CHANNELS 3 Zrotation Yrotation Xrotation
                        End Site
                        {
                          OFFSET 0.0 1.0 0.0
                        }
                      }
                    }
                  }
                }
                JOINT RightHandIndex1
                {
                  OFFSET -3.253266 -0.520057 2.282866
                  CHANNELS 3 Zrotation Yrotation Xrotation
                  JOINT RightHandIndex2
                  {
                    OFFSET -6.341917 0.012471 0.178266
                    CHANNELS 3 Zrotation Yrotation Xrotation
                    JOINT RightHandIndex3
                    {
                      OFFSET -3.654871 -0.000008 -0.000000
                      CHANNELS 3 Zrotation Yrotation Xrotation
                      JOINT RightHandIndex4
                      {
                        OFFSET -2.327586 0.000000 0.000001
                        CHANNELS 3 Zrotation Yrotation Xrotation
                        JOINT RightHandIndexEnd
                        {
                          OFFSET -2.761790 -0.180656 -0.113078
                          CHANNELS 3 Zrotation Yrotation Xrotation
                          End Site
                          {
                            OFFSET 0.0 1.0 0.0
                          }
                        }
                      }
                    }
                  }
                }
                JOINT RightHandMiddle1
                {
                  OFFSET -3.168106 0.246593 1.001030
                  CHANNELS 3 Zrotation Yrotation Xrotation
                  JOINT RightHandMiddle2
                  {
                    OFFSET -6.180828 -0.258836 -1.000895
                    CHANNELS 3 Zrotation Yrotation Xrotation
                    JOINT RightHandMiddle3
                    {
                      OFFSET -4.348901 0.000000 -0.000000
                      CHANNELS 3 Zrotation Yrotation Xrotation
                      JOINT RightHandMiddle4
                      {
                        OFFSET -3.000240 -0.000004 -0.000002
                        CHANNELS 3 Zrotation Yrotation Xrotation
                        JOINT RightHandMiddleEnd
                        {
                          OFFSET -2.302520 -0.294370 -0.031706
                          CHANNELS 3 Zrotation Yrotation Xrotation
                          End Site
                          {
                            OFFSET 0.0 1.0 0.0
                          }
                        }
                      }
                    }
                  }
                }
                JOINT RightHandRing1
                {
                  OFFSET -2.885690 -0.067952 -0.308858
                  CHANNELS 3 Zrotation Yrotation Xrotation
                  JOINT RightHandRing2
                  {
                    OFFSET -5.854198 -0.486130 -1.373731
                    CHANNELS 3 Zrotation Yrotation Xrotation
                    JOINT RightHandRing3
                    {
                      OFFSET -4.338810 -0.000004 -0.000000
                      CHANNELS 3 Zrotation Yrotation Xrotation
                      JOINT RightHandRing4
                      {
                        OFFSET -2.654903 -0.000004 0.000004
                        CHANNELS 3 Zrotation Yrotation Xrotation
                        JOINT RightHandRingEnd
                        {
                          OFFSET -1.933568 0.077527 -0.000052
                          CHANNELS 3 Zrotation Yrotation Xrotation
                          End Site
                          {
                            OFFSET 0.0 1.0 0.0
                          }
                        }
                      }
                    }
                  }
                }
                JOINT RightHandPinky1
                {
                  OFFSET -2.866425 -0.342796 -1.584145
                  CHANNELS 3 Zrotation Yrotation Xrotation
                  JOINT RightHandPinky2
                  {
                    OFFSET -5.091371 -1.332055 -1.772385
                    CHANNELS 3 Zrotation Yrotation Xrotation
                    JOINT RightHandPinky3
                    {
                      OFFSET -3.062664 -0.000004 0.000001
                      CHANNELS 3 Zrotation Yrotation Xrotation
                      JOINT RightHandPinky4
                      {
                        OFFSET -1.546529 0.000004 -0.000002
                        CHANNELS 3 Zrotation Yrotation Xrotation
                        JOINT RightHandPinkyEnd
                        {
                          OFFSET -1.945119 -0.157718 0.057211
                          CHANNELS 3 Zrotation Yrotation Xrotation
                          End Site
                          {
                            OFFSET 0.0 1.0 0.0
                          }
                        }
                      }
                    }
                  }
                }
              }
            }
          }
        }
      }
    }
  }
  JOINT LeftLeg
  {
    OFFSET 10.043214 -8.434526 2.595655
    CHANNELS 3 Zrotation Yrotation Xrotation
    JOINT LeftShin
    {
      OFFSET -0.000001 -43.221752 -0.802913
      CHANNELS 3 Zrotation Yrotation Xrotation
      JOINT LeftFoot
      {
        OFFSET 0.000001 -42.155094 -3.481523
        CHANNELS 3 Zrotation Yrotation Xrotation
        JOINT LeftToeBase
        {
          OFFSET 0.000000 -5.059472 13.231529
          CHANNELS 3 Zrotation Yrotation Xrotation
          JOINT LeftToeEnd
          {
            OFFSET -0.009607 -1.647619 6.513017
            CHANNELS 3 Zrotation Yrotation Xrotation
            End Site
            {
              OFFSET 0.0 1.0 0.0
            }
          }
        }
      }
    }
  }
  JOINT RightLeg
  {
    OFFSET -10.047278 -8.295260 2.620317
    CHANNELS 3 Zrotation Yrotation Xrotation
    JOINT RightShin
    {
      OFFSET 0.000001 -43.362206 -0.805556
      CHANNELS 3 Zrotation Yrotation Xrotation
      JOINT RightFoot
      {
        OFFSET 0.000002 -42.117393 -3.478398
        CHANNELS 3 Zrotation Yrotation Xrotation
        JOINT RightToeBase
        {
          OFFSET -0.000000 -5.079609 13.284196
          CHANNELS 3 Zrotation Yrotation Xrotation
          JOINT RightToeEnd
          {
            OFFSET 0.009532 -1.634378 6.460591
            CHANNELS 3 Zrotation Yrotation Xrotation
            End Site
            {
              OFFSET 0.0 1.0 0.0
            }
          }
        }
      }
    }
  }
}
MOTION
Frames: 195
Frame Time: 0.033333
0.827318 109.148445 -5.728287 2.295718 42.858477 0.514025 -2.409161 1.388751 8.956575 1.608511 5.876657 -5.080765 -5.556523 5.131785 11.545701 -0.986452 0.384233 2.538522 -8.479244 6.720358 11.430844 7.631259 23.385598 -3.931935 -0.000246 -0.000667 -0.000624 -1.253649 -0.270958 -0.848244 -0.015081 -1.985032 -0.681762 -0.431070 -0.252327 -0.692760 -5.702554 -12.647434 18.986484 -71.413088 -30.751141 34.634996 -56.086229 -85.250440 59.256256 15.277173 -4.027058 -8.974238 -13.444865 12.291969 18.780027 -3.670162 -7.155494 -8.000544 0.533629 3.596133 -2.269752 -0.000889 -0.000100 -0.000112 2.650534 -0.990024 -0.925304 -56.661654 7.604546 5.896665 -30.748675 -9.172188 5.729732 -6.360982 -1.800559 -3.331689 -0.000090 -0.000424 0.000083 2.549674 -2.406610 2.224825 -55.798509 8.867870 0.876245 -33.367490 -8.081494 5.745472 -4.028550 -1.454604 -4.655968 0.000052 -0.000895 0.000347 5.676086 -1.426130 -13.708691 -49.905350 20.144625 12.275118 -36.194110 -2.044558 1.050683 -29.151825 -2.260400 -8.292099 0.000792 -0.000080 0.000216 4.036765 0.538777 -8.884403 -47.000937 14.463421 9.686099 -35.608297 -3.298244 2.173748 -21.340850 -0.589154 -8.101712 0.000473 -0.000544 0.000259 -7.814221 15.855171 23.580074 69.967981 24.974002 30.257482 48.887520 75.072895 46.838666 -27.023477 16.483794 7.957460 19.462546 -28.711314 25.831688 -0.750099 4.793056 -13.389716 -2.125557 -2.105030 3.498521 -0.000060 0.001324 -0.000263 0.112598 -2.497084 3.420753 49.916018 -9.221573 7.203678 31.352193 9.209892 4.215991 5.339764 3.075036 -5.331802 -0.000400 0.000729 -0.000040 -2.313608 -0.657051 6.345197 53.611111 -7.847040 5.016180 38.444483 10.514566 6.395403 6.302378 3.723175 -8.025368 -0.000108 0.000834 -0.000500 -7.516550 -1.817040 -9.088168 52.668010 -14.870212 15.514931 46.110196 7.954998 4.325567 33.485270 7.378261 -15.504593 -0.000012 0.000153 -0.000780 -9.010346 -3.285592 -3.269282 53.212008 -10.013396 13.432061 45.657145 14.449741 9.357098 27.817283 8.222826 -20.450981 -0.004316 0.002707 0.000105 0.865046 -1.446361 -26.536413 0.386011 -3.273735 16.933017 -8.912728 -5.589902 16.620935 -1.452072 -0.641868 0.351382 0.000997 0.000144 0.999645 -3.893661 -15.747180 6.112000 -2.045644 -3.117979 27.376330 6.184335 -11.994694 -13.181208 0.050840 2.638202 -5.867584 -0.001626 0.000352 1.000697
0.730714 109.152512 -5.725870 2.431176 42.612146 0.662507 -2.412272 1.393467 9.016776 1.617550 5.905034 -5.105795 -5.560505 5.135815 11.546345 -1.007473 0.391517 2.577982 -8.567484 6.732236 11.363934 7.650403 23.572280 -3.965347 -0.000234 -0.000656 -0.000635 -1.270722 -0.271158 -0.886957 -0.018074 -1.993446 -0.680052 -0.433997 -0.260677 -0.691724 -5.748898 -12.536744 19.014476 -71.200084 -30.703023 34.524199 -57.427652 -85.431326 60.613876 15.036571 -3.952675 -8.763604 -13.528813 12.479678 18.867169 -3.777440 -7.123957 -8.055729 0.525065 3.637915 -2.150028 -0.000883 -0.000089 -0.000094 2.580663 -0.961979 -0.917314 -56.762635 7.616756 5.836309 -30.809672 -9.216322 5.771855 -6.372948 -1.786915 -3.339388 -0.000087 -0.000417 0.000065 2.490893 -2.404762 2.223892 -55.908675 8.882113 0.836898 -33.444708 -8.100643 5.800518 -4.004219 -1.438753 -4.701338 0.000055 -0.000884 0.000353 5.638024 -1.450434 -13.682890 -50.039337 20.225541 12.266905 -36.196603 -2.059353 1.076286 -29.165707 -2.288154 -8.325562 0.000793 -0.000064 0.000209 4.010037 0.510809 -8.885653 -47.135184 14.522912 9.696645 -35.591746 -3.272037 2.176597 -21.354306 -0.595345 -8.102588 0.000458 -0.000534 0.000260 -7.664881 15.948103 23.585103 69.949178 25.068111 30.339931 49.009486 75.194238 46.954068 -26.490525 16.251708 8.168907 19.367090 -28.695537 25.842709 -0.697206 4.865829 -13.427592 -2.082483 -2.042299 3.512910 -0.000062 0.001340 -0.000258 0.027626 -2.372419 3.411442 49.753318 -9.095640 7.180424 31.109693 9.246720 4.145814 5.231234 3.060564 -5.217453 -0.000369 0.000718 -0.000035 -2.350371 -0.532138 6.302308 53.375528 -7.802394 4.971005 38.173812 10.526952 6.334441 6.146296 3.683881 -8.042571 -0.000077 0.000818 -0.000489 -7.527561 -1.711556 -9.151844 52.365896 -14.794607 15.579813 45.838558 7.962023 4.302709 33.395448 7.392384 -15.552801 0.000012 0.000106 -0.000786 -9.014866 -3.151492 -3.374014 52.957188 -10.051262 13.468416 45.353480 14.423578 9.316713 27.693547 8.193428 -20.526378 -0.004276 0.002652 0.000094 0.902964 -1.440039 -26.600673 0.339955 -3.276345 17.004307 -9.029083 -5.641317 16.538612 -1.411171 -0.641030 0.296805 0.000988 0.000132 0.999640 -3.923926 -15.691959 6.129199 -2.124638 -3.057519 27.157039 6.154852 -11.931933 -13.239871 -0.012141 2.618033 -5.931251 -0.001613 0.000358 1.000732
0.634103 109.158943 -5.723454 2.504443 42.481744 0.748770 -2.427955 1.405113 9.051683 1.627925 5.911468 -5.151600 -5.552567 5.130138 11.544714 -1.003746 0.416386 2.646754 -8.602244 6.694862 11.323886 7.636276 23.640216 -3.976705 -0.000230 -0.000650 -0.000640 -1.268992 -0.270988 -0.927129 -0.020007 -1.996523 -0.632472 -0.434483 -0.263442 -0.644483 -5.792324 -12.450610 19.053094 -71.079093 -30.632283 34.398142 -58.167740 -85.561043 61.396219 14.792608 -3.995747 -8.603157 -13.596892 12.579107 18.904240 -3.881555 -7.068168 -8.061735 0.526831 3.703910 -2.061744 -0.000879 -0.000078 -0.000081 2.489442 -0.949589 -0.914173 -56.712060 7.658910 5.820457 -30.664932 -9.113380 5.695081 -6.292346 -1.781063 -3.206067 -0.000080 -0.000421 0.000056 2.427362 -2.408107 2.233166 -55.848835 8.908770 0.839100 -33.294161 -7.998161 5.748577 -3.882221 -1.415103 -4.618815 0.000055 -0.000876 0.000358 5.594486 -1.467447 -13.652556 -49.974564 20.246645 12.315297 -36.000504 -2.017811 1.074149 -29.022186 -2.269327 -8.309082 0.000795 -0.000049 0.000206 3.993511 0.495805 -8.864882 -47.068667 14.546312 9.747611 -35.397732 -3.233598 2.166212 -21.195293 -0.550722 -8.109103 0.000452 -0.000528 0.000268 -7.523173 15.974495 23.569353 69.937341 25.057376 30.391523 49.075517 75.331844 47.023428 -25.953458 16.189449 8.285250 19.346952 -28.601169 25.812693 -0.660390 4.908720 -13.417875 -2.063771 -2.058598 3.511531 -0.000053 0.001349 -0.000259 0.020909 -2.260961 3.379997 49.551379 -9.007562 7.173767 30.727587 9.149769 4.034835 5.062894 3.047947 -5.026089 -0.000352 0.000712 -0.000040 -2.343027 -0.432641 6.252697 53.107661 -7.760907 4.952677 37.749735 10.402829 6.188034 5.924701 3.612807 -7.908676 -0.000072 0.000809 -0.000484 -7.521403 -1.616878 -9.216082 52.063083 -14.724826 15.630697 45.399790 7.839644 4.189547 33.179955 7.280396 -15.483305 0.000019 0.000073 -0.000784 -9.017660 -3.042833 -3.466203 52.671964 -10.061993 13.498283 44.937269 14.251214 9.108492 27.463952 8.001288 -20.433649 -0.004255 0.002615 0.000095 0.929374 -1.410143 -26.637630 0.322580 -3.276697 17.037263 -9.095687 -5.688329 16.344916 -1.358283 -0.656236 0.260573 0.000983 0.000128 0.999632 -3.929038 -15.653730 6.123322 -2.141682 -3.022301 27.050728 6.137510 -11.870013 -13.297822 -0.043503 2.600553 -5.929239 -0.001602 0.000360 1.000751
0.537479 109.173164 -5.721036 2.545987 42.390657 0.788516 -2.434076 1.410251 9.081670 1.624020 5.918740 -5.206297 -5.553195 5.126490 11.546091 -1.024104 0.439820 2.700012 -8.629802 6.643813 11.233629 7.573404 23.707616 -4.100070 -0.000230 -0.000644 -0.000647 -1.265116 -0.271016 -0.975390 -0.018330 -1.988785 -0.592051 -0.431592 -0.255266 -0.604749 -5.782740 -12.386782 19.060495 -70.987675 -30.576041 34.284686 -58.512291 -85.608583 61.747812 14.699788 -4.120552 -8.608319 -13.609767 12.634997 18.901345 -3.950737 -7.026341 -8.058009 0.519423 3.749283 -2.010869 -0.000873 -0.000076 -0.000073 2.452196 -0.901125 -0.920307 -56.620231 7.671668 5.823842 -30.507411 -9.018283 5.611999 -6.187597 -1.783850 -3.082398 -0.000075 -0.000424 0.000053 2.397236 -2.380369 2.239574 -55.767531 8.916214 0.846237 -33.110361 -7.912578 5.691243 -3.730436 -1.391192 -4.532109 0.000050 -0.000868 0.000358 5.567258 -1.452160 -13.636266 -49.914593 20.251238 12.358987 -35.759466 -1.994718 1.070423 -28.824344 -2.240537 -8.281709 0.000794 -0.000039 0.000209 3.979226 0.506599 -8.872751 -47.000724 14.554332 9.785191 -35.160038 -3.206669 2.147450 -20.974405 -0.493830 -8.098428 0.000452 -0.000527 0.000274 -7.459377 15.970460 23.545401 69.971717 25.049014 30.465467 48.976152 75.435278 46.889067 -25.471391 16.129051 8.399059 19.329355 -28.476782 25.777526 -0.623918 4.954159 -13.387404 -2.042756 -2.063295 3.495227 -0.000050 0.001362 -0.000257 0.022783 -2.172323 3.365075 49.327610 -8.932367 7.171754 30.277076 9.022715 3.918505 4.854853 3.027094 -4.843493 -0.000340 0.000710 -0.000042 -2.336003 -0.360991 6.215920 52.809282 -7.717165 4.942915 37.251630 10.244733 6.023044 5.669546 3.526814 -7.730787 -0.000069 0.000800 -0.000477 -7.515846 -1.555787 -9.265061 51.728160 -14.649369 15.695021 44.873409 7.688008 4.064500 32.905565 7.126452 -15.377578 0.000031 0.000023 -0.000787 -9.031776 -2.963377 -3.524702 52.354248 -10.062541 13.532264 44.440100 14.053030 8.863929 27.173740 7.756752 -20.281554 -0.004222 0.002561 0.000097 0.957976 -1.366882 -26.635968 0.307416 -3.275120 17.032573 -9.121261 -5.742017 16.162849 -1.323105 -0.657071 0.247255 0.000984 0.000131 0.999624 -3.936869 -15.660811 6.148720 -2.143278 -2.999581 26.941797 6.142473 -11.873804 -13.320023 -0.068410 2.575484 -5.924905 -0.001598 0.000358 1.000787
0.440833 109.187675 -5.718618 2.557164 42.396447 0.798520 -2.443452 1.431874 9.104387 1.629426 5.904196 -5.263550 -5.533380 5.124241 11.535998 -1.063134 0.484240 2.765795 -8.606017 6.564135 11.268157 7.530175 23.454387 -4.101268 -0.000238 -0.000651 -0.000645 -1.241819 -0.264078 -1.011078 -0.014673 -1.953416 -0.491894 -0.424928 -0.219086 -0.504799 -5.796289 -12.365003 19.054975 -70.974214 -30.525926 34.249250 -57.694862 -85.648787 60.957082 14.652052 -4.133798 -8.539229 -13.637496 12.711508 18.898746 -3.995679 -6.972771 -8.047282 0.546373 3.830230 -1.944529 -0.000875 -0.000076 -0.000074 2.387572 -0.886233 -0.906874 -56.649837 7.714638 5.815959 -30.406201 -8.898372 5.535543 -6.117286 -1.782883 -2.956178 -0.000067 -0.000430 0.000059 2.359439 -2.391176 2.258379 -55.759720 8.935431 0.861593 -33.004256 -7.801317 5.633638 -3.636195 -1.374197 -4.446078 0.000044 -0.000870 0.000358 5.548870 -1.478028 -13.602057 -49.892887 20.243342 12.393753 -35.617645 -1.950145 1.064109 -28.691002 -2.213048 -8.262955 0.000799 -0.000037 0.000213 4.000839 0.490615 -8.863260 -46.961061 14.547859 9.832174 -35.035961 -3.174029 2.147670 -20.819317 -0.446764 -8.114487 0.000460 -0.000534 0.000281 -7.399474 15.954751 23.519065 69.948753 25.023143 30.499668 48.887919 75.485001 46.764509 -25.296361 16.158421 8.413712 19.319696 -28.408447 25.739847 -0.614636 4.974089 -13.355044 -2.049679 -2.145498 3.494762 -0.000046 0.001362 -0.000258 0.049010 -2.129123 3.356519 49.260091 -8.894658 7.163321 29.948701 8.880149 3.828374 4.703348 3.017502 -4.656560 -0.000338 0.000717 -0.000045 -2.321690 -0.310995 6.194309 52.682642 -7.694195 4.938041 36.890248 10.075006 5.883366 5.484820 3.464235 -7.544714 -0.000076 0.000803 -0.000479 -7.520224 -1.494913 -9.301541 51.582199 -14.618899 15.708107 44.510077 7.528732 3.946783 32.693118 6.977793 -15.264377 0.000021 0.000013 -0.000784 -9.071488 -2.892145 -3.570689 52.231989 -10.057766 13.540812 44.125434 13.842232 8.640724 26.957878 7.535513 -20.124897 -0.004225 0.002557 0.000105 0.963734 -1.308262 -26.602797 0.299718 -3.279928 16.950510 -9.174707 -5.799551 16.032050 -1.279560 -0.665837 0.198290 0.000982 0.000139 0.999618 -3.922084 -15.673385 6.149442 -2.117051 -2.981684 26.910641 6.130371 -11.887435 -13.300500 -0.063221 2.562215 -5.873364 -0.001597 0.000356 1.000779
0.344149 109.180626 -5.716158 2.607480 42.385231 0.809732 -2.439070 1.443106 9.125079 1.616204 5.896494 -5.319541 -5.535886 5.116637 11.542835 -1.081772 0.514146 2.828313 -8.612445 6.524755 11.280473 7.447447 23.464535 -4.211334 -0.000238 -0.000653 -0.000647 -1.234907 -0.262622 -1.054088 -0.013544 -1.939889 -0.426980 -0.421838 -0.205287 -0.440137 -5.809622 -12.363509 19.032042 -70.872874 -30.546186 34.219602 -57.262164 -85.664402 60.508811 14.535365 -4.111222 -8.417004 -13.669081 12.769603 18.925635 -4.043713 -6.931663 -8.021575 0.554079 3.867337 -1.905257 -0.000881 -0.000074 -0.000069 2.334730 -0.846869 -0.879568 -56.520397 7.754632 5.825492 -30.221693 -8.757438 5.443137 -6.012840 -1.776732 -2.812010 -0.000066 -0.000427 0.000056 2.333870 -2.374950 2.290681 -55.628874 8.982407 0.869304 -32.809303 -7.676708 5.557774 -3.510900 -1.346238 -4.327338 0.000046 -0.000875 0.000365 5.546127 -1.474868 -13.563610 -49.776573 20.265608 12.431837 -35.399850 -1.894316 1.059777 -28.513164 -2.162430 -8.211599 0.000806 -0.000036 0.000213 4.034522 0.499070 -8.831507 -46.835201 14.571901 9.878244 -34.838421 -3.139156 2.132053 -20.623975 -0.380792 -8.095319 0.000465 -0.000531 0.000283 -7.381555 15.944211 23.527737 69.936652 25.109897 30.536794 48.750615 75.493152 46.587599 -24.817565 16.013815 8.373002 19.363099 -28.315815 25.679506 -0.562502 4.995413 -13.311811 -2.036561 -2.191777 3.485234 -0.000041 0.001365 -0.000260 0.105110 -2.105475 3.342249 49.174354 -8.850983 7.152898 29.650798 8.756018 3.746148 4.546051 3.008848 -4.531911 -0.000339 0.000719 -0.000048 -2.272050 -0.301495 6.167080 52.533355 -7.655720 4.924229 36.578108 9.925449 5.764208 5.319752 3.409531 -7.376882 -0.000082 0.000805 -0.000484 -7.481876 -1.476947 -9.318732 51.434420 -14.581895 15.709155 44.178909 7.395980 3.846460 32.498548 6.843370 -15.153763 0.000016 -0.000005 -0.000780 -9.051284 -2.861807 -3.580304 52.077158 -10.048053 13.541317 43.838699 13.674536 8.451602 26.771471 7.346662 -19.972519 -0.004216 0.002537 0.000108 0.965588 -1.247866 -26.586148 0.236479 -3.271082 16.935802 -9.168824 -5.829475 15.842298 -1.244815 -0.668522 0.207349 0.000971 0.000140 0.999617 -3.943180 -15.676533 6.101379 -2.111281 -2.937343 27.016485 6.154655 -11.841358 -13.316965 -0.061443 2.549744 -5.859238 -0.001586 0.000359 1.000788
0.247402 109.178452 -5.713571 2.612412 42.360530 0.827035 -2.419194 1.466234 9.161578 1.593601 5.906713 -5.371916 -5.529903 5.122775 11.544064 -1.102496 0.511197 2.878106 -8.621420 6.484262 11.185974 7.371570 23.430431 -4.368313 -0.000241 -0.000641 -0.000674 -1.224615 -0.258094 -1.085323 -0.008716 -1.908056 -0.396228 -0.416135 -0.173025 -0.411636 -5.880135 -12.340305 19.029207 -70.767109 -30.639553 34.283112 -56.384670 -85.701989 59.618888 14.035943 -3.902490 -8.231993 -13.640429 12.868846 18.933471 -4.126160 -6.893176 -8.021848 0.555654 3.931672 -1.836337 -0.000876 -0.000086 -0.000070 2.316848 -0.778231 -0.841271 -56.372209 7.817949 5.798612 -29.979612 -8.596938 5.334344 -5.913477 -1.771849 -2.621167 -0.000073 -0.000422 0.000060 2.328627 -2.326370 2.349926 -55.483374 9.061783 0.842044 -32.575863 -7.541620 5.467757 -3.371085 -1.313765 -4.182835 0.000046 -0.000864 0.000352 5.550299 -1.436366 -13.479099 -49.622447 20.307741 12.499319 -35.141065 -1.839922 1.042130 -28.333762 -2.119472 -8.160505 0.000791 -0.000035 0.000218 4.056315 0.550501 -8.750693 -46.670787 14.595094 9.959774 -34.605937 -3.099672 2.101642 -20.419007 -0.313241 -8.077700 0.000459 -0.000520 0.000285 -7.357592 15.969619 23.552094 69.926871 25.116927 30.475331 48.731030 75.531465 46.544028 -24.276321 15.807613 8.446882 19.331173 -28.163155 25.617365 -0.483287 5.014014 -13.275832 -1.998200 -2.255058 3.475558 -0.000063 0.001409 -0.000244 0.056106 -2.049825 3.330216 49.029083 -8.782932 7.142946 29.299303 8.652714 3.636968 4.389153 3.001713 -4.352176 -0.000316 0.000718 -0.000034 -2.313712 -0.251604 6.122692 52.306901 -7.633839 4.893917 36.198768 9.787849 5.614189 5.116066 3.339844 -7.203189 -0.000044 0.000775 -0.000469 -7.518958 -1.430711 -9.337867 51.164525 -14.518827 15.725827 43.756989 7.262952 3.725402 32.276456 6.700887 -15.047118 0.000071 -0.000171 -0.000811 -9.077308 -2.779086 -3.589707 51.763527 -10.049544 13.543008 43.434757 13.489002 8.229616 26.535103 7.124909 -19.828437 -0.004079 0.002376 0.000090 0.984935 -1.261658 -26.598058 0.238307 -3.270726 16.893503 -9.189277 -5.937673 15.657311 -1.207465 -0.619143 0.239082 0.000972 0.000142 0.999619 -3.941967 -15.696355 6.033710 -2.098212 -2.909192 27.073650 6.146480 -11.835888 -13.229861 -0.078061 2.492576 -5.813556 -0.001586 0.000339 1.000945
0.150569 109.158981 -5.710772 2.617703 42.331238 0.791048 -2.410902 1.483797 9.195535 1.578808 5.896996 -5.398774 -5.512867 5.119259 11.530214 -1.115381 0.503403 2.938297 -8.603047 6.475853 11.162407 7.323858 23.466946 -4.472367 -0.000237 -0.000641 -0.000682 -1.222447 -0.258176 -1.098483 -0.010452 -1.909695 -0.389321 -0.417678 -0.174644 -0.404832 -5.934152 -12.327375 18.991261 -70.672979 -30.687209 34.294018 -55.959441 -85.722690 59.173143 13.874802 -3.875022 -8.086729 -13.637861 12.906855 18.960680 -4.164440 -6.863498 -8.014251 0.571280 3.971649 -1.794501 -0.000879 -0.000085 -0.000065 2.289167 -0.787090 -0.809491 -56.305265 7.872326 5.776776 -29.882451 -8.501225 5.288773 -5.873653 -1.762927 -2.543541 -0.000074 -0.000425 0.000061 2.325608 -2.334261 2.371445 -55.405280 9.111256 0.831069 -32.494372 -7.446743 5.429211 -3.330367 -1.296244 -4.124046 0.000048 -0.000863 0.000356 5.568572 -1.457258 -13.441584 -49.543649 20.343465 12.520577 -35.046073 -1.790792 1.043718 -28.270768 -2.094226 -8.141640 0.000794 -0.000030 0.000212 4.100152 0.543631 -8.713205 -46.571705 14.616318 10.003623 -34.525071 -3.067624 2.099442 -20.349859 -0.282016 -8.077787 0.000459 -0.000512 0.000285 -7.333913 15.962492 23.553238 69.912822 25.125409 30.406240 48.718979 75.570453 46.528375 -24.051526 15.704471 8.457283 19.348365 -28.079865 25.572940 -0.446983 5.028587 -13.249016 -1.991433 -2.298277 3.477126 -0.000061 0.001416 -0.000241 0.071491 -2.007088 3.336470 48.962299 -8.750861 7.126942 29.138093 8.578824 3.580854 4.328151 2.991184 -4.276920 -0.000303 0.000712 -0.000033 -2.301685 -0.226029 6.103338 52.192399 -7.619759 4.877563 36.022248 9.695623 5.546059 5.039800 3.308062 -7.116714 -0.000036 0.000769 -0.000470 -7.517249 -1.398893 -9.356940 51.047335 -14.512454 15.723489 43.569637 7.172732 3.670334 32.181281 6.627694 -14.996261 0.000078 -0.000207 -0.000811 -9.081723 -2.729037 -3.592908 51.635958 -10.066650 13.543331 43.269612 13.374088 8.122074 26.440518 7.017611 -19.754292 -0.004054 0.002337 0.000087 0.993051 -1.231160 -26.599333 0.213935 -3.281190 16.922533 -9.166477 -5.970156 15.519547 -1.195792 -0.621448 0.253117 0.000968 0.000141 0.999618 -3.973476 -15.721477 5.973563 -2.079761 -2.877134 27.228906 6.176449 -11.808683 -13.268124 -0.063673 2.486640 -5.835993 -0.001579 0.000343 1.000979
0.053624 109.146271 -5.707677 2.467186 42.469792 0.549778 -2.385205 1.519773 9.196070 1.596130 5.883993 -5.410147 -5.501644 5.141533 11.560536 -1.099460 0.479952 2.965004 -8.587212 6.582904 11.220635 7.335306 23.728300 -4.560392 -0.000237 -0.000636 -0.000662 -1.224721 -0.268237 -1.089636 -0.011964 -1.915600 -0.395309 -0.419331 -0.181499 -0.409399 -6.070514 -12.337089 18.911838 -70.655798 -30.742733 34.343766 -54.356875 -85.641762 57.607809 13.599958 -3.613510 -8.147030 -13.603099 12.845101 18.924299 -4.235570 -6.850672 -7.957863 0.577843 4.056996 -1.776411 -0.000886 -0.000068 -0.000049 2.238479 -0.709201 -0.815930 -56.274162 7.954250 5.715244 -29.824358 -8.318871 5.193652 -5.796236 -1.781222 -2.417038 -0.000065 -0.000417 0.000060 2.277435 -2.243107 2.406273 -55.382449 9.148490 0.774210 -32.418971 -7.289327 5.337624 -3.256586 -1.284337 -4.020480 0.000035 -0.000862 0.000362 5.494347 -1.381169 -13.385030 -49.498880 20.344197 12.432503 -34.985886 -1.720171 1.025381 -28.119545 -2.052732 -8.101259 0.000804 -0.000013 0.000219 4.033193 0.645937 -8.692238 -46.554508 14.618268 9.981326 -34.462445 -3.029490 2.063420 -20.173932 -0.221310 -8.088767 0.000481 -0.000507 0.000292 -7.197937 15.901731 23.676113 69.715717 25.105884 30.025152 49.025523 75.499780 46.837494 -23.675298 15.435198 8.139234 19.475830 -28.000589 25.475172 -0.395412 4.976380 -13.194668 -1.985367 -2.460102 3.467442 -0.000026 0.001392 -0.000253 0.183788 -2.149327 3.358363 49.119643 -8.820876 7.123268 29.036025 8.394971 3.567093 4.248733 3.015879 -4.147230 -0.000323 0.000723 -0.000060 -2.202702 -0.395806 6.176541 52.363660 -7.644341 4.859566 35.928651 9.508546 5.482577 4.935900 3.296168 -6.915249 -0.000081 0.000789 -0.000477 -7.417816 -1.544504 -9.265183 51.261484 -14.563232 15.651723 43.438895 6.941290 3.555950 32.027600 6.470288 -14.824195 0.000042 -0.000124 -0.000791 -8.951295 -2.855791 -3.462161 51.852167 -10.093148 13.489342 43.218727 13.133904 7.958722 26.293602 6.826482 -19.545750 -0.004110 0.002407 0.000115 1.006968 -1.098135 -26.546121 0.237588 -3.248257 16.990381 -9.007845 -6.006369 15.430139 -1.173874 -0.651354 0.247855 0.000971 0.000149 0.999607 -3.927069 -15.696401 6.017286 -1.947528 -2.887647 27.422321 6.174875 -11.642037 -13.290307 -0.044511 2.475021 -5.867960 -0.001570 0.000353 1.000901
-0.043459 109.155357 -5.704205 2.439482 42.318934 0.507339 -2.362612 1.509631 9.199078 1.585592 5.877327 -5.399716 -5.502554 5.147548 11.556723 -1.097300 0.452865 2.932927 -8.547224 6.600421 11.224339 7.354097 23.640153 -4.602732 -0.000240 -0.000636 -0.000664 -1.220432 -0.273342 -1.084013 -0.010613 -1.906385 -0.417452 -0.418672 -0.172153 -0.431542 -6.053528 -12.275943 18.886368 -70.585572 -30.703505 34.207467 -54.952048 -85.651536 58.225180 13.757239 -3.788615 -8.163668 -13.674141 12.882812 18.940332 -4.222366 -6.793761 -7.978715 0.603030 4.121934 -1.738815 -0.000885 -0.000077 -0.000053 2.212878 -0.684131 -0.819212 -56.503250 7.990593 5.688638 -29.932516 -8.311107 5.221301 -5.812852 -1.780812 -2.441412 -0.000070 -0.000424 0.000066 2.263862 -2.210538 2.406411 -55.601340 9.140158 0.755051 -32.527435 -7.289394 5.368518 -3.271729 -1.284167 -4.051819 0.000031 -0.000861 0.000353 5.484075 -1.354750 -13.385585 -49.709837 20.371373 12.359203 -35.086470 -1.708916 1.036905 -28.149281 -2.056400 -8.118619 0.000797 -0.000016 0.000223 4.011477 0.683337 -8.689393 -46.742498 14.615946 9.934797 -34.563547 -3.036594 2.081843 -20.209123 -0.227274 -8.114094 0.000485 -0.000511 0.000288 -7.190695 15.860193 23.605694 69.739185 25.046238 29.928605 49.205242 75.557036 47.007128 -23.928026 15.685342 8.138401 19.537143 -28.145166 25.516553 -0.442913 4.918259 -13.220130 -2.006321 -2.515816 3.488678 -0.000029 0.001394 -0.000250 0.177128 -2.216671 3.385541 49.373890 -8.856479 7.107019 29.120871 8.370447 3.602221 4.255987 3.005417 -4.099620 -0.000329 0.000725 -0.000059 -2.213530 -0.448716 6.235118 52.595104 -7.647818 4.862426 36.015748 9.497009 5.507337 4.929436 3.291383 -6.895059 -0.000085 0.000785 -0.000477 -7.440571 -1.588242 -9.207567 51.502717 -14.589598 15.607549 43.546234 6.905665 3.564043 32.041078 6.454019 -14.811796 0.000050 -0.000149 -0.000795 -8.972964 -2.917077 -3.399433 52.077649 -10.073484 13.481627 43.339234 13.122174 7.972497 26.309631 6.815528 -19.539992 -0.004094 0.002381 0.000119 1.038066 -1.065389 -26.524727 0.289758 -3.225568 16.982147 -8.975354 -5.955113 15.451701 -1.158077 -0.656371 0.242039 0.000981 0.000154 0.999609 -3.925523 -15.647788 6.004837 -1.957690 -2.888324 27.393612 6.184239 -11.597548 -13.282238 -0.045927 2.476238 -5.873306 -0.001581 0.000346 1.000924
-0.140705 109.181084 -5.700270 2.388772 42.157676 0.433360 -2.347758 1.498400 9.185111 1.583419 5.864893 -5.381972 -5.481510 5.168694 11.555845 -1.099092 0.431057 2.912241 -8.507438 6.611805 11.268304 7.382296 23.466900 -4.602227 -0.000251 -0.000644 -0.000663 -1.214132 -0.278821 -1.082050 -0.008763 -1.892323 -0.440189 -0.417523 -0.158044 -0.454364 -6.012144 -12.216239 18.856885 -70.555826 -30.645483 34.076302 -54.878348 -85.636659 58.182806 13.938445 -3.941775 -8.204361 -13.779177 12.976783 18.981282 -4.204033 -6.733196 -8.021019 0.625364 4.172403 -1.691159 -0.000886 -0.000085 -0.000067 2.184267 -0.646797 -0.826555 -56.823274 8.019874 5.657912 -30.125197 -8.374332 5.297254 -5.862663 -1.777161 -2.524475 -0.000069 -0.000435 0.000079 2.247823 -2.167414 2.405500 -55.914563 9.114590 0.734939 -32.727808 -7.347903 5.438412 -3.321658 -1.285419 -4.138568 0.000023 -0.000865 0.000341 5.473087 -1.317936 -13.381210 -50.017968 20.405754 12.257038 -35.272263 -1.724515 1.054101 -28.249333 -2.084318 -8.165261 0.000792 -0.000024 0.000231 3.983964 0.729499 -8.686260 -47.031417 14.623722 9.862966 -34.744734 -3.058436 2.108024 -20.328491 -0.260674 -8.153306 0.000496 -0.000522 0.000285 -7.185211 15.836566 23.491165 69.721851 25.005765 29.909858 49.194749 75.574816 46.961923 -24.284213 16.043513 8.175166 19.548168 -28.348984 25.611434 -0.509669 4.875103 -13.275494 -2.025380 -2.524834 3.515630 -0.000036 0.001394 -0.000247 0.120865 -2.251194 3.400906 49.633074 -8.888526 7.100454 29.263461 8.405389 3.661959 4.283347 2.996245 -4.077228 -0.000345 0.000735 -0.000057 -2.271484 -0.466169 6.289192 52.850358 -7.643185 4.867228 36.162838 9.549934 5.571262 4.942467 3.297292 -6.959429 -0.000098 0.000786 -0.000478 -7.500582 -1.612570 -9.171307 51.744103 -14.594908 15.580179 43.725350 6.933271 3.613436 32.114528 6.499496 -14.864180 0.000049 -0.000161 -0.000802 -9.026812 -2.958701 -3.367209 52.305964 -10.048453 13.483708 43.512330 13.180683 8.052075 26.383634 6.882810 -19.623740 -0.004091 0.002375 0.000127 1.071878 -1.027767 -26.465011 0.372119 -3.215270 16.940539 -8.956721 -5.892672 15.546142 -1.133825 -0.668745 0.211604 0.000997 0.000166 0.999611 -3.903933 -15.591799 6.030620 -1.970734 -2.886597 27.308082 6.157741 -11.575021 -13.228403 -0.048473 2.473667 -5.852724 -0.001597 0.000336 1.000931
-0.238141 109.213783 -5.695793 2.472437 41.875304 0.589809 -2.355727 1.464304 9.181943 1.567482 5.867187 -5.377106 -5.458970 5.153030 11.518297 -1.132588 0.448226 2.877128 -8.487150 6.484578 11.236873 7.386630 23.034009 -4.521090 -0.000266 -0.000662 -0.000679 -1.197297 -0.273876 -1.086888 -0.004835 -1.869289 -0.462312 -0.414327 -0.134163 -0.477896 -5.872641 -12.154540 18.888516 -70.511613 -30.557481 33.868083 -56.180636 -85.694471 59.490362 14.369620 -4.344775 -8.220161 -13.905842 13.111601 19.051628 -4.137223 -6.670666 -8.101307 0.649213 4.160299 -1.660307 -0.000885 -0.000111 -0.000101 2.172694 -0.689228 -0.823180 -57.098855 7.973963 5.701742 -30.296353 -8.549083 5.424467 -5.955349 -1.764670 -2.670668 -0.000079 -0.000448 0.000095 2.252414 -2.220941 2.370405 -56.167278 9.057616 0.787964 -32.912404 -7.505421 5.564746 -3.407189 -1.296393 -4.277316 0.000031 -0.000876 0.000325 5.516281 -1.374566 -13.425397 -50.300353 20.425636 12.263474 -35.420095 -1.789346 1.085915 -28.428115 -2.137110 -8.236665 0.000780 -0.000055 0.000233 4.011600 0.659208 -8.704012 -47.252356 14.614930 9.840082 -34.897487 -3.110509 2.167382 -20.535699 -0.332396 -8.190066 0.000487 -0.000543 0.000271 -7.271784 15.836840 23.248241 69.876942 24.929916 30.153359 48.959437 75.706263 46.705608 -25.007463 16.636537 8.498015 19.479235 -28.597966 25.774611 -0.602336 4.883308 -13.350809 -2.058304 -2.417159 3.551841 -0.000080 0.001414 -0.000230 0.024064 -2.152622 3.408083 49.697332 -8.829133 7.104269 29.363554 8.530150 3.703319 4.334906 2.950065 -4.114394 -0.000346 0.000736 -0.000025 -2.374105 -0.325494 6.275986 52.859725 -7.603059 4.898050 36.250209 9.688550 5.644054 4.998937 3.286536 -7.118343 -0.000075 0.000772 -0.000479 -7.628125 -1.491567 -9.226542 51.707747 -14.554841 15.630090 43.884547 7.093137 3.727249 32.252197 6.619214 -15.016991 0.000076 -0.000255 -0.000828 -9.204221 -2.873482 -3.450502 52.257022 -9.999834 13.549855 43.620620 13.367887 8.196421 26.517059 7.031819 -19.816809 -0.004032 0.002299 0.000108 1.111970 -1.107788 -26.471017 0.393066 -3.259474 16.797492 -9.108974 -5.819492 15.657119 -1.113181 -0.663059 0.186737 0.001003 0.000171 0.999633 -3.921815 -15.561810 6.008497 -2.080421 -2.875136 27.003247 6.134364 -11.718665 -13.154791 -0.072649 2.487122 -5.835321 -0.001620 0.000318 1.001011
-0.335792 109.248505 -5.690691 2.434439 41.831852 0.536083 -2.355171 1.473474 9.158779 1.577995 5.858137 -5.385320 -5.433490 5.157747 11.528080 -1.149777 0.469436 2.904994 -8.518803 6.461534 11.260387 7.401149 23.036936 -4.496853 -0.000279 -0.000674 -0.000678 -1.196232 -0.276100 -1.090626 -0.004848 -1.868736 -0.472199 -0.414634 -0.133729 -0.488082 -5.840628 -12.151023 18.839613 -70.517585 -30.543984 33.865838 -54.698111 -85.646928 58.017570 14.434274 -4.260128 -8.209767 -13.939301 13.140217 19.090274 -4.143902 -6.673708 -8.106889 0.641574 4.134216 -1.658209 -0.000887 -0.000107 -0.000112 2.140484 -0.684009 -0.812635 -57.098250 7.957373 5.713031 -30.327190 -8.566073 5.438977 -5.956578 -1.762912 -2.691272 -0.000065 -0.000450 0.000103 2.225273 -2.229326 2.371371 -56.183679 9.058124 0.787872 -32.933755 -7.517775 5.577382 -3.409628 -1.292482 -4.293059 0.000027 -0.000884 0.000324 5.496545 -1.384054 -13.425973 -50.325681 20.433204 12.247458 -35.430934 -1.793415 1.088155 -28.439883 -2.138346 -8.240987 0.000785 -0.000063 0.000241 4.010553 0.647114 -8.719704 -47.294399 14.634322 9.818732 -34.905124 -3.109881 2.168809 -20.550471 -0.335346 -8.191452 0.000496 -0.000553 0.000272 -7.258792 15.842872 23.166226 69.867237 24.947333 30.209413 48.382265 75.659650 46.144092 -25.094837 16.631058 8.557751 19.459982 -28.625487 25.799509 -0.585958 4.909737 -13.351038 -2.056153 -2.383711 3.557232 -0.000089 0.001416 -0.000225 0.035191 -2.131071 3.411841 49.657976 -8.806946 7.124231 29.347172 8.526908 3.711690 4.329375 2.947448 -4.130382 -0.000362 0.000748 -0.000022 -2.368172 -0.297513 6.281867 52.814106 -7.589220 4.913145 36.235737 9.692339 5.656374 5.001269 3.284167 -7.144219 -0.000089 0.000778 -0.000482 -7.626361 -1.471866 -9.246311 51.649879 -14.541370 15.655050 43.882799 7.093162 3.747114 32.269441 6.634968 -15.040334 0.000065 -0.000266 -0.000833 -9.224915 -2.844681 -3.469843 52.214050 -10.010375 13.572208 43.618041 13.371709 8.213734 26.536106 7.054224 -19.847220 -0.004032 0.002296 0.000116 1.130659 -1.087355 -26.394209 0.427586 -3.265992 16.679976 -9.085285 -5.788013 15.757083 -1.085404 -0.677154 0.127673 0.001009 0.000181 0.999634 -3.897518 -15.563705 6.077758 -2.085998 -2.886211 26.848869 6.080016 -11.744393 -13.083930 -0.078224 2.501317 -5.822971 -0.001621 0.000316 1.001009
-0.433682 109.276558 -5.684885 2.479053 41.923553 0.569171 -2.363468 1.494674 9.141057 1.601505 5.838391 -5.364751 -5.434929 5.127706 11.500094 -1.121793 0.473249 2.944093 -8.491750 6.471075 11.303121 7.372109 23.111262 -4.400941 -0.000287 -0.000701 -0.000652 -1.198014 -0.281208 -1.080922 -0.010617 -1.910502 -0.440299 -0.419394 -0.175622 -0.454483 -5.828686 -12.194716 18.794142 -70.539162 -30.549862 33.922471 -53.143421 -85.602658 56.484374 14.416790 -4.216650 -8.402481 -13.903152 13.076756 19.102141 -4.127690 -6.690946 -8.097081 0.638852 4.089582 -1.689864 -0.000898 -0.000093 -0.000122 2.121045 -0.732544 -0.831175 -57.079565 7.917314 5.731444 -30.435550 -8.622555 5.477707 -6.013876 -1.757628 -2.753768 -0.000047 -0.000464 0.000114 2.196332 -2.290727 2.342074 -56.162068 9.033090 0.791311 -33.021770 -7.554182 5.609925 -3.498496 -1.306616 -4.335291 0.000021 -0.000904 0.000339 5.470895 -1.443524 -13.463099 -50.306429 20.399087 12.234497 -35.506961 -1.813865 1.096051 -28.531814 -2.152335 -8.258508 0.000809 -0.000070 0.000240 3.992640 0.574127 -8.772184 -47.271270 14.632388 9.798882 -34.956594 -3.123364 2.188003 -20.654865 -0.369244 -8.205605 0.000513 -0.000569 0.000274 -7.300288 15.822386 23.135300 69.943524 24.956732 30.278632 47.663426 75.633610 45.484402 -25.095894 16.420759 8.637202 19.414887 -28.608079 25.808122 -0.554791 4.951569 -13.336446 -2.070876 -2.354008 3.570145 -0.000077 0.001380 -0.000233 0.100602 -2.098126 3.434004 49.568702 -8.792818 7.118122 29.427196 8.550716 3.730404 4.405670 2.942269 -4.236365 -0.000385 0.000760 -0.000030 -2.309488 -0.274602 6.292830 52.744936 -7.598079 4.926356 36.338322 9.729008 5.708336 5.116083 3.316135 -7.231046 -0.000133 0.000811 -0.000501 -7.576642 -1.448962 -9.278503 51.586592 -14.577940 15.679058 44.012334 7.143772 3.813101 32.387089 6.711029 -15.111992 0.000001 -0.000142 -0.000810 -9.211283 -2.821067 -3.492275 52.210046 -10.054603 13.596471 43.735652 13.430481 8.307498 26.666782 7.167571 -19.931042 -0.004148 0.002425 0.000140 1.083927 -1.064642 -26.389724 0.380583 -3.262719 16.604822 -9.039933 -5.758351 15.846669 -1.085615 -0.710166 0.036017 0.001011 0.000191 0.999633 -3.890324 -15.588175 6.143728 -2.124091 -2.926769 26.676540 6.071613 -11.802797 -13.113571 -0.067331 2.548815 -5.854303 -0.001622 0.000334 1.000873
-0.531837 109.303139 -5.678294 2.499676 41.942407 0.585256 -2.367709 1.503066 9.138747 1.602633 5.837280 -5.369003 -5.430746 5.116086 11.506730 -1.119741 0.498038 2.974338 -8.549546 6.462046 11.282600 7.330335 23.281243 -4.422099 -0.000293 -0.000714 -0.000650 -1.204773 -0.282471 -1.078891 -0.012920 -1.930158 -0.432491 -0.421447 -0.195384 -0.446494 -5.796748 -12.225439 18.728868 -70.586276 -30.575686 34.028177 -51.329848 -85.565834 54.689427 14.341259 -4.148908 -8.492006 -13.852689 13.056648 19.104563 -4.152031 -6.719335 -8.087973 0.626181 4.079205 -1.697770 -0.000905 -0.000089 -0.000125 2.115414 -0.753986 -0.831325 -57.010554 7.890233 5.749702 -30.395221 -8.626193 5.464079 -6.006404 -1.757407 -2.731905 -0.000038 -0.000465 0.000119 2.176109 -2.334300 2.336168 -56.083044 9.031050 0.797637 -32.963151 -7.552232 5.600427 -3.486466 -1.307499 -4.318759 0.000020 -0.000914 0.000345 5.449525 -1.482411 -13.482813 -50.225436 20.369894 12.267306 -35.438697 -1.815007 1.093572 -28.507229 -2.150386 -8.254710 0.000819 -0.000074 0.000240 3.981802 0.517316 -8.804442 -47.203660 14.630904 9.814592 -34.881043 -3.123592 2.185048 -20.615743 -0.364662 -8.211314 0.000518 -0.000571 0.000277 -7.290110 15.819676 23.107782 69.976109 24.954311 30.295473 47.107651 75.621233 44.993609 -24.925461 16.204879 8.746882 19.371040 -28.571738 25.779945 -0.508236 4.974546 -13.323025 -2.063558 -2.364299 3.583106 -0.000077 0.001378 -0.000231 0.124382 -2.076993 3.433816 49.470452 -8.760237 7.115056 29.391481 8.529295 3.709105 4.406753 2.945678 -4.246186 -0.000390 0.000767 -0.000031 -2.288936 -0.249547 6.281097 52.652215 -7.601065 4.928577 36.314419 9.713249 5.692678 5.127835 3.319413 -7.235299 -0.000142 0.000818 -0.000508 -7.557786 -1.426017 -9.299624 51.491284 -14.570453 15.699348 43.990325 7.131954 3.814792 32.396738 6.720673 -15.119937 -0.000017 -0.000137 -0.000806 -9.212302 -2.779199 -3.513012 52.147830 -10.075915 13.605952 43.713107 13.414180 8.306618 26.676886 7.178813 -19.941289 -0.004157 0.002430 0.000146 1.062683 -1.085457 -26.353891 0.378652 -3.268746 16.496525 -8.998291 -5.756786 15.884311 -1.077871 -0.711434 0.005425 0.001010 0.000194 0.999631 -3.893690 -15.594413 6.158137 -2.141853 -2.943815 26.589689 6.048184 -11.810471 -13.102338 -0.073126 2.552015 -5.847891 -0.001619 0.000338 1.000860
-0.630278 109.332504 -5.670842 2.455194 41.865564 0.547666 -2.365687 1.501890 9.137053 1.598717 5.845029 -5.388651 -5.408231 5.132781 11.525169 -1.174160 0.551179 2.961399 -8.612361 6.410861 11.298550 7.317742 23.290883 -4.479730 -0.000307 -0.000711 -0.000663 -1.203125 -0.277591 -1.074843 -0.003812 -1.892281 -0.465589 -0.413394 -0.157542 -0.481045 -5.751340 -12.266036 18.672606 -70.673880 -30.571426 34.141493 -49.052408 -85.559664 52.437369 14.177278 -4.105331 -8.495117 -13.838304 13.037940 19.064806 -4.173195 -6.734824 -8.077645 0.614362 4.096660 -1.691503 -0.000903 -0.000106 -0.000130 2.115327 -0.759191 -0.835111 -56.995759 7.877751 5.774543 -30.323821 -8.576546 5.421870 -5.937285 -1.767682 -2.688012 -0.000046 -0.000455 0.000123 2.171065 -2.355631 2.343472 -56.065678 9.023146 0.810640 -32.867437 -7.522640 5.575490 -3.396469 -1.302063 -4.282489 0.000019 -0.000913 0.000329 5.436313 -1.495762 -13.491639 -50.192547 20.345791 12.315901 -35.333226 -1.814018 1.093704 -28.392785 -2.133615 -8.229300 0.000808 -0.000085 0.000249 3.980762 0.494477 -8.803253 -47.167124 14.598285 9.845556 -34.775407 -3.133755 2.185837 -20.475557 -0.332965 -8.209339 0.000517 -0.000579 0.000284 -7.201499 15.824332 23.074134 69.955770 24.903750 30.209400 46.789038 75.601371 44.731293 -24.706879 16.062394 8.741220 19.378396 -28.504600 25.709061 -0.478133 4.966756 -13.307163 -2.052939 -2.414629 3.583314 -0.000094 0.001401 -0.000221 0.147873 -2.098366 3.410382 49.456773 -8.732988 7.118011 29.274130 8.454983 3.673078 4.327406 2.952212 -4.203302 -0.000392 0.000778 -0.000021 -2.271349 -0.249744 6.265875 52.629234 -7.601154 4.934358 36.196599 9.643308 5.622467 5.042984 3.298461 -7.147127 -0.000127 0.000805 -0.000503 -7.548220 -1.425435 -9.298991 51.479734 -14.550010 15.698120 43.853514 7.060338 3.755102 32.289648 6.648635 -15.044482 0.000010 -0.000221 -0.000826 -9.214441 -2.753265 -3.504212 52.131226 -10.061283 13.603586 43.595213 13.327792 8.207913 26.570342 7.078747 -19.845731 -0.004085 0.002350 0.000137 1.081630 -1.104835 -26.274091 0.439168 -3.289281 16.358309 -8.967682 -5.785816 15.892422 -1.044910 -0.692890 0.026412 0.001011 0.000200 0.999633 -3.876271 -15.571972 6.139095 -2.137762 -2.922248 26.561308 5.984738 -11.813853 -12.990925 -0.081290 2.534840 -5.771876 -0.001631 0.000316 1.000942
-0.729027 109.325195 -5.662451 2.291344 42.088604 0.312904 -2.357443 1.562881 9.108182 1.642213 5.835324 -5.378467 -5.430754 5.148612 11.568461 -1.157701 0.535447 2.959826 -8.628761 6.568348 11.440508 7.337384 23.687170 -4.525841 -0.000305 -0.000723 -0.000622 -1.210418 -0.290605 -1.067861 -0.008568 -1.923198 -0.488731 -0.418768 -0.189869 -0.501668 -5.819624 -12.329335 18.598241 -70.774050 -30.661048 34.304051 -47.305501 -85.407099 50.750237 13.958678 -3.810446 -8.956965 -13.808734 12.979962 19.020325 -4.195682 -6.718868 -8.047051 0.613014 4.162970 -1.681756 -0.000921 -0.000086 -0.000118 2.104429 -0.642287 -0.880628 -57.144900 7.920262 5.720175 -30.346801 -8.484610 5.364171 -5.849706 -1.795871 -2.618284 -0.000036 -0.000451 0.000125 2.109536 -2.240785 2.359492 -56.197058 8.997765 0.760683 -32.838412 -7.447214 5.519261 -3.303114 -1.302022 -4.234153 0.000007 -0.000929 0.000346 5.329521 -1.386511 -13.469260 -50.313415 20.298996 12.197459 -35.314733 -1.797610 1.082249 -28.241465 -2.117300 -8.214065 0.000832 -0.000080 0.000253 3.837703 0.598820 -8.819696 -47.312295 14.567985 9.766812 -34.737225 -3.128561 2.149149 -20.305348 -0.298391 -8.230124 0.000547 -0.000581 0.000285 -7.133395 15.768855 23.230780 69.794360 24.904670 29.922622 46.778791 75.502969 44.732621 -24.395505 15.570256 8.433650 19.472632 -28.471072 25.640632 -0.463791 4.933217 -13.278491 -2.057366 -2.522766 3.574364 -0.000052 0.001350 -0.000242 0.263904 -2.241015 3.431551 49.599287 -8.812341 7.110107 29.165450 8.284038 3.663670 4.224287 2.987870 -4.075449 -0.000437 0.000794 -0.000054 -2.145305 -0.430619 6.348884 52.786142 -7.614012 4.930090 36.075031 9.475509 5.568336 4.915909 3.290517 -6.978337 -0.000203 0.000850 -0.000527 -7.413665 -1.593160 -9.225222 51.675505 -14.577692 15.670677 43.695323 6.850286 3.659688 32.126324 6.519024 -14.897092 -0.000069 -0.000036 -0.000788 -9.040550 -2.899441 -3.411844 52.353052 -10.090507 13.575830 43.521374 13.117381 8.068219 26.403809 6.915127 -19.671705 -0.004234 0.002531 0.000178 1.052816 -0.964083 -26.208848 0.489960 -3.232641 16.380707 -8.770303 -5.774314 15.987420 -1.044235 -0.727549 -0.016353 0.001021 0.000210 0.999624 -3.827884 -15.641820 6.252301 -2.043303 -2.974049 26.647798 5.979267 -11.720040 -13.060343 -0.069839 2.551268 -5.807534 -0.001635 0.000338 1.000755
-0.828104 109.330711 -5.653045 2.183505 41.957131 0.206161 -2.356032 1.540583 9.099630 1.648945 5.863605 -5.384156 -5.412994 5.181577 11.584849 -1.209892 0.575627 2.936451 -8.688244 6.556145 11.524150 7.344661 23.634546 -4.597075 -0.000312 -0.000721 -0.000611 -1.206718 -0.286606 -1.063829 0.003231 -1.870794 -0.530187 -0.408247 -0.137972 -0.543967 -5.775747 -12.364452 18.574788 -70.809758 -30.640662 34.332538 -46.604854 -85.415872 50.060061 14.065329 -3.850899 -8.988230 -13.813290 13.067632 19.007349 -4.173462 -6.679312 -8.066666 0.625617 4.241153 -1.631376 -0.000921 -0.000099 -0.000120 2.137219 -0.594411 -0.881965 -57.351861 7.941226 5.707609 -30.364588 -8.486421 5.352769 -5.823844 -1.810861 -2.611708 -0.000044 -0.000445 0.000131 2.133702 -2.215977 2.383213 -56.377828 8.984774 0.760887 -32.852001 -7.477954 5.519216 -3.255148 -1.312066 -4.251014 0.000006 -0.000928 0.000333 5.343459 -1.360815 -13.464918 -50.458326 20.292515 12.188879 -35.335916 -1.819923 1.083354 -28.214399 -2.135167 -8.232723 0.000823 -0.000087 0.000258 3.836365 0.621251 -8.814039 -47.420234 14.531665 9.770314 -34.769152 -3.156571 2.164582 -20.272463 -0.300985 -8.272700 0.000549 -0.000584 0.000283 -7.076057 15.763637 23.214813 69.712603 24.804863 29.793783 47.090389 75.560621 45.064209 -24.658046 15.679036 8.274157 19.477365 -28.600586 25.655383 -0.527469 4.862040 -13.310758 -2.072948 -2.608693 3.590739 -0.000048 0.001340 -0.000249 0.227460 -2.344296 3.406747 49.811798 -8.846872 7.104435 29.145168 8.218746 3.669102 4.174176 2.998888 -3.962132 -0.000455 0.000799 -0.000058 -2.179652 -0.493005 6.386181 52.981929 -7.634934 4.925640 36.028709 9.427262 5.531026 4.826189 3.273453 -6.898673 -0.000220 0.000857 -0.000530 -7.454806 -1.649140 -9.172901 51.863744 -14.568894 15.645826 43.654569 6.782893 3.607735 32.050269 6.454113 -14.833354 -0.000077 0.000003 -0.000789 -9.064809 -2.959897 -3.365782 52.490233 -10.033651 13.574711 43.510810 13.049047 7.987026 26.326738 6.821880 -19.597854 -0.004255 0.002572 0.000183 1.120357 -0.963073 -26.136736 0.570930 -3.245155 16.331359 -8.847523 -5.862505 16.019936 -1.012746 -0.719215 0.041535 0.001027 0.000214 0.999627 -3.816438 -15.617907 6.223324 -2.000634 -2.959683 26.725627 5.904718 -11.687140 -12.885484 -0.057031 2.518910 -5.690353 -0.001646 0.000323 1.000724
-0.927527 109.324036 -5.642552 2.264087 41.687412 0.329078 -2.361228 1.476291 9.094141 1.627797 5.895180 -5.362172 -5.418207 5.163143 11.571088 -1.252441 0.611506 2.911394 -8.733967 6.497314 11.461323 7.295263 23.436480 -4.653760 -0.000309 -0.000735 -0.000610 -1.209930 -0.279698 -1.072880 0.009076 -1.849897 -0.559464 -0.403328 -0.116709 -0.573870 -5.645591 -12.342805 18.642513 -70.800626 -30.583119 34.159564 -48.137308 -85.532188 51.614044 14.658086 -4.373240 -9.084639 -13.861990 13.167744 19.019325 -4.082377 -6.607052 -8.125804 0.658643 4.293007 -1.606431 -0.000926 -0.000120 -0.000139 2.163830 -0.639425 -0.880046 -57.621804 7.931106 5.727284 -30.446618 -8.603573 5.413488 -5.906232 -1.807472 -2.672408 -0.000062 -0.000450 0.000137 2.152503 -2.277634 2.353844 -56.577012 8.957240 0.801647 -32.953559 -7.601478 5.583553 -3.323199 -1.337842 -4.329263 0.000025 -0.000940 0.000329 5.391252 -1.423426 -13.523225 -50.646151 20.291043 12.218972 -35.432865 -1.869151 1.093529 -28.361536 -2.183861 -8.293451 0.000818 -0.000113 0.000246 3.854636 0.543778 -8.849467 -47.525021 14.494210 9.777817 -34.888467 -3.194309 2.210585 -20.432447 -0.358347 -8.326859 0.000531 -0.000590 0.000265 -7.200746 15.784297 23.066054 69.903775 24.656827 29.919686 47.385901 75.785245 45.389633 -25.619418 16.353704 8.399605 19.407614 -28.847439 25.780116 -0.678975 4.826194 -13.377405 -2.128763 -2.598305 3.626446 -0.000066 0.001330 -0.000248 0.115558 -2.315081 3.408958 49.942784 -8.845241 7.086917 29.245465 8.280013 3.695016 4.242775 2.973393 -3.917058 -0.000461 0.000787 -0.000042 -2.285873 -0.410415 6.390358 53.043142 -7.637133 4.941858 36.092308 9.496855 5.560567 4.869383 3.263121 -6.958865 -0.000213 0.000861 -0.000544 -7.584784 -1.569284 -9.195854 51.881146 -14.542044 15.683817 43.766214 6.865842 3.658232 32.140491 6.504989 -14.911489 -0.000077 0.000020 -0.000792 -9.226915 -2.917532 -3.427085 52.474585 -9.963096 13.622153 43.590438 13.138354 8.038510 26.404301 6.872729 -19.687106 -0.004279 0.002596 0.000167 1.159364 -1.045627 -26.166633 0.580234 -3.256825 16.327562 -9.046354 -5.859723 16.094846 -1.021922 -0.709099 0.096854 0.001026 0.000203 0.999649 -3.891935 -15.621304 6.127651 -2.092072 -2.952036 26.706232 5.939019 -11.764413 -12.823855 -0.049645 2.512485 -5.638532 -0.001660 0.000319 1.000710
-1.027313 109.313728 -5.630898 2.255343 41.626839 0.321996 -2.337233 1.445945 9.066846 1.613552 5.901481 -5.353608 -5.416629 5.157757 11.596912 -1.268390 0.621962 2.924799 -8.789275 6.528917 11.407060 7.249988 23.574814 -4.747975 -0.000305 -0.000739 -0.000600 -1.212896 -0.282800 -1.076221 0.012302 -1.845860 -0.558898 -0.400072 -0.113003 -0.572977 -5.599723 -12.317371 18.695691 -70.848300 -30.592205 34.085849 -48.475259 -85.554552 51.992337 14.867340 -4.478492 -9.075021 -13.841687 13.187574 19.004611 -4.053366 -6.587116 -8.128888 0.678668 4.329955 -1.595823 -0.000931 -0.000117 -0.000142 2.174753 -0.635755 -0.876889 -57.692315 7.962016 5.695822 -30.504002 -8.595927 5.411944 -5.939014 -1.804595 -2.678189 -0.000064 -0.000452 0.000136 2.166372 -2.277702 2.355173 -56.640277 8.974149 0.779960 -33.021841 -7.602446 5.581870 -3.353921 -1.343920 -4.339180 0.000031 -0.000947 0.000334 5.408903 -1.422002 -13.535618 -50.677363 20.299455 12.204579 -35.515796 -1.865684 1.094902 -28.410321 -2.190777 -8.307453 0.000822 -0.000120 0.000243 3.868032 0.541269 -8.853120 -47.533148 14.490199 9.768386 -34.978436 -3.196354 2.217449 -20.493320 -0.368972 -8.353822 0.000533 -0.000588 0.000259 -7.241018 15.783603 23.081363 69.966930 24.576844 29.821986 47.773729 75.880619 45.796010 -25.941974 16.608840 8.314912 19.374545 -28.870445 25.783182 -0.731888 4.811635 -13.389424 -2.145748 -2.632655 3.627079 -0.000060 0.001311 -0.000255 0.082486 -2.344700 3.392635 49.995015 -8.868012 7.076481 29.289093 8.267585 3.708151 4.276915 2.978868 -3.876931 -0.000482 0.000788 -0.000046 -2.307322 -0.433596 6.400224 53.076022 -7.649960 4.935657 36.116040 9.483268 5.562885 4.878204 3.262420 -6.929210 -0.000235 0.000874 -0.000555 -7.601749 -1.590533 -9.183197 51.904704 -14.528233 15.688019 43.773537 6.844114 3.645512 32.146011 6.485735 -14.894282 -0.000098 0.000085 -0.000784 -9.236123 -2.935042 -3.421882 52.480676 -9.949732 13.622918 43.604429 13.103637 8.008808 26.402995 6.839855 -19.654781 -0.004330 0.002657 0.000172 1.175508 -1.038086 -26.176586 0.595456 -3.237823 16.366260 -9.095974 -5.925439 16.106346 -1.030659 -0.725134 0.111669 0.001030 0.000200 0.999656 -3.902995 -15.629129 6.093433 -2.112086 -2.960844 26.768851 5.903608 -11.772422 -12.769721 -0.047284 2.513362 -5.644405 -0.001664 0.000325 1.000652
-1.127477 109.317764 -5.618013 2.218841 41.547006 0.299292 -2.293978 1.405850 9.049367 1.586299 5.881715 -5.358527 -5.394881 5.144676 11.627665 -1.299759 0.659670 2.930672 -8.898525 6.511637 11.300982 7.153822 23.842685 -4.847894 -0.000300 -0.000738 -0.000593 -1.212519 -0.286692 -1.074059 0.015627 -1.852268 -0.567331 -0.396986 -0.119774 -0.581032 -5.494702 -12.289910 18.771095 -70.957014 -30.592781 33.964493 -48.452819 -85.551059 52.040561 15.075178 -4.568007 -9.159887 -13.776491 13.144441 18.964099 -4.043558 -6.604414 -8.109515 0.683840 4.333207 -1.619858 -0.000938 -0.000117 -0.000141 2.196299 -0.650383 -0.881973 -57.610657 7.954984 5.706290 -30.522793 -8.592533 5.407214 -5.954529 -1.800144 -2.690254 -0.000072 -0.000449 0.000127 2.190786 -2.290959 2.340324 -56.571683 8.972639 0.785339 -33.039992 -7.606124 5.586451 -3.369593 -1.343920 -4.339741 0.000041 -0.000955 0.000343 5.428039 -1.439181 -13.567443 -50.589832 20.284132 12.237513 -35.543305 -1.865634 1.101448 -28.420170 -2.183838 -8.307981 0.000828 -0.000126 0.000237 3.888132 0.507812 -8.873469 -47.428614 14.476753 9.785001 -35.006380 -3.196841 2.225191 -20.508598 -0.367568 -8.366062 0.000528 -0.000584 0.000258 -7.297413 15.779250 23.100845 70.051423 24.594944 29.783100 47.960538 75.910906 45.988381 -26.064682 16.819997 8.238266 19.349342 -28.776796 25.731190 -0.746617 4.829835 -13.375085 -2.153301 -2.651391 3.618471 -0.000050 0.001296 -0.000262 0.096032 -2.339100 3.356007 49.919255 -8.849319 7.072077 29.276860 8.244674 3.708668 4.290150 2.976017 -3.881723 -0.000497 0.000787 -0.000049 -2.290260 -0.437773 6.373297 52.991364 -7.640089 4.930814 36.102389 9.452473 5.558580 4.891218 3.259421 -6.886018 -0.000249 0.000887 -0.000566 -7.579288 -1.597198 -9.202073 51.820932 -14.500237 15.703777 43.731475 6.822849 3.633381 32.132744 6.456805 -14.862501 -0.000114 0.000139 -0.000772 -9.221649 -2.928576 -3.433747 52.403115 -9.938228 13.625535 43.567894 13.069322 7.974653 26.387814 6.802988 -19.597601 -0.004369 0.002705 0.000172 1.212697 -1.031292 -26.164209 0.628136 -3.254424 16.370912 -9.142639 -5.979513 16.123299 -1.045582 -0.747322 0.130525 0.001030 0.000191 0.999661 -3.886405 -15.613981 6.060559 -2.122532 -2.973437 26.804345 5.851814 -11.816041 -12.729906 -0.063683 2.531507 -5.647669 -0.001670 0.000334 1.000606
-1.228032 109.330627 -5.603829 2.212987 41.480707 0.311806 -2.265945 1.377153 9.042949 1.559104 5.868110 -5.389422 -5.405775 5.146262 11.697212 -1.307083 0.704920 2.918496 -9.029462 6.500384 11.194751 7.093598 24.166473 -4.957802 -0.000297 -0.000742 -0.000588 -1.214980 -0.290639 -1.076005 0.017165 -1.861023 -0.566538 -0.395406 -0.128698 -0.579845 -5.365035 -12.262244 18.815482 -71.064998 -30.572373 33.847866 -48.843906 -85.558955 52.508266 15.289000 -4.589446 -9.264258 -13.729320 13.107187 18.926393 -4.025313 -6.604564 -8.083656 0.692992 4.360332 -1.642930 -0.000941 -0.000117 -0.000139 2.207725 -0.644869 -0.880128 -57.583375 7.951821 5.711137 -30.510022 -8.559118 5.379466 -5.942598 -1.801488 -2.673970 -0.000074 -0.000451 0.000125 2.199284 -2.290372 2.334437 -56.548897 8.977066 0.791124 -33.018306 -7.593124 5.573746 -3.352804 -1.346196 -4.321385 0.000045 -0.000959 0.000348 5.430343 -1.434540 -13.594620 -50.554111 20.262850 12.243029 -35.534265 -1.857119 1.102123 -28.377750 -2.170292 -8.302359 0.000832 -0.000128 0.000233 3.892664 0.499825 -8.892857 -47.391831 14.460207 9.773628 -35.011631 -3.200099 2.227678 -20.456293 -0.351008 -8.378885 0.000526 -0.000581 0.000262 -7.385478 15.774662 23.103275 70.231528 24.574568 29.767567 47.924004 75.975529 46.006710 -26.126991 16.936063 8.105807 19.402454 -28.724829 25.664566 -0.751967 4.819596 -13.352860 -2.162665 -2.713454 3.612255 -0.000039 0.001280 -0.000269 0.144551 -2.388904 3.320183 49.960882 -8.849357 7.070387 29.265248 8.178723 3.705643 4.270068 2.975464 -3.850837 -0.000504 0.000785 -0.000054 -2.233149 -0.495723 6.364835 53.007217 -7.625619 4.937641 36.084833 9.397686 5.537519 4.877552 3.250747 -6.798323 -0.000259 0.000897 -0.000573 -7.524191 -1.640527 -9.196798 51.866592 -14.497827 15.691514 43.688676 6.767399 3.602877 32.080772 6.396825 -14.793410 -0.000130 0.000187 -0.000760 -9.163277 -2.964649 -3.413500 52.451411 -9.919709 13.610745 43.556739 13.004643 7.913661 26.340615 6.733433 -19.502617 -0.004404 0.002742 0.000176 1.238328 -1.051652 -26.125908 0.663839 -3.253262 16.295773 -9.131336 -6.001169 16.106691 -1.045625 -0.762549 0.134757 0.001030 0.000187 0.999659 -3.891556 -15.616270 6.016551 -2.120816 -2.985340 26.830969 5.853927 -11.814529 -12.733916 -0.059851 2.539140 -5.627574 -0.001673 0.000337 1.000564
-1.328988 109.348679 -5.588279 2.218512 41.434318 0.328560 -2.250979 1.361058 9.040015 1.545975 5.859259 -5.406085 -5.428254 5.153434 11.757161 -1.304569 0.737213 2.892490 -9.144050 6.489980 11.124963 7.068852 24.329391 -5.048501 -0.000292 -0.000751 -0.000578 -1.217813 -0.288916 -1.080475 0.018196 -1.859230 -0.565295 -0.394331 -0.126979 -0.578039 -5.241651 -12.234010 18.826157 -71.171759 -30.536373 33.771270 -48.994600 -85.577214 52.731661 15.354707 -4.498836 -9.472386 -13.736616 13.122435 18.913726 -3.999439 -6.578378 -8.079029 0.694538 4.376034 -1.656407 -0.000943 -0.000119 -0.000137 2.223884 -0.580132 -0.879107 -57.708462 7.961157 5.708393 -30.541915 -8.576337 5.390725 -5.919177 -1.798533 -2.697605 -0.000075 -0.000461 0.000134 2.198456 -2.236252 2.352390 -56.682788 8.983446 0.788362 -33.047240 -7.631510 5.598389 -3.338313 -1.350429 -4.340748 0.000044 -0.000958 0.000351 5.412342 -1.383028 -13.587313 -50.700950 20.295637 12.194000 -35.571265 -1.876640 1.111913 -28.347169 -2.171020 -8.304132 0.000835 -0.000125 0.000226 3.860415 0.548859 -8.888898 -47.548414 14.475453 9.726952 -35.054000 -3.220599 2.241245 -20.424916 -0.353039 -8.382932 0.000527 -0.000578 0.000266 -7.505069 15.793688 23.059297 70.441012 24.531330 29.820787 47.682251 76.048274 45.814859 -26.148575 16.924915 7.984395 19.455200 -28.743866 25.635731 -0.762298 4.805662 -13.349923 -2.165814 -2.733822 3.610376 -0.000024 0.001258 -0.000279 0.149013 -2.467801 3.295353 50.126579 -8.853959 7.065064 29.318405 8.170083 3.709297 4.234240 2.970784 -3.867555 -0.000502 0.000779 -0.000063 -2.206947 -0.575864 6.371081 53.163228 -7.615205 4.936142 36.141945 9.425778 5.548319 4.865133 3.258506 -6.778035 -0.000269 0.000908 -0.000578 -7.486729 -1.708156 -9.182497 52.053926 -14.520540 15.649262 43.740377 6.786722 3.607309 32.062116 6.389780 -14.772620 -0.000150 0.000254 -0.000744 -9.105110 -3.041741 -3.384428 52.636737 -9.894231 13.581173 43.616253 13.041358 7.932188 26.337919 6.742346 -19.486299 -0.004457 0.002802 0.000185 1.241429 -1.087363 -26.085803 0.728110 -3.250724 16.208995 -9.122326 -6.025788 16.049764 -1.045840 -0.763562 0.129052 0.001032 0.000186 0.999653 -3.894453 -15.608517 6.030836 -2.102463 -2.993416 26.751522 5.871116 -11.803862 -12.761612 -0.052103 2.535662 -5.576941 -0.001675 0.000339 1.000503
-1.430356 109.360519 -5.571299 2.271223 41.422015 0.338299 -2.244722 1.353935 9.010962 1.543944 5.837452 -5.416628 -5.434012 5.171408 11.815710 -1.298837 0.780835 2.878115 -9.245738 6.465730 11.070456 7.030882 24.538543 -5.163433 -0.000289 -0.000756 -0.000569 -1.225144 -0.286627 -1.096245 0.019681 -1.854904 -0.547921 -0.392311 -0.122619 -0.560087 -5.161226 -12.231757 18.818984 -71.218167 -30.502450 33.692429 -48.690221 -85.583811 52.491318 15.181979 -4.411383 -9.672660 -13.736254 13.090646 18.889781 -4.010951 -6.569687 -8.064007 0.679819 4.371367 -1.688915 -0.000944 -0.000125 -0.000131 2.229765 -0.517681 -0.895816 -57.713568 7.949808 5.724115 -30.494376 -8.566601 5.379719 -5.859931 -1.803584 -2.678588 -0.000082 -0.000462 0.000140 2.186984 -2.172154 2.355802 -56.696757 8.973277 0.798868 -32.985385 -7.635236 5.592246 -3.281853 -1.346876 -4.320096 0.000043 -0.000955 0.000350 5.384275 -1.327951 -13.581126 -50.752297 20.312140 12.168285 -35.499047 -1.889535 1.116414 -28.257857 -2.158883 -8.285618 0.000837 -0.000123 0.000221 3.811022 0.600103 -8.875505 -47.612621 14.479584 9.705874 -34.987698 -3.238772 2.241833 -20.322907 -0.337870 -8.373080 0.000528 -0.000582 0.000268 -7.558859 15.808114 23.030201 70.526159 24.574485 29.866304 47.454761 76.051341 45.575236 -25.806702 16.780675 8.010725 19.516010 -28.721950 25.596722 -0.742064 4.800027 -13.337021 -2.157197 -2.739642 3.599876 -0.000011 0.001239 -0.000287 0.183240 -2.517359 3.272113 50.209029 -8.841301 7.060566 29.287598 8.149512 3.697163 4.162669 2.965333 -3.885299 -0.000493 0.000775 -0.000069 -2.166822 -0.639012 6.357514 53.242932 -7.590672 4.928184 36.131530 9.423258 5.539373 4.821654 3.255523 -6.749379 -0.000268 0.000917 -0.000581 -7.438837 -1.759019 -9.172635 52.163665 -14.521965 15.607501 43.717998 6.789152 3.592305 32.011105 6.371054 -14.741611 -0.000163 0.000324 -0.000732 -9.048640 -3.090985 -3.360779 52.753330 -9.886043 13.547875 43.607982 13.056853 7.923450 26.301691 6.730047 -19.457837 -0.004499 0.002861 0.000188 1.216646 -1.112613 -26.015321 0.756188 -3.248380 16.120127 -9.121307 -6.016936 16.050802 -1.042496 -0.744735 0.148302 0.001027 0.000185 0.999649 -3.900849 -15.562327 6.049109 -2.097324 -2.959607 26.732582 5.900871 -11.781999 -12.800746 -0.077016 2.534032 -5.552341 -0.001674 0.000338 1.000444
-1.532141 109.363129 -5.552827 2.334138 41.405019 0.304368 -2.228925 1.346333 8.952934 1.541047 5.801791 -5.405807 -5.421893 5.191792 11.873147 -1.310213 0.822089 2.881742 -9.335125 6.422485 11.062299 6.983297 24.753749 -5.340593 -0.000291 -0.000759 -0.000568 -1.232073 -0.285243 -1.111164 0.023031 -1.842072 -0.535636 -0.388601 -0.109750 -0.547737 -5.104497 -12.247967 18.802610 -71.204175 -30.474573 33.586031 -48.104357 -85.579387 51.936529 14.955777 -4.393219 -9.755882 -13.762194 13.028845 18.870997 -4.021803 -6.588992 -8.053502 0.656383 4.318251 -1.738501 -0.000943 -0.000133 -0.000127 2.236806 -0.492786 -0.922305 -57.654853 7.931448 5.748670 -30.464986 -8.577810 5.394092 -5.795839 -1.803165 -2.695543 -0.000091 -0.000460 0.000144 2.190246 -2.129859 2.346149 -56.669356 8.955911 0.808066 -32.944444 -7.646441 5.599754 -3.230935 -1.336947 -4.316337 0.000040 -0.000950 0.000346 5.376765 -1.293321 -13.579141 -50.773901 20.338761 12.153825 -35.436748 -1.911850 1.126228 -28.186338 -2.143999 -8.259395 0.000836 -0.000123 0.000219 3.786789 0.634250 -8.850555 -47.633768 14.487596 9.695211 -34.921117 -3.259313 2.242370 -20.254222 -0.327275 -8.343144 0.000529 -0.000591 0.000269 -7.571894 15.820572 22.990010 70.552754 24.697796 29.910466 47.158615 75.976661 45.249092 -25.442590 16.652644 8.060366 19.547117 -28.660597 25.557057 -0.727947 4.816065 -13.337901 -2.139670 -2.680913 3.575798 -0.000009 0.001231 -0.000289 0.193535 -2.533602 3.239355 50.234571 -8.806436 7.063372 29.283885 8.186517 3.697066 4.114796 2.963593 -3.970154 -0.000482 0.000773 -0.000068 -2.148773 -0.674004 6.324295 53.284944 -7.542828 4.920064 36.147988 9.467492 5.552852 4.800905 3.261881 -6.774326 -0.000258 0.000919 -0.000579 -7.404237 -1.786717 -9.176024 52.229448 -14.497213 15.573945 43.716746 6.844873 3.598135 31.988623 6.387233 -14.745890 -0.000163 0.000360 -0.000729 -8.999349 -3.105988 -3.356922 52.801868 -9.876455 13.525100 43.599733 13.122297 7.950771 26.294569 6.756615 -19.465048 -0.004513 0.002892 0.000185 1.181732 -1.123808 -25.929621 0.779677 -3.258230 16.092424 -9.099949 -5.981653 16.048616 -1.040988 -0.721319 0.187302 0.001024 0.000186 0.999648 -3.903721 -15.499632 6.062291 -2.119847 -2.899584 26.809591 5.920180 -11.815093 -12.846009 -0.116327 2.549142 -5.548751 -0.001674 0.000334 1.000419
-1.634351 109.347176 -5.532803 2.407475 41.439525 0.304347 -2.226228 1.355203 8.933029 1.550609 5.759846 -5.386147 -5.424505 5.182448 11.882255 -1.277003 0.824643 2.891991 -9.391182 6.433263 11.028008 6.915645 25.097495 -5.477883 -0.000288 -0.000775 -0.000556 -1.248759 -0.286007 -1.111467 0.017827 -1.880625 -0.547164 -0.394129 -0.148637 -0.558005 -5.114711 -12.244063 18.797680 -71.145804 -30.445754 33.451132 -48.652555 -85.605940 52.502270 14.789522 -4.369134 -9.859416 -13.743746 12.944147 18.866246 -4.010169 -6.593872 -8.045741 0.639586 4.265000 -1.786840 -0.000951 -0.000131 -0.000129 2.255751 -0.476206 -0.953215 -57.580160 7.918705 5.741118 -30.457897 -8.598885 5.410189 -5.771292 -1.794909 -2.711494 -0.000095 -0.000465 0.000145 2.195242 -2.096758 2.330931 -56.619569 8.953030 0.790133 -32.917765 -7.651823 5.604262 -3.230878 -1.335346 -4.316229 0.000045 -0.000959 0.000357 5.373292 -1.261941 -13.582019 -50.762118 20.364132 12.125632 -35.394982 -1.931341 1.134886 -28.169401 -2.138612 -8.245400 0.000849 -0.000128 0.000206 3.758868 0.668807 -8.840079 -47.608816 14.502397 9.672830 -34.866421 -3.262638 2.238888 -20.249426 -0.331816 -8.314870 0.000525 -0.000597 0.000263 -7.607124 15.815674 22.960170 70.657352 24.797568 30.005019 46.708245 75.965464 44.815583 -25.239766 16.387173 8.180883 19.570336 -28.588820 25.538341 -0.711040 4.848292 -13.324708 -2.133517 -2.616580 3.561795 -0.000006 0.001208 -0.000293 0.228824 -2.505301 3.253636 50.182040 -8.787648 7.040921 29.290622 8.223007 3.688888 4.111756 2.958465 -4.066932 -0.000482 0.000768 -0.000065 -2.101686 -0.679104 6.309055 53.244128 -7.535363 4.904967 36.167037 9.506222 5.574826 4.832076 3.278687 -6.837521 -0.000266 0.000934 -0.000592 -7.348004 -1.795225 -9.199441 52.197505 -14.517238 15.559044 43.733384 6.896459 3.630863 32.016782 6.431471 -14.788967 -0.000191 0.000447 -0.000712 -8.934665 -3.114331 -3.370609 52.773956 -9.906374 13.525676 43.607194 13.187222 8.007120 26.340127 6.820391 -19.514190 -0.004586 0.002975 0.000187 1.137433 -1.129501 -25.933013 0.770138 -3.278308 16.155440 -9.053367 -5.924638 16.065413 -1.061632 -0.725804 0.181093 0.001019 0.000180 0.999655 -3.920587 -15.476028 6.085124 -2.133131 -2.884740 26.852766 5.983427 -11.853470 -12.967839 -0.146517 2.588236 -5.609609 -0.001675 0.000350 1.000336
-1.736987 109.348770 -5.511171 2.423869 41.356159 0.265383 -2.242440 1.321115 8.939635 1.530007 5.763816 -5.440958 -5.374570 5.202535 11.935242 -1.261821 0.821135 2.891438 -9.432331 6.385384 10.972977 6.860369 25.162831 -5.587515 -0.000295 -0.000781 -0.000570 -1.254317 -0.278014 -1.123222 0.020128 -1.871112 -0.537332 -0.391552 -0.139536 -0.549792 -5.208446 -12.258604 18.803390 -70.998385 -30.384948 33.294100 -48.754281 -85.691962 52.602853 14.593776 -4.356540 -9.705448 -13.739538 12.939335 18.842614 -4.033928 -6.615772 -8.036734 0.627170 4.274322 -1.775538 -0.000961 -0.000147 -0.000140 2.282990 -0.477856 -0.954553 -57.439443 7.923037 5.741049 -30.300229 -8.551361 5.360041 -5.705613 -1.790245 -2.620074 -0.000107 -0.000445 0.000144 2.230135 -2.106632 2.347403 -56.483615 8.990337 0.791825 -32.757084 -7.606216 5.538672 -3.145846 -1.321413 -4.245406 0.000061 -0.000968 0.000353 5.408075 -1.258353 -13.558856 -50.614181 20.365338 12.185090 -35.237693 -1.924520 1.121978 -28.079742 -2.120429 -8.216380 0.000849 -0.000146 0.000204 3.796948 0.682196 -8.801292 -47.436896 14.497024 9.725675 -34.735114 -3.259204 2.218176 -20.153074 -0.296759 -8.302645 0.000513 -0.000596 0.000255 -7.511806 15.812749 22.922342 70.635014 24.865636 30.042448 46.427898 75.980652 44.564591 -24.922835 16.264319 8.291338 19.592689 -28.553986 25.504755 -0.703575 4.854905 -13.316039 -2.117111 -2.626303 3.555302 -0.000031 0.001227 -0.000283 0.204033 -2.477273 3.223303 50.139827 -8.759088 7.046531 29.197295 8.193187 3.658251 4.063906 2.969458 -4.005230 -0.000480 0.000772 -0.000048 -2.138237 -0.639186 6.272532 53.200798 -7.537451 4.890537 36.049560 9.462443 5.519029 4.762764 3.256366 -6.779359 -0.000239 0.000927 -0.000595 -7.387411 -1.763387 -9.201212 52.136326 -14.473390 15.549200 43.601096 6.849276 3.577867 31.942073 6.378182 -14.738380 -0.000172 0.000382 -0.000730 -8.955914 -3.071698 -3.369754 52.630025 -9.881014 13.522359 43.490898 13.129145 7.925091 26.273904 6.738336 -19.446449 -0.004516 0.002907 0.000167 1.170244 -1.161050 -25.874361 0.793376 -3.296050 16.141307 -9.051853 -5.900384 16.014829 -1.040291 -0.702765 0.244382 0.001006 0.000173 0.999670 -3.921473 -15.380428 6.037152 -2.087043 -2.818201 26.984110 5.977575 -11.661816 -12.924878 -0.179818 2.584295 -5.556042 -0.001674 0.000338 1.000407
-1.840052 109.347214 -5.487876 2.496527 41.351946 0.345628 -2.312226 1.292631 8.902290 1.544323 5.768122 -5.420501 -5.392227 5.167374 11.900763 -1.204173 0.798744 2.983473 -9.435543 6.388736 10.848374 6.823215 25.274584 -5.640150 -0.000311 -0.000800 -0.000582 -1.281984 -0.270273 -1.123927 0.018897 -1.899941 -0.548444 -0.393161 -0.168481 -0.561785 -5.236991 -12.271995 18.904500 -71.128871 -30.241725 33.109079 -48.093009 -85.869816 52.056037 13.491688 -3.731897 -9.531737 -13.740931 13.042697 18.852252 -4.062361 -6.527153 -8.048360 0.602792 4.334628 -1.717401 -0.000956 -0.000142 -0.000158 2.234493 -0.373750 -0.881647 -57.567986 8.078769 5.553866 -30.383202 -8.469753 5.349026 -5.761060 -1.763644 -2.571155 -0.000087 -0.000457 0.000160 2.191111 -1.988132 2.484057 -56.654799 9.154911 0.617310 -32.839107 -7.515987 5.533911 -3.198210 -1.319669 -4.226560 0.000049 -0.000973 0.000348 5.378208 -1.123085 -13.405825 -50.705375 20.580019 12.107996 -35.299626 -1.880834 1.120702 -28.148337 -2.116428 -8.211627 0.000851 -0.000154 0.000214 3.777572 0.864355 -8.558182 -47.539765 14.604643 9.689729 -34.792547 -3.226463 2.222981 -20.241425 -0.300738 -8.296772 0.000523 -0.000612 0.000263 -7.523642 15.763097 22.858323 71.011937 24.734818 30.025139 45.685870 76.049987 44.000440 -24.981223 15.891119 8.170196 19.409811 -28.473632 25.515923 -0.693169 4.882682 -13.337629 -2.096642 -2.645571 3.559352 -0.000051 0.001246 -0.000264 0.097765 -2.468367 3.243130 50.103922 -8.736788 6.983812 29.286386 8.304118 3.623825 4.097655 2.989811 -4.078861 -0.000479 0.000785 -0.000032 -2.176246 -0.630451 6.235304 53.184844 -7.586140 4.816898 36.192937 9.558403 5.522797 4.840307 3.292576 -6.933947 -0.000235 0.000920 -0.000591 -7.411712 -1.765873 -9.241155 52.132414 -14.505163 15.480622 43.728646 6.925478 3.609845 32.066941 6.497240 -14.849475 -0.000163 0.000298 -0.000751 -8.939541 -3.069822 -3.450660 52.615593 -9.936282 13.477418 43.574689 13.181301 7.981220 26.435914 6.891122 -19.595341 -0.004479 0.002847 0.000178 1.160214 -1.265259 -25.928637 0.819960 -3.273957 16.163980 -8.920953 -6.055988 15.944356 -1.026442 -0.750315 0.226112 0.001023 0.000186 0.999678 -3.910694 -15.327145 6.026693 -2.118420 -2.855356 26.910637 5.967952 -11.681730 -13.005416 -0.183991 2.635078 -5.544250 -0.001676 0.000333 1.000468
-1.943545 109.347191 -5.462868 2.584958 41.482732 0.455499 -2.281265 1.242782 8.904228 1.494234 5.777789 -5.488366 -5.391318 5.133552 11.973626 -1.237683 0.845313 3.010778 -9.448436 6.295379 10.790530 6.756278 25.035328 -5.666437 -0.000307 -0.000801 -0.000553 -1.263270 -0.268586 -1.141492 0.021293 -1.871509 -0.505111 -0.389439 -0.140601 -0.518642 -5.287794 -12.338098 18.894127 -71.095498 -30.167286 32.918939 -49.419836 -85.906117 53.370655 13.871337 -4.039620 -9.349385 -13.672957 13.046073 18.947043 -4.122368 -6.546466 -8.001183 0.576265 4.277932 -1.751672 -0.000962 -0.000137 -0.000152 2.203216 -0.418615 -0.897564 -57.188243 8.017072 5.657305 -30.327177 -8.510616 5.329309 -5.798654 -1.757073 -2.548895 -0.000094 -0.000454 0.000143 2.214514 -2.064850 2.437641 -56.328888 9.145494 0.689421 -32.753678 -7.542015 5.494843 -3.237634 -1.319865 -4.197419 0.000060 -0.000983 0.000362 5.448002 -1.196917 -13.489647 -50.373231 20.525456 12.207235 -35.218587 -1.893721 1.104864 -28.196325 -2.115717 -8.226917 0.000863 -0.000153 0.000206 3.890225 0.759744 -8.615487 -47.185286 14.591141 9.729067 -34.684630 -3.213049 2.218599 -20.324398 -0.303257 -8.328107 0.000509 -0.000608 0.000264 -7.567113 15.709652 22.887769 71.039915 24.817644 30.129586 45.660783 76.130653 43.976449 -24.637422 16.061569 8.189269 19.341119 -28.468573 25.566375 -0.623529 4.868123 -13.305720 -2.066746 -2.603270 3.551206 -0.000027 0.001201 -0.000283 0.119148 -2.434441 3.233454 49.901142 -8.641172 7.001723 29.168755 8.336576 3.602447 4.112704 2.987323 -4.089143 -0.000493 0.000781 -0.000045 -2.155147 -0.604941 6.190212 52.954435 -7.523017 4.841437 36.066962 9.586839 5.506091 4.835526 3.279709 -6.958945 -0.000266 0.000951 -0.000609 -7.405216 -1.702801 -9.279205 51.897790 -14.481308 15.490000 43.619859 6.995087 3.617097 32.064478 6.511688 -14.877851 -0.000212 0.000466 -0.000724 -8.953329 -3.009743 -3.483129 52.365397 -9.900819 13.460584 43.433654 13.199761 7.958920 26.460101 6.888827 -19.585506 -0.004606 0.002994 0.000179 1.155013 -1.247487 -26.022086 0.665775 -3.296202 16.191837 -8.971473 -6.123560 15.754441 -0.977116 -0.760476 0.340712 0.001011 0.000174 0.999682 -3.920870 -15.325096 5.973797 -2.092982 -2.885946 26.932145 5.962919 -11.767532 -12.959391 -0.193313 2.672734 -5.615913 -0.001673 0.000349 1.000306
-2.047466 109.336899 -5.436095 2.329611 41.296231 0.202415 -2.344223 1.219851 8.894081 1.432164 5.791848 -5.492262 -5.281877 5.044632 11.966612 -1.128937 0.794581 3.123636 -9.154153 6.272456 10.706892 6.519400 24.625703 -5.486887 -0.000332 -0.000828 -0.000547 -1.293510 -0.266918 -1.152485 0.011545 -1.994294 -0.519071 -0.399539 -0.263815 -0.532151 -5.219365 -12.422849 18.756778 -71.023628 -29.949283 32.922112 -49.263767 -86.083960 53.365635 13.347582 -4.084822 -9.288724 -13.497719 12.954258 18.865767 -4.082034 -6.461131 -7.969658 0.578434 4.309188 -1.714624 -0.000986 -0.000179 -0.000204 2.279340 -0.418976 -0.830501 -57.096764 8.026301 5.638574 -30.319438 -8.431116 5.319305 -5.783560 -1.745624 -2.460836 -0.000128 -0.000436 0.000142 2.276894 -2.119127 2.426508 -56.235904 9.299619 0.704389 -32.696656 -7.505819 5.519513 -3.289102 -1.319474 -4.086047 0.000117 -0.001030 0.000363 5.516706 -1.305582 -13.476600 -50.253064 20.634627 12.243286 -35.093376 -1.897583 1.144465 -28.170817 -2.056556 -8.126165 0.000864 -0.000225 0.000186 3.998223 0.644064 -8.618899 -46.993791 14.624366 9.774244 -34.558810 -3.218299 2.312654 -20.297155 -0.259522 -8.306196 0.000466 -0.000614 0.000236 -7.311616 15.628355 22.936588 70.822195 24.928332 30.158208 45.688580 76.220682 44.057678 -23.052959 15.169354 7.833631 19.394440 -28.067876 25.170823 -0.429767 4.803948 -13.196725 -2.068414 -2.846102 3.612131 -0.000066 0.001175 -0.000287 0.327792 -2.455634 3.168610 49.784908 -8.632202 6.857519 29.334617 8.221218 3.556152 4.175155 2.980499 -4.292876 -0.000547 0.000787 -0.000004 -1.932012 -0.613684 6.201885 52.884865 -7.564054 4.678406 36.375468 9.455863 5.466036 5.089663 3.351072 -6.958168 -0.000287 0.000975 -0.000649 -7.208747 -1.672212 -9.297568 51.945548 -14.637127 15.307650 43.918508 6.982345 3.636594 32.253896 6.560248 -14.867232 -0.000239 0.000532 -0.000720 -8.774538 -2.959593 -3.425094 52.467928 -9.895945 13.393779 43.723301 13.216590 8.011607 26.743031 7.050046 -19.598041 -0.004666 0.003072 0.000140 1.334932 -1.166388 -25.829347 0.783517 -3.471092 16.040387 -9.253328 -6.416694 15.911347 -0.844097 -0.776131 0.424903 0.001010 0.000149 0.999742 -3.796099 -15.457967 5.812992 -2.107401 -2.798750 27.331621 5.935613 -12.057324 -13.149103 -0.221370 2.669325 -5.584499 -0.001704 0.000337 1.000224
-2.151810 109.372986 -5.407513 2.534072 41.377044 0.333216 -2.246126 1.178162 8.886664 1.450155 5.792478 -5.485083 -5.465237 5.115391 12.000353 -1.345336 0.987257 3.119183 -9.778551 6.306037 10.658219 6.695583 25.341586 -5.772272 -0.000314 -0.000794 -0.000600 -1.284951 -0.260017 -1.182121 0.034442 -1.828475 -0.487044 -0.375832 -0.096720 -0.502898 -5.166015 -12.257033 18.865730 -71.029801 -30.069681 32.765869 -49.486268 -85.930979 53.473196 13.915355 -4.151351 -9.022369 -13.780068 13.188921 18.949266 -4.078679 -6.421401 -8.007947 0.630807 4.333500 -1.653546 -0.000952 -0.000126 -0.000151 2.188928 -0.292219 -0.825713 -57.485472 8.187864 5.548056 -30.281360 -8.309650 5.261897 -5.625269 -1.735119 -2.476929 -0.000073 -0.000476 0.000148 2.213722 -2.008823 2.531763 -56.661620 9.309374 0.613768 -32.721210 -7.382246 5.460789 -3.087164 -1.299422 -4.135402 0.000042 -0.000968 0.000359 5.468215 -1.158201 -13.337812 -50.743592 20.676103 12.073861 -35.170488 -1.801030 1.124596 -27.978869 -2.053181 -8.158558 0.000860 -0.000126 0.000217 3.983512 0.813417 -8.486489 -47.529122 14.678932 9.670427 -34.693807 -3.179013 2.227895 -20.123199 -0.231509 -8.288365 0.000518 -0.000599 0.000286 -7.569748 15.719701 22.864392 71.120191 24.860400 30.177503 45.881728 76.158006 44.144873 -24.335580 16.259971 8.134244 19.361353 -28.365633 25.373343 -0.641904 4.784842 -13.283839 -2.051483 -2.709083 3.543494 -0.000036 0.001279 -0.000266 0.087074 -2.592990 3.177888 50.137039 -8.744845 6.945886 29.102013 8.214512 3.557963 3.924702 3.023921 -4.067382 -0.000469 0.000781 -0.000042 -2.169586 -0.738229 6.204650 53.221346 -7.544025 4.793174 35.994036 9.433896 5.410557 4.711068 3.280169 -6.801864 -0.000228 0.000898 -0.000582 -7.387101 -1.843026 -9.171210 52.209457 -14.475057 15.379648 43.464467 6.864604 3.505735 31.877534 6.411423 -14.738735 -0.000156 0.000197 -0.000746 -8.920813 -3.125005 -3.386146 52.642085 -9.902521 13.400151 43.360924 13.075702 7.815970 26.295669 6.774623 -19.426253 -0.004425 0.002747 0.000183 1.195622 -1.178960 -26.063286 0.771262 -3.281837 16.480029 -8.870519 -6.230474 15.577636 -0.993741 -0.842311 0.391488 0.001027 0.000187 0.999650 -3.907365 -15.373305 6.049924 -2.105046 -2.965691 26.936522 5.895010 -11.780213 -12.916258 -0.124755 2.691765 -5.502085 -0.001660 0.000342 1.000559
-2.256575 109.387291 -5.377077 2.548884 41.407219 0.226160 -2.276833 1.223104 8.854990 1.478676 5.765406 -5.425603 -5.326470 5.137691 11.910699 -1.237910 0.928245 3.261233 -9.573042 6.263929 10.603119 6.429819 25.190017 -6.039115 -0.000314 -0.000813 -0.000546 -1.278534 -0.255553 -1.216036 0.026933 -1.875044 -0.430950 -0.381537 -0.143703 -0.444552 -5.157071 -12.231487 18.975655 -71.112939 -30.139721 32.849130 -46.057880 -85.860962 50.110073 13.328226 -3.895337 -8.662099 -13.700921 13.174820 19.001581 -4.171925 -6.390573 -7.946069 0.623843 4.404757 -1.663346 -0.000968 -0.000130 -0.000158 2.082037 -0.382480 -0.800239 -56.983568 8.249703 5.610682 -30.022645 -8.160748 5.167047 -5.689499 -1.724695 -2.294351 -0.000088 -0.000480 0.000157 2.177287 -2.044879 2.527344 -56.112696 9.362198 0.678248 -32.521434 -7.235542 5.393555 -3.151047 -1.276216 -3.993672 0.000052 -0.000989 0.000367 5.480974 -1.222067 -13.294007 -50.194478 20.657208 12.248254 -34.955996 -1.739835 1.095683 -28.026393 -2.041891 -8.168108 0.000875 -0.000145 0.000203 4.049318 0.801041 -8.430230 -47.048261 14.630726 9.821519 -34.504099 -3.081650 2.205751 -20.125879 -0.212706 -8.301822 0.000521 -0.000614 0.000270 -7.505623 15.642503 22.919462 71.103569 24.818520 30.217042 45.671061 76.190486 43.946399 -23.784847 15.930684 8.440458 19.371977 -28.280523 25.431301 -0.599080 4.740551 -13.221397 -2.063971 -2.778780 3.542283 -0.000014 0.001194 -0.000292 0.152817 -2.436073 3.257744 49.882626 -8.798391 6.901880 28.969048 8.137861 3.474696 4.011489 3.012317 -3.945308 -0.000494 0.000789 -0.000054 -2.133788 -0.644569 6.226492 52.910500 -7.568523 4.743527 35.836930 9.366138 5.336001 4.716250 3.250235 -6.757676 -0.000269 0.000957 -0.000610 -7.398130 -1.736719 -9.246278 51.904794 -14.514953 15.388597 43.290627 6.799156 3.460891 31.861382 6.367741 -14.752278 -0.000231 0.000503 -0.000712 -8.962174 -3.006770 -3.420071 52.406603 -9.922275 13.378035 43.167836 12.955056 7.700739 26.244709 6.682887 -19.411951 -0.004651 0.003041 0.000189 1.167527 -1.172689 -25.911459 0.843554 -3.270574 16.449291 -8.936854 -6.243579 15.560187 -0.956664 -0.796402 0.436390 0.001037 0.000181 0.999664 -3.856025 -15.329325 6.092196 -2.114981 -2.819619 27.075808 5.918986 -11.642516 -13.029402 -0.171041 2.663785 -5.406297 -0.001674 0.000355 1.000255
-2.361753 109.355141 -5.344746 2.713608 41.476689 0.449890 -2.269615 1.215543 8.909562 1.468215 5.792119 -5.479613 -5.397442 5.145570 11.869967 -1.316200 0.886095 3.231831 -9.522091 6.235915 10.721193 6.606811 24.996209 -5.792747 -0.000327 -0.000797 -0.000575 -1.251172 -0.253878 -1.219471 0.035248 -1.822536 -0.366068 -0.371363 -0.090133 -0.381429 -5.275177 -12.275626 18.969293 -70.909593 -29.974890 32.775950 -49.614339 -86.079199 53.653580 13.439531 -4.168120 -8.912536 -13.732113 13.152555 18.945868 -4.148521 -6.384867 -8.009586 0.619481 4.383293 -1.605450 -0.000965 -0.000146 -0.000163 2.182920 -0.333298 -0.851130 -57.390165 8.194901 5.571440 -30.329743 -8.280931 5.253129 -5.680764 -1.735448 -2.421513 -0.000102 -0.000476 0.000143 2.213913 -2.029687 2.501424 -56.526480 9.292311 0.630189 -32.765910 -7.345779 5.457760 -3.149718 -1.296395 -4.103314 0.000054 -0.000989 0.000350 5.484700 -1.217324 -13.355847 -50.591551 20.689972 12.124161 -35.159020 -1.814711 1.130420 -28.050030 -2.064752 -8.178803 0.000861 -0.000158 0.000220 4.012478 0.760328 -8.508369 -47.362044 14.674675 9.725061 -34.651854 -3.174416 2.246205 -20.187050 -0.247077 -8.335980 0.000519 -0.000628 0.000272 -7.353674 15.608361 23.071161 71.003920 24.815926 30.277452 46.387422 76.410214 44.680406 -23.406920 15.615824 8.446780 19.464615 -28.391933 25.387007 -0.551865 4.718207 -13.255802 -2.058342 -2.776953 3.577230 -0.000054 0.001238 -0.000270 0.226382 -2.525244 3.266235 50.145875 -8.798082 6.847271 29.037351 8.152535 3.495676 3.937734 3.016511 -3.996171 -0.000495 0.000798 -0.000034 -2.072624 -0.709011 6.254245 53.197877 -7.538889 4.725303 35.936942 9.366307 5.365111 4.712112 3.259618 -6.781985 -0.000237 0.000928 -0.000602 -7.358869 -1.773746 -9.151061 52.215726 -14.556319 15.297010 43.436235 6.819404 3.475325 31.886957 6.392041 -14.743698 -0.000178 0.000329 -0.000746 -8.936060 -3.040938 -3.306595 52.655758 -9.948100 13.368360 43.344012 13.014763 7.762910 26.330251 6.757829 -19.424352 -0.004525 0.002878 0.000170 1.134312 -1.155855 -26.109264 0.680583 -3.298387 16.629083 -9.030224 -6.247176 15.422246 -0.971710 -0.828522 0.455726 0.001021 0.000189 0.999673 -3.884772 -15.262509 6.051686 -2.108318 -2.829545 27.024940 5.976352 -11.489961 -13.057014 -0.178071 2.696665 -5.544134 -0.001680 0.000339 1.000412
-2.467341 109.316956 -5.310480 2.907142 41.497515 0.653819 -2.243960 1.244483 8.817399 1.471585 5.751972 -5.399904 -5.422203 5.119148 11.934528 -1.123527 0.844815 3.279079 -9.551718 6.420919 10.630313 6.424760 25.757727 -6.072310 -0.000340 -0.000792 -0.000625 -1.295013 -0.273199 -1.279517 0.024550 -1.911328 -0.324788 -0.380829 -0.177519 -0.340507 -5.274986 -12.119275 19.118863 -70.913678 -30.050891 32.669401 -52.132399 -86.182535 56.262988 13.607094 -4.513745 -8.876351 -13.818736 13.252582 18.981634 -4.207301 -6.353382 -8.049723 0.634815 4.455138 -1.547779 -0.000959 -0.000167 -0.000185 2.170249 -0.294127 -0.881877 -57.451040 8.271840 5.527254 -30.156405 -8.177058 5.191936 -5.624523 -1.732450 -2.273265 -0.000110 -0.000482 0.000151 2.203064 -1.994285 2.487269 -56.541517 9.336748 0.587152 -32.622416 -7.247232 5.385492 -3.038466 -1.280969 -4.005686 0.000056 -0.000985 0.000321 5.483782 -1.194546 -13.351462 -50.614587 20.744265 12.098729 -35.020236 -1.759119 1.096743 -27.955907 -2.051340 -8.151693 0.000832 -0.000179 0.000235 3.969264 0.774029 -8.481724 -47.423511 14.721635 9.691417 -34.540171 -3.153244 2.196759 -20.062231 -0.214878 -8.331500 0.000525 -0.000644 0.000261 -7.239449 15.586791 23.164256 71.019097 24.629579 30.181906 47.619658 76.770136 45.929130 -22.975480 16.005926 8.770022 19.498117 -28.453922 25.413270 -0.531170 4.705569 -13.288543 -2.027729 -2.762325 3.568212 -0.000121 0.001315 -0.000227 0.133509 -2.467636 3.222705 50.164303 -8.877672 6.788411 28.961694 8.108373 3.434963 3.885281 3.029059 -3.823787 -0.000480 0.000813 0.000002 -2.154702 -0.677877 6.196548 53.173938 -7.585380 4.662491 35.853127 9.282759 5.286998 4.598465 3.230289 -6.706693 -0.000183 0.000870 -0.000580 -7.427159 -1.771962 -9.134014 52.160891 -14.500943 15.277063 43.316950 6.733127 3.383717 31.818135 6.352489 -14.701868 -0.000077 0.000059 -0.000814 -8.989641 -3.034082 -3.310038 52.634616 -9.993838 13.318685 43.226344 12.932264 7.654717 26.206912 6.673915 -19.399681 -0.004292 0.002614 0.000138 1.103070 -1.146615 -26.246683 0.534710 -3.195008 16.791846 -9.103694 -6.254728 15.338382 -0.975590 -0.805028 0.497082 0.001025 0.000201 0.999697 -3.883634 -15.107004 6.089923 -2.173179 -2.810321 26.884823 5.934586 -11.277253 -13.076665 -0.237755 2.629297 -5.603991 -0.001694 0.000308 1.000685
-2.573329 109.259880 -5.274244 2.938730 41.468500 0.800850 -2.192634 1.265983 8.865644 1.458972 5.705868 -5.399771 -5.421187 5.139635 11.887155 -1.104673 0.855397 3.291794 -9.569277 6.445084 10.646445 6.443051 25.953569 -6.069639 -0.000343 -0.000769 -0.000627 -1.291127 -0.274548 -1.282340 0.017539 -1.930355 -0.278693 -0.386433 -0.195308 -0.293818 -5.287967 -11.991903 19.164673 -70.861874 -30.113008 32.737196 -55.468688 -86.268906 59.581797 14.363531 -5.146866 -8.704849 -13.817094 13.042216 18.907680 -4.229827 -6.430089 -7.998628 0.649040 4.414581 -1.601859 -0.000935 -0.000169 -0.000179 2.171501 -0.484900 -0.948231 -57.116488 8.210532 5.653428 -29.914776 -8.077740 5.092548 -5.518079 -1.749737 -2.171525 -0.000107 -0.000501 0.000150 2.231478 -2.150360 2.360854 -56.169393 9.261778 0.725636 -32.391258 -7.154134 5.300055 -2.937631 -1.276949 -3.898958 0.000039 -0.000957 0.000298 5.507680 -1.357992 -13.448647 -50.267681 20.580923 12.266867 -34.798195 -1.731121 1.073893 -27.791397 -2.023304 -8.113311 0.000809 -0.000157 0.000245 4.030400 0.635345 -8.656045 -47.089584 14.625897 9.803190 -34.328885 -3.110579 2.177278 -19.864058 -0.163253 -8.303220 0.000523 -0.000656 0.000271 -7.211586 15.584196 23.223583 71.057753 24.646791 30.341697 48.350574 76.933808 46.636439 -22.857846 16.139177 8.976952 19.647310 -28.305472 25.317829 -0.466801 4.722302 -13.202992 -2.015585 -2.791415 3.530527 -0.000121 0.001323 -0.000227 0.242762 -2.428270 3.231928 49.917251 -8.899795 6.815441 28.606404 7.917648 3.359816 3.771027 3.016977 -3.663758 -0.000464 0.000806 -0.000005 -2.085817 -0.672415 6.179220 52.879573 -7.597403 4.714384 35.383613 9.068860 5.151224 4.413582 3.161819 -6.448100 -0.000174 0.000855 -0.000554 -7.376515 -1.742155 -9.136251 51.848104 -14.512791 15.347701 42.829100 6.534011 3.261436 31.520351 6.144818 -14.519562 -0.000052 0.000055 -0.000821 -8.961942 -3.010873 -3.293585 52.346894 -10.015373 13.361237 42.793417 12.675172 7.416368 25.875633 6.363038 -19.127568 -0.004279 0.002598 0.000137 1.091807 -1.093345 -26.380693 0.537396 -3.251249 16.873470 -9.209994 -6.257972 15.258565 -0.991660 -0.795698 0.465126 0.001033 0.000211 0.999679 -3.876701 -15.103632 6.028818 -2.139108 -2.788150 26.874741 5.966630 -11.083539 -13.203879 -0.258265 2.621488 -5.665212 -0.001700 0.000291 1.000684
-2.679711 109.272217 -5.236001 2.948129 41.606749 0.805035 -2.162415 1.349631 8.837636 1.512686 5.677784 -5.405640 -5.437894 5.192218 11.965707 -1.165195 0.924415 3.272910 -9.569067 6.395314 10.695977 6.401469 25.898086 -6.235992 -0.000332 -0.000742 -0.000628 -1.271114 -0.280148 -1.313269 0.027824 -1.882349 -0.255465 -0.375465 -0.146909 -0.271315 -5.179121 -11.947336 19.141057 -71.072821 -30.184144 32.945355 -54.244132 -86.156197 58.387690 14.512379 -5.381945 -9.193135 -13.775357 13.013172 18.837718 -4.236369 -6.399285 -8.016580 0.637042 4.417189 -1.594242 -0.000928 -0.000167 -0.000151 2.256330 -0.350104 -1.028755 -57.261960 8.159768 5.725491 -29.872623 -8.073215 5.047672 -5.370051 -1.796546 -2.138002 -0.000121 -0.000493 0.000130 2.251216 -2.044525 2.330910 -56.304218 9.167462 0.779897 -32.290967 -7.196639 5.272857 -2.761904 -1.288847 -3.871031 0.000041 -0.000940 0.000295 5.493024 -1.295079 -13.473090 -50.460134 20.547858 12.231375 -34.655655 -1.805781 1.067879 -27.573265 -2.015874 -8.072763 0.000800 -0.000142 0.000247 3.959862 0.654126 -8.689920 -47.238569 14.565355 9.758177 -34.167520 -3.176177 2.169324 -19.638391 -0.141499 -8.325280 0.000516 -0.000647 0.000278 -7.173409 15.660991 23.229856 70.873292 24.563862 30.384703 48.984507 76.951123 47.213259 -22.638224 16.364833 8.909189 19.721030 -28.325076 25.312016 -0.491629 4.662223 -13.212558 -2.038916 -2.817232 3.539012 -0.000104 0.001337 -0.000235 0.261760 -2.467164 3.195937 50.146719 -8.929988 6.822980 28.480231 7.792700 3.353617 3.606811 3.015128 -3.617188 -0.000450 0.000798 -0.000019 -2.098258 -0.673897 6.232486 53.129591 -7.547515 4.718035 35.295826 8.947837 5.106720 4.274659 3.137265 -6.317946 -0.000168 0.000838 -0.000546 -7.403294 -1.746782 -9.104410 52.088529 -14.502469 15.327783 42.761156 6.414299 3.198092 31.380350 6.034936 -14.406269 -0.000027 0.000014 -0.000820 -9.030367 -2.977110 -3.229272 52.551780 -9.991731 13.342633 42.797401 12.581132 7.332144 25.756140 6.251916 -19.000665 -0.004237 0.002555 0.000129 1.063137 -1.042902 -26.365640 0.493318 -3.283486 16.894529 -9.355050 -6.310684 15.038890 -0.980274 -0.749897 0.522268 0.001015 0.000206 0.999669 -3.866152 -15.167739 6.164776 -2.119179 -2.786642 26.738650 5.938773 -11.207654 -13.043366 -0.298913 2.550902 -5.668877 -0.001688 0.000286 1.000730
-2.786481 109.235886 -5.195719 2.860483 41.877492 0.689309 -2.116320 1.412382 8.806894 1.543255 5.646048 -5.441543 -5.470133 5.193753 12.025784 -1.126522 0.957967 3.337434 -9.650926 6.483121 10.844653 6.384798 26.288205 -6.313581 -0.000327 -0.000716 -0.000601 -1.275234 -0.292905 -1.338540 0.025854 -1.904114 -0.270990 -0.377816 -0.169606 -0.285497 -5.280394 -11.963074 19.140345 -71.096285 -30.204103 33.053459 -54.807257 -86.128012 59.008937 14.325456 -5.128824 -9.756695 -13.734258 12.872195 18.737592 -4.303239 -6.415004 -7.939203 0.590827 4.434242 -1.640193 -0.000918 -0.000136 -0.000116 2.245324 -0.183308 -1.062085 -57.050745 8.191947 5.722433 -29.612927 -7.859245 4.867613 -5.158643 -1.845680 -1.923795 -0.000101 -0.000485 0.000126 2.182396 -1.878393 2.367918 -56.123793 9.198081 0.751419 -31.971574 -7.035817 5.108884 -2.535427 -1.287194 -3.667120 0.000019 -0.000920 0.000299 5.355413 -1.146904 -13.440261 -50.295223 20.542171 12.168290 -34.353806 -1.757081 1.018758 -27.204232 -1.942239 -7.950658 0.000800 -0.000104 0.000262 3.788862 0.819912 -8.714335 -47.113501 14.578479 9.744979 -33.871607 -3.146096 2.098320 -19.227720 -0.035715 -8.276452 0.000541 -0.000636 0.000303 -7.093058 15.601891 23.469129 70.644006 24.652256 30.261805 49.692759 76.923013 47.901508 -22.259954 15.879106 8.540887 19.899746 -28.212173 25.215016 -0.412122 4.644631 -13.107474 -2.012550 -2.917655 3.493461 -0.000048 0.001305 -0.000257 0.415526 -2.638556 3.203172 50.256448 -9.027435 6.841711 28.217110 7.524929 3.318697 3.409307 3.047684 -3.479938 -0.000466 0.000810 -0.000064 -1.981240 -0.871621 6.294789 53.246766 -7.583409 4.714800 35.037451 8.665375 5.002220 4.073051 3.108449 -5.991722 -0.000222 0.000860 -0.000536 -7.302095 -1.928293 -9.005071 52.242680 -14.545532 15.284335 42.463190 6.093973 3.041385 31.080231 5.778632 -14.120981 -0.000060 0.000146 -0.000792 -8.929744 -3.148642 -3.079400 52.675369 -10.016943 13.300957 42.607727 12.238163 7.083759 25.470678 5.942454 -18.641594 -0.004324 0.002672 0.000167 1.064458 -0.846745 -26.352482 0.388077 -3.218408 16.958629 -9.285078 -6.426098 14.904606 -0.968154 -0.757320 0.513018 0.001016 0.000218 0.999639 -3.787275 -15.118850 6.253384 -1.980919 -2.760660 26.847294 5.879538 -11.149817 -13.006959 -0.294226 2.535304 -5.701837 -0.001660 0.000289 1.000607
-2.893630 109.229301 -5.153364 2.935332 42.057719 0.811650 -2.089474 1.450512 8.798894 1.545744 5.635017 -5.459403 -5.480566 5.185544 12.027826 -1.156416 0.981466 3.347693 -9.681949 6.446638 10.863907 6.385294 26.282062 -6.305446 -0.000329 -0.000703 -0.000605 -1.268340 -0.296763 -1.346031 0.028152 -1.895435 -0.281381 -0.375838 -0.160658 -0.296509 -5.356935 -11.945973 19.188206 -71.084626 -30.251102 33.147197 -55.635004 -86.123458 59.832415 14.415442 -5.130440 -9.986137 -13.671869 12.869683 18.705310 -4.285081 -6.434294 -7.938553 0.606148 4.447942 -1.633769 -0.000910 -0.000138 -0.000110 2.282579 -0.176657 -1.058974 -56.964144 8.174823 5.739970 -29.539041 -7.796211 4.808813 -5.128613 -1.868834 -1.844604 -0.000101 -0.000479 0.000125 2.210134 -1.892520 2.359198 -56.027347 9.182541 0.773657 -31.887597 -6.982296 5.044422 -2.489877 -1.289789 -3.598105 0.000015 -0.000911 0.000292 5.385054 -1.178671 -13.460852 -50.182671 20.488695 12.217152 -34.279277 -1.728345 0.990324 -27.136056 -1.922035 -7.920671 0.000792 -0.000101 0.000271 3.807021 0.767805 -8.749790 -46.947756 14.545279 9.789321 -33.824807 -3.133129 2.079499 -19.154096 -0.006851 -8.281444 0.000542 -0.000638 0.000307 -7.090066 15.600258 23.613693 70.567251 24.634388 30.198312 50.355801 76.953829 48.543881 -22.414316 15.732489 8.443861 19.859865 -28.189257 25.201909 -0.392719 4.663438 -13.081033 -2.012225 -2.950029 3.485974 -0.000050 0.001315 -0.000253 0.437035 -2.655879 3.208689 50.168865 -9.016633 6.860806 28.086963 7.430381 3.303098 3.394349 3.052557 -3.396455 -0.000465 0.000814 -0.000067 -1.977541 -0.874936 6.287788 53.115537 -7.586620 4.735371 34.886959 8.545181 4.959966 4.031873 3.085765 -5.866197 -0.000218 0.000853 -0.000528 -7.319288 -1.918962 -9.016390 52.084449 -14.534306 15.338540 42.295604 5.958753 2.985779 30.995268 5.678620 -14.025346 -0.000043 0.000102 -0.000802 -8.970408 -3.113922 -3.069503 52.471010 -10.033340 13.335410 42.486178 12.069084 6.962449 25.371454 5.802605 -18.505522 -0.004289 0.002637 0.000165 1.026904 -0.818448 -26.421145 0.259047 -3.181960 16.952038 -9.291943 -6.461604 14.837264 -0.988180 -0.736805 0.510950 0.001013 0.000223 0.999637 -3.792240 -15.186488 6.265913 -1.982584 -2.762901 26.788830 5.846955 -11.179092 -12.947369 -0.320370 2.527791 -5.726708 -0.001655 0.000282 1.000646
-3.001153 109.251663 -5.108904 2.980797 42.208726 0.876480 -2.057080 1.456314 8.856734 1.536633 5.637318 -5.485011 -5.483661 5.159745 11.939670 -1.189043 0.978208 3.361452 -9.721232 6.419611 10.854981 6.353689 26.284925 -6.212252 -0.000330 -0.000693 -0.000611 -1.262913 -0.298120 -1.336572 0.029194 -1.907390 -0.325851 -0.376143 -0.172476 -0.341389 -5.467578 -11.960161 19.205558 -70.987080 -30.222848 33.230185 -55.672206 -86.113840 59.822479 14.560584 -5.107926 -10.227531 -13.579989 12.919337 18.721609 -4.241855 -6.438084 -7.950305 0.620350 4.467716 -1.627838 -0.000900 -0.000132 -0.000107 2.340171 -0.166970 -1.016311 -56.994968 8.182754 5.713635 -29.622955 -7.826954 4.826403 -5.217686 -1.870507 -1.871448 -0.000092 -0.000478 0.000133 2.257110 -1.903039 2.372943 -56.052320 9.198419 0.749810 -32.001937 -6.998728 5.054318 -2.596202 -1.298158 -3.621001 0.000007 -0.000899 0.000290 5.433559 -1.201463 -13.463967 -50.179804 20.491225 12.198461 -34.415606 -1.709397 0.977908 -27.265930 -1.929494 -7.935654 0.000787 -0.000089 0.000275 3.854507 0.733032 -8.782546 -46.893543 14.558026 9.791263 -33.972611 -3.119020 2.083852 -19.294660 -0.024304 -8.297331 0.000545 -0.000634 0.000311 -7.141470 15.582698 23.743564 70.539322 24.622106 30.189029 50.639178 76.947629 48.831766 -23.020899 15.707723 8.353645 19.799335 -28.276930 25.246890 -0.395936 4.658749 -13.076661 -2.019259 -2.977140 3.498692 -0.000047 0.001327 -0.000251 0.409380 -2.699226 3.265213 50.254904 -9.038989 6.863736 28.225501 7.453495 3.334759 3.517294 3.051116 -3.425817 -0.000457 0.000813 -0.000069 -2.016399 -0.894147 6.311993 53.192825 -7.618757 4.741761 35.034321 8.569083 5.007583 4.155442 3.107616 -5.888588 -0.000214 0.000844 -0.000518 -7.375694 -1.919617 -9.007327 52.145224 -14.594245 15.343339 42.458327 5.965683 3.019516 31.114396 5.701297 -14.050228 -0.000029 0.000052 -0.000807 -9.045087 -3.114329 -3.042405 52.492002 -10.051553 13.344923 42.640410 12.078138 7.009627 25.493787 5.845597 -18.532130 -0.004255 0.002597 0.000169 0.987791 -0.763855 -26.471989 0.163505 -3.125471 16.977428 -9.220223 -6.434308 14.756396 -1.001680 -0.742280 0.517991 0.001017 0.000229 0.999630 -3.808579 -15.237812 6.275124 -1.965300 -2.792203 26.763863 5.847462 -11.181273 -12.879177 -0.292982 2.532582 -5.686843 -0.001645 0.000282 1.000691
-3.109044 109.262383 -5.062308 2.981394 42.321189 0.921060 -2.042838 1.474080 8.886726 1.523883 5.627839 -5.498271 -5.490124 5.142921 11.897772 -1.200422 0.984580 3.361029 -9.754050 6.443680 10.876042 6.340159 26.401130 -6.169722 -0.000331 -0.000680 -0.000626 -1.261814 -0.300263 -1.324848 0.030035 -1.922575 -0.374673 -0.376789 -0.187363 -0.390694 -5.542430 -11.951585 19.241518 -70.974322 -30.227316 33.273555 -56.107436 -86.116850 60.242026 14.724031 -5.021154 -10.385029 -13.507586 12.986010 18.735365 -4.189889 -6.437500 -7.986227 0.671585 4.551308 -1.559683 -0.000892 -0.000137 -0.000104 2.396418 -0.216934 -0.985810 -57.165441 8.203935 5.641531 -29.770726 -7.856516 4.852809 -5.315251 -1.870872 -1.924794 -0.000092 -0.000480 0.000137 2.315514 -1.964128 2.375032 -56.196519 9.197959 0.710664 -32.183514 -7.012418 5.074483 -2.701164 -1.305702 -3.687705 0.000003 -0.000887 0.000281 5.500644 -1.263782 -13.482761 -50.252521 20.470260 12.174866 -34.618373 -1.685692 0.975201 -27.413918 -1.956082 -7.984106 0.000775 -0.000082 0.000280 3.922167 0.653068 -8.814346 -46.907748 14.562836 9.785368 -34.194616 -3.121189 2.103218 -19.456303 -0.053289 -8.357479 0.000543 -0.000630 0.000315 -7.156762 15.550480 23.892953 70.586943 24.563317 30.041080 50.895417 76.988419 49.147576 -23.498604 15.507899 8.192688 19.766255 -28.357625 25.258866 -0.391364 4.655803 -13.093390 -2.030014 -3.057610 3.532461 -0.000050 0.001349 -0.000244 0.421910 -2.702097 3.294728 50.327427 -9.048969 6.839864 28.324226 7.412531 3.357288 3.611282 3.045180 -3.365168 -0.000451 0.000809 -0.000070 -2.010834 -0.892062 6.319454 53.231243 -7.649284 4.744503 35.126941 8.520566 5.029509 4.237630 3.112805 -5.882945 -0.000203 0.000826 -0.000509 -7.399091 -1.904352 -9.016904 52.172406 -14.641014 15.352283 42.569366 5.888356 3.032472 31.205613 5.701769 -14.053871 0.000000 -0.000042 -0.000819 -9.074599 -3.090742 -3.022717 52.488449 -10.078227 13.363332 42.778125 12.009224 7.016414 25.583469 5.853415 -18.547146 -0.004185 0.002510 0.000169 0.971587 -0.754305 -26.527535 0.119467 -3.111890 16.979742 -9.100360 -6.354075 14.712508 -1.014080 -0.752363 0.493021 0.001022 0.000232 0.999624 -3.808314 -15.286808 6.229415 -1.933049 -2.818410 26.801154 5.845584 -11.172236 -12.835940 -0.287705 2.535056 -5.689118 -0.001644 0.000273 1.000782
-3.217273 109.277008 -5.013474 3.041731 42.221209 1.072498 -2.032028 1.439556 8.907546 1.493627 5.637546 -5.486347 -5.507686 5.107548 11.824519 -1.231042 0.994944 3.292745 -9.771016 6.431483 10.850658 6.308389 26.194377 -6.114851 -0.000333 -0.000682 -0.000654 -1.261040 -0.291170 -1.317930 0.034499 -1.917623 -0.413647 -0.373570 -0.181052 -0.430650 -5.464161 -11.935045 19.318834 -70.980274 -30.178816 33.162846 -57.916657 -86.162754 62.041550 15.411882 -5.479961 -10.634448 -13.557916 13.094275 18.752407 -4.063596 -6.373157 -8.069570 0.733772 4.647702 -1.507861 -0.000882 -0.000167 -0.000126 2.449615 -0.297879 -0.981170 -57.645316 8.194553 5.607816 -29.987301 -8.024424 4.956288 -5.480693 -1.859335 -2.057489 -0.000107 -0.000491 0.000152 2.355659 -2.050801 2.339651 -56.580826 9.158243 0.712546 -32.458342 -7.178548 5.182582 -2.868568 -1.333731 -3.841154 0.000006 -0.000879 0.000257 5.565833 -1.343684 -13.544651 -50.606068 20.468013 12.131989 -34.903421 -1.732799 0.988535 -27.684090 -2.029725 -8.087238 0.000750 -0.000100 0.000281 3.952455 0.555876 -8.864873 -47.180222 14.552984 9.738525 -34.497594 -3.176572 2.162995 -19.738461 -0.142585 -8.444495 0.000531 -0.000640 0.000299 -7.332371 15.534582 23.825636 70.830738 24.360260 30.132481 51.168446 77.210603 49.456948 -24.739743 16.154765 8.236907 19.727275 -28.692925 25.403391 -0.509035 4.608343 -13.176494 -2.080419 -3.087745 3.596675 -0.000086 0.001386 -0.000225 0.331521 -2.702405 3.330443 50.627562 -9.070520 6.795764 28.588831 7.500872 3.411759 3.750308 3.011247 -3.334399 -0.000437 0.000797 -0.000043 -2.099515 -0.842801 6.330874 53.471381 -7.666392 4.755179 35.388518 8.626420 5.105178 4.384609 3.126143 -5.997964 -0.000167 0.000792 -0.000502 -7.525801 -1.844187 -9.030761 52.393455 -14.686546 15.341480 42.914084 5.992440 3.125776 31.429768 5.810055 -14.176003 0.000057 -0.000195 -0.000852 -9.227525 -3.092895 -3.052588 52.691328 -10.014031 13.385719 43.084790 12.160178 7.160873 25.801460 6.004631 -18.724492 -0.004074 0.002369 0.000151 0.983890 -0.840627 -26.611757 0.108222 -3.118741 16.948366 -9.217403 -6.263109 14.812728 -1.026603 -0.738463 0.518548 0.001028 0.000235 0.999643 -3.833385 -15.274433 6.139873 -1.974634 -2.852961 26.709371 5.891326 -11.188027 -12.777860 -0.277504 2.512637 -5.620975 -0.001661 0.000252 1.000931
-3.325780 109.305450 -4.962227 2.929476 42.188104 0.979756 -1.973221 1.436143 8.901650 1.478762 5.611486 -5.454035 -5.501743 5.129863 11.783094 -1.287614 0.991657 3.201806 -9.813183 6.496976 10.856671 6.364065 26.243146 -6.025625 -0.000347 -0.000669 -0.000677 -1.261381 -0.294886 -1.304091 0.041285 -1.896972 -0.475460 -0.368716 -0.160013 -0.493599 -5.450949 -11.944689 19.380590 -71.005807 -30.193815 33.083041 -57.603248 -86.108065 61.749782 15.678518 -5.604821 -10.875657 -13.577028 13.085687 18.726787 -4.000278 -6.374267 -8.107874 0.769999 4.690935 -1.476722 -0.000873 -0.000190 -0.000139 2.510056 -0.332857 -1.003216 -57.978026 8.194508 5.561738 -30.247768 -8.100648 5.043644 -5.561407 -1.859478 -2.182845 -0.000117 -0.000492 0.000164 2.416993 -2.074068 2.308306 -56.907239 9.113124 0.671223 -32.751636 -7.244975 5.263302 -2.964788 -1.336140 -3.954241 -0.000002 -0.000869 0.000230 5.618124 -1.358077 -13.588301 -50.888611 20.453066 12.047151 -35.205332 -1.735430 1.006500 -27.834401 -2.053146 -8.127422 0.000726 -0.000111 0.000299 3.983845 0.520916 -8.899250 -47.406056 14.540492 9.667807 -34.791563 -3.205928 2.194451 -19.910531 -0.177488 -8.480935 0.000538 -0.000652 0.000292 -7.405525 15.555044 23.857302 70.881014 24.323611 29.934488 51.415605 77.118729 49.648673 -25.349102 16.599423 7.981659 19.680764 -28.752709 25.394811 -0.549814 4.575793 -13.232307 -2.086929 -3.127150 3.615870 -0.000114 0.001426 -0.000206 0.265213 -2.771054 3.304806 50.866944 -9.079632 6.787685 28.844774 7.559339 3.498222 3.841148 3.018315 -3.380831 -0.000448 0.000806 -0.000028 -2.135094 -0.897385 6.336146 53.705607 -7.648838 4.759921 35.682739 8.698359 5.199619 4.494795 3.160929 -6.068545 -0.000155 0.000762 -0.000490 -7.545446 -1.888504 -9.017935 52.633666 -14.693264 15.313819 43.202917 6.032682 3.177562 31.570852 5.876149 -14.213368 0.000112 -0.000359 -0.000887 -9.214272 -3.133474 -3.038873 52.899583 -9.988410 13.381934 43.353214 12.245995 7.265091 25.940690 6.113265 -18.803870 -0.003946 0.002222 0.000145 1.003998 -0.812776 -26.616687 0.211708 -3.102165 16.975283 -9.150198 -6.112323 15.054716 -1.024198 -0.742393 0.521499 0.001051 0.000249 0.999652 -3.770837 -15.285059 6.116573 -1.994913 -2.902921 26.726002 5.817347 -11.190911 -12.665421 -0.298251 2.514904 -5.593754 -0.001688 0.000227 1.001090
-3.434510 109.331909 -4.908395 2.819604 42.178837 0.887725 -1.940997 1.440848 8.872531 1.492418 5.607286 -5.416374 -5.494039 5.166829 11.758012 -1.325084 0.983128 3.129898 -9.824404 6.571976 10.889320 6.442042 26.149964 -5.956766 -0.000364 -0.000672 -0.000682 -1.259757 -0.296371 -1.299303 0.046273 -1.875365 -0.528989 -0.365383 -0.138345 -0.547480 -5.469885 -11.946980 19.431007 -71.081019 -30.173633 32.983125 -57.488615 -86.060572 61.696699 16.084090 -5.670392 -11.159688 -13.629381 13.140980 18.718709 -3.924955 -6.319548 -8.148723 0.821796 4.782542 -1.439906 -0.000868 -0.000199 -0.000159 2.517174 -0.313920 -1.015165 -58.388992 8.235688 5.501514 -30.516060 -8.175753 5.120860 -5.680928 -1.877511 -2.281453 -0.000111 -0.000497 0.000186 2.421924 -2.039726 2.298750 -57.286282 9.084242 0.636806 -33.060203 -7.320733 5.334118 -3.098745 -1.359154 -4.061880 -0.000013 -0.000867 0.000209 5.617166 -1.316091 -13.600895 -51.222679 20.447649 11.928192 -35.534275 -1.756041 1.020827 -28.024912 -2.101001 -8.190595 0.000711 -0.000122 0.000317 3.956576 0.570626 -8.912408 -47.708431 14.517185 9.583450 -35.120562 -3.252398 2.234520 -20.117278 -0.234249 -8.552791 0.000555 -0.000668 0.000281 -7.486362 15.547950 23.861106 70.882405 24.167762 29.735285 51.922476 77.143926 50.109417 -26.124797 17.180239 7.676754 19.703380 -28.936112 25.438872 -0.646611 4.486892 -13.284952 -2.124683 -3.217694 3.642557 -0.000129 0.001444 -0.000196 0.212280 -2.885598 3.307171 51.254531 -9.159861 6.770488 29.142848 7.584648 3.594054 3.961843 3.027836 -3.357586 -0.000471 0.000818 -0.000024 -2.169488 -0.995858 6.395209 54.075550 -7.648369 4.762266 35.998122 8.751842 5.290451 4.606665 3.195374 -6.112640 -0.000173 0.000751 -0.000485 -7.580536 -1.967746 -8.965052 53.023898 -14.719348 15.258698 43.523553 6.049285 3.219761 31.721072 5.927392 -14.246200 0.000127 -0.000441 -0.000908 -9.218705 -3.243076 -2.996552 53.259367 -9.932212 13.363333 43.669616 12.304542 7.351561 26.085136 6.201317 -18.875738 -0.003889 0.002153 0.000155 1.032327 -0.798547 -26.596624 0.294792 -3.072844 16.942618 -9.153632 -6.023273 15.275956 -1.012342 -0.742140 0.538078 0.001081 0.000270 0.999661 -3.709017 -15.286073 6.122963 -1.986099 -2.931649 26.691346 5.756467 -11.201056 -12.549732 -0.281094 2.492517 -5.533515 -0.001709 0.000209 1.001164
-3.543413 109.338425 -4.851799 2.641220 42.313624 0.661773 -1.903385 1.464526 8.849555 1.524149 5.593656 -5.396609 -5.479578 5.224649 11.762706 -1.323129 0.972099 3.121739 -9.869357 6.747676 10.983982 6.566992 26.398819 -5.892806 -0.000379 -0.000671 -0.000657 -1.274061 -0.304777 -1.282646 0.046675 -1.870368 -0.578922 -0.366431 -0.134662 -0.596393 -5.570893 -11.965322 19.392796 -71.175362 -30.170306 33.009239 -56.281220 -85.983677 60.543776 16.283565 -5.368926 -11.180162 -13.642372 13.134748 18.716291 -3.899184 -6.331165 -8.136608 0.859488 4.853805 -1.403756 -0.000868 -0.000174 -0.000159 2.511175 -0.279920 -1.014918 -58.604904 8.315649 5.398770 -30.735279 -8.134590 5.137834 -5.736040 -1.898810 -2.314996 -0.000081 -0.000492 0.000197 2.429551 -1.995394 2.321128 -57.523037 9.109499 0.554448 -33.309513 -7.271478 5.329810 -3.176504 -1.364838 -4.098910 -0.000033 -0.000867 0.000209 5.599551 -1.257773 -13.584503 -51.378777 20.451141 11.776025 -35.831062 -1.709045 1.022083 -28.113398 -2.107190 -8.206061 0.000718 -0.000110 0.000338 3.951793 0.649059 -8.930452 -47.889869 14.531476 9.496064 -35.414088 -3.244364 2.234733 -20.224101 -0.237765 -8.593838 0.000588 -0.000673 0.000284 -7.418891 15.535663 23.975773 70.730404 24.098907 29.352181 52.339700 77.046650 50.527510 -26.358093 17.300459 7.154307 19.775182 -28.974752 25.375046 -0.672418 4.406132 -13.297312 -2.131643 -3.356090 3.643320 -0.000102 0.001425 -0.000206 0.240219 -3.075270 3.291000 51.586245 -9.287478 6.775560 29.391678 7.518126 3.682027 4.050463 3.080425 -3.321663 -0.000519 0.000841 -0.000052 -2.120623 -1.192280 6.482215 54.445039 -7.698891 4.742416 36.269320 8.714419 5.354856 4.671790 3.243639 -6.079483 -0.000245 0.000775 -0.000487 -7.503807 -2.141905 -8.865396 53.429117 -14.773034 15.180851 43.752700 5.940221 3.191610 31.783250 5.910697 -14.185974 0.000082 -0.000368 -0.000895 -9.077293 -3.411054 -2.898176 53.640509 -9.951992 13.318412 43.942208 12.223197 7.353771 26.151353 6.204249 -18.834514 -0.003949 0.002230 0.000196 1.034892 -0.662247 -26.529092 0.372316 -3.009178 16.937738 -8.958216 -5.921941 15.420803 -1.005255 -0.788773 0.524284 0.001111 0.000293 0.999648 -3.622455 -15.284050 6.178144 -1.902116 -2.956278 26.789317 5.632400 -11.081591 -12.469853 -0.253762 2.481394 -5.528652 -0.001707 0.000212 1.001089
-3.652439 109.347961 -4.792259 2.602615 42.225136 0.605767 -1.888601 1.437464 8.856405 1.525621 5.597769 -5.388929 -5.453398 5.228839 11.747810 -1.364863 0.999862 3.126806 -9.950901 6.752972 10.916130 6.573270 26.444091 -5.898342 -0.000383 -0.000686 -0.000650 -1.285790 -0.301969 -1.266074 0.047606 -1.863069 -0.606460 -0.366323 -0.127995 -0.624036 -5.529888 -11.980970 19.394225 -71.283199 -30.114840 32.927018 -55.783672 -85.989284 60.083804 16.737059 -5.434751 -11.183317 -13.629724 13.142467 18.730008 -3.842528 -6.343970 -8.153244 0.876393 4.840178 -1.413776 -0.000876 -0.000165 -0.000172 2.538829 -0.321165 -1.003231 -58.694473 8.320161 5.375637 -30.933056 -8.227417 5.213519 -5.851459 -1.895319 -2.425417 -0.000068 -0.000482 0.000198 2.470020 -2.037118 2.304636 -57.623882 9.126469 0.535593 -33.534978 -7.342901 5.387298 -3.313459 -1.378805 -4.190419 -0.000023 -0.000881 0.000222 5.640641 -1.285981 -13.616613 -51.430988 20.470653 11.749537 -36.078549 -1.726460 1.041025 -28.310217 -2.138746 -8.246003 0.000732 -0.000121 0.000334 4.004145 0.624882 -8.958702 -47.924382 14.538222 9.470889 -35.653445 -3.258796 2.269357 -20.454833 -0.286709 -8.620349 0.000586 -0.000674 0.000272 -7.463538 15.540862 23.889386 70.808574 24.042230 29.306525 52.318145 77.029656 50.532206 -26.896808 17.707900 7.025426 19.734169 -29.040300 25.383354 -0.730947 4.389093 -13.328306 -2.154503 -3.351408 3.651167 -0.000103 0.001416 -0.000209 0.195758 -3.113320 3.282843 51.673099 -9.322899 6.783789 29.657331 7.599816 3.750831 4.210967 3.090551 -3.413655 -0.000542 0.000844 -0.000050 -2.149073 -1.206930 6.507536 54.556868 -7.736026 4.733129 36.544867 8.814182 5.441247 4.831043 3.286728 -6.201411 -0.000268 0.000789 -0.000498 -7.516494 -2.156769 -8.848402 53.536603 -14.794523 15.170093 44.021835 6.031437 3.252656 31.967475 6.006528 -14.273170 0.000052 -0.000335 -0.000887 -9.081369 -3.440855 -2.926039 53.727513 -9.964033 13.326773 44.185032 12.330641 7.470237 26.342028 6.339712 -18.942549 -0.003987 0.002267 0.000201 1.064212 -0.648021 -26.487131 0.400626 -3.003891 16.913689 -8.966416 -5.888284 15.539039 -1.016464 -0.816961 0.527381 0.001121 0.000290 0.999656 -3.612478 -15.261917 6.157947 -1.928181 -2.963725 26.823146 5.573152 -11.090135 -12.424406 -0.238717 2.491270 -5.504414 -0.001708 0.000223 1.001052
-3.761543 109.366203 -4.729592 2.702484 41.943656 0.745738 -1.889586 1.368577 8.855009 1.501250 5.599523 -5.375390 -5.425786 5.188627 11.708733 -1.408115 1.059988 3.149239 -10.071651 6.629483 10.714803 6.447193 26.357698 -5.977749 -0.000380 -0.000715 -0.000662 -1.291970 -0.293188 -1.268250 0.048867 -1.862737 -0.576505 -0.364206 -0.126876 -0.595048 -5.352653 -11.953820 19.463121 -71.397258 -30.033311 32.738910 -56.139636 -86.055651 60.477128 17.378351 -5.947960 -11.231057 -13.643735 13.188161 18.741812 -3.770121 -6.332985 -8.208816 0.881254 4.784555 -1.447792 -0.000888 -0.000182 -0.000201 2.578518 -0.409699 -1.004105 -58.790172 8.264182 5.412192 -31.109853 -8.436954 5.338634 -5.997409 -1.873837 -2.591831 -0.000081 -0.000483 0.000195 2.519032 -2.129103 2.251581 -57.714310 9.105934 0.572325 -33.735529 -7.531582 5.504959 -3.462880 -1.399406 -4.333260 0.000003 -0.000904 0.000230 5.710536 -1.363155 -13.685014 -51.513330 20.490248 11.809374 -36.273425 -1.813417 1.070580 -28.564096 -2.200185 -8.315151 0.000741 -0.000154 0.000313 4.064321 0.534527 -8.983591 -47.956869 14.525084 9.479458 -35.839790 -3.311636 2.329555 -20.748174 -0.377694 -8.641132 0.000557 -0.000681 0.000249 -7.632814 15.553390 23.645871 71.058295 23.994709 29.612405 52.080822 77.137339 50.299506 -27.776178 18.602046 7.241884 19.591491 -29.160423 25.488184 -0.830641 4.432702 -13.390954 -2.183284 -3.220165 3.668736 -0.000139 0.001425 -0.000199 0.059534 -2.991676 3.268343 51.597595 -9.267880 6.785308 29.886432 7.806405 3.796307 4.371492 3.054390 -3.550046 -0.000535 0.000831 -0.000015 -2.269904 -1.041122 6.459378 54.478473 -7.739441 4.738254 36.752748 9.021847 5.534243 4.997383 3.306687 -6.430112 -0.000238 0.000783 -0.000513 -7.630307 -2.015720 -8.918506 53.403066 -14.761052 15.224142 44.260525 6.280570 3.383033 32.198545 6.180441 -14.472617 0.000054 -0.000371 -0.000895 -9.229870 -3.341731 -3.079959 53.582791 -9.944391 13.384013 44.335709 12.581228 7.664687 26.570701 6.554363 -19.169434 -0.003980 0.002242 0.000175 1.099419 -0.758969 -26.516075 0.412234 -3.027797 16.904417 -9.147816 -5.928359 15.633880 -1.035991 -0.811682 0.534835 0.001115 0.000271 0.999684 -3.651335 -15.191936 6.090582 -2.065242 -2.978377 26.692994 5.554375 -11.204855 -12.383592 -0.241664 2.508362 -5.432945 -0.001726 0.000230 1.001080
-3.870688 109.385071 -4.663608 2.575743 42.141945 0.558612 -1.887063 1.390927 8.833590 1.525647 5.595056 -5.405987 -5.415120 5.212719 11.747696 -1.409579 1.089568 3.210199 -10.157371 6.720958 10.724749 6.433236 26.690060 -6.019284 -0.000383 -0.000725 -0.000632 -1.305672 -0.296496 -1.263668 0.045841 -1.873030 -0.554134 -0.366483 -0.138314 -0.571149 -5.382569 -12.008778 19.402605 -71.611324 -30.024028 32.858388 -53.286382 -85.947001 57.721620 17.370534 -5.545647 -11.279401 -13.553450 13.109958 18.719414 -3.809426 -6.388705 -8.142415 0.866910 4.794404 -1.475443 -0.000901 -0.000157 -0.000190 2.564405 -0.361254 -0.995294 -58.655019 8.300802 5.373507 -31.140251 -8.344619 5.290062 -5.986180 -1.890416 -2.548554 -0.000059 -0.000470 0.000190 2.504286 -2.077559 2.278306 -57.614869 9.136345 0.530788 -33.746107 -7.438464 5.454702 -3.463567 -1.395203 -4.281918 -0.000004 -0.000916 0.000250 5.660745 -1.306659 -13.665975 -51.355416 20.469453 11.764425 -36.327177 -1.768686 1.062426 -28.516215 -2.173584 -8.282093 0.000767 -0.000143 0.000317 4.049305 0.600184 -8.995804 -47.875639 14.540071 9.457915 -35.884303 -3.287454 2.305418 -20.691476 -0.343910 -8.633867 0.000577 -0.000677 0.000259 -7.550172 15.518432 23.780430 70.927928 24.047329 29.429227 51.802363 77.001490 50.072894 -27.381586 18.291955 6.874763 19.638879 -28.999828 25.351361 -0.769097 4.416368 -13.331142 -2.162262 -3.332341 3.648045 -0.000101 0.001390 -0.000216 0.153590 -3.121860 3.247216 51.604238 -9.326649 6.798699 29.961495 7.718234 3.812970 4.406069 3.106255 -3.554943 -0.000567 0.000846 -0.000042 -2.166189 -1.184754 6.502410 54.556261 -7.793104 4.711993 36.834737 8.948901 5.525006 5.027907 3.346386 -6.351401 -0.000292 0.000819 -0.000526 -7.499624 -2.152155 -8.864481 53.529637 -14.797787 15.175165 44.269143 6.173142 3.322420 32.173753 6.129648 -14.374484 -0.000013 -0.000231 -0.000863 -9.064296 -3.459715 -3.034719 53.740621 -9.997091 13.336435 44.396843 12.464747 7.609167 26.551940 6.505489 -19.055477 -0.004088 0.002372 0.000208 1.084949 -0.650264 -26.425216 0.439620 -2.991620 16.880495 -8.989042 -5.994003 15.616398 -1.035603 -0.848944 0.521960 0.001119 0.000276 0.999667 -3.579081 -15.182902 6.186487 -1.972627 -2.987546 26.746568 5.454269 -11.096443 -12.327289 -0.222352 2.515995 -5.424656 -0.001716 0.000249 1.000939
-3.979839 109.417007 -4.594116 2.665917 41.916720 0.713853 -1.920576 1.348185 8.844337 1.514353 5.604525 -5.432068 -5.421214 5.190914 11.740521 -1.447233 1.155587 3.198066 -10.255013 6.583027 10.572067 6.348076 26.525970 -6.073299 -0.000378 -0.000751 -0.000650 -1.302876 -0.284338 -1.275346 0.048075 -1.858225 -0.522389 -0.363367 -0.122422 -0.540396 -5.154308 -11.990174 19.436774 -71.751806 -29.969329 32.786442 -53.514356 -85.957095 57.965955 17.755070 -5.970414 -11.388886 -13.578214 13.163335 18.730128 -3.760246 -6.372171 -8.171083 0.853834 4.730601 -1.521469 -0.000908 -0.000185 -0.000212 2.594143 -0.385272 -0.995498 -58.707155 8.233298 5.451902 -31.172856 -8.488472 5.361627 -6.036689 -1.879140 -2.640085 -0.000078 -0.000472 0.000190 2.539535 -2.120201 2.243508 -57.666302 9.100696 0.603837 -33.764873 -7.577391 5.533348 -3.498941 -1.411238 -4.352827 0.000019 -0.000931 0.000252 5.712904 -1.338583 -13.716878 -51.439127 20.470259 11.849391 -36.336729 -1.844411 1.080216 -28.596640 -2.204804 -8.307715 0.000769 -0.000171 0.000294 4.098872 0.552700 -9.003968 -47.944687 14.510677 9.463579 -35.893415 -3.335557 2.345109 -20.776904 -0.389840 -8.620985 0.000545 -0.000680 0.000246 -7.725121 15.543207 23.558322 71.243056 23.988282 29.798308 51.171539 77.090887 49.461275 -27.831922 18.881805 7.165250 19.561101 -29.076006 25.424706 -0.814445 4.461524 -13.351359 -2.172177 -3.214749 3.656521 -0.000139 0.001406 -0.000203 0.083884 -3.023796 3.236180 51.498998 -9.257206 6.808397 30.022572 7.844992 3.809736 4.445150 3.068965 -3.659059 -0.000539 0.000827 -0.000007 -2.229939 -1.047937 6.440795 54.436530 -7.776544 4.735440 36.875872 9.083394 5.551998 5.095079 3.341939 -6.483337 -0.000237 0.000803 -0.000535 -7.573005 -2.033637 -8.944180 53.387488 -14.766618 15.218853 44.345258 6.353006 3.406186 32.269561 6.229588 -14.492234 0.000009 -0.000300 -0.000875 -9.187932 -3.369379 -3.162542 53.623202 -9.974793 13.366975 44.411777 12.650452 7.723681 26.647353 6.630705 -19.186094 -0.004044 0.002309 0.000174 1.110523 -0.826210 -26.398767 0.494186 -3.044231 16.749395 -9.188610 -6.062908 15.682664 -1.051133 -0.801311 0.515419 0.001106 0.000255 0.999689 -3.631866 -15.179302 6.151327 -2.076385 -3.018422 26.565122 5.478534 -11.247899 -12.285474 -0.233821 2.512540 -5.348639 -0.001735 0.000248 1.001000
-4.088969 109.433807 -4.520916 2.655717 41.938257 0.697859 -1.933134 1.350995 8.833351 1.527022 5.601585 -5.465462 -5.408896 5.203438 11.765467 -1.481535 1.192761 3.204852 -10.316906 6.558157 10.621808 6.311561 26.531246 -6.105583 -0.000377 -0.000764 -0.000639 -1.298466 -0.278606 -1.288930 0.048509 -1.842644 -0.484976 -0.361808 -0.106874 -0.502636 -5.099582 -12.045453 19.398739 -71.791117 -29.953728 32.847692 -53.065636 -85.893984 57.495869 17.712523 -5.927279 -11.463729 -13.592511 13.110462 18.731164 -3.778925 -6.409272 -8.133636 0.815364 4.654785 -1.592146 -0.000920 -0.000193 -0.000210 2.586983 -0.363916 -0.996544 -58.581031 8.187177 5.519066 -31.112511 -8.496916 5.359135 -5.982683 -1.883318 -2.655064 -0.000088 -0.000459 0.000185 2.529703 -2.099419 2.240198 -57.564208 9.079347 0.645472 -33.676336 -7.587398 5.539043 -3.451420 -1.407507 -4.338866 0.000024 -0.000944 0.000260 5.693804 -1.316510 -13.731905 -51.377621 20.469033 11.882099 -36.254374 -1.861818 1.088244 -28.517723 -2.183703 -8.272564 0.000782 -0.000181 0.000289 4.088348 0.568043 -9.003061 -47.916528 14.506717 9.467336 -35.801948 -3.343790 2.338796 -20.684461 -0.371759 -8.571135 0.000544 -0.000685 0.000244 -7.719666 15.550133 23.548363 71.205454 24.098269 29.939384 50.780155 76.988346 49.051614 -27.516332 18.837722 7.085426 19.621423 -29.026565 25.389725 -0.776556 4.482984 -13.325602 -2.155981 -3.162549 3.635063 -0.000134 0.001390 -0.000208 0.153700 -3.051207 3.222152 51.472945 -9.240614 6.839669 30.038886 7.874166 3.810606 4.410061 3.073816 -3.766965 -0.000542 0.000830 -0.000006 -2.165467 -1.074912 6.426858 54.447892 -7.753663 4.748444 36.906788 9.120549 5.561961 5.101942 3.353301 -6.496216 -0.000236 0.000818 -0.000547 -7.507128 -2.057737 -8.950151 53.440154 -14.768710 15.207414 44.373340 6.410787 3.421523 32.256380 6.240918 -14.482277 -0.000015 -0.000236 -0.000865 -9.133995 -3.397361 -3.176137 53.697753 -9.968637 13.355454 44.431494 12.719504 7.766657 26.650431 6.662716 -19.173832 -0.004093 0.002373 0.000174 1.105719 -0.829305 -26.306387 0.510799 -3.061869 16.627508 -9.220870 -6.069160 15.734514 -1.053035 -0.779442 0.519121 0.001091 0.000249 0.999693 -3.620299 -15.166877 6.198074 -2.070258 -3.021543 26.516748 5.457181 -11.256982 -12.259942 -0.237163 2.526814 -5.313371 -0.001739 0.000254 1.000934
-4.198056 109.429131 -4.443802 2.650852 42.015762 0.743130 -1.960058 1.381240 8.835703 1.548385 5.616240 -5.501714 -5.417919 5.217225 11.794635 -1.488183 1.194626 3.202412 -10.303067 6.544471 10.680744 6.318276 26.452457 -6.102299 -0.000387 -0.000782 -0.000638 -1.293740 -0.273042 -1.293477 0.048644 -1.830064 -0.462318 -0.361028 -0.094041 -0.480287 -5.145641 -12.089358 19.376020 -71.725111 -29.966910 32.955623 -54.339913 -85.904731 58.694557 17.442997 -5.874784 -11.473981 -13.573987 13.103265 18.731325 -3.785177 -6.412214 -8.111426 0.797396 4.612749 -1.630559 -0.000927 -0.000212 -0.000221 2.596720 -0.324654 -1.001268 -58.489255 8.174569 5.553615 -31.037677 -8.477731 5.336188 -5.942840 -1.888737 -2.641420 -0.000097 -0.000457 0.000197 2.535710 -2.072440 2.249734 -57.482568 9.076641 0.662957 -33.582123 -7.573351 5.514620 -3.418577 -1.409712 -4.309967 0.000023 -0.000953 0.000250 5.697490 -1.287506 -13.733357 -51.318974 20.471707 11.911748 -36.165032 -1.867308 1.084018 -28.456892 -2.169076 -8.245494 0.000781 -0.000198 0.000290 4.094109 0.600259 -8.993087 -47.867066 14.490483 9.476908 -35.711545 -3.339535 2.325687 -20.609943 -0.355428 -8.537871 0.000546 -0.000699 0.000242 -7.668395 15.553377 23.590773 71.162964 24.065764 29.983822 50.851073 77.033212 49.127727 -27.204240 18.651882 7.074392 19.655019 -28.976642 25.357237 -0.737109 4.487626 -13.300079 -2.140390 -3.140787 3.617429 -0.000150 0.001392 -0.000202 0.190168 -3.080588 3.213750 51.441438 -9.230213 6.858254 30.001275 7.874176 3.783284 4.377498 3.081758 -3.819352 -0.000541 0.000838 0.000005 -2.125180 -1.100915 6.411163 54.417808 -7.752102 4.750948 36.869077 9.128858 5.541620 5.088558 3.355500 -6.487787 -0.000225 0.000819 -0.000552 -7.467573 -2.082939 -8.962846 53.425944 -14.776591 15.198487 44.337686 6.431002 3.411484 32.220927 6.232057 -14.467147 -0.000017 -0.000253 -0.000872 -9.093741 -3.415007 -3.173586 53.694615 -9.969650 13.335573 44.381936 12.737185 7.760015 26.620106 6.654485 -19.151052 -0.004087 0.002369 0.000170 1.102112 -0.882781 -26.258826 0.519308 -3.087300 16.464740 -9.307685 -6.136496 15.795630 -1.051718 -0.740372 0.504491 0.001092 0.000254 0.999699 -3.617482 -15.230078 6.215552 -2.056688 -3.044104 26.461956 5.471035 -11.325590 -12.278218 -0.235736 2.511327 -5.285694 -0.001757 0.000242 1.000942
-4.307087 109.414719 -4.362567 2.674584 42.013423 0.775019 -1.966428 1.373192 8.827406 1.554287 5.644060 -5.534368 -5.420392 5.219741 11.812690 -1.509813 1.201571 3.208793 -10.299353 6.521724 10.745715 6.291556 26.416263 -6.101802 -0.000393 -0.000792 -0.000630 -1.287296 -0.270368 -1.293699 0.049476 -1.817775 -0.433362 -0.359339 -0.081802 -0.451160 -5.234997 -12.140220 19.353965 -71.524745 -29.927163 32.958467 -56.358570 -85.942487 60.590311 17.488563 -6.014473 -11.290314 -13.583852 13.066797 18.759596 -3.788064 -6.427995 -8.072527 0.787562 4.571790 -1.669174 -0.000938 -0.000218 -0.000225 2.578296 -0.362934 -0.992299 -58.334236 8.168964 5.591271 -30.996116 -8.444177 5.320933 -5.950629 -1.886112 -2.638407 -0.000104 -0.000445 0.000193 2.547376 -2.115255 2.248818 -57.341146 9.085349 0.677017 -33.533803 -7.536281 5.488510 -3.441887 -1.411558 -4.283420 0.000030 -0.000968 0.000253 5.727506 -1.322453 -13.763445 -51.173885 20.470888 11.943797 -36.140289 -1.843947 1.080491 -28.470041 -2.147640 -8.221012 0.000789 -0.000211 0.000290 4.156441 0.569894 -9.009391 -47.721003 14.482753 9.498317 -35.683149 -3.315969 2.312688 -20.623124 -0.342986 -8.510672 0.000545 -0.000707 0.000237 -7.542888 15.533540 23.640455 71.045949 24.035440 29.925824 51.438108 77.060895 49.709103 -27.208508 18.874091 6.907411 19.728029 -28.966261 25.320339 -0.732330 4.463137 -13.286307 -2.143052 -3.127348 3.604612 -0.000153 0.001381 -0.000203 0.247661 -3.112538 3.195811 51.469186 -9.231158 6.872747 30.084679 7.895589 3.792307 4.424797 3.094210 -3.899338 -0.000554 0.000844 0.000008 -2.074660 -1.125327 6.401246 54.451875 -7.739067 4.753748 36.971590 9.159569 5.560250 5.154184 3.374622 -6.503818 -0.000234 0.000831 -0.000566 -7.427330 -2.096957 -8.963160 53.493896 -14.780972 15.164931 44.446400 6.476815 3.417976 32.267080 6.245812 -14.468030 -0.000036 -0.000223 -0.000869 -9.061038 -3.429051 -3.162420 53.756868 -9.945072 13.307113 44.472056 12.786475 7.789420 26.679044 6.687305 -19.143785 -0.004114 0.002403 0.000167 1.108843 -0.892302 -26.233483 0.487796 -3.088723 16.430159 -9.366516 -6.106307 15.801607 -1.045729 -0.723821 0.558209 0.001081 0.000252 0.999711 -3.635665 -15.238201 6.222767 -2.065769 -3.039227 26.472065 5.504619 -11.356053 -12.293966 -0.223228 2.508687 -5.283061 -0.001760 0.000246 1.000909
-4.416053 109.387825 -4.276992 2.750920 41.992467 0.865838 -1.961748 1.351812 8.807898 1.540939 5.670846 -5.536167 -5.425826 5.219982 11.846462 -1.525311 1.190462 3.210804 -10.284295 6.515735 10.759000 6.264358 26.296539 -6.117918 -0.000399 -0.000800 -0.000626 -1.280919 -0.268910 -1.292745 0.049761 -1.804965 -0.398924 -0.358043 -0.068778 -0.416785 -5.367401 -12.133669 19.353416 -71.311917 -29.885701 32.897605 -59.523423 -86.018168 63.653616 17.604616 -6.268765 -11.037741 -13.591896 13.075762 18.790308 -3.791148 -6.423860 -8.052260 0.798827 4.570260 -1.667213 -0.000949 -0.000227 -0.000236 2.555526 -0.413285 -0.982072 -58.262378 8.189987 5.592026 -31.029867 -8.419652 5.318689 -6.011450 -1.876713 -2.638981 -0.000114 -0.000442 0.000192 2.568221 -2.171122 2.242578 -57.270083 9.105551 0.676308 -33.574687 -7.505706 5.469904 -3.516947 -1.418703 -4.270443 0.000036 -0.000983 0.000251 5.774549 -1.372990 -13.795761 -51.066240 20.475714 11.966015 -36.201802 -1.818464 1.073765 -28.558245 -2.140087 -8.215585 0.000791 -0.000228 0.000291 4.237164 0.528193 -9.027479 -47.604481 14.474501 9.520124 -35.738355 -3.286807 2.306005 -20.720607 -0.347273 -8.507127 0.000546 -0.000714 0.000228 -7.437666 15.496093 23.686523 70.995514 23.914775 29.810141 52.387042 77.202279 50.681668 -27.338350 19.234963 6.725307 19.729483 -28.992831 25.305202 -0.737371 4.426597 -13.292703 -2.147011 -3.141446 3.607377 -0.000165 0.001376 -0.000197 0.239837 -3.136750 3.174392 51.522332 -9.238659 6.862681 30.236965 7.943679 3.811697 4.526667 3.108092 -3.951422 -0.000571 0.000853 0.000015 -2.077985 -1.136966 6.390158 54.504888 -7.733016 4.748244 37.135098 9.208821 5.594718 5.256385 3.401080 -6.549228 -0.000238 0.000836 -0.000577 -7.430916 -2.099293 -8.968868 53.558162 -14.782468 15.129858 44.611095 6.534098 3.438802 32.367432 6.286624 -14.500718 -0.000041 -0.000219 -0.000875 -9.058927 -3.427905 -3.160823 53.811094 -9.927573 13.277155 44.603584 12.835914 7.838315 26.781498 6.747306 -19.174934 -0.004125 0.002413 0.000161 1.100983 -0.894364 -26.277956 0.416913 -3.065545 16.474642 -9.466454 -6.145362 15.813430 -1.058445 -0.710093 0.606092 0.001078 0.000252 0.999726 -3.693814 -15.267177 6.214338 -2.097549 -3.047668 26.470466 5.549074 -11.338115 -12.342929 -0.215208 2.500125 -5.311331 -0.001770 0.000246 1.000901
-4.524956 109.360519 -4.186852 2.768380 41.902843 0.905058 -1.947027 1.324572 8.779759 1.518086 5.680786 -5.519580 -5.420971 5.209609 11.873396 -1.524024 1.178000 3.217393 -10.268622 6.523987 10.750028 6.211013 26.211216 -6.182262 -0.000407 -0.000802 -0.000628 -1.275706 -0.271168 -1.291171 0.049672 -1.801184 -0.366946 -0.357188 -0.064546 -0.384900 -5.425356 -12.084880 19.381287 -71.193384 -29.839840 32.772477 -62.686879 -86.070941 66.774901 17.773907 -6.511006 -10.833124 -13.595156 13.072938 18.797012 -3.802021 -6.395695 -8.024417 0.811076 4.601846 -1.667774 -0.000956 -0.000243 -0.000249 2.516942 -0.436761 -0.967208 -58.195616 8.236808 5.576547 -31.046556 -8.359267 5.291103 -6.062904 -1.871286 -2.609895 -0.000130 -0.000437 0.000188 2.572176 -2.179752 2.247142 -57.210129 9.134634 0.667030 -33.595549 -7.455887 5.439888 -3.574293 -1.425842 -4.233442 0.000044 -0.000996 0.000242 5.797920 -1.380383 -13.809292 -50.967885 20.488006 11.976893 -36.248754 -1.786856 1.057972 -28.617622 -2.127056 -8.204948 0.000784 -0.000249 0.000295 4.284897 0.540983 -9.018761 -47.514164 14.460742 9.536361 -35.792495 -3.260325 2.296814 -20.783517 -0.342136 -8.509404 0.000544 -0.000724 0.000221 -7.351142 15.424796 23.698214 70.975446 23.789047 29.706931 53.355787 77.360674 51.654828 -27.500621 19.695326 6.489243 19.758993 -28.969574 25.266083 -0.752760 4.385320 -13.283634 -2.153786 -3.193054 3.601515 -0.000183 0.001376 -0.000190 0.237227 -3.161619 3.144506 51.566512 -9.266570 6.847160 30.335450 7.948031 3.827239 4.607810 3.117932 -3.944300 -0.000593 0.000864 0.000026 -2.075039 -1.165446 6.387397 54.531758 -7.726672 4.739103 37.227960 9.205055 5.602972 5.324929 3.412157 -6.532312 -0.000237 0.000835 -0.000585 -7.426142 -2.124514 -8.966387 53.595374 -14.778391 15.096524 44.690878 6.540437 3.433149 32.415894 6.280487 -14.489833 -0.000031 -0.000237 -0.000887 -9.043561 -3.460281 -3.151208 53.849220 -9.901515 13.248767 44.663873 12.818535 7.825490 26.821262 6.741483 -19.147498 -0.004117 0.002400 0.000151 1.130070 -0.867538 -26.333998 0.383432 -3.024782 16.568759 -9.537014 -6.192691 15.811200 -1.063568 -0.713491 0.662826 0.001081 0.000251 0.999744 -3.726351 -15.260575 6.200541 -2.121163 -3.072209 26.469689 5.596166 -11.325847 -12.420641 -0.198633 2.491461 -5.328463 -0.001792 0.000241 1.000916
-4.633804 109.364952 -4.091917 2.732689 41.777005 0.869199 -1.933890 1.291452 8.753686 1.486776 5.674769 -5.516711 -5.394376 5.210638 11.907548 -1.526884 1.172068 3.220170 -10.257265 6.505421 10.751023 6.139728 26.039263 -6.231236 -0.000418 -0.000814 -0.000623 -1.267040 -0.270399 -1.283583 0.050276 -1.795622 -0.351276 -0.356116 -0.058763 -0.369407 -5.394383 -12.050460 19.386371 -71.173128 -29.784579 32.656484 -63.946185 -86.068057 68.033630 17.974029 -6.651658 -10.873783 -13.578879 13.074873 18.793424 -3.805467 -6.373884 -8.007353 0.804731 4.612377 -1.694511 -0.000969 -0.000263 -0.000268 2.500907 -0.418861 -0.958608 -58.181830 8.253188 5.578121 -31.112580 -8.381234 5.307403 -6.126207 -1.865785 -2.635061 -0.000149 -0.000433 0.000192 2.571653 -2.146641 2.252355 -57.212862 9.135559 0.671886 -33.659553 -7.481941 5.458004 -3.644072 -1.433409 -4.242137 0.000051 -0.001015 0.000236 5.794165 -1.356257 -13.815629 -50.952530 20.503057 11.965370 -36.327524 -1.796851 1.051895 -28.702827 -2.131107 -8.215260 0.000783 -0.000277 0.000296 4.281254 0.577752 -9.020578 -47.509308 14.452043 9.535231 -35.873150 -3.253357 2.296265 -20.875481 -0.357201 -8.516299 0.000546 -0.000736 0.000215 -7.334690 15.369730 23.638537 70.955238 23.755446 29.734203 53.699609 77.419626 51.987169 -27.757398 20.110202 6.303508 19.754824 -28.999936 25.265538 -0.774601 4.362248 -13.283271 -2.155684 -3.210974 3.598656 -0.000199 0.001364 -0.000187 0.209342 -3.199402 3.128558 51.636823 -9.290624 6.850046 30.468932 7.997121 3.865881 4.692323 3.122615 -3.983067 -0.000619 0.000879 0.000036 -2.098589 -1.197258 6.404088 54.604914 -7.720818 4.738432 37.367567 9.257701 5.651314 5.410679 3.432043 -6.577003 -0.000236 0.000847 -0.000597 -7.442090 -2.161156 -8.962782 53.671840 -14.786385 15.081825 44.831036 6.605722 3.471845 32.502310 6.320854 -14.523984 -0.000037 -0.000205 -0.000891 -9.046838 -3.506578 -3.140378 53.927293 -9.873539 13.238522 44.777631 12.874230 7.881713 26.907495 6.802870 -19.182005 -0.004149 0.002438 0.000145 1.162130 -0.837984 -26.299907 0.428704 -3.001954 16.570606 -9.537026 -6.193640 15.852327 -1.062822 -0.723767 0.710392 0.001087 0.000251 0.999756 -3.740360 -15.250398 6.207648 -2.134352 -3.091187 26.452598 5.648587 -11.323961 -12.492659 -0.175736 2.479660 -5.294526 -0.001819 0.000236 1.000882
-4.742589 109.389786 -3.991921 2.680914 41.679381 0.806717 -1.933560 1.281814 8.728342 1.461124 5.659562 -5.546139 -5.367787 5.229444 11.984426 -1.521128 1.173400 3.193826 -10.272431 6.483628 10.767381 6.121455 25.887892 -6.242651 -0.000433 -0.000839 -0.000618 -1.260728 -0.267315 -1.276868 0.051191 -1.786745 -0.357726 -0.355416 -0.049807 -0.376506 -5.320007 -12.038839 19.364802 -71.206102 -29.761102 32.578188 -63.999638 -86.018163 68.098563 18.143507 -6.669342 -11.011717 -13.569081 13.077378 18.783137 -3.788522 -6.372821 -7.995926 0.792839 4.598465 -1.732426 -0.000988 -0.000294 -0.000294 2.510278 -0.375842 -0.958685 -58.181602 8.230922 5.605848 -31.138013 -8.415840 5.318117 -6.127734 -1.865196 -2.652493 -0.000170 -0.000431 0.000205 2.580207 -2.107779 2.250259 -57.237930 9.110827 0.697093 -33.661542 -7.518853 5.468662 -3.643143 -1.435692 -4.244537 0.000058 -0.001042 0.000226 5.788010 -1.328891 -13.827712 -50.979089 20.489768 11.954961 -36.340190 -1.817110 1.041427 -28.703553 -2.128205 -8.216551 0.000784 -0.000315 0.000299 4.262467 0.605825 -9.045064 -47.538615 14.430880 9.521084 -35.897446 -3.253920 2.288831 -20.874713 -0.355491 -8.512149 0.000551 -0.000753 0.000208 -7.344246 15.355531 23.555144 70.975716 23.741947 29.774878 53.448734 77.431264 51.752806 -27.923931 20.246066 6.183584 19.769182 -29.037805 25.268700 -0.775270 4.363504 -13.268232 -2.144201 -3.206930 3.589857 -0.000226 0.001354 -0.000180 0.213821 -3.254325 3.124626 51.681996 -9.312431 6.879336 30.497984 8.009353 3.889998 4.698403 3.126119 -3.994854 -0.000644 0.000899 0.000054 -2.090349 -1.235300 6.426731 54.639312 -7.726795 4.757062 37.381778 9.277144 5.677141 5.425410 3.434609 -6.577005 -0.000223 0.000862 -0.000612 -7.431727 -2.199231 -8.959913 53.703459 -14.811155 15.093650 44.855386 6.628158 3.485984 32.504562 6.318693 -14.516348 -0.000047 -0.000183 -0.000900 -9.027921 -3.551018 -3.124134 53.950933 -9.858213 13.252901 44.802548 12.886862 7.892707 26.911136 6.805119 -19.168434 -0.004172 0.002470 0.000137 1.196089 -0.859513 -26.204018 0.498297 -3.006932 16.465309 -9.505404 -6.183581 15.946981 -1.052969 -0.726264 0.717512 0.001092 0.000256 0.999770 -3.748814 -15.279364 6.242971 -2.146217 -3.114510 26.389859 5.681135 -11.344452 -12.514292 -0.164819 2.469032 -5.249631 -0.001854 0.000224 1.000852
-4.851287 109.421875 -3.886563 2.641091 41.574222 0.733743 -1.934300 1.269110 8.694282 1.447765 5.642425 -5.557968 -5.337870 5.245435 12.014264 -1.513020 1.188241 3.196738 -10.307873 6.459753 10.863142 6.092584 25.903352 -6.247705 -0.000444 -0.000858 -0.000606 -1.260935 -0.265476 -1.278672 0.050256 -1.794326 -0.361221 -0.356445 -0.057515 -0.379965 -5.231804 -12.054542 19.315842 -71.213094 -29.712918 32.488728 -63.452850 -85.945578 67.554957 18.301885 -6.522229 -11.135785 -13.592209 13.082112 18.828980 -3.791065 -6.399690 -7.981602 0.759809 4.520335 -1.792908 -0.001003 -0.000310 -0.000306 2.501594 -0.325935 -0.934807 -58.125713 8.182830 5.667321 -31.180167 -8.486979 5.365479 -6.121018 -1.862730 -2.726938 -0.000184 -0.000426 0.000212 2.575416 -2.061331 2.260938 -57.239478 9.083292 0.731953 -33.684040 -7.579473 5.513770 -3.655577 -1.433697 -4.279364 0.000062 -0.001063 0.000224 5.775514 -1.297480 -13.833938 -51.024724 20.514877 11.925995 -36.374014 -1.843398 1.050306 -28.717701 -2.121468 -8.205108 0.000792 -0.000339 0.000299 4.253595 0.630144 -9.056100 -47.611899 14.454407 9.490040 -35.931348 -3.267441 2.293428 -20.897181 -0.362450 -8.481827 0.000556 -0.000767 0.000205 -7.327761 15.347393 23.471568 70.895206 23.824977 29.839971 53.089395 77.357812 51.386138 -27.891985 20.230989 6.155197 19.824467 -29.100386 25.275635 -0.757959 4.371353 -13.267218 -2.130566 -3.137491 3.582535 -0.000232 0.001331 -0.000182 0.257088 -3.305678 3.119019 51.772494 -9.327051 6.910848 30.640871 8.075713 3.942942 4.723656 3.126649 -4.140910 -0.000665 0.000913 0.000059 -2.054367 -1.278907 6.451243 54.760883 -7.702512 4.776938 37.562383 9.370271 5.763827 5.506404 3.465235 -6.670209 -0.000225 0.000884 -0.000627 -7.396082 -2.244441 -8.948567 53.864044 -14.829041 15.074972 45.057870 6.728197 3.557677 32.595534 6.389480 -14.566790 -0.000073 -0.000113 -0.000894 -8.999324 -3.597988 -3.095677 54.114416 -9.843637 13.258136 44.987492 13.021853 8.021887 27.028700 6.930865 -19.240201 -0.004231 0.002546 0.000137 1.218498 -0.876371 -26.074848 0.570165 -3.023271 16.318688 -9.434780 -6.089895 15.996405 -1.041232 -0.732620 0.735050 0.001090 0.000258 0.999773 -3.740901 -15.250652 6.302906 -2.155907 -3.106249 26.282145 5.693866 -11.343566 -12.511064 -0.157385 2.478543 -5.208912 -0.001873 0.000222 1.000777
-4.959883 109.451279 -3.775536 2.632624 41.547660 0.665651 -1.930902 1.267662 8.666923 1.447085 5.630738 -5.561864 -5.318597 5.256912 12.036697 -1.501446 1.197130 3.192543 -10.330862 6.459376 10.920346 6.084460 25.952383 -6.243420 -0.000458 -0.000877 -0.000597 -1.266137 -0.261258 -1.275880 0.049656 -1.800286 -0.370344 -0.357319 -0.063492 -0.388724 -5.210553 -12.076075 19.245013 -71.183275 -29.670986 32.444488 -62.644722 -85.892041 66.755721 18.355747 -6.450769 -11.206007 -13.633977 13.117314 18.879797 -3.787343 -6.419259 -7.980380 0.741358 4.467020 -1.831482 -0.001012 -0.000322 -0.000319 2.487461 -0.272690 -0.916623 -58.161629 8.168360 5.700703 -31.221098 -8.541926 5.414282 -6.118768 -1.860571 -2.773212 -0.000187 -0.000422 0.000221 2.564962 -2.021014 2.274542 -57.310866 9.081395 0.742974 -33.720852 -7.623585 5.552430 -3.669702 -1.433321 -4.303845 0.000062 -0.001078 0.000221 5.760590 -1.266335 -13.826872 -51.134711 20.552289 11.870124 -36.420561 -1.858231 1.057317 -28.737054 -2.118233 -8.196350 0.000798 -0.000358 0.000302 4.244250 0.661781 -9.060795 -47.754501 14.484137 9.447241 -35.974666 -3.278166 2.297789 -20.916432 -0.370158 -8.460060 0.000561 -0.000786 0.000201 -7.317555 15.354997 23.406360 70.803007 23.845917 29.862989 52.818664 77.336352 51.112828 -27.822456 20.200820 6.259737 19.847541 -29.181661 25.293110 -0.747494 4.379887 -13.265167 -2.118601 -3.086099 3.579098 -0.000245 0.001318 -0.000180 0.272260 -3.363632 3.123442 51.884906 -9.349801 6.926731 30.758404 8.119280 3.981549 4.747680 3.128044 -4.238352 -0.000678 0.000926 0.000068 -2.045126 -1.318763 6.468744 54.900753 -7.715688 4.779387 37.709469 9.442694 5.825049 5.567611 3.493427 -6.740962 -0.000227 0.000897 -0.000636 -7.384000 -2.281338 -8.929852 54.027411 -14.861154 15.042246 45.223388 6.799089 3.603476 32.671522 6.447074 -14.607104 -0.000091 -0.000073 -0.000896 -8.998011 -3.639107 -3.071875 54.303165 -9.850976 13.252064 45.134571 13.125525 8.120085 27.114713 7.031042 -19.305758 -0.004260 0.002592 0.000137 1.216286 -0.885727 -25.993603 0.596194 -3.013465 16.256165 -9.400082 -6.019539 16.089862 -1.030174 -0.725053 0.749128 0.001089 0.000265 0.999781 -3.741409 -15.223870 6.371846 -2.159146 -3.096358 26.200229 5.708868 -11.324494 -12.505976 -0.158813 2.478189 -5.148727 -0.001885 0.000217 1.000733
-5.068368 109.460449 -3.658523 2.602360 41.509424 0.587240 -1.947242 1.283380 8.646442 1.464390 5.618830 -5.553418 -5.299836 5.272504 12.045296 -1.469444 1.206166 3.202813 -10.360129 6.485735 10.933878 6.085200 26.187108 -6.299106 -0.000465 -0.000891 -0.000589 -1.279933 -0.258164 -1.268247 0.046572 -1.824503 -0.392142 -0.361047 -0.087850 -0.409815 -5.206342 -12.071453 19.166593 -71.166748 -29.650445 32.453652 -62.068083 -85.873724 66.179662 18.298692 -6.331319 -11.129007 -13.651865 13.165273 18.926912 -3.776535 -6.438411 -8.005307 0.748534 4.448515 -1.822820 -0.001014 -0.000323 -0.000324 2.490702 -0.273065 -0.900823 -58.262819 8.175343 5.681071 -31.300540 -8.600459 5.466386 -6.135403 -1.860040 -2.839308 -0.000182 -0.000422 0.000229 2.574591 -2.028921 2.283183 -57.433098 9.085260 0.730037 -33.808956 -7.663085 5.595021 -3.700576 -1.438979 -4.363639 0.000060 -0.001083 0.000219 5.768509 -1.271793 -13.816789 -51.265643 20.581274 11.824840 -36.509148 -1.877200 1.070457 -28.789857 -2.137609 -8.214291 0.000802 -0.000363 0.000300 4.265482 0.664997 -9.064233 -47.914418 14.502828 9.417520 -36.053557 -3.295618 2.315279 -20.973355 -0.395116 -8.465491 0.000562 -0.000798 0.000202 -7.274859 15.367603 23.365186 70.792281 23.795879 29.806338 52.542441 77.373979 50.884568 -27.691254 19.922395 6.475130 19.853927 -29.245658 25.309347 -0.738984 4.395247 -13.277542 -2.114517 -3.054938 3.589167 -0.000251 0.001307 -0.000178 0.291488 -3.360505 3.136234 51.941794 -9.367181 6.920932 30.821287 8.125521 3.995332 4.765298 3.121525 -4.276245 -0.000676 0.000930 0.000072 -2.032528 -1.308687 6.477791 54.973393 -7.749597 4.772927 37.779766 9.468241 5.854527 5.599080 3.505442 -6.802583 -0.000229 0.000905 -0.000640 -7.376817 -2.274640 -8.924764 54.105367 -14.889574 15.026529 45.318664 6.814706 3.630992 32.725858 6.490411 -14.652261 -0.000105 -0.000032 -0.000894 -9.004379 -3.622781 -3.064854 54.416142 -9.891202 13.255917 45.225926 13.166577 8.178908 27.173626 7.097310 -19.373559 -0.004287 0.002634 0.000139 1.228536 -0.913311 -25.945223 0.638671 -3.030362 16.245232 -9.342708 -5.972516 16.106224 -1.031206 -0.717157 0.728313 0.001091 0.000269 0.999784 -3.740359 -15.212847 6.408574 -2.150722 -3.087424 26.186586 5.716756 -11.325352 -12.525528 -0.164917 2.483105 -5.123770 -0.001889 0.000216 1.000690
-5.176744 109.460381 -3.535206 2.626221 41.543534 0.562955 -1.954699 1.309056 8.634518 1.491664 5.591026 -5.522089 -5.299891 5.260192 12.020256 -1.438597 1.205199 3.206255 -10.419859 6.572946 10.916637 6.069264 26.586358 -6.331559 -0.000462 -0.000901 -0.000585 -1.304342 -0.261505 -1.261062 0.036150 -1.883456 -0.404869 -0.371824 -0.146746 -0.421033 -5.216474 -12.054569 19.121457 -71.164468 -29.659518 32.434991 -61.802595 -85.822427 65.930642 18.413082 -6.181293 -11.176558 -13.634993 13.169760 18.982795 -3.766962 -6.475434 -8.041024 0.755133 4.399566 -1.832672 -0.001015 -0.000312 -0.000325 2.498730 -0.306960 -0.893686 -58.335466 8.143643 5.658557 -31.440323 -8.707409 5.555322 -6.206530 -1.853205 -2.942111 -0.000172 -0.000423 0.000227 2.572867 -2.059905 2.265082 -57.504644 9.061361 0.709643 -33.959805 -7.724552 5.664261 -3.797536 -1.447515 -4.452736 0.000057 -0.001087 0.000228 5.769498 -1.297293 -13.830772 -51.348625 20.574819 11.785298 -36.658718 -1.898998 1.087260 -28.929254 -2.170325 -8.249057 0.000812 -0.000363 0.000296 4.265275 0.629728 -9.089061 -48.023345 14.520639 9.383588 -36.173720 -3.305476 2.330189 -21.131702 -0.444908 -8.468620 0.000564 -0.000808 0.000193 -7.268037 15.396422 23.337041 70.824078 23.777322 29.778210 52.242607 77.380319 50.614835 -27.742119 19.676387 6.707280 19.797140 -29.283108 25.354202 -0.730126 4.434677 -13.304204 -2.112156 -2.980431 3.601473 -0.000255 0.001302 -0.000172 0.291510 -3.303823 3.183329 51.896325 -9.364421 6.909585 30.968412 8.213512 4.030466 4.863955 3.119686 -4.372282 -0.000672 0.000928 0.000077 -2.019783 -1.264516 6.479150 54.947294 -7.765832 4.776487 37.939211 9.553234 5.933130 5.711361 3.539319 -6.952380 -0.000234 0.000907 -0.000646 -7.357297 -2.235302 -8.944319 54.072145 -14.908177 15.047214 45.500178 6.896123 3.714275 32.873417 6.609098 -14.771035 -0.000117 -0.000013 -0.000893 -8.993534 -3.570814 -3.109330 54.439907 -9.960096 13.283309 45.377473 13.273262 8.323271 27.317898 7.253372 -19.526660 -0.004310 0.002657 0.000142 1.188013 -0.915596 -25.959512 0.651628 -3.024031 16.305088 -9.245389 -5.882676 16.184780 -1.064441 -0.720511 0.696770 0.001095 0.000270 0.999792 -3.743811 -15.219458 6.444365 -2.188795 -3.114841 26.168789 5.740984 -11.347510 -12.622382 -0.172238 2.518086 -5.175994 -0.001891 0.000233 1.000660
-5.285015 109.472015 -3.405254 2.589659 41.505571 0.490481 -1.964533 1.304502 8.643718 1.506009 5.578008 -5.518361 -5.269492 5.268452 11.996057 -1.433135 1.208608 3.191724 -10.447051 6.638008 10.924247 6.062963 26.705078 -6.326472 -0.000470 -0.000910 -0.000586 -1.319765 -0.258646 -1.253981 0.033128 -1.898151 -0.420115 -0.375312 -0.161575 -0.436035 -5.198740 -12.060765 19.091288 -71.191929 -29.645605 32.459208 -60.742292 -85.815014 64.884245 18.414115 -6.103891 -11.153900 -13.631498 13.168017 18.995063 -3.773954 -6.519643 -8.063159 0.755102 4.376147 -1.832358 -0.001022 -0.000318 -0.000336 2.502297 -0.343598 -0.891029 -58.387777 8.112053 5.646303 -31.506342 -8.788326 5.611651 -6.238293 -1.852271 -2.994127 -0.000173 -0.000412 0.000228 2.569175 -2.097055 2.255988 -57.542726 9.047354 0.708361 -34.028795 -7.777803 5.702611 -3.831468 -1.453120 -4.503496 0.000059 -0.001099 0.000226 5.759990 -1.316374 -13.835187 -51.376229 20.545655 11.789862 -36.726074 -1.925918 1.099604 -28.995380 -2.193647 -8.268109 0.000815 -0.000378 0.000300 4.259073 0.614624 -9.101737 -48.080131 14.504531 9.386098 -36.219110 -3.318683 2.340031 -21.199448 -0.470029 -8.467649 0.000567 -0.000818 0.000186 -7.209043 15.461257 23.252233 70.811545 23.761486 29.769684 51.920505 77.307489 50.292881 -27.879236 19.652927 6.834171 19.722796 -29.310679 25.383666 -0.736779 4.457951 -13.328418 -2.107915 -2.953757 3.612531 -0.000273 0.001311 -0.000162 0.257364 -3.266385 3.203893 51.870885 -9.371275 6.914595 31.040076 8.261056 4.054554 4.901028 3.121557 -4.401990 -0.000681 0.000937 0.000089 -2.048754 -1.209395 6.484334 54.943486 -7.804457 4.776054 38.016060 9.598989 5.971377 5.748033 3.553128 -7.037092 -0.000230 0.000906 -0.000652 -7.378518 -2.191765 -8.957270 54.050738 -14.920013 15.070519 45.585747 6.931518 3.751538 32.941103 6.669304 -14.833807 -0.000114 -0.000044 -0.000905 -9.017328 -3.516519 -3.158618 54.453335 -10.002402 13.310670 45.444013 13.322621 8.396754 27.379072 7.326293 -19.611799 -0.004289 0.002637 0.000137 1.177716 -0.881067 -25.917515 0.722838 -3.017671 16.313281 -9.204728 -5.808238 16.296699 -1.074074 -0.714866 0.694343 0.001097 0.000273 0.999804 -3.727379 -15.217213 6.473589 -2.211837 -3.135520 26.170907 5.725103 -11.342615 -12.621142 -0.169393 2.517495 -5.155302 -0.001904 0.000232 1.000680
-5.393197 109.481094 -3.268337 2.546546 41.430397 0.435474 -1.973164 1.295570 8.652458 1.514491 5.583585 -5.527630 -5.248726 5.275317 11.979373 -1.445921 1.206978 3.181402 -10.440024 6.688356 10.955220 6.073735 26.617291 -6.298288 -0.000476 -0.000916 -0.000586 -1.323395 -0.254764 -1.255083 0.031407 -1.891786 -0.421387 -0.377082 -0.155354 -0.437390 -5.168740 -12.056577 19.077976 -71.174604 -29.638919 32.498707 -60.304952 -85.817870 64.428192 18.394318 -6.059619 -11.124057 -13.637257 13.168976 19.002396 -3.781448 -6.549074 -8.069196 0.759570 4.364809 -1.829183 -0.001030 -0.000323 -0.000345 2.494561 -0.372358 -0.883329 -58.390222 8.094475 5.647873 -31.505331 -8.813384 5.625898 -6.237489 -1.851241 -2.997388 -0.000174 -0.000399 0.000227 2.561285 -2.126846 2.256980 -57.526980 9.041794 0.719203 -34.029589 -7.788642 5.705806 -3.826008 -1.452057 -4.511103 0.000062 -0.001112 0.000226 5.752795 -1.326520 -13.836730 -51.345835 20.507003 11.818774 -36.730208 -1.927772 1.106484 -29.006351 -2.199010 -8.270745 0.000819 -0.000394 0.000306 4.259470 0.608023 -9.101206 -48.069262 14.477995 9.407769 -36.217765 -3.321188 2.343489 -21.211517 -0.473465 -8.463995 0.000572 -0.000825 0.000179 -7.161451 15.517275 23.157906 70.788350 23.779598 29.804779 51.768093 77.193353 50.092040 -27.999516 19.740016 6.796477 19.654700 -29.310058 25.399728 -0.746996 4.470826 -13.342604 -2.106575 -2.955629 3.612933 -0.000285 0.001320 -0.000156 0.219683 -3.252811 3.208867 51.832679 -9.374784 6.935893 31.043668 8.273212 4.067123 4.902578 3.125366 -4.389030 -0.000700 0.000949 0.000095 -2.075395 -1.180549 6.491638 54.903920 -7.826872 4.785758 38.014645 9.609099 5.979976 5.737800 3.550558 -7.057060 -0.000237 0.000908 -0.000660 -7.394896 -2.170044 -8.968956 53.998422 -14.913483 15.108431 45.573064 6.927258 3.757185 32.943997 6.678469 -14.848904 -0.000115 -0.000078 -0.000914 -9.023979 -3.486347 -3.210805 54.410989 -10.021572 13.344868 45.424476 13.317603 8.405681 27.374707 7.327310 -19.630839 -0.004273 0.002619 0.000137 1.175090 -0.822891 -25.877938 0.804170 -3.005001 16.316704 -9.183231 -5.729956 16.400921 -1.078239 -0.711144 0.694365 0.001100 0.000276 0.999814 -3.713714 -15.231609 6.502720 -2.241078 -3.159701 26.148700 5.698329 -11.364775 -12.611281 -0.169317 2.517064 -5.144547 -0.001917 0.000231 1.000700
-5.501310 109.453156 -3.124112 2.560840 41.475582 0.480107 -1.885453 1.286428 8.610838 1.465229 5.438056 -5.489009 -5.164022 5.303319 12.074788 -1.485031 1.268122 3.223875 -10.549535 6.763408 10.809570 5.850219 26.936032 -6.703645 -0.000513 -0.000942 -0.000606 -1.344584 -0.243326 -1.270764 0.038145 -1.866707 -0.447762 -0.371227 -0.129893 -0.464924 -5.108652 -11.949560 19.340658 -71.617710 -29.546889 32.174219 -62.619146 -85.965307 67.081011 18.342321 -6.074357 -11.536895 -13.652609 13.063489 18.897453 -3.847027 -6.520279 -8.063899 0.694890 4.409932 -1.822958 -0.001040 -0.000378 -0.000409 2.492694 -0.310438 -0.963987 -58.598190 8.119560 5.604969 -31.659681 -8.861184 5.680471 -6.197083 -1.856433 -3.052579 -0.000199 -0.000402 0.000267 2.495154 -2.037660 2.233262 -57.720141 9.062128 0.669797 -34.158964 -7.856363 5.799301 -3.786755 -1.455185 -4.569412 0.000067 -0.001140 0.000188 5.623676 -1.227568 -13.853199 -51.518511 20.607258 11.750784 -36.805374 -1.998722 1.157287 -28.960810 -2.223634 -8.275777 0.000796 -0.000469 0.000327 4.083280 0.698665 -9.094636 -48.259207 14.553626 9.342709 -36.256354 -3.378250 2.378376 -21.158411 -0.488100 -8.489051 0.000592 -0.000867 0.000149 -7.478804 15.435384 22.997002 71.289433 23.758147 30.245881 50.646698 77.400873 49.082748 -27.084535 19.713670 7.263769 19.659222 -29.175180 25.293136 -0.682758 4.522643 -13.333001 -2.071095 -3.005216 3.636513 -0.000362 0.001354 -0.000121 0.221331 -3.221849 3.125913 51.898358 -9.324497 6.872246 31.058756 8.221731 4.044442 4.788902 3.130776 -4.440410 -0.000752 0.000981 0.000143 -2.039332 -1.180952 6.425991 54.983027 -7.810594 4.744792 38.077658 9.601181 5.979349 5.714432 3.574082 -7.111671 -0.000240 0.000898 -0.000674 -7.336227 -2.196916 -9.022507 54.108095 -14.914628 15.072759 45.577598 6.907182 3.761867 32.955049 6.738814 -14.867619 -0.000070 -0.000227 -0.000971 -8.951169 -3.512852 -3.260057 54.564123 -10.034926 13.352339 45.450314 13.349205 8.453873 27.418074 7.431134 -19.699890 -0.004167 0.002489 0.000127 1.116186 -0.757586 -26.003476 0.830790 -2.999034 16.476642 -9.095489 -5.692411 16.420020 -1.067515 -0.756525 0.793192 0.001133 0.000300 0.999869 -3.652757 -15.053552 6.482954 -2.213500 -3.164520 26.150285 5.601628 -11.163227 -12.635638 -0.210842 2.508820 -5.103282 -0.001987 0.000191 1.000832
-5.609380 109.448639 -2.972234 2.652018 41.459688 0.603250 -1.831871 1.189672 8.586942 1.400335 5.413214 -5.587442 -5.077723 5.332680 12.249623 -1.554889 1.342107 3.200224 -10.718183 6.779174 10.609809 5.660539 27.327410 -6.826190 -0.000527 -0.000937 -0.000615 -1.360519 -0.242953 -1.296020 0.039651 -1.894124 -0.504541 -0.371434 -0.157221 -0.521998 -5.621579 -11.888017 19.432845 -71.529521 -29.049917 31.448992 -70.038195 -86.135243 74.813186 19.377128 -6.814118 -12.861133 -13.654819 12.997253 18.764700 -3.818875 -6.500792 -8.122392 0.661446 4.442652 -1.837108 -0.001040 -0.000415 -0.000440 2.600437 -0.197925 -1.127706 -59.022109 8.059894 5.611750 -31.902218 -9.067090 5.794631 -6.097480 -1.881795 -3.204989 -0.000228 -0.000392 0.000274 2.481718 -1.965507 2.104554 -58.143494 8.976437 0.693060 -34.317159 -8.078472 5.909596 -3.643968 -1.467621 -4.716589 0.000077 -0.001148 0.000163 5.520419 -1.195002 -13.991466 -51.998754 20.623478 11.641095 -36.886372 -2.135525 1.205954 -28.835390 -2.280132 -8.341892 0.000774 -0.000509 0.000340 3.833362 0.668445 -9.303815 -48.641193 14.552410 9.226479 -36.297181 -3.472170 2.393744 -21.034897 -0.507951 -8.549977 0.000587 -0.000891 0.000131 -7.366942 15.345513 23.113529 70.790023 23.974707 30.931367 50.815815 77.993077 49.217912 -25.087955 18.897112 8.273626 19.742441 -29.203534 25.367336 -0.597895 4.640300 -13.263220 -2.045607 -3.002095 3.629277 -0.000404 0.001369 -0.000105 0.363061 -3.133466 3.179717 51.689643 -9.353969 6.813538 30.477767 7.926612 3.921591 4.455188 3.055249 -4.214291 -0.000793 0.000999 0.000169 -1.968360 -1.096858 6.434968 54.707295 -7.993813 4.657877 37.382935 9.248903 5.788890 5.362857 3.429382 -6.870402 -0.000241 0.000891 -0.000677 -7.320098 -2.163733 -8.989522 53.759153 -15.059169 15.117947 44.863206 6.587334 3.614089 32.598151 6.513018 -14.690106 -0.000033 -0.000270 -0.001004 -9.022846 -3.542301 -3.197993 54.274437 -10.195584 13.427862 44.835478 13.027035 8.189690 27.039716 7.107079 -19.479729 -0.004124 0.002457 0.000112 1.067059 -0.644746 -26.062077 0.763235 -2.946709 16.503155 -9.207789 -5.745073 16.547733 -1.006593 -0.817494 0.848593 0.001145 0.000304 0.999903 -3.701579 -15.003278 6.579127 -2.208866 -3.209853 25.903340 5.486336 -11.023440 -12.529902 -0.282161 2.527273 -5.091086 -0.002030 0.000166 1.000866
-5.717441 109.389580 -2.812351 2.650335 41.315434 0.628837 -1.772462 1.186319 8.493566 1.382758 5.314592 -5.603600 -4.962538 5.393093 12.318898 -1.635336 1.441118 3.209786 -10.982152 6.828661 10.469909 5.438441 27.782559 -7.053279 -0.000548 -0.000941 -0.000639 -1.364779 -0.245332 -1.286269 0.044383 -1.897417 -0.568180 -0.368672 -0.160474 -0.586332 -5.757943 -11.714779 19.468385 -71.523963 -28.864597 31.223786 -74.673210 -86.214679 79.479985 19.843687 -7.465340 -13.188281 -13.630633 12.837810 18.676961 -3.791104 -6.475249 -8.109953 0.685913 4.516945 -1.835014 -0.001050 -0.000460 -0.000479 2.629990 -0.300878 -1.202256 -59.111606 8.077371 5.532741 -32.058668 -9.072291 5.831232 -6.159563 -1.889262 -3.256522 -0.000266 -0.000386 0.000286 2.507964 -2.028588 1.996047 -58.201697 8.973069 0.660858 -34.483517 -8.083581 5.945248 -3.700809 -1.473752 -4.759308 0.000098 -0.001165 0.000139 5.529969 -1.262460 -14.103404 -52.011569 20.624536 11.618486 -37.038298 -2.135200 1.233318 -28.914334 -2.294716 -8.372330 0.000756 -0.000568 0.000346 3.799390 0.576939 -9.412730 -48.618591 14.576317 9.200913 -36.449805 -3.483313 2.417095 -21.121962 -0.520262 -8.600416 0.000586 -0.000916 0.000112 -7.207828 15.286346 23.164742 70.686967 24.004928 31.179396 50.850726 78.350214 49.353899 -24.294835 19.124944 8.333734 19.866779 -29.009390 25.219699 -0.554665 4.661868 -13.227023 -2.045620 -3.122768 3.631682 -0.000458 0.001396 -0.000083 0.479206 -3.047158 3.137201 51.619803 -9.364685 6.736205 30.430033 7.794981 3.881132 4.466646 3.049064 -4.164997 -0.000828 0.001013 0.000204 -1.824912 -1.065267 6.397935 54.570735 -8.057163 4.595017 37.310264 9.125747 5.732765 5.381045 3.414779 -6.817099 -0.000222 0.000879 -0.000689 -7.187345 -2.144378 -9.044801 53.633923 -15.152009 15.107562 44.736097 6.466788 3.560218 32.596903 6.482965 -14.645188 0.000012 -0.000388 -0.001039 -8.896472 -3.556732 -3.250330 54.213876 -10.280030 13.450250 44.755925 12.904045 8.113430 27.019525 7.062461 -19.432558 -0.004035 0.002350 0.000087 1.109611 -0.528554 -26.123495 0.708159 -2.943771 16.628157 -9.300182 -5.746046 16.531599 -0.941555 -0.911462 0.874306 0.001149 0.000306 0.999941 -3.713190 -14.954236 6.744007 -2.217767 -3.228900 25.605180 5.449039 -10.884018 -12.666190 -0.318575 2.549827 -5.207321 -0.002076 0.000139 1.000975
-5.825528 109.338852 -2.644103 2.639439 41.278763 0.586273 -1.755493 1.161094 8.401523 1.357239 5.271199 -5.679397 -4.907428 5.421768 12.391517 -1.694489 1.523571 3.245613 -11.170143 6.821949 10.435089 5.270233 28.023197 -7.163027 -0.000563 -0.000945 -0.000667 -1.367723 -0.246270 -1.298546 0.047649 -1.891118 -0.543896 -0.364716 -0.153852 -0.563463 -5.962344 -11.690503 19.522524 -71.453732 -28.769666 31.033500 -76.671834 -86.254103 81.527616 20.252103 -7.766457 -13.621079 -13.598577 12.832460 18.668661 -3.752469 -6.434939 -8.130218 0.705482 4.540811 -1.814122 -0.001058 -0.000492 -0.000506 2.708799 -0.303202 -1.219291 -59.238683 8.120464 5.470213 -32.188359 -9.105642 5.895822 -6.191777 -1.872791 -3.321094 -0.000292 -0.000383 0.000297 2.583191 -2.033135 1.961976 -58.341967 9.007321 0.623489 -34.629807 -8.104856 5.997349 -3.734426 -1.464725 -4.805886 0.000110 -0.001178 0.000124 5.600389 -1.271752 -14.138471 -52.143104 20.676010 11.571906 -37.172165 -2.134052 1.264851 -28.981075 -2.298275 -8.387621 0.000745 -0.000609 0.000352 3.840438 0.539335 -9.439287 -48.685204 14.628008 9.166741 -36.594850 -3.497369 2.436763 -21.220844 -0.530682 -8.619963 0.000591 -0.000930 0.000105 -7.178916 15.240965 23.167978 70.647552 24.111189 31.499877 50.195765 78.508282 48.731995 -23.604303 18.999293 8.542402 19.907085 -28.917401 25.149794 -0.517664 4.688502 -13.223637 -2.034609 -3.161060 3.632476 -0.000500 0.001432 -0.000063 0.493648 -2.996122 3.115075 51.632404 -9.370855 6.676787 30.413040 7.748392 3.849943 4.445471 3.045754 -4.177526 -0.000850 0.001026 0.000229 -1.781070 -1.036379 6.356652 54.536617 -8.116437 4.531249 37.290535 9.083306 5.711127 5.386183 3.404200 -6.820003 -0.000196 0.000863 -0.000695 -7.154931 -2.133667 -9.074048 53.617131 -15.217108 15.082756 44.679347 6.430571 3.540611 32.608263 6.488902 -14.640107 0.000055 -0.000528 -0.001068 -8.863082 -3.558938 -3.287027 54.199350 -10.352027 13.444432 44.725625 12.870546 8.098519 27.043576 7.072048 -19.426028 -0.003931 0.002229 0.000068 1.116965 -0.377259 -26.171172 0.641676 -2.907684 16.813108 -9.305050 -5.742809 16.416145 -0.897833 -0.986183 0.943995 0.001155 0.000310 0.999962 -3.755262 -15.027257 6.879323 -2.236194 -3.245446 25.503362 5.484801 -10.785159 -12.798234 -0.336262 2.566162 -5.236310 -0.002109 0.000119 1.001106
-5.933684 109.304031 -2.467126 2.545377 41.237467 0.437360 -1.724977 1.129105 8.337203 1.324782 5.279398 -5.745503 -4.880656 5.442029 12.493629 -1.754735 1.581430 3.222887 -11.320389 6.799785 10.404775 5.174239 28.100307 -7.254169 -0.000556 -0.000933 -0.000674 -1.355013 -0.245501 -1.307385 0.054706 -1.861490 -0.567327 -0.358375 -0.124734 -0.587470 -6.184791 -11.710300 19.587187 -71.351274 -28.722259 30.837123 -78.339697 -86.270702 83.211222 20.536313 -7.955828 -13.824745 -13.623555 12.853802 18.693766 -3.704410 -6.375783 -8.127284 0.714763 4.537056 -1.848467 -0.001061 -0.000501 -0.000506 2.723054 -0.280088 -1.193592 -59.330763 8.205617 5.429216 -32.389188 -9.153002 5.987284 -6.295256 -1.854682 -3.451518 -0.000312 -0.000376 0.000296 2.625552 -1.994309 1.967578 -58.495727 9.080284 0.587815 -34.871573 -8.155045 6.080399 -3.868453 -1.467145 -4.886528 0.000123 -0.001177 0.000126 5.649915 -1.228492 -14.145613 -52.298812 20.775265 11.496939 -37.439744 -2.125984 1.298400 -29.160098 -2.307223 -8.413701 0.000740 -0.000616 0.000346 3.877725 0.594364 -9.412091 -48.790929 14.669071 9.121723 -36.872729 -3.509100 2.468805 -21.448867 -0.567019 -8.636133 0.000588 -0.000918 0.000102 -7.184446 15.205824 23.281915 70.572171 24.098566 31.497089 50.512337 78.705800 49.074864 -23.671916 19.250323 8.372940 20.002179 -28.918042 25.118783 -0.565481 4.679053 -13.231976 -2.046677 -3.154407 3.606168 -0.000495 0.001431 -0.000069 0.481986 -3.046613 3.096286 51.840157 -9.412184 6.657078 30.622461 7.790732 3.892116 4.543176 3.042811 -4.282134 -0.000861 0.001020 0.000228 -1.762374 -1.096894 6.364936 54.709476 -8.137033 4.490198 37.500535 9.156729 5.776341 5.490051 3.416666 -6.864123 -0.000189 0.000861 -0.000700 -7.140872 -2.199266 -9.073646 53.828774 -15.284881 15.035305 44.855179 6.509890 3.579612 32.714403 6.527428 -14.669689 0.000066 -0.000534 -0.001061 -8.822384 -3.643803 -3.276931 54.362332 -10.348040 13.404350 44.887502 12.958476 8.173735 27.163817 7.142883 -19.444515 -0.003920 0.002221 0.000060 1.158642 -0.291551 -26.164541 0.655049 -2.877999 16.986860 -9.323069 -5.764859 16.311681 -0.875932 -1.036048 1.031168 0.001162 0.000300 0.999968 -3.784517 -15.117078 6.910309 -2.219438 -3.236646 25.665440 5.543662 -10.790309 -12.873931 -0.313701 2.561040 -5.209439 -0.002120 0.000117 1.001128
-6.041955 109.295715 -2.281049 2.454287 41.157096 0.303354 -1.690741 1.083372 8.268829 1.272028 5.289209 -5.804288 -4.865543 5.470108 12.614651 -1.822520 1.642764 3.189986 -11.419658 6.772323 10.440472 5.143117 28.018039 -7.334362 -0.000561 -0.000927 -0.000692 -1.340698 -0.239614 -1.316429 0.068957 -1.788956 -0.597616 -0.345102 -0.052435 -0.619583 -6.294014 -11.736825 19.641825 -71.353027 -28.678858 30.670834 -79.067531 -86.299025 83.965567 20.770311 -8.142307 -13.787300 -13.693470 12.956243 18.729830 -3.671866 -6.336818 -8.139834 0.725644 4.553377 -1.833344 -0.001065 -0.000527 -0.000519 2.734107 -0.246085 -1.161460 -59.538136 8.286229 5.387120 -32.609710 -9.213295 6.087580 -6.370305 -1.837182 -3.597143 -0.000335 -0.000367 0.000306 2.675554 -1.955208 1.990560 -58.758725 9.139000 0.556557 -35.129091 -8.226863 6.176002 -3.954429 -1.462882 -4.993333 0.000132 -0.001178 0.000110 5.707145 -1.182472 -14.133825 -52.553585 20.879219 11.415083 -37.708851 -2.130557 1.336893 -29.299545 -2.324574 -8.446199 0.000723 -0.000635 0.000349 3.938399 0.656706 -9.362250 -49.006464 14.708123 9.074175 -37.153208 -3.543053 2.509550 -21.626838 -0.599616 -8.659306 0.000588 -0.000913 0.000096 -7.207424 15.198586 23.361617 70.511254 24.049615 31.451591 50.814092 78.900899 49.376158 -23.546023 19.465739 8.324549 20.047461 -28.957150 25.099910 -0.609320 4.668873 -13.257982 -2.042969 -3.151460 3.594200 -0.000515 0.001453 -0.000063 0.406119 -3.091692 3.037677 52.072861 -9.431683 6.641963 30.793219 7.825244 3.926614 4.575886 3.040083 -4.335079 -0.000870 0.001023 0.000242 -1.819277 -1.130142 6.352000 54.917023 -8.152722 4.447422 37.669805 9.226918 5.821138 5.524425 3.418701 -6.902539 -0.000165 0.000845 -0.000698 -7.194787 -2.247113 -9.057977 54.063775 -15.310891 14.975648 44.981566 6.582836 3.599100 32.775571 6.557660 -14.685589 0.000104 -0.000618 -0.001080 -8.848295 -3.713871 -3.254698 54.535982 -10.316114 13.365681 45.003743 13.046183 8.230176 27.231431 7.195957 -19.466878 -0.003839 0.002139 0.000044 1.195260 -0.222775 -26.116094 0.694782 -2.842518 17.049320 -9.336363 -5.783572 16.243149 -0.843404 -1.049611 1.134200 0.001172 0.000300 0.999978 -3.812272 -15.138796 6.889706 -2.173960 -3.200703 25.843052 5.540775 -10.707275 -12.750984 -0.286660 2.529445 -5.090875 -0.002141 0.000094 1.001227
-6.150390 109.266983 -2.085494 2.284003 41.327910 0.038615 -1.645787 1.105974 8.199070 1.265968 5.266896 -5.831281 -4.861972 5.497304 12.754561 -1.849994 1.671832 3.180941 -11.492125 6.895573 10.573307 5.086052 28.322077 -7.517248 -0.000559 -0.000923 -0.000674 -1.333361 -0.242808 -1.326521 0.076102 -1.756498 -0.635199 -0.339055 -0.021339 -0.655977 -6.486452 -11.813062 19.681304 -71.373109 -28.710031 30.505001 -79.610860 -86.211507 84.551610 20.774995 -7.907536 -14.007256 -13.704939 12.909271 18.700516 -3.683031 -6.314996 -8.108824 0.715841 4.574736 -1.847433 -0.001078 -0.000522 -0.000510 2.742696 -0.127319 -1.184450 -59.692958 8.379201 5.298593 -32.840272 -9.173325 6.126975 -6.390299 -1.842484 -3.684424 -0.000343 -0.000354 0.000304 2.675008 -1.801275 2.030667 -58.982565 9.165873 0.462290 -35.356771 -8.204017 6.215148 -4.005603 -1.460402 -5.042131 0.000131 -0.001187 0.000120 5.659130 -1.032452 -14.102546 -52.767464 20.962464 11.222439 -37.945783 -2.108358 1.359580 -29.334510 -2.316124 -8.439626 0.000732 -0.000632 0.000349 3.869573 0.831488 -9.335819 -49.241507 14.765387 8.966986 -37.370114 -3.555938 2.510157 -21.680200 -0.600748 -8.666147 0.000608 -0.000902 0.000097 -7.202031 15.127529 23.576943 70.321901 24.075109 31.137489 51.440316 78.955391 49.962405 -23.254764 19.266616 7.902761 20.220217 -28.901134 25.015324 -0.607872 4.633091 -13.238623 -2.035573 -3.204567 3.559915 -0.000488 0.001424 -0.000077 0.485856 -3.248641 3.024142 52.374140 -9.517577 6.623609 30.945730 7.768946 3.978707 4.577549 3.070276 -4.381223 -0.000900 0.001032 0.000224 -1.731722 -1.324842 6.414288 55.251968 -8.171238 4.400663 37.863096 9.194870 5.865996 5.544462 3.441223 -6.853741 -0.000199 0.000868 -0.000713 -7.101742 -2.445984 -8.973468 54.482775 -15.371153 14.863542 45.112017 6.527256 3.573644 32.779243 6.520494 -14.607856 0.000070 -0.000511 -0.001055 -8.701876 -3.917540 -3.126082 54.929420 -10.314609 13.284503 45.182306 13.024921 8.242700 27.256287 7.191417 -19.385955 -0.003909 0.002229 0.000061 1.199767 -0.042878 -26.099033 0.685143 -2.788027 17.215763 -9.148623 -5.777686 16.172835 -0.824352 -1.096378 1.206300 0.001180 0.000301 0.999978 -3.771244 -15.137671 6.921778 -2.040915 -3.156870 26.124006 5.510728 -10.611521 -12.689340 -0.263231 2.529028 -5.069194 -0.002144 0.000104 1.001141
-6.256409 109.282158 -1.878852 2.276996 41.072160 0.019907 -1.656550 1.058975 8.138520 1.240525 5.278958 -5.844038 -4.867184 5.469205 12.810439 -1.849699 1.692498 3.107464 -11.532675 6.816398 10.473224 5.051980 28.243007 -7.543903 -0.000566 -0.000937 -0.000692 -1.324502 -0.239227 -1.323929 0.078720 -1.757403 -0.655138 -0.337081 -0.021522 -0.676492 -6.429768 -11.812801 19.720907 -71.415860 -28.579126 30.113089 -81.646390 -86.117777 86.589328 21.569219 -8.560414 -14.064831 -13.766062 13.086622 18.798917 -3.583798 -6.236317 -8.183281 0.744907 4.557221 -1.862250 -0.001072 -0.000543 -0.000533 2.778647 -0.125400 -1.151061 -59.999734 8.362987 5.315837 -33.116508 -9.371284 6.302776 -6.554026 -1.827819 -3.898405 -0.000354 -0.000348 0.000318 2.735278 -1.819696 2.012340 -59.287894 9.147496 0.475259 -35.664532 -8.404261 6.379529 -4.185813 -1.486518 -5.225901 0.000144 -0.001190 0.000109 5.763341 -1.056185 -14.140745 -53.115531 21.012393 11.163060 -38.251137 -2.174873 1.389178 -29.626874 -2.386822 -8.529897 0.000721 -0.000657 0.000344 3.956818 0.795090 -9.329017 -49.509770 14.750534 8.896235 -37.687102 -3.618606 2.579083 -22.020968 -0.700432 -8.712710 0.000594 -0.000916 0.000079 -7.255385 15.154154 23.473647 70.442936 23.938892 31.044963 51.711458 79.077587 50.249600 -24.272237 20.121394 8.002464 20.247137 -29.150255 25.162257 -0.774094 4.605447 -13.319079 -2.092430 -3.090567 3.576687 -0.000521 0.001436 -0.000064 0.404667 -3.175681 3.013621 52.567857 -9.533173 6.631838 31.262857 7.935620 4.067415 4.744320 3.025108 -4.498862 -0.000894 0.001024 0.000255 -1.819904 -1.217939 6.399339 55.417044 -8.168096 4.412328 38.165440 9.395887 5.996606 5.710865 3.459457 -7.059680 -0.000170 0.000854 -0.000712 -7.211488 -2.346579 -8.988336 54.636686 -15.373587 14.846082 45.459411 6.760644 3.711812 33.015685 6.675819 -14.777058 0.000098 -0.000571 -0.001072 -8.845781 -3.874319 -3.183104 55.066320 -10.251844 13.305844 45.463582 13.295598 8.458812 27.487160 7.403213 -19.583220 -0.003860 0.002169 0.000037 1.259437 -0.161229 -26.057124 0.735512 -2.835203 17.201343 -9.312657 -5.752462 16.212447 -0.847395 -1.059064 1.273788 0.001181 0.000297 1.000005 -3.824455 -15.097145 6.904779 -2.083289 -3.153652 26.066803 5.556260 -10.709039 -12.577700 -0.263710 2.527922 -4.962673 -0.002156 0.000091 1.001212
-6.353281 109.294617 -1.657658 2.153620 41.028179 -0.165866 -1.652661 1.057028 8.051704 1.249974 5.278053 -5.852030 -4.869209 5.454347 12.935496 -1.829269 1.711457 3.099956 -11.583551 6.831829 10.429549 4.953759 28.360511 -7.744307 -0.000566 -0.000943 -0.000689 -1.323091 -0.239885 -1.323735 0.080666 -1.764864 -0.692058 -0.336246 -0.029397 -0.713162 -6.482204 -11.863756 19.727631 -71.524157 -28.517369 29.812872 -81.664708 -86.030745 86.674082 21.987185 -8.807777 -14.308333 -13.791208 13.128928 18.823958 -3.562734 -6.189455 -8.199819 0.739547 4.526227 -1.890767 -0.001071 -0.000539 -0.000531 2.791397 -0.057402 -1.151303 -60.142373 8.382024 5.294090 -33.325822 -9.455976 6.391845 -6.609340 -1.826095 -4.049672 -0.000353 -0.000338 0.000321 2.746723 -1.759428 2.020828 -59.483121 9.156790 0.428811 -35.868426 -8.506347 6.463362 -4.274922 -1.503239 -5.336029 0.000149 -0.001191 0.000113 5.769355 -1.008561 -14.142987 -53.339985 21.080897 11.039823 -38.456201 -2.216727 1.410506 -29.742864 -2.412873 -8.560357 0.000726 -0.000655 0.000338 3.954917 0.847205 -9.329461 -49.720622 14.776920 8.808339 -37.873591 -3.656750 2.608017 -22.170907 -0.744854 -8.731588 0.000592 -0.000916 0.000075 -7.245375 15.161488 23.534215 70.356896 23.906167 30.705035 52.234395 79.082085 50.763608 -24.855153 20.599125 7.794158 20.348826 -29.260014 25.200745 -0.845254 4.563812 -13.343798 -2.111895 -3.028495 3.563533 -0.000511 0.001422 -0.000068 0.425311 -3.220796 3.012395 52.804696 -9.582832 6.638876 31.491893 7.992660 4.130310 4.809391 3.013743 -4.618412 -0.000896 0.001018 0.000254 -1.815271 -1.251851 6.424020 55.684542 -8.174609 4.402661 38.408876 9.481362 6.081069 5.793607 3.482369 -7.140145 -0.000176 0.000862 -0.000716 -7.218223 -2.378674 -8.945956 54.939370 -15.400106 14.769387 45.717378 6.847724 3.768223 33.118859 6.725893 -14.820907 0.000085 -0.000528 -0.001060 -8.864250 -3.924287 -3.138645 55.351401 -10.225212 13.263302 45.701275 13.420960 8.578309 27.617386 7.502050 -19.626035 -0.003888 0.002199 0.000038 1.312575 -0.147770 -25.998909 0.773704 -2.843162 17.241906 -9.340493 -5.777933 16.210360 -0.869655 -1.050734 1.323660 0.001185 0.000293 1.000010 -3.808585 -15.064254 6.999682 -2.023367 -3.152141 26.017682 5.575706 -10.784993 -12.487805 -0.249943 2.539049 -4.892391 -0.002153 0.000096 1.001184
-6.432760 109.325836 -1.417822 2.182920 41.000361 -0.167286 -1.650401 1.025800 8.029919 1.252530 5.290342 -5.868043 -4.889214 5.435189 12.996656 -1.806946 1.716223 3.080545 -11.648774 6.823636 10.351695 4.907778 28.432527 -7.813671 -0.000566 -0.000948 -0.000691 -1.339328 -0.242109 -1.327159 0.081161 -1.772339 -0.700344 -0.336009 -0.036858 -0.721442 -6.605048 -11.925963 19.697545 -71.464035 -28.449418 29.620967 -82.116824 -86.033466 87.132091 21.958729 -8.898068 -14.365719 -13.765691 13.009938 18.781748 -3.572659 -6.207458 -8.171775 0.713417 4.459578 -1.957726 -0.001069 -0.000537 -0.000535 2.785254 -0.065406 -1.153225 -59.924632 8.347196 5.319857 -33.273353 -9.453797 6.381644 -6.578801 -1.815857 -4.075355 -0.000351 -0.000332 0.000322 2.725427 -1.757502 2.003978 -59.306454 9.177919 0.422213 -35.807699 -8.501161 6.446532 -4.261036 -1.497593 -5.325773 0.000149 -0.001191 0.000116 5.738792 -0.995574 -14.172487 -53.194323 21.100186 11.050559 -38.394849 -2.214049 1.415312 -29.692602 -2.389139 -8.528425 0.000729 -0.000653 0.000334 3.927610 0.850729 -9.354923 -49.597802 14.808299 8.812625 -37.792144 -3.653838 2.599768 -22.125850 -0.729760 -8.690521 0.000588 -0.000919 0.000073 -7.329728 15.177199 23.500747 70.338443 23.946406 30.689500 52.070790 79.121254 50.558341 -24.736023 20.599733 7.879395 20.350646 -29.181622 25.174716 -0.825290 4.584727 -13.325456 -2.095013 -2.969452 3.533585 -0.000512 0.001421 -0.000066 0.427010 -3.237755 3.018280 52.734330 -9.571769 6.655012 31.535480 8.031796 4.126860 4.803728 2.998354 -4.739775 -0.000889 0.001014 0.000259 -1.807156 -1.260794 6.416520 55.627663 -8.206297 4.393088 38.475585 9.534381 6.101495 5.819387 3.488436 -7.169555 -0.000169 0.000861 -0.000716 -7.206402 -2.393885 -8.935314 54.918875 -15.417550 14.752569 45.757080 6.895783 3.787874 33.118168 6.734708 -14.823510 0.000083 -0.000528 -0.001058 -8.850136 -3.942455 -3.134336 55.323961 -10.252338 13.251284 45.704952 13.487306 8.634339 27.641246 7.531703 -19.616072 -0.003897 0.002205 0.000036 1.273116 -0.139419 -25.986812 0.771404 -2.824424 17.201450 -9.345792 -5.773338 16.188910 -0.898449 -1.035378 1.337820 0.001188 0.000290 1.000013 -3.818469 -15.009461 7.031930 -2.044693 -3.138986 25.882939 5.598190 -10.846842 -12.438072 -0.242620 2.539052 -4.870252 -0.002153 0.000100 1.001183
-6.486598 109.359154 -1.155244 2.174091 41.007602 -0.220710 -1.649307 1.010602 8.014006 1.244492 5.288244 -5.912328 -4.888458 5.416442 13.094023 -1.795440 1.732424 3.065218 -11.701114 6.782018 10.287053 4.838673 28.434192 -7.895037 -0.000558 -0.000952 -0.000694 -1.351871 -0.242793 -1.341604 0.081882 -1.776722 -0.716368 -0.335771 -0.041350 -0.737687 -6.705642 -11.999854 19.666143 -71.455447 -28.403697 29.439866 -81.889546 -86.027399 86.944448 21.976860 -8.986902 -14.567712 -13.760245 12.966567 18.753881 -3.579259 -6.206332 -8.165763 0.696637 4.437045 -1.985993 -0.001067 -0.000533 -0.000532 2.792315 -0.037751 -1.149456 -59.789579 8.323980 5.345588 -33.109303 -9.430254 6.337818 -6.481220 -1.801619 -4.021555 -0.000349 -0.000329 0.000320 2.705911 -1.734221 2.007299 -59.188729 9.183805 0.426559 -35.629220 -8.477488 6.399928 -4.152609 -1.475537 -5.273487 0.000150 -0.001188 0.000124 5.705881 -0.971588 -14.171525 -53.103388 21.094247 11.065886 -38.208535 -2.198335 1.401397 -29.544899 -2.358965 -8.499024 0.000735 -0.000642 0.000324 3.886562 0.853547 -9.366242 -49.516228 14.826313 8.823187 -37.610219 -3.635679 2.572808 -21.966788 -0.688842 -8.661742 0.000579 -0.000914 0.000072 -7.400200 15.194742 23.477512 70.251262 24.005997 30.682613 51.898293 79.167443 50.344139 -24.680373 20.473659 8.019844 20.330749 -29.168405 25.190782 -0.831834 4.609374 -13.314358 -2.078560 -2.923953 3.510258 -0.000505 0.001424 -0.000067 0.411940 -3.234615 3.036221 52.636791 -9.566481 6.669500 31.386526 8.010925 4.089324 4.701873 2.981645 -4.720340 -0.000870 0.001001 0.000261 -1.834872 -1.243611 6.410612 55.538573 -8.239855 4.384143 38.311024 9.503112 6.059113 5.714214 3.454408 -7.114004 -0.000156 0.000858 -0.000714 -7.238112 -2.385664 -8.930562 54.828307 -15.428045 14.765334 45.576435 6.860728 3.751010 32.991946 6.671880 -14.773640 0.000081 -0.000524 -0.001050 -8.882788 -3.936165 -3.135329 55.204124 -10.279851 13.253865 45.524976 13.450107 8.578449 27.524777 7.445623 -19.544031 -0.003901 0.002210 0.000032 1.236982 -0.084336 -25.959128 0.777815 -2.804037 17.169439 -9.310354 -5.754121 16.137570 -0.923817 -1.018092 1.362600 0.001192 0.000282 1.000011 -3.814734 -14.975569 7.066573 -2.038305 -3.120273 25.801641 5.620528 -10.907260 -12.442248 -0.234648 2.540612 -4.793691 -0.002151 0.000109 1.001185
-6.506543 109.392944 -0.865819 2.137367 41.023264 -0.286636 -1.643782 0.995610 8.021346 1.227871 5.283918 -5.970605 -4.891171 5.390006 13.203198 -1.789829 1.738404 3.019733 -11.727206 6.750544 10.224896 4.744759 28.386138 -7.988899 -0.000553 -0.000950 -0.000706 -1.356666 -0.242795 -1.365213 0.085734 -1.769932 -0.695620 -0.331305 -0.034171 -0.717719 -6.746342 -12.084000 19.665401 -71.512502 -28.363340 29.229809 -81.967737 -85.999721 87.097938 22.101013 -9.024018 -14.893552 -13.707055 12.973647 18.721018 -3.569642 -6.203839 -8.186776 0.686946 4.452418 -1.982486 -0.001058 -0.000536 -0.000530 2.852838 0.016655 -1.161119 -59.796789 8.277239 5.348597 -32.978762 -9.433209 6.301505 -6.395036 -1.784157 -3.965987 -0.000351 -0.000329 0.000319 2.718638 -1.706771 2.012521 -59.182930 9.150112 0.412577 -35.478474 -8.481077 6.364172 -4.040859 -1.453080 -5.239249 0.000147 -0.001179 0.000122 5.700435 -0.948424 -14.178199 -53.117670 21.053338 11.061443 -38.040509 -2.192278 1.372215 -29.409571 -2.345605 -8.492333 0.000732 -0.000631 0.000319 3.858069 0.829325 -9.390467 -49.531868 14.828252 8.805316 -37.456264 -3.624696 2.540233 -21.810022 -0.655899 -8.657649 0.000569 -0.000909 0.000074 -7.469066 15.210433 23.488106 70.210937 24.074510 30.632748 51.761373 79.202000 50.175449 -24.786314 20.216684 8.206172 20.303792 -29.261417 25.245977 -0.844188 4.601155 -13.328137 -2.062986 -2.922889 3.511467 -0.000505 0.001437 -0.000062 0.410104 -3.275010 3.067881 52.643673 -9.577321 6.663737 31.241033 7.974770 4.061648 4.592064 2.973268 -4.632237 -0.000847 0.000989 0.000267 -1.854786 -1.252699 6.418128 55.550037 -8.277254 4.372143 38.142951 9.453792 6.015442 5.597994 3.416918 -7.043676 -0.000130 0.000844 -0.000707 -7.275736 -2.392206 -8.903797 54.836221 -15.452059 14.762939 45.421485 6.807810 3.709897 32.874652 6.610947 -14.717134 0.000100 -0.000561 -0.001054 -8.917408 -3.933895 -3.098243 55.180891 -10.295748 13.250082 45.393730 13.398867 8.517910 27.412977 7.360332 -19.478509 -0.003863 0.002175 0.000026 1.222137 -0.069740 -25.946412 0.804965 -2.803442 17.157777 -9.242823 -5.704678 16.120657 -0.939144 -0.987479 1.387556 0.001198 0.000277 1.000010 -3.773359 -14.928347 7.068200 -2.048273 -3.121182 25.768888 5.603171 -11.017031 -12.466359 -0.244067 2.530522 -4.677331 -0.002152 0.000108 1.001232
-6.484339 109.401367 -0.545431 2.088883 41.063933 -0.392721 -1.646811 0.986580 8.022747 1.217097 5.295484 -6.011723 -4.884022 5.386949 13.269917 -1.791069 1.731144 2.957992 -11.714194 6.747973 10.241778 4.689837 28.258983 -8.031168 -0.000542 -0.000943 -0.000719 -1.356067 -0.237943 -1.384874 0.091941 -1.752812 -0.727358 -0.326082 -0.016896 -0.750024 -6.796876 -12.159371 19.620834 -71.461261 -28.349005 29.136015 -82.376341 -85.947026 87.517003 22.180175 -9.191921 -15.196660 -13.715695 13.054769 18.714105 -3.531510 -6.136182 -8.216273 0.704045 4.504148 -1.956694 -0.001049 -0.000542 -0.000526 2.894924 0.121597 -1.165418 -59.958933 8.289213 5.345774 -32.888783 -9.418372 6.275616 -6.319139 -1.780016 -3.911587 -0.000360 -0.000328 0.000323 2.728007 -1.633939 2.033317 -59.322755 9.124643 0.415164 -35.379260 -8.471751 6.332689 -3.945735 -1.441774 -5.207566 0.000147 -0.001166 0.000117 5.700870 -0.887846 -14.159243 -53.289710 21.037155 11.018865 -37.934497 -2.180055 1.350475 -29.294195 -2.338191 -8.487449 0.000721 -0.000619 0.000309 3.834086 0.854111 -9.377569 -49.692895 14.816562 8.765093 -37.373340 -3.623546 2.518575 -21.673324 -0.631225 -8.655159 0.000558 -0.000895 0.000068 -7.522666 15.190100 23.477372 70.133687 24.050438 30.581594 52.048983 79.276449 50.409199 -24.939424 20.043987 8.310648 20.296163 -29.415029 25.308343 -0.902287 4.538256 -13.347739 -2.064863 -2.953450 3.515669 -0.000504 0.001454 -0.000058 0.383598 -3.376891 3.120123 52.801055 -9.638988 6.649690 31.128945 7.936370 4.045535 4.487518 2.977037 -4.524616 -0.000820 0.000971 0.000273 -1.890191 -1.314861 6.459257 55.699271 -8.315241 4.371050 38.001574 9.408799 5.970799 5.475793 3.387792 -6.955801 -0.000098 0.000824 -0.000700 -7.329499 -2.444449 -8.849984 54.998389 -15.482940 14.738541 45.293164 6.747620 3.658229 32.747895 6.544058 -14.649704 0.000131 -0.000609 -0.001060 -8.954930 -3.979125 -3.032150 55.300985 -10.286602 13.230594 45.298620 13.352583 8.451733 27.282567 7.266674 -19.406949 -0.003816 0.002133 0.000014 1.200702 -0.021841 -25.913351 0.834989 -2.794823 17.174658 -9.181283 -5.642699 16.076716 -0.948162 -0.962028 1.434219 0.001207 0.000270 1.000015 -3.754930 -14.931658 7.057723 -2.039623 -3.103825 25.877039 5.612835 -11.059095 -12.499413 -0.231924 2.497097 -4.564825 -0.002154 0.000104 1.001290
-6.411714 109.399605 -0.189955 2.039897 41.062142 -0.466206 -1.641711 0.988279 8.013701 1.216512 5.316168 -6.031193 -4.876699 5.398459 13.317622 -1.825026 1.719835 2.905211 -11.707449 6.778426 10.276182 4.672282 28.091027 -8.061997 -0.000541 -0.000945 -0.000731 -1.348399 -0.231359 -1.405686 0.097877 -1.719347 -0.745978 -0.320771 0.016919 -0.769515 -6.834914 -12.204730 19.567300 -71.370180 -28.336353 29.146617 -83.535755 -85.928534 88.659653 22.165756 -9.293631 -15.306882 -13.753925 13.151310 18.746241 -3.515776 -6.069560 -8.236664 0.720852 4.552555 -1.923952 -0.001049 -0.000558 -0.000534 2.893955 0.198408 -1.159122 -60.092237 8.309569 5.339965 -32.856894 -9.407850 6.271809 -6.290998 -1.774250 -3.875475 -0.000374 -0.000320 0.000330 2.716858 -1.586162 2.050769 -59.430420 9.116229 0.411582 -35.342829 -8.458882 6.321946 -3.911473 -1.435931 -5.187366 0.000149 -0.001167 0.000108 5.697662 -0.846331 -14.149146 -53.410419 21.032794 10.986207 -37.893523 -2.167529 1.341742 -29.260249 -2.335948 -8.486030 0.000712 -0.000627 0.000303 3.821896 0.876267 -9.362553 -49.795723 14.804735 8.742943 -37.349168 -3.623130 2.512402 -21.631489 -0.623332 -8.655252 0.000553 -0.000892 0.000054 -7.587775 15.198777 23.466254 70.103141 24.011496 30.568275 52.506854 79.357864 50.815806 -25.025116 19.956433 8.247612 20.260880 -29.567274 25.362605 -0.937520 4.465907 -13.374330 -2.060770 -2.990204 3.525093 -0.000518 0.001472 -0.000046 0.327101 -3.490058 3.150548 52.987640 -9.684138 6.635040 31.145031 7.950164 4.053012 4.454327 2.993323 -4.463967 -0.000813 0.000964 0.000288 -1.928887 -1.392191 6.486837 55.856150 -8.325039 4.376707 37.993005 9.423636 5.962109 5.429889 3.385384 -6.926342 -0.000075 0.000806 -0.000703 -7.373189 -2.503722 -8.809754 55.167436 -15.490242 14.711178 45.284937 6.746333 3.643571 32.710171 6.530534 -14.625608 0.000158 -0.000680 -0.001074 -8.962568 -4.027130 -2.984724 55.423026 -10.252924 13.218437 45.295615 13.361115 8.441230 27.243088 7.244202 -19.389962 -0.003765 0.002076 0.000002 1.205178 0.003621 -25.911887 0.864957 -2.787911 17.227983 -9.171951 -5.611812 16.118316 -0.939419 -0.936473 1.460874 0.001214 0.000267 1.000034 -3.744218 -14.963041 7.071655 -2.047568 -3.111937 25.913956 5.613937 -11.084498 -12.523895 -0.212768 2.468474 -4.471691 -0.002164 0.000097 1.001357
-6.280385 109.397736 0.204747 1.986575 41.111251 -0.506418 -1.609254 0.982673 8.026352 1.201718 5.350732 -6.062239 -4.868154 5.398370 13.335006 -1.871780 1.703302 2.866177 -11.744794 6.853214 10.314288 4.656434 28.114487 -8.083893 -0.000534 -0.000940 -0.000738 -1.347393 -0.225855 -1.412439 0.102734 -1.695292 -0.773516 -0.316790 0.041145 -0.797658 -6.919607 -12.259078 19.549934 -71.159252 -28.349152 29.235955 -85.395735 -85.910947 90.430188 21.943960 -9.396059 -15.137362 -13.797315 13.279358 18.817158 -3.500773 -6.006972 -8.264999 0.746239 4.579202 -1.874373 -0.001045 -0.000566 -0.000534 2.889291 0.232263 -1.142350 -60.169515 8.342663 5.314768 -32.878589 -9.418140 6.288201 -6.315962 -1.762099 -3.868962 -0.000385 -0.000309 0.000334 2.720661 -1.588219 2.074893 -59.492078 9.143230 0.384686 -35.379289 -8.455660 6.326103 -3.936219 -1.434717 -5.190452 0.000148 -0.001161 0.000101 5.729705 -0.838158 -14.142344 -53.470755 21.051586 10.960441 -37.920941 -2.151791 1.341217 -29.317999 -2.345191 -8.497004 0.000702 -0.000627 0.000298 3.858321 0.875895 -9.340947 -49.825223 14.805864 8.735692 -37.380095 -3.615960 2.509651 -21.699892 -0.635715 -8.657785 0.000548 -0.000887 0.000037 -7.656471 15.250751 23.524879 70.092006 23.938361 30.534400 53.347827 79.443958 51.592241 -25.102934 20.112230 8.083831 20.159836 -29.685295 25.417924 -0.968970 4.406546 -13.426823 -2.046434 -2.978100 3.529194 -0.000524 0.001483 -0.000038 0.216331 -3.570663 3.146552 53.107594 -9.682247 6.633936 31.235495 8.048930 4.068808 4.477150 3.019964 -4.439352 -0.000805 0.000953 0.000296 -1.987299 -1.438342 6.473548 55.926303 -8.303944 4.388082 38.057433 9.518411 5.980575 5.427086 3.399858 -6.973930 -0.000058 0.000792 -0.000701 -7.414093 -2.532478 -8.811150 55.230526 -15.442909 14.712461 45.338856 6.818934 3.658625 32.737961 6.574726 -14.664582 0.000183 -0.000722 -0.001086 -8.942833 -4.019939 -2.998489 55.435254 -10.214990 13.208970 45.305984 13.434636 8.474562 27.267208 7.283082 -19.445247 -0.003739 0.002053 -0.000006 1.210539 0.040906 -25.914191 0.887394 -2.754190 17.248362 -9.165133 -5.628043 16.174626 -0.934353 -0.926098 1.499397 0.001218 0.000263 1.000050 -3.729258 -15.045950 7.083771 -2.059349 -3.149981 25.948953 5.597974 -11.035402 -12.511723 -0.177770 2.447166 -4.415949 -0.002165 0.000095 1.001393
-6.082051 109.378067 0.642825 1.959049 41.019021 -0.518293 -1.582484 0.972049 8.030316 1.209038 5.366412 -6.041298 -4.850071 5.404599 13.314820 -1.889722 1.703149 2.870788 -11.787390 6.904815 10.278685 4.591194 28.184094 -8.167262 -0.000515 -0.000923 -0.000728 -1.347147 -0.219830 -1.422188 0.104490 -1.692170 -0.782524 -0.315296 0.044341 -0.806277 -6.893254 -12.247692 19.580512 -71.047814 -28.318452 29.334598 -88.268372 -85.943325 93.245009 21.590216 -9.347224 -14.867005 -13.763934 13.299589 18.829169 -3.526125 -5.982672 -8.258195 0.753869 4.620989 -1.844093 -0.001030 -0.000553 -0.000511 2.860218 0.217366 -1.117078 -60.060225 8.360981 5.288751 -32.741609 -9.333785 6.217529 -6.295368 -1.751596 -3.762659 -0.000384 -0.000298 0.000322 2.696472 -1.610634 2.102907 -59.351101 9.178820 0.353815 -35.253093 -8.372071 6.270112 -3.906104 -1.427148 -5.113148 0.000142 -0.001140 0.000106 5.718396 -0.848961 -14.123635 -53.311517 21.045964 10.991982 -37.769500 -2.114144 1.329460 -29.267178 -2.330470 -8.476515 0.000699 -0.000604 0.000288 3.874083 0.863650 -9.308239 -49.682281 14.808850 8.779570 -37.240363 -3.584458 2.496329 -21.626589 -0.614046 -8.653955 0.000534 -0.000876 0.000034 -7.657885 15.330023 23.586126 70.153955 23.851406 30.509364 54.564112 79.550680 52.796960 -25.116729 20.300834 7.981234 20.098728 -29.648768 25.404623 -0.970888 4.371558 -13.431091 -2.038926 -3.040804 3.530252 -0.000492 0.001466 -0.000049 0.172301 -3.591311 3.132421 53.096906 -9.655747 6.625093 31.183991 8.045907 4.039320 4.459580 3.036268 -4.367502 -0.000787 0.000929 0.000282 -1.997282 -1.439311 6.448449 55.877882 -8.295784 4.385009 37.993032 9.503558 5.931855 5.381816 3.397164 -6.931812 -0.000064 0.000793 -0.000697 -7.414178 -2.522708 -8.834573 55.185827 -15.393111 14.718694 45.253955 6.785024 3.621743 32.683672 6.547286 -14.644594 0.000178 -0.000657 -0.001069 -8.906216 -3.964458 -3.029455 55.384651 -10.201558 13.207534 45.198098 13.388053 8.412949 27.209185 7.231631 -19.423097 -0.003794 0.002118 -0.000001 1.226673 0.048704 -25.919712 0.960522 -2.743976 17.345905 -9.147983 -5.637662 16.211308 -0.930771 -0.918754 1.519012 0.001212 0.000253 1.000049 -3.724733 -15.054064 7.078201 -2.084461 -3.137537 26.017809 5.591301 -11.033868 -12.515846 -0.156910 2.432382 -4.391885 -0.002141 0.000107 1.001328
-5.808385 109.363426 1.128445 1.838546 41.156407 -0.608674 -1.522012 1.015825 8.008560 1.259795 5.345312 -6.139191 -4.810805 5.443265 13.358036 -1.875345 1.741178 2.894088 -12.082948 7.027599 10.254180 4.501037 28.923217 -8.385187 -0.000454 -0.000884 -0.000689 -1.342689 -0.219628 -1.423084 0.106475 -1.693943 -0.862449 -0.315619 0.040807 -0.884320 -6.930490 -12.195750 19.493866 -70.728450 -28.260175 29.620287 -91.120364 -85.822903 95.918974 21.081076 -8.684177 -14.502656 -13.641848 13.533646 18.948217 -3.516303 -5.922263 -8.280923 0.794667 4.728992 -1.766113 -0.001010 -0.000503 -0.000438 2.948630 0.417169 -1.046932 -60.062906 8.436081 5.193217 -32.569975 -9.191103 6.085983 -6.262817 -1.778119 -3.512696 -0.000379 -0.000291 0.000289 2.787415 -1.470143 2.247367 -59.365807 9.237296 0.275975 -35.065696 -8.256641 6.125710 -3.825484 -1.426762 -4.954582 0.000130 -0.001093 0.000135 5.796893 -0.720596 -14.008140 -53.249434 21.052080 10.932787 -37.600297 -2.056636 1.279037 -29.189600 -2.322225 -8.475728 0.000707 -0.000523 0.000256 3.941775 1.002147 -9.234529 -49.628129 14.813704 8.771693 -37.111366 -3.522085 2.432031 -21.528287 -0.576025 -8.701836 0.000512 -0.000815 0.000047 -7.516772 15.364409 23.966742 70.112889 23.821714 30.410340 55.336778 79.747671 53.725399 -25.277759 19.344436 7.178992 20.070335 -29.660838 25.429845 -0.941306 4.305361 -13.424235 -2.002765 -3.178860 3.490673 -0.000388 0.001409 -0.000093 0.134878 -3.813995 3.143343 53.053271 -9.647196 6.660301 30.810587 7.898777 3.955065 4.374583 3.087881 -3.997367 -0.000757 0.000875 0.000217 -1.948360 -1.655639 6.508392 55.727370 -8.343272 4.339677 37.504861 9.333593 5.765935 5.128588 3.336370 -6.681086 -0.000101 0.000815 -0.000690 -7.326476 -2.706901 -8.752775 54.965452 -15.351218 14.740636 44.705067 6.545260 3.432433 32.405747 6.352593 -14.486947 0.000127 -0.000411 -0.001002 -8.677453 -4.079256 -2.956950 55.102420 -10.242401 13.188277 44.709878 13.076666 8.084908 26.874504 6.903204 -19.221322 -0.003970 0.002338 0.000030 1.256655 0.094183 -25.851659 1.025003 -2.690740 17.333523 -9.053761 -5.669727 16.084895 -0.916703 -0.903344 1.510089 0.001204 0.000221 1.000014 -3.691980 -15.076585 7.269135 -1.935892 -3.175629 25.900967 5.512410 -10.931304 -12.372972 -0.138752 2.408782 -4.407891 -0.002085 0.000146 1.001104
-5.451036 109.362747 1.665787 1.911364 41.119914 -0.386291 -1.496281 1.015566 8.044446 1.281629 5.293572 -6.239890 -4.734933 5.478094 13.257277 -1.909322 1.864479 2.806473 -12.517247 6.910720 10.162249 4.607294 29.461474 -8.121909 -0.000403 -0.000863 -0.000661 -1.334974 -0.210528 -1.405452 0.109161 -1.679131 -0.897290 -0.313919 0.054948 -0.918268 -6.813611 -12.120171 19.327841 -70.210487 -28.059717 30.043332 -96.445065 -85.688925 100.802584 20.494955 -8.394649 -13.014978 -13.696473 13.823531 19.186086 -3.474400 -5.918920 -8.306600 0.847995 4.734461 -1.684519 -0.000985 -0.000473 -0.000390 2.991074 0.368003 -0.877480 -59.936113 8.443303 5.180086 -32.343335 -9.113034 6.017082 -6.240324 -1.760236 -3.329345 -0.000375 -0.000291 0.000270 2.943779 -1.564872 2.373901 -59.256984 9.302234 0.300855 -34.867193 -8.145866 6.037343 -3.759831 -1.401138 -4.832950 0.000124 -0.001052 0.000157 6.031139 -0.787255 -13.910471 -53.079318 21.075215 11.043081 -37.404709 -1.984381 1.252523 -29.164613 -2.298322 -8.467390 0.000713 -0.000468 0.000220 4.261773 0.954924 -9.114914 -49.438205 14.836268 8.849000 -36.980215 -3.439843 2.413700 -21.503354 -0.537767 -8.677591 0.000478 -0.000773 0.000052 -7.463599 15.458570 24.003242 70.383123 23.796882 30.907544 54.736663 79.908506 53.314649 -25.749620 18.826982 6.446250 19.891088 -29.565626 25.443895 -0.903474 4.360215 -13.469581 -1.946616 -3.141251 3.449137 -0.000317 0.001358 -0.000125 -0.026103 -3.829552 3.070241 52.695543 -9.463599 6.752334 30.498060 7.982603 3.866326 4.317015 3.103701 -3.808589 -0.000712 0.000818 0.000180 -1.979781 -1.665035 6.415880 55.257423 -8.299662 4.344158 37.082460 9.397309 5.654236 4.955263 3.296495 -6.636109 -0.000102 0.000838 -0.000680 -7.287219 -2.682933 -8.839829 54.404992 -15.242344 14.839909 44.223060 6.573493 3.356032 32.229170 6.317554 -14.484739 0.000085 -0.000184 -0.000950 -8.492836 -3.994701 -3.127800 54.468429 -10.291394 13.236343 44.205986 13.008316 7.926993 26.650034 6.766136 -19.216960 -0.004149 0.002563 0.000044 1.268071 -0.012563 -25.840043 1.050476 -2.711970 17.197991 -9.095940 -5.537086 16.006409 -0.910077 -0.857144 1.398883 0.001187 0.000190 0.999993 -3.715859 -15.087581 7.367912 -1.910374 -3.203911 25.589034 5.433394 -10.957874 -12.281407 -0.132446 2.402978 -4.444751 -0.002036 0.000176 1.000883
-5.001627 109.337822 2.259048 1.929498 41.084367 -0.231997 -1.487283 1.012013 8.028180 1.306683 5.228374 -6.285064 -4.660974 5.475115 13.178051 -1.981888 2.066657 2.690342 -13.060680 6.762197 9.973771 4.740685 30.066835 -7.817292 -0.000370 -0.000873 -0.000645 -1.344181 -0.194219 -1.388987 0.113341 -1.646380 -0.909491 -0.310065 0.086878 -0.930346 -6.948256 -11.998514 19.430101 -69.870826 -27.761555 30.071992 -103.127372 -85.559094 107.263820 19.889049 -7.743218 -11.769771 -13.689759 13.851589 19.263590 -3.484013 -5.977209 -8.297587 0.856805 4.680230 -1.655897 -0.000986 -0.000464 -0.000379 3.012367 0.232201 -0.757211 -59.572343 8.418480 5.152808 -32.130679 -9.021048 5.926870 -6.194435 -1.730895 -3.200290 -0.000385 -0.000279 0.000258 3.039405 -1.704844 2.446267 -58.925236 9.402171 0.293100 -34.670727 -8.023144 5.940452 -3.702814 -1.364650 -4.721963 0.000141 -0.001050 0.000182 6.169858 -0.876441 -13.859350 -52.685831 21.101304 11.203440 -37.198356 -1.914334 1.228600 -29.093169 -2.249429 -8.417435 0.000728 -0.000463 0.000180 4.476249 0.870927 -9.020656 -49.068466 14.897033 8.956310 -36.802947 -3.358759 2.393258 -21.429577 -0.478758 -8.608559 0.000442 -0.000746 0.000037 -7.131146 15.573567 23.993308 70.647269 23.635961 31.343324 53.981088 80.133482 52.776745 -25.884212 18.212948 5.816427 19.701544 -29.159001 25.302508 -0.813490 4.516627 -13.475987 -1.872078 -3.058726 3.390449 -0.000299 0.001320 -0.000136 -0.143045 -3.712847 2.943576 52.140228 -9.230390 6.842385 30.283481 8.106092 3.769603 4.277506 3.121123 -3.804084 -0.000691 0.000783 0.000183 -1.978429 -1.556724 6.246142 54.659786 -8.271602 4.333633 36.809302 9.490438 5.565813 4.881911 3.287640 -6.647714 -0.000082 0.000866 -0.000688 -7.198820 -2.578494 -9.004175 53.750780 -15.145320 14.937014 43.845350 6.649371 3.311664 32.111255 6.323480 -14.489228 0.000044 -0.000001 -0.000919 -8.283948 -3.839274 -3.395569 53.772400 -10.382587 13.291966 43.789176 12.989195 7.853245 26.511542 6.711328 -19.227752 -0.004299 0.002752 0.000033 1.306506 -0.126099 -25.890678 1.114980 -2.767837 17.284124 -9.094322 -5.444955 15.943885 -0.904100 -0.807657 1.250028 0.001169 0.000156 1.000006 -3.712129 -15.078154 7.440578 -1.869123 -3.252471 25.451492 5.351472 -11.017398 -12.268860 -0.155505 2.376347 -4.432051 -0.002013 0.000202 1.000705
-4.451752 109.308456 2.912443 1.983998 41.117567 -0.125748 -1.491739 0.990964 7.965085 1.359291 5.214006 -6.303224 -4.638724 5.470407 13.141231 -2.022389 2.247187 2.644787 -13.495834 6.642087 9.763099 4.758356 30.425312 -7.772986 -0.000373 -0.000909 -0.000636 -1.362641 -0.176301 -1.372581 0.120124 -1.609171 -0.988198 -0.305630 0.122325 -1.009172 -7.096583 -11.899441 19.758460 -69.832321 -27.348783 29.741295 -109.797136 -85.342279 113.982068 18.983102 -6.726652 -11.232510 -13.659022 13.963714 19.339401 -3.526401 -5.901589 -8.289924 0.839814 4.682970 -1.656095 -0.000998 -0.000452 -0.000411 2.965306 0.358514 -0.616412 -59.315506 8.526624 5.068315 -32.003083 -8.867131 5.845918 -6.185966 -1.702879 -3.050560 -0.000380 -0.000258 0.000262 3.028880 -1.580976 2.607564 -58.746115 9.607718 0.195903 -34.525698 -7.868113 5.847339 -3.699810 -1.341074 -4.584839 0.000176 -0.001083 0.000214 6.186928 -0.733205 -13.712033 -52.469464 21.291068 11.218821 -37.071729 -1.817295 1.199497 -29.069934 -2.189437 -8.349187 0.000755 -0.000495 0.000149 4.512402 1.032197 -8.771731 -48.881249 15.031921 8.993906 -36.710830 -3.282707 2.380917 -21.425513 -0.423251 -8.557502 0.000414 -0.000740 0.000022 -6.895858 15.649686 24.067040 70.638637 23.463345 31.618562 55.792607 80.302610 54.560352 -26.075447 18.117390 5.587249 19.625419 -29.008793 25.309116 -0.828859 4.560825 -13.470518 -1.864653 -3.025580 3.342413 -0.000323 0.001288 -0.000129 -0.235476 -3.690469 2.916566 52.021093 -9.153307 6.903052 30.341914 8.208134 3.754564 4.346517 3.145771 -3.868588 -0.000706 0.000783 0.000215 -2.030515 -1.519055 6.182807 54.530357 -8.293606 4.321718 36.910935 9.581195 5.567939 4.955749 3.299801 -6.689792 -0.000069 0.000897 -0.000715 -7.233364 -2.551733 -9.055811 53.631550 -15.113302 14.920474 43.871867 6.709900 3.314097 32.159192 6.339444 -14.503896 0.000001 0.000119 -0.000908 -8.275606 -3.811683 -3.521109 53.573390 -10.427870 13.281123 43.788558 13.020300 7.855803 26.581494 6.729760 -19.248422 -0.004404 0.002888 0.000013 1.331435 -0.221343 -25.902492 1.143210 -2.736834 17.457343 -9.048137 -5.392055 15.725259 -0.871713 -0.778768 1.244417 0.001164 0.000127 1.000052 -3.742030 -15.039960 7.609062 -1.786645 -3.279916 25.338611 5.283985 -11.049568 -12.220522 -0.184083 2.351652 -4.405394 -0.001999 0.000226 1.000588
-3.792973 109.244453 3.630207 2.044523 41.124824 -0.003359 -1.461996 0.973169 7.916172 1.376601 5.199565 -6.306489 -4.628232 5.488755 13.164653 -2.048880 2.387631 2.562158 -13.850627 6.563586 9.544007 4.733009 30.829984 -7.791740 -0.000387 -0.000964 -0.000635 -1.387212 -0.163149 -1.371570 0.125818 -1.580436 -1.015095 -0.300730 0.150002 -1.036461 -7.267568 -11.709199 20.049708 -69.717831 -26.921850 29.341589 -117.385274 -84.851352 121.589121 18.927515 -6.613418 -11.082188 -13.636131 13.866025 19.259154 -3.540740 -5.868859 -8.248412 0.837370 4.692754 -1.691237 -0.001034 -0.000464 -0.000459 2.965489 0.425866 -0.626028 -59.088277 8.547936 5.073458 -31.776404 -8.696357 5.722093 -6.054001 -1.704281 -2.884150 -0.000394 -0.000241 0.000264 3.022776 -1.519435 2.622276 -58.538601 9.680533 0.202989 -34.232244 -7.747219 5.717513 -3.557118 -1.322254 -4.427557 0.000227 -0.001142 0.000243 6.171280 -0.677373 -13.700076 -52.262073 21.330706 11.275928 -36.790502 -1.771283 1.172434 -28.826830 -2.112327 -8.256546 0.000788 -0.000549 0.000118 4.479895 1.076030 -8.723967 -48.652463 15.058468 9.028236 -36.443797 -3.243351 2.351451 -21.155279 -0.324668 -8.490428 0.000385 -0.000739 0.000001 -6.677116 15.697068 24.176292 70.586301 23.289840 31.918154 59.065864 80.576520 57.709094 -25.673964 18.222197 5.523111 19.662921 -28.814667 25.174804 -0.795021 4.580716 -13.398737 -1.845156 -3.063930 3.287841 -0.000373 0.001270 -0.000114 -0.202460 -3.781851 2.849756 51.927261 -9.124983 6.931943 30.110268 8.114176 3.690588 4.230905 3.167865 -3.809247 -0.000729 0.000795 0.000262 -1.982597 -1.578816 6.132753 54.378065 -8.329454 4.317204 36.665333 9.479509 5.451278 4.846329 3.262993 -6.481440 -0.000040 0.000924 -0.000755 -7.181277 -2.595879 -9.048297 53.525634 -15.121273 14.883754 43.535268 6.604568 3.198753 31.932978 6.176149 -14.320591 -0.000043 0.000164 -0.000905 -8.192457 -3.878959 -3.547667 53.388153 -10.433255 13.280794 43.510159 12.880593 7.673888 26.352996 6.510627 -19.015889 -0.004462 0.002952 -0.000025 1.344480 -0.296864 -26.020657 1.197511 -2.715359 17.844014 -9.044270 -5.278667 15.568215 -0.819434 -0.738907 1.208754 0.001144 0.000099 1.000098 -3.770431 -15.035884 7.745203 -1.752533 -3.314939 25.315683 5.261988 -11.096933 -12.303872 -0.196347 2.302578 -4.371506 -0.001995 0.000243 1.000535
-3.016825 109.190712 4.416589 2.140668 41.095295 0.183967 -1.411614 0.951892 7.936470 1.353724 5.184685 -6.332722 -4.613867 5.495966 13.169383 -2.069624 2.492666 2.446867 -14.134000 6.467648 9.346255 4.728787 31.163996 -7.725982 -0.000406 -0.001031 -0.000626 -1.403297 -0.152245 -1.363145 0.128929 -1.564422 -1.041570 -0.298410 0.164883 -1.062816 -7.401781 -11.464657 20.279767 -69.374645 -26.558494 29.074074 -123.726799 -84.166805 127.783497 19.733402 -7.260709 -11.238124 -13.585017 13.635423 19.126429 -3.500135 -5.915412 -8.206319 0.862915 4.658012 -1.743512 -0.001090 -0.000503 -0.000521 3.047901 0.330016 -0.733385 -58.857307 8.446648 5.179318 -31.676911 -8.670194 5.680615 -5.966189 -1.726510 -2.871180 -0.000428 -0.000232 0.000271 3.096146 -1.624986 2.487174 -58.297126 9.609887 0.322142 -34.072191 -7.761526 5.654625 -3.475530 -1.327594 -4.393888 0.000283 -0.001219 0.000265 6.219698 -0.809553 -13.856846 -52.025577 21.244503 11.387033 -36.632701 -1.795815 1.173231 -28.665338 -2.075105 -8.214117 0.000823 -0.000625 0.000086 4.507974 0.915451 -8.918595 -48.349894 14.988257 9.074829 -36.262364 -3.235038 2.343293 -20.963619 -0.269016 -8.440076 0.000363 -0.000747 -0.000030 -6.380679 15.675931 24.357316 70.555951 23.183274 32.250909 62.860793 80.842446 61.395770 -25.108165 18.353181 5.446664 19.748923 -28.690027 24.986766 -0.733942 4.594611 -13.330245 -1.832016 -3.076715 3.249147 -0.000438 0.001245 -0.000102 -0.084243 -3.912236 2.782984 51.809326 -9.099025 6.949915 29.892160 7.997977 3.643208 4.130090 3.165569 -3.770599 -0.000768 0.000814 0.000313 -1.864256 -1.679071 6.109677 54.199328 -8.355153 4.325257 36.399803 9.370771 5.352478 4.753043 3.224356 -6.280474 -0.000013 0.000961 -0.000809 -7.065746 -2.656020 -9.020662 53.407103 -15.176099 14.849274 43.215974 6.514535 3.099388 31.712830 6.024457 -14.142821 -0.000107 0.000232 -0.000898 -8.064384 -3.969973 -3.522070 53.225231 -10.457272 13.291855 43.261497 12.777120 7.541081 26.121373 6.315934 -18.783174 -0.004542 0.003038 -0.000069 1.332892 -0.354002 -26.115112 1.246346 -2.761155 18.169478 -9.021832 -5.040488 15.430998 -0.790539 -0.712883 1.151306 0.001119 0.000076 1.000141 -3.786391 -14.994289 7.868191 -1.759357 -3.343043 25.247845 5.259645 -11.044950 -12.398805 -0.184788 2.270889 -4.388814 -0.002017 0.000253 1.000453
-2.114815 109.140358 5.275858 2.253478 41.025818 0.379630 -1.368934 0.930791 7.959851 1.344681 5.169133 -6.308047 -4.567873 5.478659 13.171926 -2.075902 2.555228 2.390070 -14.352678 6.361349 9.112118 4.665786 31.341444 -7.731875 -0.000432 -0.001081 -0.000611 -1.418987 -0.147247 -1.327770 0.126153 -1.580946 -1.073864 -0.302109 0.146909 -1.094521 -7.504777 -11.150973 20.600739 -69.193629 -26.172038 28.721091 -129.026277 -83.392124 133.034206 20.004901 -7.348150 -11.214215 -13.534335 13.626879 19.108856 -3.510230 -5.932937 -8.208368 0.891414 4.661179 -1.719030 -0.001127 -0.000521 -0.000574 3.059378 0.291950 -0.744443 -58.750681 8.438252 5.173969 -31.706234 -8.682503 5.701076 -6.020169 -1.723974 -2.858678 -0.000438 -0.000232 0.000280 3.124284 -1.671513 2.459330 -58.183845 9.619050 0.343954 -34.070155 -7.760455 5.634936 -3.539932 -1.334874 -4.383546 0.000319 -0.001277 0.000283 6.259437 -0.885824 -13.897254 -51.876962 21.262707 11.434817 -36.640731 -1.779721 1.164438 -28.733539 -2.062139 -8.207749 0.000851 -0.000682 0.000073 4.552316 0.837697 -8.962057 -48.191832 14.996271 9.110262 -36.265589 -3.195993 2.346059 -21.033296 -0.258529 -8.429665 0.000356 -0.000761 -0.000041 -6.108425 15.669080 24.530727 70.491568 23.151292 32.504614 67.843193 80.911139 66.222417 -25.087727 18.806568 5.565936 19.716856 -28.702578 24.961653 -0.752654 4.591582 -13.334420 -1.853195 -3.080616 3.252983 -0.000488 0.001213 -0.000095 -0.090852 -3.894740 2.755088 51.823150 -9.076970 6.957592 30.010384 8.039739 3.668341 4.239823 3.175975 -3.784522 -0.000803 0.000841 0.000347 -1.885095 -1.640355 6.090202 54.200680 -8.363178 4.331954 36.540413 9.416076 5.396575 4.871924 3.234586 -6.305563 -0.000007 0.001000 -0.000844 -7.095841 -2.598468 -9.025461 53.425158 -15.194750 14.805790 43.366630 6.557197 3.122709 31.809097 6.038335 -14.156118 -0.000168 0.000322 -0.000893 -8.102470 -3.940413 -3.546657 53.205874 -10.476067 13.284724 43.409809 12.818427 7.593325 26.218217 6.349344 -18.795670 -0.004622 0.003138 -0.000094 1.348747 -0.406619 -26.147415 1.249064 -2.786066 18.452805 -8.947521 -4.930031 15.402908 -0.767811 -0.714911 1.097089 0.001104 0.000067 1.000168 -3.803720 -14.968814 8.019328 -1.826290 -3.359188 25.165135 5.192554 -11.023350 -12.474403 -0.193206 2.294665 -4.500142 -0.002030 0.000259 1.000357
-1.078423 109.088303 6.212304 2.275203 40.950459 0.496253 -1.333802 0.891433 7.994569 1.326595 5.163407 -6.267154 -4.498832 5.455561 13.198262 -2.058813 2.604151 2.338735 -14.529377 6.256779 8.827911 4.491736 31.538130 -7.844040 -0.000462 -0.001124 -0.000572 -1.436103 -0.148585 -1.283706 0.121840 -1.623508 -1.087293 -0.306717 0.102613 -1.105927 -7.423039 -10.821574 20.999014 -69.280015 -25.853568 28.366961 -132.694624 -82.533953 136.753273 20.562522 -7.609709 -11.605584 -13.436029 13.634973 19.078148 -3.507965 -5.946552 -8.210186 0.944498 4.719065 -1.697025 -0.001166 -0.000537 -0.000618 3.060466 0.268204 -0.761158 -58.733170 8.441326 5.167098 -31.772947 -8.702589 5.715224 -6.132140 -1.735735 -2.810016 -0.000449 -0.000231 0.000286 3.141030 -1.709531 2.421992 -58.146365 9.614027 0.370145 -34.105616 -7.770940 5.608889 -3.645846 -1.360521 -4.359448 0.000345 -0.001332 0.000299 6.287596 -0.964877 -13.932509 -51.791100 21.225491 11.460043 -36.702671 -1.762557 1.132442 -28.866758 -2.067519 -8.228334 0.000881 -0.000735 0.000071 4.572955 0.765617 -9.011328 -48.100284 14.942453 9.124735 -36.351196 -3.169523 2.347933 -21.160859 -0.266138 -8.474488 0.000359 -0.000783 -0.000040 -5.909053 15.640773 24.754918 70.357129 23.166180 32.661413 74.222273 80.821674 72.385960 -25.279880 19.624967 5.681456 19.676209 -28.745911 24.960896 -0.851022 4.575768 -13.331388 -1.924009 -3.146716 3.267755 -0.000517 0.001151 -0.000102 -0.087519 -3.827832 2.721057 51.819916 -9.109175 6.975794 30.113664 8.002500 3.723287 4.412678 3.183446 -3.678665 -0.000852 0.000877 0.000361 -1.931728 -1.552087 6.091354 54.179790 -8.403675 4.359230 36.643839 9.372936 5.440447 5.015251 3.231148 -6.267081 -0.000029 0.001057 -0.000881 -7.172902 -2.506098 -9.030604 53.390732 -15.188416 14.798460 43.502070 6.515671 3.119103 31.926680 6.004365 -14.139293 -0.000254 0.000517 -0.000876 -8.222593 -3.885799 -3.574565 53.164883 -10.464056 13.291442 43.567925 12.762610 7.570354 26.305587 6.316078 -18.756609 -0.004762 0.003326 -0.000105 1.411818 -0.363829 -26.116415 1.257568 -2.770513 18.738703 -8.829204 -4.812149 15.429415 -0.739438 -0.752812 1.081689 0.001090 0.000065 1.000180 -3.810479 -14.983068 8.227591 -1.870063 -3.405861 25.107144 5.124913 -10.895958 -12.502360 -0.211025 2.360195 -4.633752 -0.002049 0.000265 1.000173
0.100897 109.013298 7.230230 2.207127 40.806520 0.527345 -1.310051 0.841851 8.002207 1.308572 5.179424 -6.225808 -4.416948 5.456821 13.233438 -2.013683 2.647764 2.331744 -14.662019 6.136080 8.546052 4.262466 31.622833 -8.009995 -0.000496 -0.001172 -0.000503 -1.455129 -0.148774 -1.245994 0.117351 -1.671240 -1.096948 -0.311339 0.052580 -1.112731 -7.177810 -10.507492 21.469098 -69.542030 -25.631031 28.081463 -135.643833 -81.634630 139.777839 20.873135 -7.806779 -12.045896 -13.348013 13.647872 19.042761 -3.516344 -5.950674 -8.198862 1.009079 4.841697 -1.671328 -0.001215 -0.000565 -0.000657 3.006274 0.255598 -0.768849 -58.735286 8.481786 5.162769 -31.711861 -8.637159 5.670200 -6.223534 -1.755946 -2.635642 -0.000472 -0.000232 0.000294 3.110558 -1.720033 2.393377 -58.103632 9.628719 0.425413 -34.008197 -7.694157 5.532227 -3.703049 -1.383713 -4.247395 0.000367 -0.001395 0.000313 6.276517 -1.022286 -13.924272 -51.679382 21.167121 11.509832 -36.640272 -1.701640 1.078350 -28.947884 -2.058090 -8.237047 0.000917 -0.000793 0.000071 4.540101 0.735724 -9.013624 -47.960823 14.855433 9.178499 -36.362001 -3.111633 2.337729 -21.217199 -0.247582 -8.534402 0.000371 -0.000813 -0.000027 -5.876780 15.607835 25.007666 70.167672 23.323773 32.843498 81.491235 80.540881 79.356905 -25.420852 20.526288 5.906182 19.625177 -28.810933 24.987113 -1.009599 4.541162 -13.323396 -2.024697 -3.287024 3.289653 -0.000521 0.001047 -0.000129 -0.100587 -3.714948 2.688969 51.803385 -9.196000 7.003873 30.107765 7.870633 3.777441 4.574365 3.189504 -3.439140 -0.000918 0.000922 0.000356 -2.023331 -1.428489 6.130605 54.133264 -8.467383 4.397904 36.637077 9.224766 5.458585 5.113462 3.201510 -6.149665 -0.000073 0.001143 -0.000930 -7.315620 -2.390743 -9.020124 53.301043 -15.157927 14.835639 43.530579 6.361865 3.073635 32.002340 5.905399 -14.073518 -0.000384 0.000859 -0.000833 -8.419175 -3.817070 -3.593317 53.034328 -10.419897 13.329810 43.664801 12.580596 7.452192 26.335252 6.189091 -18.653173 -0.005016 0.003653 -0.000100 1.492086 -0.234753 -26.004867 1.347037 -2.753760 19.067640 -8.702077 -4.653168 15.508623 -0.703973 -0.831705 1.055621 0.001075 0.000067 1.000174 -3.820423 -15.031923 8.507265 -1.899340 -3.426102 25.098018 5.080289 -10.700395 -12.600509 -0.273049 2.461897 -4.809521 -0.002082 0.000269 0.999842
1.431707 108.899666 8.333957 2.121773 40.755528 0.575209 -1.279792 0.785148 7.993796 1.294980 5.214489 -6.181804 -4.353673 5.465237 13.232375 -1.939872 2.691523 2.343818 -14.761965 5.997456 8.303645 4.049462 31.549117 -8.128690 -0.000537 -0.001233 -0.000428 -1.476278 -0.146352 -1.198394 0.114257 -1.710839 -1.132153 -0.315386 0.010394 -1.145428 -6.843559 -10.240784 21.917048 -69.859667 -25.502195 27.918228 -138.490871 -80.605387 142.613681 21.005994 -8.110244 -12.105486 -13.332774 13.610379 19.028841 -3.504124 -5.952541 -8.145460 1.081419 4.961151 -1.674806 -0.001275 -0.000634 -0.000714 2.882665 0.212988 -0.742632 -58.601763 8.576265 5.179421 -31.510505 -8.428454 5.555170 -6.270195 -1.771188 -2.355786 -0.000527 -0.000247 0.000328 3.055352 -1.743599 2.385511 -57.956775 9.702497 0.488160 -33.762871 -7.477675 5.382115 -3.720495 -1.393117 -4.025328 0.000383 -0.001464 0.000304 6.269311 -1.076476 -13.881637 -51.452173 21.115656 11.570696 -36.468451 -1.553483 0.998728 -28.963273 -1.994597 -8.186965 0.000940 -0.000874 0.000067 4.534936 0.733077 -8.958977 -47.684717 14.773085 9.249101 -36.310445 -2.999276 2.305434 -21.206858 -0.176262 -8.551966 0.000388 -0.000853 -0.000017 -6.007575 15.541112 25.256756 69.992257 23.524274 32.979027 89.695214 80.065390 87.273021 -25.612116 21.657875 5.942423 19.622838 -28.811871 24.955836 -1.209035 4.469092 -13.301909 -2.138246 -3.458430 3.289074 -0.000533 0.000936 -0.000157 -0.118851 -3.629931 2.635966 51.815173 -9.332629 7.056665 30.133178 7.713753 3.837804 4.783843 3.215438 -3.204967 -0.000992 0.000968 0.000353 -2.120553 -1.336945 6.183673 54.132510 -8.557529 4.447204 36.656413 9.058645 5.468556 5.243583 3.184476 -5.994083 -0.000108 0.001234 -0.000986 -7.464388 -2.313187 -8.988040 53.275280 -15.119754 14.866703 43.556338 6.174486 2.990085 32.070511 5.777780 -13.966691 -0.000518 0.001208 -0.000792 -8.595678 -3.790415 -3.583124 52.905152 -10.336671 13.361883 43.777138 12.358117 7.284557 26.353761 6.026872 -18.491914 -0.005282 0.003997 -0.000094 1.527519 -0.045601 -25.862501 1.454465 -2.727303 19.438188 -8.476733 -4.330604 15.450836 -0.679717 -0.932993 1.054041 0.001066 0.000075 1.000163 -3.817713 -15.068604 8.901256 -1.911631 -3.439869 25.045540 5.069716 -10.504001 -12.765049 -0.353562 2.578308 -5.037832 -0.002151 0.000249 0.999509
2.922592 108.751724 9.527819 2.069956 40.954221 0.755099 -1.234348 0.734285 8.011613 1.298844 5.260709 -6.115086 -4.272702 5.456759 13.120474 -1.878623 2.742030 2.317451 -14.877800 5.804583 8.054514 3.933158 31.314555 -7.995209 -0.000565 -0.001283 -0.000344 -1.481377 -0.136863 -1.123087 0.111511 -1.741382 -1.171780 -0.319263 -0.022660 -1.182680 -6.579363 -10.023508 22.179551 -70.026321 -25.549399 27.881721 -141.605051 -79.443153 145.555603 20.759907 -8.182067 -11.748377 -13.264979 13.506842 19.004847 -3.491339 -5.980364 -8.046356 1.147168 5.044915 -1.729535 -0.001326 -0.000746 -0.000772 2.710335 0.131229 -0.660182 -58.102015 8.648708 5.252467 -31.072252 -8.126309 5.363167 -6.304619 -1.784710 -1.944885 -0.000619 -0.000282 0.000389 2.977951 -1.804598 2.421676 -57.449936 9.807346 0.589667 -33.293348 -7.163167 5.148862 -3.736792 -1.390729 -3.673284 0.000387 -0.001510 0.000262 6.258259 -1.155102 -13.800983 -50.850575 21.008090 11.747876 -36.100639 -1.336216 0.889379 -28.936790 -1.888350 -8.083787 0.000930 -0.000962 0.000052 4.561337 0.707791 -8.857976 -47.073254 14.687868 9.408082 -36.100784 -2.822490 2.248860 -21.131315 -0.062390 -8.521722 0.000402 -0.000883 -0.000013 -6.217637 15.411417 25.361774 69.672897 23.651311 32.956331 99.047703 79.384757 96.366575 -26.343260 22.751711 5.694478 19.567162 -28.715739 24.859245 -1.403341 4.398673 -13.259328 -2.252077 -3.651027 3.275379 -0.000534 0.000809 -0.000194 -0.142961 -3.581943 2.599997 51.670201 -9.441368 7.148234 30.158354 7.593840 3.884831 5.091019 3.255654 -3.010219 -0.001052 0.000988 0.000341 -2.205596 -1.276725 6.246207 53.994561 -8.663893 4.506496 36.685305 8.927521 5.472344 5.449033 3.186729 -5.843470 -0.000125 0.001324 -0.001038 -7.594307 -2.259994 -8.973410 53.124511 -15.087286 14.943855 43.569420 6.008092 2.898748 32.170026 5.666236 -13.870088 -0.000641 0.001594 -0.000745 -8.728045 -3.768376 -3.587322 52.642087 -10.270411 13.404809 43.864366 12.140677 7.123205 26.389750 5.875707 -18.339233 -0.005582 0.004388 -0.000090 1.482841 0.138874 -25.781547 1.521398 -2.705837 19.882632 -8.218819 -3.924681 15.318356 -0.682436 -1.027700 1.013720 0.001067 0.000084 1.000142 -3.746042 -15.068304 9.394342 -1.920118 -3.444928 24.888019 5.007939 -10.362866 -12.958954 -0.424122 2.680239 -5.315813 -0.002247 0.000201 0.999146
4.582146 108.501350 10.816167 2.084845 41.395344 1.116305 -1.151768 0.718040 8.071560 1.349656 5.298434 -6.007386 -4.225277 5.443852 12.843911 -1.866870 2.828599 2.228807 -15.085387 5.622035 7.733838 3.845319 31.372322 -7.778842 -0.000565 -0.001313 -0.000254 -1.482831 -0.127526 -1.044066 0.108811 -1.784055 -1.289862 -0.325531 -0.067954 -1.298177 -6.404232 -9.765265 22.049819 -70.045889 -25.898827 27.565928 -145.030165 -78.199240 148.764501 20.496058 -8.018866 -11.401733 -13.153482 13.354277 18.956740 -3.474886 -5.962156 -7.916104 1.215087 5.132582 -1.781763 -0.001351 -0.000899 -0.000817 2.521226 0.073740 -0.533173 -57.359200 8.740957 5.356749 -30.402804 -7.694563 5.077510 -6.247462 -1.800583 -1.403209 -0.000752 -0.000359 0.000482 2.877558 -1.842389 2.498800 -56.679627 9.942733 0.726135 -32.587886 -6.718684 4.829721 -3.679723 -1.379673 -3.201411 0.000365 -0.001510 0.000178 6.233435 -1.211018 -13.666062 -49.986107 20.851140 12.014048 -35.511057 -1.050536 0.761268 -28.766480 -1.738745 -7.924680 0.000877 -0.001035 0.000019 4.596157 0.690439 -8.693665 -46.227232 14.616377 9.628541 -35.687857 -2.590630 2.186281 -20.895986 0.100818 -8.467157 0.000408 -0.000897 -0.000012 -6.667359 15.216065 25.159482 69.204714 23.794960 32.662829 109.712530 78.562521 106.784038 -27.113664 23.429374 5.371972 19.521260 -28.483131 24.647096 -1.567045 4.300361 -13.172108 -2.361603 -3.893477 3.257832 -0.000518 0.000674 -0.000238 -0.119642 -3.567195 2.617054 51.388344 -9.538770 7.206936 30.014774 7.406449 3.865314 5.375952 3.314033 -2.785579 -0.001064 0.000959 0.000313 -2.222455 -1.277905 6.309893 53.704198 -8.775723 4.570831 36.546584 8.691229 5.393493 5.632014 3.188138 -5.599643 -0.000111 0.001397 -0.001071 -7.678763 -2.251361 -8.949444 52.867561 -15.067791 15.033292 43.407822 5.735762 2.739838 32.173059 5.495227 -13.706133 -0.000731 0.001988 -0.000697 -8.804914 -3.784230 -3.555827 52.273626 -10.223300 13.442240 43.822855 11.813934 6.862075 26.330850 5.643662 -18.093599 -0.005890 0.004791 -0.000083 1.358453 0.302720 -25.878716 1.511105 -2.697374 20.609490 -7.914061 -3.484174 15.070168 -0.713798 -1.124186 0.960871 0.001090 0.000095 1.000100 -3.655168 -15.078513 10.043661 -1.898856 -3.431273 24.592781 4.979721 -10.277962 -13.290033 -0.512388 2.799050 -5.746350 -0.002372 0.000123 0.998773
6.418974 108.320938 12.203362 2.320646 41.758583 1.786649 -1.025445 0.615920 8.172707 1.405986 5.338993 -5.844850 -4.180706 5.457904 12.326486 -1.909998 3.065980 2.003157 -15.525055 5.206508 7.128465 3.871520 31.542881 -7.182061 -0.000578 -0.001356 -0.000162 -1.498118 -0.105998 -0.918476 0.112620 -1.800090 -1.372673 -0.324313 -0.086081 -1.379635 -6.089863 -9.494517 21.329688 -70.014140 -26.454943 26.715727 -148.506041 -77.088593 151.976800 20.123603 -7.482936 -10.178834 -13.027518 13.347565 19.121819 -3.503977 -5.973828 -7.725933 1.200517 5.108260 -1.900032 -0.001362 -0.001110 -0.000909 2.200302 -0.019823 -0.195831 -56.026500 8.753036 5.677353 -29.360327 -7.273039 4.792619 -6.175904 -1.772877 -0.796210 -0.000909 -0.000432 0.000635 2.735578 -1.955347 2.673631 -55.367755 10.157904 1.016401 -31.528834 -6.264581 4.531211 -3.606606 -1.325682 -2.647238 0.000348 -0.001504 0.000049 6.247943 -1.339608 -13.464747 -48.613609 20.729760 12.525353 -34.630307 -0.710290 0.639513 -28.586614 -1.543226 -7.715382 0.000781 -0.001156 -0.000020 4.789763 0.575130 -8.394484 -44.940598 14.587720 10.001454 -35.031926 -2.323070 2.147045 -20.674201 0.297456 -8.348250 0.000405 -0.000910 -0.000041 -7.244037 15.193037 24.331393 68.507871 23.908518 32.407764 119.500602 77.519309 116.254844 -27.903579 25.017055 5.351773 19.152719 -28.219660 24.499195 -1.766058 4.289091 -13.095169 -2.464334 -3.995857 3.239686 -0.000550 0.000550 -0.000266 -0.335962 -3.420596 2.489573 50.676868 -9.499265 7.407679 29.971773 7.424136 3.856120 5.782913 3.341791 -2.780736 -0.001072 0.000912 0.000322 -2.470752 -1.039963 6.258328 53.068616 -8.937621 4.663034 36.532786 8.743192 5.362228 5.944528 3.223722 -5.588431 -0.000085 0.001447 -0.001105 -7.988229 -2.037603 -9.055266 52.269883 -14.983930 15.225521 43.373862 5.751981 2.656413 32.336345 5.480522 -13.709317 -0.000780 0.002298 -0.000691 -9.123958 -3.619161 -3.740493 51.522971 -10.118888 13.549432 43.819212 11.803672 6.741549 26.446644 5.586862 -18.053610 -0.006120 0.005137 -0.000099 1.065293 0.299451 -25.870404 1.570277 -2.699351 21.170794 -7.438692 -2.758922 14.140224 -0.715392 -1.170881 1.058971 0.001117 0.000116 1.000111 -3.612816 -14.996777 10.811560 -1.980755 -3.346016 24.000817 4.758134 -10.102057 -13.062069 -0.561571 2.818388 -5.967172 -0.002508 -0.000007 0.998486
8.441688 107.843849 13.693777 2.329843 42.633417 2.633816 -0.620054 0.663995 8.192436 1.546360 5.193276 -5.757006 -4.317834 5.551747 11.829662 -2.091131 3.582882 1.784170 -16.574173 4.949424 5.793277 3.705982 33.170944 -7.283331 -0.000534 -0.001312 -0.000073 -1.510498 -0.096599 -0.880795 0.127868 -1.797449 -1.582016 -0.315525 -0.085604 -1.587537 -5.759317 -8.740760 20.300915 -70.659317 -27.549805 25.439252 -152.110005 -75.593766 155.703370 21.167819 -7.377780 -10.565239 -12.837208 12.861331 18.786421 -3.605744 -6.009948 -7.549409 1.101470 5.186502 -2.044643 -0.001359 -0.001418 -0.000936 1.881991 -0.030845 -0.267609 -55.374263 8.677375 5.700650 -28.847877 -6.994575 4.515521 -6.047345 -1.845545 -0.385567 -0.001196 -0.000524 0.000716 2.372521 -1.956384 2.601601 -54.776685 10.219383 1.025209 -30.750781 -6.137563 4.292157 -3.391656 -1.351080 -2.306302 0.000365 -0.001451 -0.000132 5.820109 -1.279185 -13.529276 -47.903359 20.403548 12.751650 -33.915026 -0.645169 0.584383 -28.122968 -1.456370 -7.565321 0.000602 -0.001267 -0.000098 4.386569 0.598336 -8.566188 -44.353368 14.519091 10.136764 -34.353893 -2.209029 2.099122 -20.079142 0.460420 -8.353897 0.000306 -0.000860 -0.000018 -7.865421 15.322232 23.760518 67.508080 24.592820 30.935646 132.045022 75.592132 128.486087 -28.692561 25.968305 4.673395 19.102408 -27.855647 24.036154 -1.637904 4.242671 -12.846269 -2.449150 -4.387970 3.287060 -0.000586 0.000417 -0.000311 -0.107850 -3.474537 2.468774 50.360852 -9.544323 7.267846 29.337745 6.902893 3.733783 5.720351 3.355515 -2.479314 -0.001017 0.000810 0.000340 -2.323279 -1.119633 6.228771 52.758682 -9.116126 4.568978 35.958494 8.147470 5.081722 5.830344 3.161808 -5.163311 0.000054 0.001450 -0.001130 -7.961547 -2.107083 -8.970586 52.014880 -15.049988 15.218258 42.811377 5.256886 2.398347 32.048630 5.175324 -13.419435 -0.000736 0.002592 -0.000693 -9.190498 -3.737880 -3.541528 51.377176 -9.983042 13.550228 43.511618 11.286848 6.299127 26.133067 5.208500 -17.653388 -0.006293 0.005363 -0.000192 0.694961 0.242723 -26.291479 1.786269 -2.503280 21.743946 -7.104855 -2.245075 14.425133 -0.549693 -1.277412 0.946261 0.001124 0.000079 1.000074 -3.385293 -15.105526 11.802440 -1.784306 -3.437164 23.132551 4.359619 -10.910716 -12.810742 -0.777802 2.754525 -6.490078 -0.002713 -0.000197 0.998222
10.658898 107.385864 15.291783 3.151231 43.837322 4.171828 -0.417534 0.574917 8.259198 1.703357 5.412486 -5.765861 -4.663495 5.522181 11.015279 -2.182341 4.184320 1.412289 -17.178553 4.617399 4.329952 3.430962 34.593776 -7.610185 -0.000466 -0.001268 0.000065 -1.480199 -0.024013 -0.840998 0.147448 -1.845034 -1.785951 -0.302022 -0.136117 -1.784619 -5.378067 -7.618652 19.401652 -70.602126 -28.780102 23.585026 -155.818808 -72.453245 159.390526 23.471892 -7.507734 -12.669020 -12.978417 12.751601 18.502970 -3.624157 -5.730970 -7.558905 1.215233 5.638709 -1.896579 -0.001338 -0.001666 -0.000953 1.443549 0.063750 -0.502984 -55.958261 8.905166 5.709403 -28.582115 -6.685428 4.328313 -5.679453 -1.995239 -0.171747 -0.001451 -0.000581 0.000809 1.783087 -1.791214 2.547938 -55.205615 9.974025 1.174669 -30.256407 -5.957827 4.296753 -2.891939 -1.370216 -2.341739 0.000373 -0.001380 -0.000259 5.237068 -1.158012 -13.572045 -48.540593 20.108596 12.789395 -33.299273 -0.640076 0.676648 -27.401580 -1.535764 -7.739810 0.000449 -0.001345 -0.000204 3.638158 0.736049 -8.803883 -44.791245 14.288448 10.229259 -33.807725 -2.396851 2.242101 -19.264509 0.512380 -8.712945 0.000236 -0.000834 -0.000028 -9.046792 15.134388 23.380187 66.339200 26.161052 29.255706 145.343163 71.975887 141.453289 -25.368963 24.018661 5.801606 19.492609 -28.251680 24.229207 -1.559130 3.762469 -12.674963 -2.506485 -4.904500 3.381830 -0.000578 0.000171 -0.000372 0.358810 -3.612618 2.825659 50.817104 -9.803761 7.165097 27.938089 5.865994 3.458509 4.967103 3.237034 -1.330207 -0.000949 0.000699 0.000319 -2.106569 -1.404898 6.443206 53.044091 -9.274916 4.610202 34.421928 6.908269 4.547191 4.789797 2.839139 -4.191822 0.000169 0.001500 -0.001155 -8.046144 -2.270069 -8.564980 52.419835 -15.331826 15.255130 41.462635 4.114579 2.036229 30.934681 4.465871 -12.738931 -0.000737 0.003222 -0.000643 -9.406535 -4.023085 -2.893767 51.767962 -10.117372 13.579257 42.710927 10.238895 5.513172 25.077729 4.257217 -16.871236 -0.006737 0.005910 -0.000251 -0.536234 0.111954 -27.218241 1.526893 -2.026065 22.450808 -5.577811 -0.117586 12.932593 -0.538675 -1.509072 1.197210 0.001165 0.000033 1.000071 -3.566462 -15.210580 13.393651 -1.463102 -3.259838 21.423960 4.536037 -10.638793 -11.444735 -1.243167 2.789210 -8.022489 -0.002876 -0.000329 0.997625
13.070472 106.907967 16.990765 3.302187 45.909970 4.516526 -0.055279 0.617921 7.692123 1.900624 5.282254 -5.195877 -4.793971 5.881818 9.673662 -2.459552 4.654673 1.448873 -18.009744 4.690229 3.337242 3.526212 36.342644 -8.421855 -0.000473 -0.001225 0.000024 -1.474493 0.012510 -0.843910 0.156521 -1.867252 -2.168900 -0.304693 -0.159712 -2.168631 -5.143856 -6.183468 18.684004 -70.537379 -31.270657 21.386014 -160.993207 -68.625246 164.355806 22.343037 -7.003369 -12.962801 -13.708795 12.124902 17.932957 -3.962176 -5.364618 -7.621213 0.870410 5.720434 -1.871598 -0.001292 -0.001959 -0.001149 0.636486 -0.307099 -0.827566 -56.240948 9.366004 5.522714 -27.808977 -6.364985 3.960490 -4.942783 -2.127139 -0.234864 -0.001676 -0.000590 0.000886 0.578510 -1.579018 2.722668 -55.444012 9.834690 0.865042 -29.412817 -6.069798 4.451346 -2.132911 -1.301125 -2.644792 0.000493 -0.001393 -0.000445 3.935035 -0.790663 -13.507532 -49.028391 20.447770 12.710928 -32.325892 -0.884096 0.858898 -26.379966 -1.655217 -7.803132 0.000200 -0.001645 -0.000229 2.202366 1.278589 -8.678523 -45.672399 14.459185 10.304996 -32.741146 -2.649343 2.313941 -18.083930 0.493210 -8.679609 0.000101 -0.000845 -0.000116 -10.256392 15.986256 23.449297 67.263744 27.495949 28.539150 152.724798 68.812896 148.497118 -23.977362 27.404635 4.755817 19.814531 -27.997101 24.366074 -1.326909 3.489332 -12.836952 -2.388097 -4.676134 3.405901 -0.000868 0.000248 -0.000292 0.299816 -3.096954 2.904554 51.268035 -9.747870 7.403188 27.308386 5.852901 3.181566 3.909020 3.218101 -1.167930 -0.001048 0.000632 0.000496 -2.189608 -1.250217 6.358827 53.770073 -8.964653 4.586052 33.640378 6.845178 4.288341 3.588717 2.817373 -4.156443 0.000260 0.001417 -0.001179 -8.042999 -2.213565 -8.560273 53.184408 -15.286209 15.286728 40.685903 4.257314 2.122776 30.027504 4.480027 -12.679950 -0.000428 0.002711 -0.000858 -9.313033 -4.109208 -2.792239 52.656473 -9.960725 13.645484 41.926863 10.464530 5.485493 24.246376 4.234484 -16.939992 -0.006301 0.005399 -0.000431 -2.305218 0.194872 -27.199674 1.502801 -1.157568 21.894297 -3.667987 1.470776 11.569973 -0.436981 -1.555278 1.119100 0.001299 0.000008 1.000292 -3.872078 -16.273061 15.829302 -1.024658 -3.520953 20.258064 4.314206 -10.433973 -8.961135 -1.548348 2.751060 -8.972028 -0.003124 -0.000556 0.998170
15.667525 107.132912 18.773109 4.413539 47.836386 4.162149 0.664475 0.563773 7.350758 2.036047 5.449598 -5.340575 -5.178159 6.182714 8.514714 -2.567873 5.017144 1.085778 -19.518399 4.317208 1.998559 3.435146 40.198770 -8.080043 -0.000362 -0.001082 0.000044 -1.556935 0.038266 -0.808142 0.130299 -2.389204 -2.558199 -0.342938 -0.678396 -2.546282 -5.490647 -5.290217 18.295729 -70.384279 -32.413443 19.584171 -163.468820 -62.906243 165.643241 28.102773 -10.847733 -16.150180 -13.336491 9.846842 17.305474 -3.602313 -5.817268 -6.617841 0.281315 3.963451 -3.685107 -0.001378 -0.002335 -0.001166 0.834784 -0.590810 -0.686966 -53.001810 9.232007 6.692198 -28.758845 -6.227524 4.053489 -5.254160 -2.159444 -1.499469 -0.002123 -0.000478 0.000804 1.060856 -1.820957 2.430672 -53.547955 10.587789 1.322263 -30.201987 -6.389081 4.631047 -3.199002 -1.457125 -2.805496 0.000703 -0.001416 -0.000550 4.194026 -0.912688 -13.956779 -47.450057 20.877564 12.881818 -33.780184 -1.020198 1.006987 -26.694824 -1.162208 -6.955323 0.000030 -0.001847 -0.000397 3.016251 1.371681 -9.465034 -44.404404 14.482584 10.322132 -33.727219 -2.507928 2.343316 -18.640861 0.583658 -7.612759 -0.000113 -0.000712 -0.000162 -12.669357 16.629141 22.990003 67.609743 31.206388 27.566316 156.266425 65.666969 151.047326 -24.668238 29.420696 1.634577 20.009139 -25.366886 23.055259 -0.779742 4.098056 -11.688524 -2.292404 -3.637499 2.699435 -0.001004 0.000260 -0.000310 1.229924 -3.843608 2.788956 49.864563 -10.232508 7.833597 28.806651 6.125749 3.404902 4.810005 3.205484 -4.592166 -0.001060 0.000475 0.000601 -1.451175 -2.110762 6.268897 52.698232 -9.254921 4.768214 35.458680 7.383738 4.913409 5.449649 3.238208 -4.260148 0.000476 0.001210 -0.001276 -7.345561 -3.083167 -8.596202 52.893372 -16.223392 15.267305 41.937747 5.158904 2.474035 30.517517 4.406639 -12.301310 -0.000097 0.002387 -0.000930 -9.227914 -5.203505 -2.351746 52.947142 -10.055624 13.468601 42.625768 11.598103 6.073229 24.964159 4.702058 -15.990518 -0.006106 0.005096 -0.000690 -4.280205 -0.088653 -26.041335 0.787775 -0.180790 22.047164 -1.882951 2.764070 9.281313 -0.421935 -2.060501 1.601609 0.001147 -0.000210 1.000480 -4.764362 -16.470216 17.652532 -1.514086 -4.030686 20.793644 4.499943 -9.270110 -4.234169 -0.935602 2.509265 -9.168121 -0.003336 -0.000647 0.998443
18.441168 107.898270 20.621199 6.550709 50.574051 6.965485 0.889645 0.613006 6.779306 2.200360 5.168894 -5.205574 -5.413012 6.541325 7.402288 -1.939244 5.321866 1.814268 -20.368864 4.815998 0.492780 1.889772 45.025650 -10.829877 -0.000567 -0.001010 -0.000332 -1.705994 -0.051218 -1.209394 0.134206 -2.936213 -3.220692 -0.359957 -1.217754 -3.216855 -5.199523 -3.605238 17.459107 -71.790040 -37.431033 15.461599 -166.362386 -58.820606 169.007485 27.275263 -8.456484 -17.705347 -12.499128 10.233172 16.574656 -4.363368 -5.139739 -6.710482 0.524333 5.627049 -2.937227 -0.001230 -0.002449 -0.001382 0.112029 -0.765740 -1.099461 -52.126309 9.891760 6.249944 -26.123100 -4.537813 2.634884 -4.108276 -2.493852 0.327799 -0.002032 -0.000438 0.000881 -0.066840 -1.591075 2.541528 -51.932201 10.081594 1.066581 -27.381911 -5.037982 3.809093 -1.244645 -1.414663 -1.985032 0.000680 -0.001343 -0.000771 3.044960 -0.571774 -13.880813 -45.701110 19.654131 13.596907 -30.723657 -0.813198 0.793034 -24.415231 -1.310872 -7.310094 -0.000222 -0.002007 -0.000225 1.645982 1.683462 -9.339411 -43.011298 13.389558 11.054080 -31.070315 -2.545952 2.047688 -15.821699 0.967781 -8.269990 -0.000150 -0.000896 -0.000100 -14.480327 16.955450 23.060647 69.605383 35.164619 26.997546 162.528920 60.930783 156.974491 -20.398420 26.947012 3.846197 20.350917 -25.242221 24.018418 -0.579105 3.222205 -11.407242 -2.189688 -5.034949 2.806446 -0.001419 0.000894 0.000014 1.581323 -2.757083 3.746893 48.206206 -10.776009 7.942866 24.505305 3.880271 2.759760 2.689010 3.107190 -0.839223 -0.000960 0.000613 0.000844 -1.683771 -1.400132 6.438614 50.921440 -9.351354 5.295222 30.395648 4.340777 3.510905 1.929697 2.490657 -1.908565 0.000837 0.000762 -0.001084 -7.855791 -2.473686 -8.223220 50.533851 -15.558221 16.129631 36.798156 2.230940 1.590472 26.842949 2.700859 -10.636711 0.000746 -0.000160 -0.001477 -9.964398 -4.394220 -1.952279 50.960204 -10.018704 13.922460 38.462039 8.010090 3.784551 20.869579 1.852700 -13.846947 -0.004250 0.002647 -0.000867 -5.857694 -1.091865 -25.083615 0.134287 0.391402 21.992804 -0.282725 2.813785 5.970379 -0.475712 -2.021152 2.236034 0.001369 -0.000075 1.000642 -6.012742 -17.167882 18.112862 -1.403318 -3.751771 22.630860 4.823659 -8.307902 0.175288 -0.891754 2.613035 -9.896890 -0.003493 -0.000914 1.000723
21.382502 108.145508 22.517410 11.187454 52.855317 10.196162 0.588205 0.769205 6.517466 2.724325 5.490674 -5.493354 -5.613753 7.197918 5.089844 -1.809804 5.373676 1.248470 -20.943911 4.030441 0.025579 2.386586 46.220745 -9.785852 -0.000720 -0.000704 -0.000372 -1.576795 -0.068880 -1.048006 0.164004 -3.118149 -3.371192 -0.335689 -1.385518 -3.377779 -6.047290 -2.513022 17.341128 -73.435320 -40.981987 10.363199 -166.649491 -51.683178 168.797457 30.030996 -4.113934 -26.050955 -8.835862 9.233284 16.687115 -5.277321 -5.136886 -6.242695 0.104676 5.625701 -3.838987 -0.000958 -0.002399 -0.001290 0.223574 -0.452288 -0.657400 -48.006246 7.873007 7.538879 -25.981119 -4.067485 2.104192 -6.449985 -2.556894 0.731131 -0.001950 -0.000453 0.000833 -0.095147 -1.370463 2.144996 -47.456258 9.297887 1.914045 -27.315291 -4.716928 3.490021 -3.538738 -1.548869 -1.528428 0.000416 -0.001021 -0.001040 2.899563 -0.858822 -14.265844 -41.040371 18.303431 14.540827 -31.039746 -0.572360 0.469347 -27.035104 -1.495919 -7.665703 -0.000481 -0.001857 0.000046 1.259802 1.154639 -10.093810 -38.270156 12.521783 11.695190 -31.617069 -2.354659 1.948685 -18.610367 0.586219 -8.853317 -0.000102 -0.001186 0.000003 -17.483961 17.658084 22.499790 71.876200 36.265195 26.035679 162.705672 60.738103 157.267316 -16.785328 19.600860 5.860954 19.785354 -25.491366 25.679774 0.600135 2.472516 -10.805956 -2.379933 -5.955528 2.944288 -0.001441 0.001151 0.000099 2.744710 -3.319619 5.518540 44.900779 -11.056645 8.851505 25.791263 3.865505 3.168086 5.825280 2.774133 -1.564939 -0.001026 0.000667 0.000787 -0.713958 -1.571371 7.816020 47.414372 -10.157013 6.309380 31.889635 4.379548 4.193088 4.827870 2.648207 -3.075779 0.000850 0.000377 -0.000818 -7.396003 -2.071472 -7.563217 47.430613 -17.000739 17.540897 38.335814 2.515614 2.194785 29.470334 3.342837 -11.804652 0.001309 -0.001419 -0.001763 -9.948322 -4.247021 -1.550945 48.151940 -10.966065 15.193748 40.049469 8.383978 4.346942 23.607835 2.671648 -15.176521 -0.003647 0.001572 -0.000745 -7.981162 -1.562205 -21.801852 -0.535947 0.242911 22.426007 0.658807 4.374959 2.254435 -0.676581 -1.989635 2.927425 0.001337 0.000067 1.000558 -6.815062 -16.284781 18.249897 -1.657895 -3.648256 24.920152 7.009679 -4.766756 10.613764 -0.557075 2.619417 -9.132620 -0.003426 -0.001083 1.001563
24.482615 108.276108 24.444113 15.678430 55.579325 12.322927 1.083002 0.899044 5.656856 2.825163 5.343573 -5.478920 -6.430016 7.237569 5.108645 -0.869555 4.790299 2.781148 -20.130447 5.625000 -0.093799 -0.351408 48.726010 -13.802851 -0.000567 -0.000318 -0.000469 -1.754555 -0.330384 -1.472897 0.096321 -3.666667 -2.452430 -0.374954 -1.923254 -2.451150 -6.629944 -2.308051 16.234517 -72.490320 -46.057355 6.728092 -169.585082 -50.606678 173.221186 29.307262 -4.455405 -25.403490 -8.373550 8.775293 16.154042 -6.035349 -5.375314 -5.393365 -0.018044 5.759984 -4.145659 -0.000638 -0.001928 -0.000908 -0.574237 -1.019181 -0.520653 -44.521358 8.501456 7.575404 -24.638509 -2.237759 1.167320 -6.390354 -2.575209 1.317821 -0.001612 -0.000402 0.000609 -0.532283 -1.813208 2.144753 -44.711778 10.244758 1.438804 -26.206004 -3.356923 2.731031 -3.697475 -1.704866 -0.809855 0.000389 -0.000658 -0.000980 2.438801 -1.041816 -14.622282 -38.091478 18.312582 14.804821 -30.751392 0.188955 0.128260 -26.656495 -1.262696 -7.404400 -0.000677 -0.001319 0.000056 1.382835 0.893752 -10.352169 -36.803583 12.498819 11.893943 -31.259641 -1.722936 1.564321 -17.999935 0.918618 -8.741346 -0.000255 -0.000940 0.000145 -18.836007 17.079171 21.982831 75.058709 39.082091 24.529670 166.509216 58.014896 161.390527 -17.222678 26.729330 2.269842 20.040960 -24.570452 25.156013 0.387298 2.200795 -10.335649 -2.439434 -6.525455 2.712767 -0.001075 0.001219 0.000017 2.764181 -3.784651 4.898720 44.819029 -11.728587 9.197465 26.566296 3.068043 3.466738 6.403818 3.058290 -1.717358 -0.000838 0.000491 0.000563 -1.106858 -2.267457 7.899086 48.149711 -9.533569 6.679388 32.837638 4.165802 4.252351 4.991685 2.740407 -2.149699 0.000707 0.000126 -0.000570 -7.614623 -2.523635 -7.267799 48.588444 -16.535685 17.325419 38.966305 2.222094 1.944414 28.962033 2.744688 -11.041871 0.001659 -0.001381 -0.001751 -10.279916 -4.344927 -1.211919 49.652185 -10.363994 14.728775 40.626332 7.813088 3.877986 23.036237 1.999967 -13.987027 -0.003334 0.001298 -0.000684 -9.445099 -2.630467 -16.175704 -0.381609 0.546235 20.913099 2.454476 3.856321 -0.881747 -0.510665 -1.764269 3.466094 0.001464 -0.000034 1.000459 -7.750894 -16.336725 13.688499 -1.975336 -3.127566 35.528980 6.826442 -5.276967 13.274197 0.896044 2.054075 -7.246121 -0.003029 -0.001005 1.001819
27.732586 108.667503 26.383644 19.685289 59.400799 15.484087 1.231377 0.622090 4.946050 2.759174 5.028623 -5.644798 -6.437290 7.305329 4.933898 -0.418744 4.317067 2.830664 -19.607457 5.819553 0.159631 -2.141525 49.583056 -15.090822 -0.000299 -0.000066 -0.000683 -1.885034 -0.453508 -1.571480 0.026146 -4.319586 -2.482981 -0.445276 -2.572269 -2.483453 -5.839175 -3.138279 15.290410 -74.085483 -50.607901 4.073044 -172.454163 -49.502661 177.788572 33.745597 -4.355864 -26.939097 -8.851334 7.369328 16.592501 -6.093653 -5.779287 -4.542834 -0.621980 4.254581 -5.569333 -0.000534 -0.001627 -0.000656 -0.954848 -1.352421 0.357753 -41.144641 7.640709 8.588725 -24.196262 -1.856857 1.210048 -6.274074 -2.212142 0.634344 -0.001512 -0.000157 0.000285 -0.473934 -2.221875 2.197283 -42.296918 10.753893 1.917767 -25.619484 -3.283682 2.784463 -4.153210 -1.429484 -0.569280 0.000700 -0.000534 -0.000787 2.529603 -1.284061 -15.026203 -35.973891 18.668024 14.994067 -30.808355 0.454068 0.126497 -26.836386 -0.563371 -6.650231 -0.000778 -0.001129 -0.000151 2.196207 0.692350 -10.794211 -35.447042 12.978619 11.593796 -31.197530 -1.535905 1.733245 -18.517711 1.246041 -7.885374 -0.000603 -0.000535 0.000019 -20.192643 16.738630 20.992489 80.052161 41.189600 24.083457 166.583253 58.386720 162.893056 -21.295294 31.202869 -0.392156 21.654075 -24.663161 24.910781 0.756170 1.920219 -9.999016 -2.467612 -5.746909 2.506144 -0.000972 0.001376 -0.000052 3.587764 -4.737503 4.649995 46.646213 -12.716926 9.396167 30.137219 3.845160 4.197556 7.705178 3.118795 -5.186004 -0.000713 0.000135 0.000547 -0.555616 -3.058311 8.496334 50.833837 -9.408366 6.858764 37.111167 6.020295 5.274896 7.297007 3.299095 -3.230925 0.000659 -0.000168 -0.000543 -7.021387 -3.014926 -6.807616 51.965378 -17.540038 16.545646 43.373930 4.167779 2.700498 30.998429 3.357841 -11.642086 0.002082 -0.001798 -0.001737 -9.859503 -5.053072 -0.716511 52.727939 -9.663511 14.239110 44.310706 10.331854 5.378979 25.808760 3.492682 -14.468850 -0.002620 0.000540 -0.000861 -10.113058 -3.879257 -11.205936 -0.463916 -0.421874 18.359086 1.863854 1.847208 -2.355629 -0.358321 -1.635923 4.025154 0.001402 -0.000346 1.000624 -7.544381 -16.218382 8.614186 -1.965106 -2.407597 44.089923 5.880378 -8.013526 13.860434 1.234819 1.524575 -6.434716 -0.002704 -0.000859 1.002653
31.123484 109.294907 28.318340 20.960862 66.891569 16.452385 1.478199 1.111704 5.003950 2.880955 4.622551 -5.074538 -6.479919 6.781109 4.803379 -0.012941 4.098938 3.306472 -19.618425 6.450613 -1.325139 -3.570162 51.655017 -17.321290 0.000006 -0.000126 -0.000661 -1.728818 -0.508833 -1.883343 0.008088 -4.213441 -1.856881 -0.443438 -2.473703 -1.846364 -6.130304 -2.879209 13.992828 -71.813201 -55.726903 1.332861 -175.035853 -49.451754 -178.551563 30.695808 -4.655583 -21.992074 -8.544583 7.983134 16.704957 -6.663050 -5.424505 -3.922893 -0.268458 6.240391 -4.958855 -0.000738 -0.001168 -0.000422 -1.773511 -1.444303 0.974057 -39.052351 8.498455 8.335445 -21.390676 1.207460 0.446005 -5.189870 -2.510966 3.960130 -0.001364 -0.000083 -0.000003 -0.952705 -2.319224 2.967507 -39.360751 11.291599 1.696968 -22.670915 -0.186859 1.825952 -2.440090 -1.430384 1.965596 0.000990 -0.000777 -0.000203 2.678883 -1.218683 -14.946844 -33.087243 17.915381 15.344191 -27.761124 2.223145 -0.053002 -24.282117 0.019807 -6.047933 -0.000362 -0.000955 -0.000415 2.677288 0.735862 -9.846798 -33.116414 12.318006 11.822160 -28.930268 -0.367059 1.422964 -15.158353 2.404083 -7.856198 -0.000707 -0.000037 -0.000025 -22.165642 15.601387 20.352931 81.202042 47.616189 19.523783 168.675135 54.320817 165.480550 -30.818144 39.719852 -10.406101 21.870924 -24.421987 24.481691 -0.315813 0.505216 -9.968145 -2.621808 -8.293336 2.834019 -0.000648 0.001125 -0.000152 3.069048 -5.269946 4.220969 48.482548 -13.120003 9.576450 29.727728 2.623447 4.648467 7.793058 3.481814 -1.983566 -0.000590 0.000060 0.000439 -0.913628 -3.768884 8.892608 52.664493 -7.820714 7.183346 36.714136 4.523851 4.521163 6.516753 3.204001 -0.952506 0.000751 0.000014 -0.000732 -7.115148 -3.179897 -6.514761 53.863050 -16.616276 16.069912 42.611431 2.610935 1.987121 29.702132 2.151396 -9.830417 0.001702 -0.000952 -0.001404 -9.260772 -4.968646 -0.647994 54.073558 -8.346772 13.846396 44.400917 8.098219 3.975386 23.965462 1.912315 -12.736090 -0.003252 0.001112 -0.000932 -9.547491 -4.694731 -6.848460 1.391296 -1.206976 16.917271 1.801817 -0.273620 -3.378360 0.245801 -1.524318 3.313457 0.001206 -0.000643 1.000653 -8.310784 -16.948791 2.452835 -1.326412 -1.898547 52.072958 4.260349 -10.666123 8.743351 2.131564 1.541551 -5.543038 -0.002235 -0.000353 1.001983
34.645130 109.755722 30.231041 26.017345 72.109286 21.917287 1.959243 0.530919 4.933083 2.559072 3.888835 -5.169341 -6.247143 6.263368 5.220025 0.545752 4.224960 3.532896 -20.341982 6.554731 -1.026698 -5.799009 53.695354 -18.865098 0.000211 -0.000066 -0.000859 -1.890886 -0.550415 -1.932051 0.014353 -4.725133 -2.489105 -0.455669 -2.989550 -2.477251 -5.204508 -2.841693 13.567137 -74.589080 -57.411715 1.854066 -175.426397 -48.327802 -176.501639 35.068550 -3.337086 -26.706407 -8.618171 8.577890 16.816480 -6.068010 -5.213942 -4.095845 -0.056175 6.456299 -5.077719 -0.000644 -0.000964 -0.000285 -0.924117 -0.444895 1.154443 -42.578930 8.549068 7.900597 -23.175426 0.712519 0.804419 -5.381425 -2.599749 3.614514 -0.001202 0.000028 -0.000041 -0.348921 -1.720833 3.102501 -42.655529 11.076553 1.659958 -24.169405 -0.649821 2.066632 -2.507951 -1.511323 1.667257 0.001093 -0.000660 -0.000013 3.163078 -0.720221 -15.265890 -36.101894 18.338266 14.542387 -29.383687 2.105483 -0.014164 -24.457335 -0.001453 -6.130458 -0.000301 -0.000690 -0.000617 2.830793 1.089193 -10.249924 -35.585197 12.466482 11.044563 -30.547432 -0.689182 1.592420 -15.427084 2.412114 -8.143107 -0.000906 0.000361 -0.000057 -23.332137 13.907461 20.035517 87.490421 45.702673 21.788870 166.600055 55.072353 164.579875 -37.342776 37.837512 -14.961084 22.458716 -25.414804 24.094364 -0.440375 -0.177342 -10.241758 -2.531674 -8.922010 2.821701 -0.000489 0.001229 -0.000151 2.988472 -7.111337 3.899017 51.953272 -14.397351 8.992588 30.488010 2.357226 4.994804 7.494731 3.732745 -1.756406 -0.000202 -0.000247 0.000392 -0.743507 -5.423764 9.382251 55.835144 -8.112022 6.984335 37.472475 4.590609 4.560660 6.440133 3.394944 -0.551452 0.001056 -0.000111 -0.000647 -6.573809 -4.446203 -5.719797 56.867269 -17.243163 15.176877 43.639299 2.475668 1.819082 29.679590 2.130639 -9.420103 0.001852 -0.001351 -0.001324 -8.156479 -6.128002 0.113837 56.719861 -8.011047 13.405868 45.757121 8.190632 3.924113 24.167012 1.983983 -12.471445 -0.002725 0.000588 -0.001000 -9.472921 -5.796766 -2.972233 1.523604 -2.555418 15.058181 1.545888 -1.815552 -4.070026 0.357336 -1.458528 2.932328 0.001241 -0.000795 1.000574 -8.873015 -16.097687 -3.434240 -0.710026 -1.322726 57.602623 4.369291 -13.950803 5.067618 2.039161 1.468056 -5.018781 -0.001972 -0.000226 1.002554
38.286129 110.546074 32.105083 24.318163 79.511361 21.587405 1.656890 0.578706 4.620769 2.461187 3.683916 -4.892114 -5.306224 5.085159 5.597679 1.363951 4.084028 3.977295 -20.285847 6.637888 -1.311899 -7.951653 54.158571 -20.786893 0.000355 -0.000444 -0.000760 -1.758120 -0.590358 -2.158448 0.038298 -4.876414 -2.692241 -0.437747 -3.152269 -2.667207 -4.224238 -4.085774 12.479304 -76.213343 -58.185142 1.319174 -177.193665 -47.735896 -173.858540 37.696909 -4.755019 -27.901702 -8.667695 7.627177 16.423380 -6.327524 -4.979404 -3.498300 -0.430560 5.473116 -6.076518 -0.000913 -0.000765 -0.000451 -1.063453 -0.156912 1.501198 -39.841231 8.433349 8.171700 -22.948367 1.099937 0.632904 -4.435618 -2.455530 2.988579 -0.001088 0.000004 -0.000007 -0.367162 -1.370666 3.133479 -40.654467 11.843146 1.790739 -23.843511 -0.376431 2.144449 -1.855235 -1.362053 1.583402 0.001354 -0.001043 0.000456 3.135756 -0.300900 -15.301935 -34.887495 19.040237 14.960839 -28.913209 2.291990 0.214267 -23.230926 0.396129 -5.688202 0.000158 -0.000841 -0.000918 3.297278 1.844929 -10.132249 -35.090303 12.820497 11.095604 -29.812526 -0.509807 1.736123 -14.305372 2.746201 -7.431259 -0.000909 0.000653 -0.000256 -23.437015 12.987218 19.562199 90.135664 43.915996 22.543433 166.605523 52.104920 163.422786 -42.433954 43.707558 -19.056344 22.386116 -23.438030 23.110086 -0.441325 0.247971 -10.048270 -2.452155 -7.670370 2.207280 -0.000571 0.000982 -0.000164 2.972502 -6.988316 3.465508 51.385064 -14.441959 9.103171 29.953102 2.815454 4.870210 6.354340 3.763490 -3.323603 -0.000138 -0.000304 0.000494 -0.720139 -5.246062 8.951007 55.992158 -7.492309 7.008711 37.063790 4.602007 4.067618 5.818660 3.276849 -0.379293 0.001101 0.000159 -0.000920 -6.268232 -4.493741 -6.552548 57.176477 -17.311131 14.952059 43.090936 3.092038 1.973113 28.662333 1.911003 -8.983753 0.001239 -0.000369 -0.001092 -8.050100 -6.288711 -0.796460 57.312458 -7.453480 13.298971 45.069874 8.844674 4.016473 23.342412 1.903597 -11.711462 -0.003460 0.001527 -0.001093 -7.562512 -5.844579 -0.448126 2.780004 -3.124908 14.483289 1.521231 -3.243869 -3.968959 0.773190 -2.077866 1.260720 0.001212 -0.000962 1.000751 -10.938839 -15.789525 -6.496865 -0.037535 -1.352758 55.964537 5.501639 -16.352725 1.868656 1.882019 2.022787 -4.056561 -0.001806 0.000178 1.001691
42.035061 109.470787 33.923763 43.120343 80.613714 38.975250 3.082760 0.129941 4.573538 2.509784 2.706938 -5.645146 -5.454701 5.894884 7.847753 0.901309 5.088797 3.778461 -21.612182 5.100128 -0.219114 -8.994436 52.828064 -21.625240 0.000383 0.000154 -0.001228 -1.764594 -0.512086 -2.299616 0.166270 -4.886808 -3.711986 -0.340498 -3.147245 -3.715214 -2.737375 -3.833692 12.806581 -82.653369 -60.475286 4.890323 -176.432523 -47.716236 -173.268950 44.675669 -4.671156 -34.725681 -10.020843 9.857209 16.884070 -4.508702 -4.053227 -4.475127 -0.252984 6.226846 -5.562327 -0.000258 -0.000780 -0.000106 -0.192408 1.980811 0.501204 -47.040921 8.718862 7.813664 -25.370416 -0.253335 1.202861 -4.892949 -2.505068 2.545326 -0.001035 -0.000064 -0.000061 0.339798 0.086115 2.647715 -47.912003 10.905791 1.626327 -26.652385 -1.466525 2.562665 -1.442651 -1.519510 0.791574 0.000946 -0.000242 -0.000039 3.496008 0.688930 -15.400919 -41.782702 19.495544 13.406256 -32.137023 1.659939 0.057117 -23.899229 -0.104453 -6.342705 -0.000444 -0.000159 -0.000716 2.792806 2.444456 -10.683342 -40.673512 12.628652 9.927363 -33.370826 -1.020886 1.627894 -15.547020 2.405190 -8.125085 -0.001131 0.000745 0.000225 -23.187147 13.130682 18.715297 95.768549 47.067090 29.440190 166.259167 56.338040 165.174988 -42.749682 38.324129 -19.125252 23.171154 -25.383008 23.870300 -1.505405 0.716088 -10.217079 -2.277797 -7.519482 2.071972 -0.000333 0.001674 -0.000103 3.179959 -7.108923 3.220203 52.452551 -15.697436 8.517289 27.570121 1.817293 5.255941 4.779676 3.918589 -1.324832 0.000425 -0.000676 0.000362 -0.299034 -5.644230 8.234647 55.848613 -7.937730 7.315986 33.926535 3.678148 4.205958 3.884062 2.888526 0.337554 0.001667 -0.000566 -0.000312 -5.663962 -5.047769 -6.776192 55.767863 -16.592732 15.996841 40.900801 1.487770 1.322511 27.247441 1.494426 -8.463551 0.002491 -0.002765 -0.001441 -7.485929 -6.715638 -0.765159 55.318427 -6.494812 13.204528 43.290744 6.907963 2.923894 21.663699 0.999005 -11.083035 -0.001502 -0.000853 -0.000989 -7.966770 -6.572504 1.388089 0.852635 -3.435662 17.252145 0.454468 -2.333363 -7.932652 -0.131387 -2.282534 2.524392 0.001352 -0.000912 1.000383 -11.446661 -14.596199 -11.115146 0.046715 -0.895588 59.138191 6.110151 -15.144867 0.588795 1.576831 1.783795 -2.801368 -0.001741 -0.000302 1.004205
45.880497 109.479225 35.670341 55.397861 84.278337 52.303838 3.023179 -0.006246 5.140745 3.033421 2.075016 -5.464925 -4.710708 5.955663 8.436193 1.339061 5.108067 2.559034 -22.208966 4.316098 -1.103483 -11.400514 54.211383 -22.786324 0.000432 0.000112 -0.001064 -1.939462 -0.574870 -2.497131 0.165789 -5.389812 -3.851776 -0.344367 -3.660585 -3.838695 -1.688664 -4.752307 12.870174 -82.887918 -59.761281 4.456484 -176.978721 -47.106270 -172.130907 47.051729 -6.770533 -37.210901 -10.513626 10.616632 17.003058 -3.659664 -3.403011 -4.906394 -0.425771 6.114689 -6.069849 -0.000209 -0.000555 -0.000123 0.594996 3.703094 0.230654 -51.624805 9.226447 7.292512 -27.358432 -1.067957 1.692993 -5.496850 -2.210131 1.754562 -0.000882 -0.000036 0.000013 0.844214 1.704275 3.001447 -52.541866 10.994242 1.082287 -28.460882 -2.458172 3.060634 -2.110649 -1.503327 0.163547 0.001108 -0.000322 0.000229 3.720864 2.206898 -14.676644 -46.469445 20.799754 11.854837 -34.025832 0.970095 0.098260 -25.038544 -0.358628 -6.583072 -0.000263 -0.000149 -0.000909 2.515534 4.178018 -9.894378 -44.859573 13.244385 9.089949 -35.124792 -1.615765 1.782919 -16.942371 2.024683 -8.304958 -0.001178 0.000927 0.000241 -23.435407 13.015065 18.567249 99.783329 44.280910 30.684854 165.065233 55.482284 164.399826 -59.167451 46.208071 -25.585649 23.591299 -28.989086 25.230195 -1.779598 0.336169 -10.905524 -2.435010 -7.203133 2.201310 -0.000232 0.001252 -0.000231 3.034899 -8.489232 3.302278 57.099365 -17.264261 7.665199 30.249495 2.981332 5.875820 5.468331 3.983492 -2.522830 0.000315 -0.000772 0.000353 -0.633381 -6.723972 8.674087 60.827012 -8.034434 7.272803 37.128468 5.013889 4.791157 5.146353 3.198801 -0.979692 0.001503 -0.000248 -0.000457 -6.029386 -5.913968 -6.265173 60.943065 -17.506822 15.044758 44.543093 2.914165 1.842919 29.357097 2.464103 -9.564358 0.002070 -0.001136 -0.001176 -7.668063 -7.746817 -0.317780 59.589010 -6.121800 13.057920 46.680570 8.912784 4.181688 24.348297 2.401160 -12.564096 -0.002380 0.000614 -0.001012 -6.186384 -7.516393 2.357638 1.522584 -4.220079 18.628125 -0.828582 -4.191619 -9.456510 0.148896 -2.239697 1.618485 0.001447 -0.001020 1.000537 -12.898000 -14.687585 -15.877973 -0.017097 -1.137994 57.624104 6.638578 -16.732049 -3.461543 0.725556 1.905114 -1.487148 -0.001525 -0.000077 1.002975
49.810993 109.402229 37.328014 99.345276 86.765566 96.967386 3.244673 0.167101 5.564547 3.002819 1.558698 -5.279597 -3.693681 5.088846 8.281521 0.969787 5.634980 2.294183 -22.302701 3.311017 -1.732887 -11.538944 54.702381 -22.910056 0.000313 0.000083 -0.001315 -1.731930 -0.493706 -2.389887 0.120027 -5.200521 -3.563751 -0.381966 -3.466762 -3.544816 -2.949330 -5.243150 12.273475 -81.258230 -59.205018 5.931779 -176.739738 -50.043762 -172.641312 44.425589 -9.341589 -33.315814 -9.544716 9.876832 16.213540 -4.536984 -4.423284 -4.130115 -0.744689 5.868659 -6.368845 -0.000174 -0.000463 -0.000270 0.243468 3.074849 0.121635 -47.198795 8.977781 7.624864 -25.556666 -0.211896 1.118594 -4.944986 -2.333438 2.049617 -0.000721 0.000110 0.000012 0.867118 1.156905 2.580571 -48.818438 11.727073 1.211155 -26.820926 -1.585317 2.607944 -1.551674 -1.445358 0.648831 0.001231 -0.000436 0.000358 3.904844 1.582184 -14.733478 -43.305979 20.666377 12.797437 -32.519986 1.542331 -0.129533 -23.834105 -0.164276 -6.368496 -0.000137 -0.000232 -0.000928 3.220748 3.556544 -10.190267 -42.455163 13.637510 9.814018 -33.845527 -0.978426 1.421351 -15.513778 2.418423 -8.013901 -0.001155 0.001021 0.000298 -23.458372 13.125343 17.831327 98.959264 41.722720 29.011465 166.400323 55.440577 165.493553 -51.109516 45.418746 -21.475429 22.788889 -26.053229 23.908524 -1.151791 1.375182 -9.993170 -1.888593 -7.105057 1.598002 -0.000687 0.001480 0.000019 3.194400 -8.083913 3.256146 51.895752 -16.375625 8.390106 27.162368 2.573921 5.369632 4.697226 4.151474 -1.914185 0.000544 -0.000634 0.000691 -0.458478 -6.032765 7.998269 55.695951 -8.651243 7.076459 33.444333 3.938213 3.927424 3.842738 2.951227 0.433143 0.002145 -0.000370 -0.000392 -5.863506 -5.530671 -6.833904 55.651003 -16.689971 16.031989 40.358000 1.604968 1.175467 27.016781 1.620912 -8.373572 0.002427 -0.001775 -0.001468 -7.754835 -6.937943 -0.874514 55.207889 -6.646729 13.057054 42.884269 6.874518 2.844574 21.396926 0.967563 -10.911431 -0.001550 -0.000139 -0.001301 -4.565508 -9.090431 4.491874 1.899833 -5.449130 18.646643 -1.959160 -6.090463 -10.337654 0.348121 -2.899033 0.880992 0.001364 -0.001072 1.000804 -15.653714 -14.813975 -20.589544 0.049786 -1.317805 53.990137 7.529997 -14.536845 -2.433827 0.341130 2.162665 -1.142204 -0.001422 -0.000056 1.003681
53.815102 108.687141 38.879917 171.834347 83.805193 169.979880 2.366633 1.508554 6.033588 4.015132 0.941998 -5.274646 -2.262946 4.730864 8.329542 1.837231 5.535533 1.763783 -20.433146 2.453573 -0.757722 -9.466728 52.433158 -20.372483 -0.000060 0.000108 -0.001326 -1.209809 -0.317449 -2.142069 0.018273 -5.381000 -2.793647 -0.461383 -3.638535 -2.759114 -2.713750 -6.338379 11.486072 -79.787012 -58.583090 7.904384 -175.845856 -53.160876 -174.079629 39.972244 -9.633969 -28.814985 -8.074438 8.489077 14.952439 -4.219143 -5.494178 -3.746027 -0.696249 5.569023 -7.115287 0.000110 -0.000470 -0.000450 1.213036 2.976630 0.133441 -43.623551 8.693272 7.752807 -26.124216 -0.001812 0.949967 -5.506207 -2.389944 1.598403 -0.000551 0.000118 0.000251 1.705799 1.723339 2.926764 -45.892632 11.458114 1.411849 -27.564596 -1.453837 2.438477 -2.250395 -1.458980 0.487788 0.001033 -0.000320 0.000170 4.320224 1.926628 -14.541078 -40.245707 20.764169 13.278685 -33.733252 1.474495 -0.339413 -24.347104 -0.199090 -6.315089 -0.000244 -0.000415 -0.000715 3.790594 4.278244 -10.151579 -40.387843 13.888172 10.408188 -34.905259 -1.151967 1.281472 -15.951859 2.306663 -7.890560 -0.000908 0.000841 0.000657 -21.092921 12.621357 17.771073 97.672812 38.988143 26.461420 166.769058 55.317229 167.644513 -44.211854 41.149320 -23.247505 21.910363 -21.257108 21.223802 -0.872426 2.863944 -9.302993 -1.475050 -6.654047 0.757056 -0.000915 0.001543 0.000205 2.763618 -7.785788 2.265063 47.158088 -14.926857 9.082920 27.150694 3.158715 5.020421 5.399697 4.628544 -2.493564 0.000460 -0.000417 0.000811 -0.130699 -6.014004 6.578121 51.176746 -8.724593 7.014969 33.159057 4.566527 3.663341 4.489100 3.264849 0.646140 0.002321 -0.000363 -0.000216 -5.009947 -5.717387 -7.944764 51.786056 -15.786321 16.694632 39.223625 2.062699 0.708724 26.826923 1.728460 -7.946345 0.002590 -0.002099 -0.001689 -6.081119 -7.161088 -2.126250 51.609594 -6.590657 12.850315 41.222585 6.788548 2.295859 20.802831 1.037986 -10.507607 -0.001237 -0.000327 -0.001232 -0.957564 -8.480594 6.530384 1.582905 -6.129686 19.481263 -2.584909 -8.272291 -13.332126 0.178628 -3.224782 -0.684801 0.001630 -0.000861 1.000879 -18.452985 -14.343195 -23.309124 0.516780 -1.181230 42.646083 6.739137 -13.308294 0.380427 -0.623520 2.126916 -1.406566 -0.001608 -0.000327 1.003775
57.881348 108.598518 40.309120 -177.089680 82.442030 -176.471509 1.946949 1.365501 6.043874 3.815095 0.801151 -6.104546 -1.241780 2.790074 8.262843 1.433583 6.938599 1.796889 -19.613080 2.131216 -0.363139 -8.456002 48.766898 -20.034517 -0.000420 -0.000068 -0.001079 -1.347929 -0.223060 -1.990212 0.172478 -4.547652 -3.758845 -0.337108 -2.810710 -3.705855 -1.563766 -6.788744 11.501876 -82.861846 -55.591025 12.018349 -176.238554 -55.376934 -173.050086 44.657583 -12.400744 -23.667771 -10.729001 10.045929 15.426187 -3.538149 -5.807059 -3.999216 -0.058062 4.756231 -6.332153 0.000276 -0.000255 -0.000645 0.487504 2.491129 0.539246 -46.727404 10.504955 6.867804 -29.359845 -1.106419 1.319255 -6.137254 -1.835705 -1.434530 -0.000217 -0.000588 0.000776 1.878856 0.929919 2.983406 -50.388878 13.401331 0.458540 -31.058491 -2.936175 3.279605 -3.750467 -1.201029 -1.823885 0.000567 -0.000231 0.000083 4.981884 1.383010 -14.575508 -44.517078 23.118484 11.953275 -38.249317 1.419408 -0.007066 -26.216360 -0.016340 -6.836514 -0.000008 -0.000260 -0.000429 5.667738 3.799738 -9.823403 -44.981581 15.564830 9.305951 -38.944998 -1.173433 1.310824 -18.655483 1.969232 -7.837857 -0.000293 0.000426 0.000993 -19.975360 10.767800 19.698568 95.649838 40.637529 21.816784 168.999545 49.673443 169.479939 -44.672693 44.169239 -24.790015 23.689106 -24.880145 20.771238 -1.588033 2.297545 -10.299818 -1.772897 -5.508355 0.787406 -0.000851 0.001389 0.000180 3.300396 -10.225106 2.324671 52.906530 -15.912634 8.053634 30.760170 4.206978 5.085617 5.738403 4.670808 -4.789179 0.000547 -0.000110 0.000633 0.241041 -7.508815 6.934818 56.988694 -9.459331 6.228210 36.877318 6.277656 4.314471 5.522320 3.653931 -0.492627 0.002365 -0.000155 -0.000035 -5.150513 -6.858215 -6.942512 58.863330 -17.468230 14.693787 43.238663 3.879562 1.096267 28.169932 2.464387 -8.693148 0.002006 -0.001126 -0.001533 -6.705170 -8.856834 -0.623265 58.878307 -5.418324 12.253737 44.723981 9.492707 3.705826 22.896242 2.269043 -11.248060 -0.002105 0.000811 -0.000878 1.406956 -6.737175 9.291883 2.561972 -4.808560 16.049665 -4.542444 -6.421462 -11.041536 0.557304 -2.959645 -1.971302 0.001891 -0.000363 1.000320 -19.848582 -13.213359 -20.800294 -0.374486 -1.466278 28.353591 8.842924 -12.656884 -1.436753 -1.026579 2.133069 -2.217632 -0.001528 -0.000308 1.002625
61.998249 107.940033 41.598629 -175.565575 74.806114 -175.674762 1.909170 0.260037 5.701963 3.662557 1.599022 -6.397040 -1.017666 3.054420 9.391373 0.754464 6.718281 -0.371187 -18.077867 1.242463 1.507565 -7.559253 46.844436 -18.073190 -0.000822 -0.000010 -0.000434 -0.953521 0.062369 -2.233854 0.017729 -4.402759 -0.710912 -0.398402 -2.647376 -0.656274 -1.857447 -5.744110 12.533292 -78.005109 -53.942865 4.471514 -174.735426 -48.523307 -176.640130 56.116120 -16.769717 -25.872360 -14.875146 14.597259 17.321670 -2.048941 -4.360716 -5.745286 1.136560 5.532697 -4.801967 0.000528 -0.000276 -0.000788 1.050623 4.250338 1.195977 -58.424911 11.723742 5.450566 -33.829911 -2.795770 2.897919 -6.125308 -1.542899 -3.130861 0.000015 -0.000993 0.001326 2.226896 1.640892 3.751725 -60.830168 12.630480 0.243634 -35.877470 -4.386382 4.534990 -3.856151 -0.968042 -3.778410 0.000103 -0.000091 -0.000290 5.872200 1.844992 -13.627458 -56.180520 24.359533 9.011397 -42.810942 0.324522 0.739507 -27.429537 -0.488981 -7.961953 -0.000144 -0.000405 0.000037 6.620853 4.122213 -9.320963 -55.193331 15.607504 7.770537 -43.264212 -2.453694 1.953547 -20.669977 1.444115 -8.964245 0.000341 0.000032 0.001315 -21.121664 9.178019 20.518664 93.730183 36.377304 15.995263 167.281247 48.265078 168.000316 -62.024569 33.124985 -29.716135 24.469548 -31.699152 21.612405 -1.951802 0.868323 -12.103975 -1.533231 -5.118466 0.794395 -0.000626 0.000730 -0.000016 2.510425 -15.182531 2.660539 60.090107 -17.739387 7.354124 31.229887 5.405881 5.395597 4.080018 4.831022 -2.953872 0.000062 0.000353 0.000185 0.070746 -11.274777 7.669892 63.214767 -9.758671 6.439831 36.428002 7.197812 4.440051 3.099393 3.841887 -0.343559 0.001773 0.000375 0.000100 -5.161815 -9.775108 -5.471748 65.439960 -18.089303 13.627759 43.242184 4.624911 1.374362 26.876013 2.506672 -8.746528 0.001308 0.001098 -0.001390 -5.375450 -11.709440 -0.110718 64.571941 -5.272435 12.326518 45.235330 10.169488 3.730952 22.217152 2.066359 -11.481514 -0.003842 0.003138 -0.000407 4.058079 -6.804818 13.260241 2.760954 -4.581821 13.698962 -6.014262 -3.553368 -11.235838 1.031158 -3.541770 -3.392871 0.002127 0.000279 0.999944 -21.985699 -11.666362 -19.262098 -1.231717 -1.700630 23.162585 11.929808 -12.329587 -4.711740 -1.873738 1.808443 -2.240113 -0.001502 -0.000662 1.000417
66.154312 106.131638 42.731373 -176.418931 71.382593 -174.808265 1.835710 0.523883 5.635851 2.995496 1.355281 -5.933882 -1.923620 2.372764 8.609693 1.944166 6.356049 1.589342 -18.640584 2.957770 2.388407 -10.783403 51.016217 -20.892692 -0.000717 -0.000670 -0.000228 -1.169538 -0.204067 -2.424714 -0.065386 -5.311431 -1.336540 -0.502158 -3.584885 -1.260613 -0.485628 -8.012797 12.826914 -82.651846 -54.236068 10.159783 -175.729844 -54.060632 -173.997679 54.188410 -12.826085 -33.051732 -11.476745 11.847774 14.769804 -3.407554 -5.123297 -4.612640 0.298088 4.914128 -5.367119 -0.000459 -0.000424 -0.000978 1.411261 4.177627 -0.102555 -52.473003 10.186459 6.207225 -31.427366 -2.212864 2.367435 -5.270000 -1.927523 -1.687183 -0.000438 -0.000448 0.000913 2.035274 1.664149 3.483756 -54.756199 11.912988 0.410563 -33.477545 -4.180546 3.680513 -3.231828 -1.560191 -2.344777 0.000945 -0.001115 0.000340 5.723729 2.052540 -14.819410 -50.213949 23.002838 10.933621 -39.551368 -0.404619 0.566820 -26.133842 -0.471706 -6.873480 0.000439 -0.000988 -0.000513 5.811860 3.851776 -9.597428 -48.920902 14.471935 8.690041 -40.191369 -3.041192 2.183692 -18.999181 1.632144 -8.680257 0.000069 0.000191 0.000793 -18.037587 8.463842 20.432093 97.151125 31.232561 19.561234 169.366045 48.393306 172.644071 -41.149885 40.439499 -27.379675 20.944373 -24.522185 19.625934 -0.965427 2.090225 -11.072037 -1.650969 -5.828970 0.940445 -0.000811 0.000282 -0.000063 1.981635 -11.202583 0.503771 53.706166 -14.276944 7.355740 30.539883 5.020413 4.725340 4.650121 4.846175 -4.136231 -0.000860 0.000540 0.000551 -0.318736 -8.976315 5.768275 57.846015 -7.326443 6.174024 36.662135 6.123777 3.719938 4.858825 3.987943 -0.464733 0.001179 0.000950 -0.000909 -4.798078 -8.515329 -7.855587 59.085167 -15.353651 14.439529 42.854731 4.560872 0.929407 28.083612 2.575743 -8.512149 0.000293 0.002553 -0.001000 -5.520004 -9.781059 -0.941462 57.698774 -5.177671 12.172148 44.736151 9.822677 3.266042 23.429218 2.768709 -11.326070 -0.005328 0.004553 -0.000705 4.211323 -7.827234 14.196803 1.946331 -7.361234 14.546190 -5.970924 -7.688732 -14.528719 1.062026 -4.249751 -6.596724 0.001990 -0.000296 1.000701 -21.008593 -11.668869 -22.003587 -1.351321 -1.108488 30.308993 10.780566 -6.310848 -0.646646 -1.740569 2.373302 -2.150281 -0.001956 -0.000125 0.998897
70.338028 106.367043 43.690212 -175.067186 66.533364 -173.724159 1.827207 -0.476638 4.864812 1.925959 1.415916 -5.252847 -1.654507 0.744610 8.465580 1.830910 6.339402 2.028609 -17.991255 2.316663 1.921759 -8.708592 48.445920 -18.635801 -0.001358 -0.000937 -0.000597 -1.018160 -0.006429 -1.687938 -0.033218 -4.978388 -1.373784 -0.471010 -3.236671 -1.318262 -1.376797 -8.956182 12.629075 -83.447929 -52.227302 9.169924 -176.975769 -54.214928 -171.760882 56.631791 -11.603561 -32.727401 -11.583345 12.236089 14.831861 -4.048716 -5.369334 -5.159858 0.456989 4.843747 -5.018923 -0.000487 -0.000685 -0.001501 1.638936 3.557761 0.372394 -54.310633 10.778587 5.169259 -31.700907 -2.861507 2.681861 -4.983221 -1.762787 -2.281328 -0.000208 -0.000418 0.001445 1.873670 0.926585 3.559132 -55.610675 12.966237 -0.355125 -34.180266 -4.408404 3.966621 -3.208483 -1.406573 -2.989613 0.000421 -0.001262 -0.000134 5.699634 1.741527 -14.882332 -50.590340 23.798148 10.516311 -39.957158 -0.408729 0.627536 -26.466188 -0.434706 -7.068151 0.000360 -0.001440 0.000176 6.162798 3.737542 -9.943386 -49.604136 15.556956 8.468345 -40.490025 -2.733618 2.150390 -19.404177 1.491235 -8.836071 0.000790 -0.000628 0.000709 -17.478182 8.961240 19.793581 98.945382 26.806299 17.368827 167.030152 48.434604 171.037343 -50.220908 41.361085 -30.848595 19.188690 -23.809606 19.059874 0.133994 2.643635 -11.390136 -1.240812 -5.294793 1.041882 -0.001625 0.001176 0.000448 0.728342 -9.818208 0.395220 52.249150 -12.834651 7.781149 30.375194 5.861022 4.319141 3.997094 4.654359 -4.157016 -0.001101 0.001259 0.000907 -1.249776 -7.671246 4.336922 56.483501 -7.636342 6.031036 36.285733 6.480565 3.595348 4.516842 3.833990 -1.253377 0.001324 0.000551 -0.000590 -5.453478 -7.582787 -8.807815 56.797383 -15.039386 14.470331 42.702232 5.062800 1.060403 28.221550 2.963204 -9.047358 0.000869 -0.000487 -0.001754 -5.796617 -8.624096 -2.563059 55.931197 -6.606289 12.253159 44.279446 10.256209 3.404597 23.707510 3.264045 -12.189901 -0.003219 0.001852 -0.000526 6.016970 -8.813016 14.412677 2.485385 -6.878743 16.073776 -7.825243 -3.813381 -12.887534 1.864189 -3.814565 -10.189596 0.002257 0.000443 1.000664 -20.454354 -12.807288 -18.723321 -1.537204 -1.772366 28.485244 11.604281 -7.254627 -1.143051 -1.857307 2.540054 -2.207463 -0.002418 -0.000510 1.001509
74.537872 106.663300 44.457932 -176.545020 64.554881 -174.064991 1.757122 0.387011 3.566347 1.542600 1.390510 -5.802622 -1.659714 0.128465 9.758937 1.545790 7.242101 3.156693 -18.050551 1.177433 0.983752 -8.881865 47.713714 -19.633911 -0.001150 -0.000778 -0.000885 -0.699155 -0.138698 -1.925383 -0.059622 -4.854376 -1.095758 -0.488055 -3.103068 -1.047119 -1.882558 -8.379843 12.489981 -81.188987 -51.014063 6.878975 -177.410952 -55.986801 -170.706193 53.374392 -9.877320 -29.268772 -10.353473 11.466907 15.474731 -4.858646 -5.884325 -4.788620 -0.011865 4.705358 -5.676420 -0.000495 -0.000611 -0.001478 0.333493 3.007401 0.453968 -50.081992 10.031867 6.183572 -31.717416 -2.971341 2.477620 -6.035621 -1.785054 -2.390870 -0.000317 -0.000448 0.001216 0.798606 0.597223 3.167097 -51.684481 12.796436 0.473502 -33.670532 -4.824663 3.950442 -4.043596 -1.565299 -2.954212 0.000852 -0.001295 -0.000020 4.425138 1.189550 -15.005108 -46.277981 22.869854 12.066524 -39.163788 -0.599512 0.612829 -27.016574 -0.553651 -7.156136 0.000195 -0.001679 -0.000061 5.278771 3.245258 -10.638921 -46.068217 15.109477 9.567334 -39.102726 -2.435123 1.969110 -19.801651 1.544031 -8.610719 0.000402 -0.000394 0.000529 -15.179097 8.748592 19.537994 95.950488 27.106263 15.757039 168.108987 47.856039 171.357834 -34.606814 34.374440 -20.989598 17.888979 -22.005459 18.414195 0.211082 4.214911 -10.465474 -1.266347 -4.961729 0.846788 -0.001728 0.001499 0.000505 1.042530 -8.048420 0.637829 47.375808 -11.109422 7.973300 28.904253 5.770632 4.035484 4.752758 4.550471 -4.364108 -0.001112 0.001138 0.001000 -1.102920 -6.041716 4.012391 51.412795 -6.736346 6.065109 34.311843 6.335146 3.592302 4.619931 3.493424 -1.190053 0.001383 0.000278 -0.000650 -5.225326 -5.875449 -9.840339 51.336185 -14.463164 15.625290 39.868758 4.748262 0.929324 27.789246 2.700014 -9.300066 0.001417 -0.002081 -0.001855 -6.871850 -6.808360 -3.562982 51.991879 -6.436558 12.471525 41.306303 9.260736 2.954066 22.529927 2.409392 -11.829085 -0.002228 0.000304 -0.000840 7.848085 -9.243486 13.992804 1.999000 -7.058824 17.295038 -9.617621 -2.190359 -9.237636 2.349941 -3.832640 -9.946091 0.002076 0.000072 1.001009 -20.418112 -11.476693 -17.329367 -1.354830 -0.786266 28.202253 11.365060 -8.003339 1.032389 -1.109662 2.259341 -2.628197 -0.002279 -0.000482 1.002830
78.742317 106.930710 45.017250 -176.375661 62.688167 -172.860609 1.872294 0.732973 4.063421 1.780959 1.353234 -5.949149 -1.655074 0.097480 8.829572 0.658467 7.504403 2.501943 -18.295887 0.691896 1.559153 -7.798107 48.546181 -17.098733 -0.001041 -0.001339 -0.000512 -0.625848 -0.108327 -2.131297 -0.035991 -4.688716 -0.874259 -0.458040 -2.951385 -0.820545 -0.282322 -9.099864 13.349680 -81.654778 -49.929844 7.020117 -173.707566 -55.832580 -177.038727 44.732633 -9.300185 -27.569692 -8.610054 7.829996 14.528862 -5.297620 -5.761632 -3.634865 -0.891602 3.354004 -7.723659 -0.001041 -0.000738 -0.001240 0.356900 4.042235 -0.337061 -43.827890 8.856802 7.715819 -27.777427 -1.667522 1.764070 -4.117514 -2.187518 -0.829090 -0.000477 -0.000135 0.001234 0.374769 2.021756 3.172234 -45.815278 12.658649 1.180844 -29.025956 -4.239318 3.202293 -2.412322 -1.534204 -0.975113 0.000836 -0.001629 0.000129 3.354566 2.777957 -14.738923 -41.711284 22.296525 12.923072 -33.939406 -0.777030 0.472191 -23.599327 0.038959 -5.494790 0.000614 -0.001737 -0.000105 3.791714 5.000461 -10.040313 -42.362225 14.326706 9.685830 -33.673127 -2.680662 1.706964 -15.603003 2.258419 -7.134847 0.000571 -0.000622 0.000123 -15.377251 10.523305 20.049552 95.195889 24.641987 16.566112 168.135424 50.160610 171.673637 -21.066187 33.692599 -10.545907 19.662723 -19.281046 18.167137 1.546096 3.832373 -9.301490 -1.293127 -4.751805 0.442935 -0.001209 0.001019 0.000199 2.810864 -8.836435 0.602588 46.464619 -11.259631 8.371594 28.387798 5.299206 3.767731 3.750240 4.188939 -6.452100 -0.001546 0.001251 0.000674 0.448611 -7.106532 4.497137 50.651899 -7.171160 5.954853 34.699603 6.180386 3.564236 4.773712 3.349018 -0.872268 0.000343 0.000898 -0.001062 -4.073037 -6.922540 -9.290104 52.156892 -15.933672 14.863218 39.844253 5.085338 1.118102 27.046979 2.434806 -8.625289 0.000118 -0.000239 -0.001290 -5.805402 -8.292772 -2.495663 52.940106 -7.030832 12.206659 41.205801 10.031237 3.480034 22.455805 2.453837 -10.904325 -0.003853 0.001988 -0.000368 9.310430 -8.540855 10.265800 1.478155 -6.778240 22.285288 -10.322253 -0.871982 -5.043556 3.171002 -3.369905 -10.850071 0.001737 0.000120 1.000890 -17.864709 -12.136742 -16.318792 -0.819888 -0.746427 33.592493 12.587483 -7.189664 -0.617899 -0.980914 2.244554 -1.590205 -0.002250 -0.000282 1.001116
82.939819 107.375244 45.350819 -175.943512 59.504993 -173.238882 1.987611 -0.035785 4.493722 0.711471 1.238971 -5.355835 -1.327839 -1.615865 8.049342 1.255348 7.285199 3.191624 -18.978042 -0.016774 -0.425336 -8.155862 48.998519 -17.060999 -0.001290 -0.001119 -0.000949 -0.671026 -0.086375 -1.648230 0.081124 -4.724463 -1.823223 -0.369066 -2.978947 -1.799603 -1.036764 -10.729063 12.558792 -79.481250 -51.060893 3.938900 -175.145148 -57.397856 -175.591037 43.638908 -9.818624 -25.737981 -7.209210 6.790121 13.970758 -6.124433 -6.713045 -3.407812 -0.994696 2.703518 -8.020608 -0.000850 -0.000870 -0.001482 -0.049361 2.202354 -0.174442 -39.245758 8.478362 7.703796 -25.942564 -1.339847 1.413303 -3.878192 -1.926603 -0.567033 -0.000396 0.000030 0.001317 0.023830 0.478256 2.452344 -40.728661 12.947219 1.418776 -27.582307 -3.424403 2.620409 -2.213473 -1.507487 -0.673346 0.000743 -0.001548 -0.000167 3.176937 1.461882 -15.525480 -36.447150 21.287496 14.363716 -32.093038 -0.285504 0.304952 -23.216353 0.210686 -5.260077 0.000304 -0.001959 0.000239 4.307142 3.596957 -11.228176 -37.453658 14.365822 10.671882 -31.913346 -1.648766 1.366298 -15.059453 2.514809 -6.611180 0.000625 -0.000891 0.000040 -13.580566 9.519163 19.789120 96.284035 27.383776 15.308812 167.027578 48.734877 171.623395 -30.301137 34.979893 -11.382395 16.842562 -15.822449 17.044899 1.741123 4.706448 -8.867430 -1.131313 -4.322147 0.265014 -0.001802 0.001760 0.000551 2.048509 -5.849822 0.924182 41.210034 -9.898507 8.719699 26.478376 5.263595 2.928891 3.728265 4.110469 -6.613253 -0.001685 0.001505 0.001019 -0.319774 -4.280502 3.490748 45.484938 -6.752466 6.286074 32.616287 5.958028 2.747818 4.577858 3.210762 -0.792794 0.000686 0.000378 -0.000774 -4.591573 -4.649213 -10.958954 46.153350 -14.532998 15.770124 37.689589 4.816269 1.050496 26.381964 2.300493 -8.624559 0.001113 -0.002828 -0.001958 -6.864336 -5.393999 -4.730062 47.907409 -7.712003 12.656675 38.699161 9.256991 2.845207 21.371509 2.111956 -10.520388 -0.002000 -0.000289 -0.000525 10.556178 -6.215512 6.434351 0.920920 -5.930632 27.136902 -8.565433 2.904985 -3.088726 3.321064 -2.949468 -11.095759 0.001924 0.000329 1.001029 -16.439498 -12.653748 -14.032405 -0.166271 -1.035300 35.417212 11.755029 -8.191930 0.869453 -0.342949 2.591768 -1.946648 -0.002427 -0.000562 1.003421
87.118790 108.380402 45.441227 -176.231534 58.300312 -174.282485 1.248471 0.944810 3.543755 1.588015 1.285695 -4.460054 -1.297231 -1.573192 8.209988 1.636343 6.127496 4.589475 -17.722521 2.052911 -0.225323 -9.550971 48.889369 -18.981971 -0.001084 -0.001578 -0.000987 -0.869317 -0.080066 -1.885809 0.059361 -5.186339 -2.137891 -0.400186 -3.454653 -2.114461 -1.910841 -10.804972 11.940740 -75.718244 -53.947848 -0.103399 -179.324143 -59.960176 -169.672379 43.152489 -7.130021 -26.749417 -7.821137 5.932847 13.943519 -6.815186 -6.757868 -3.815040 -0.966568 3.123616 -6.633564 -0.001146 -0.001139 -0.001698 0.065421 0.103272 -0.274530 -41.012410 8.637928 6.811785 -26.231632 -1.756263 1.480367 -3.455170 -2.111909 -0.790698 -0.000623 -0.000029 0.001452 -0.107744 -1.320169 1.829409 -41.535583 12.665035 1.382970 -27.447926 -3.563992 2.834122 -1.820112 -1.443711 -1.308527 0.000922 -0.001843 -0.000051 3.311990 -0.288604 -15.952496 -37.290804 21.099041 14.415920 -31.043452 -0.522332 0.427311 -22.882180 0.011714 -5.728194 0.000515 -0.002320 -0.000061 4.439025 1.897379 -11.865824 -37.869055 14.374897 10.566905 -30.651914 -1.752444 1.489614 -14.498248 2.508308 -6.871288 0.000533 -0.000732 -0.000395 -14.568319 9.664112 20.124119 93.347333 31.884392 9.858418 167.312373 46.596657 171.367294 -32.178436 36.235554 -14.718233 16.445969 -15.901857 16.927668 2.164964 3.617822 -9.614770 -0.813995 -4.722310 0.938569 -0.002121 0.001772 0.000721 1.598102 -4.718014 0.891929 43.385922 -9.888283 7.995046 27.245533 5.270705 2.874131 3.134484 4.110941 -5.998219 -0.001453 0.001281 0.001245 -0.456125 -3.188008 4.153711 47.702597 -6.364522 5.673580 33.521450 5.896542 2.584247 4.119688 3.379259 -1.190493 0.000937 0.000354 -0.001055 -5.010936 -3.521315 -10.854291 48.913560 -14.528718 15.041724 38.457957 4.686536 1.253448 26.711987 2.613575 -8.945393 0.001027 -0.003091 -0.002078 -6.983072 -4.095740 -4.811187 50.551671 -7.555199 12.381707 39.878278 9.687548 3.080054 21.942126 2.496193 -11.237298 -0.001683 -0.000508 -0.000706 11.296256 -5.351245 -1.649543 0.598417 -3.483699 44.231009 -4.829926 3.723635 0.105725 3.622758 -2.733912 -9.374165 0.001803 0.000191 1.001298 -13.985451 -13.013182 -10.778055 0.149651 -0.777503 35.090863 10.883447 -9.027247 -2.067313 0.182745 3.085887 -1.527679 -0.002553 -0.000391 1.003662
91.267685 109.199974 45.271019 -176.246351 54.584110 -173.574179 1.217324 0.868501 4.576753 1.308184 1.437176 -4.731370 -0.901811 -1.267375 8.387109 0.382022 6.545999 4.419671 -18.292746 1.973122 -1.335722 -8.517273 50.381912 -18.484133 -0.001378 -0.001520 -0.001259 -1.030773 -0.071240 -1.796840 0.184667 -4.335803 -1.516763 -0.256424 -2.592805 -1.528963 -1.823892 -11.938991 11.619599 -73.913031 -56.204117 -0.847385 179.630339 -62.547769 -168.378255 40.156349 -4.172359 -26.376790 -5.728679 6.600675 13.583635 -6.881850 -6.699251 -3.992154 -0.942796 3.679607 -6.203005 -0.000762 -0.001462 -0.001952 0.794195 0.369257 -1.151885 -40.206139 8.183130 5.925770 -25.779038 -2.052693 1.204167 -3.844542 -2.254340 -1.030548 -0.000629 -0.000323 0.001724 0.524342 -0.847037 1.707182 -41.071736 11.626563 0.864752 -26.992955 -3.956880 2.722086 -1.582670 -1.436087 -1.998865 0.000637 -0.001607 -0.000498 3.526807 -0.399640 -15.351095 -36.378897 20.414896 14.284566 -30.485311 -0.884421 0.311509 -22.827315 -0.526562 -6.665104 0.000071 -0.002346 0.000065 4.069749 1.843967 -11.569915 -36.356315 14.128114 10.822673 -30.038542 -1.972432 1.312902 -14.333082 2.253213 -7.859361 0.000609 -0.000887 -0.000097 -13.939994 9.399397 19.775260 91.178089 30.209133 5.936797 168.776677 47.829282 173.741897 -34.632550 34.043681 -15.840996 16.593813 -15.863316 17.186150 1.838627 4.179144 -9.306178 -0.638598 -5.414493 1.043743 -0.002491 0.002086 0.000976 1.988129 -4.080595 1.283680 42.226005 -10.017585 8.120494 24.404189 3.854245 2.718645 1.831304 3.748100 -4.235474 -0.001465 0.001302 0.001521 0.101627 -2.882123 4.269275 45.493832 -6.408165 6.118723 30.064949 4.804157 2.350954 2.150941 2.860513 -0.349296 0.001178 0.000019 -0.000902 -4.658596 -2.739037 -10.666302 46.416750 -14.597593 16.249728 35.309426 3.084075 0.876396 24.942822 2.214458 -8.446757 0.001514 -0.004031 -0.002452 -6.669305 -3.609038 -4.863671 47.989578 -7.441726 13.030231 37.259690 7.767302 2.305421 19.822562 1.360894 -10.607806 -0.000926 -0.001305 -0.000700 12.450412 -3.340284 -10.118551 1.067882 -1.994054 56.725402 -2.822353 5.242599 0.295558 3.509838 -3.218223 -9.060049 0.002292 0.000424 1.001375 -11.501944 -12.021426 -7.910597 0.264876 -0.863876 33.674015 10.539044 -8.354393 -1.801551 1.190035 3.218241 -1.813293 -0.003022 -0.000786 1.004663
95.374901 110.888657 44.822685 -177.833137 54.697285 -176.240616 0.598956 1.930766 4.997746 2.094702 1.128104 -4.570418 -1.101024 -0.343844 8.507790 0.551745 6.234106 3.447672 -17.352141 3.469995 -1.567376 -8.371416 51.614931 -17.752698 -0.000881 -0.001434 -0.001053 -1.580652 -0.211285 -2.256697 0.154452 -4.495790 -1.518995 -0.286621 -2.766101 -1.507839 -2.364481 -13.275397 12.296475 -71.429546 -57.299203 -2.353450 177.647768 -65.851939 -166.386725 33.613688 -3.698191 -23.911901 -5.717100 6.330932 13.766135 -7.644602 -6.329355 -3.869780 -1.023314 4.993419 -5.047303 -0.000838 -0.001067 -0.001462 0.733268 -0.497016 -1.795011 -38.361817 7.836774 6.012163 -22.950073 -0.199013 0.488772 -3.497375 -2.513545 1.552316 -0.000581 -0.000459 0.001054 0.687770 -1.430410 1.365480 -38.282211 11.420550 0.902257 -24.170496 -1.735403 2.067557 -0.483543 -1.360370 -0.223566 0.000866 -0.001503 0.000028 3.767590 -0.752849 -14.996046 -33.399754 18.904372 15.171000 -27.094526 0.327953 -0.182086 -21.532952 -0.526695 -6.544841 0.000421 -0.001797 -0.000350 4.068076 1.503405 -10.865736 -33.406926 13.527288 11.424376 -27.393329 -1.140900 0.970783 -12.378714 2.866215 -7.971597 0.000066 -0.000484 -0.000083 -13.550435 10.307247 20.408481 86.075147 31.467842 1.410358 169.972527 48.148857 173.913034 -29.392241 32.192564 -11.860649 16.375601 -14.927989 18.315291 1.897494 3.392630 -9.277347 -0.471750 -6.590486 1.275558 -0.001983 0.001577 0.000654 2.119763 -3.029515 1.099597 40.539951 -9.553599 7.725665 22.042718 2.734677 2.496605 1.665101 4.209457 -1.342111 -0.000689 0.000801 0.001340 0.647032 -1.657476 4.069301 43.183947 -6.963328 5.938690 27.538666 2.998014 1.473688 0.871755 2.789620 0.668356 0.001405 0.000246 -0.000957 -4.326742 -1.494449 -11.102554 44.351171 -14.420114 16.224497 31.993841 0.962017 0.374979 23.520368 1.761801 -7.693852 0.001043 -0.002001 -0.001911 -5.741662 -2.235417 -5.457183 45.806731 -7.669177 13.010921 34.817396 5.127171 1.117963 17.628711 0.089633 -10.118572 -0.002052 0.000325 -0.000869 10.347793 1.205202 -19.671024 2.839599 -0.100844 65.541320 -0.318330 6.118816 0.034675 3.372026 -3.029481 -7.368187 0.001755 -0.000069 1.001185 -10.275261 -10.615836 -3.204055 0.083780 -0.341896 28.342024 9.055707 -5.996111 -0.995904 1.058258 3.144774 -1.591317 -0.002385 -0.000279 1.002999
99.428848 111.358551 44.078690 -178.975425 53.696187 -177.403957 0.735167 2.505997 6.418939 1.987083 1.526654 -4.376126 -1.639383 0.529914 7.714932 0.121067 5.967680 3.139587 -17.691564 3.978090 -3.421594 -7.399449 51.805226 -17.354719 -0.000564 -0.001236 -0.000654 -1.575395 -0.210715 -2.171740 0.209960 -3.965195 -1.364828 -0.225991 -2.246076 -1.347458 -2.599323 -13.382299 12.459885 -69.447940 -57.712845 -2.901406 178.531726 -66.216766 -168.312062 32.032085 -2.223663 -22.951332 -4.855543 6.723024 14.646466 -6.903569 -6.486547 -4.264019 -0.785682 5.511317 -4.451745 -0.000808 -0.000774 -0.001106 1.431521 -0.823274 -1.573036 -37.326168 7.548641 6.149273 -22.108093 -0.509390 0.159541 -4.168533 -2.707082 1.862751 -0.000551 -0.000356 0.000519 1.519951 -1.779728 1.772841 -37.648354 10.949525 0.932024 -23.092910 -1.602841 1.549113 -0.688437 -1.547268 -0.272733 0.000974 -0.001350 0.000372 4.477566 -1.030030 -14.451038 -32.115983 17.790582 15.724503 -26.220636 0.513496 -0.496435 -22.137333 -0.858257 -7.129487 0.000583 -0.001397 -0.000573 4.300695 1.062817 -10.169541 -31.285112 12.781139 12.159979 -26.787232 -1.174286 0.891844 -13.070213 2.576517 -8.520519 -0.000324 -0.000271 0.000016 -13.911376 11.442862 21.150254 86.735749 27.141670 3.293422 169.675701 47.571053 171.969686 -28.797420 29.390020 -6.102493 15.581840 -16.866262 20.138618 0.803591 3.550550 -9.372581 -0.849609 -6.649187 1.616109 -0.001425 0.000972 0.000226 1.274822 -2.211939 2.142444 39.693551 -10.017111 7.833832 20.781170 2.128283 2.811433 2.218647 4.034625 0.090944 -0.000538 0.000409 0.000973 -0.591503 -0.756607 4.963526 41.979474 -7.360493 6.542369 25.889399 1.883640 1.411138 0.411373 2.520623 0.981859 0.001029 0.000557 -0.000990 -6.135146 -0.499641 -10.579919 42.842039 -14.552980 16.915370 30.285121 -0.258540 0.541202 23.294679 1.377233 -7.774246 0.000526 0.000359 -0.001388 -7.938323 -1.357817 -4.877097 43.551434 -8.114020 13.742884 33.860632 3.783782 0.671495 16.894278 -0.713293 -10.017914 -0.003612 0.002489 -0.000780 6.250562 4.365776 -29.192100 4.562105 2.194412 68.873332 1.092500 5.796069 -1.584288 2.606662 -2.791624 -5.022093 0.001464 -0.000412 1.000947 -10.363840 -12.393411 1.875995 0.271109 -2.040560 23.773160 9.960356 -6.508530 -0.153768 1.633861 3.331852 -1.247715 -0.002014 0.000058 1.000980
103.417908 111.769066 43.021465 179.691173 51.517358 -179.991795 0.760423 3.127168 6.501449 1.923956 1.191486 -3.737229 -1.112492 0.830083 7.913334 -0.361324 6.264280 3.635146 -18.646940 4.733837 -3.985923 -9.136719 52.409763 -20.108320 -0.000178 -0.001018 -0.000394 -1.673865 -0.281569 -2.000009 0.262649 -3.645422 -1.476777 -0.176051 -1.933417 -1.452601 -2.378937 -12.437677 11.911327 -69.267789 -58.522461 -2.665708 177.394908 -66.538672 -167.251399 31.778741 -1.678839 -19.559432 -4.331856 6.867315 15.059793 -6.655286 -6.777223 -3.951857 -0.608074 5.543892 -4.566874 -0.000805 -0.000491 -0.000762 1.498207 -1.128395 -0.865781 -35.595484 7.818104 6.364867 -21.330973 -0.186675 -0.197071 -4.188019 -2.666707 1.700989 -0.000535 -0.000429 0.000140 2.132403 -2.285812 2.072366 -36.600722 12.034439 1.048663 -22.382192 -1.167659 1.265852 -0.743341 -1.524599 -0.344789 0.000948 -0.001161 0.000639 5.024924 -1.228691 -13.894257 -30.570533 17.812167 16.121718 -25.891130 1.044040 -0.521195 -22.094838 -0.782883 -7.254366 0.000709 -0.000986 -0.000735 5.140514 0.812219 -9.419727 -29.991405 13.209602 12.663690 -26.530109 -0.693580 0.777601 -12.941830 2.576151 -8.559445 -0.000466 0.000008 0.000008 -13.655037 11.560760 21.198887 84.877478 22.285591 3.493631 169.028825 47.074080 169.862745 -24.501831 27.647858 -2.649285 14.515364 -16.178222 19.706386 0.757302 4.283043 -9.048591 -0.848107 -6.621242 1.577262 -0.000854 0.000578 -0.000094 0.930095 -1.758361 2.324631 38.475226 -9.906975 7.656463 20.140728 1.702259 2.612739 2.048047 3.963660 0.129127 -0.000282 0.000107 0.000565 -1.011035 -0.220349 4.943067 40.812917 -8.165840 6.564310 25.190590 1.306720 1.270124 0.242557 2.482421 1.428898 0.000734 0.000773 -0.000983 -6.719674 -0.168322 -10.738207 42.033950 -14.893733 17.100612 29.199761 -1.025744 0.490864 22.781472 1.060184 -7.409024 0.000120 0.001980 -0.000942 -8.611174 -1.160407 -5.071751 42.949610 -8.481715 13.951333 32.950714 2.996989 0.538739 16.046860 -1.070847 -9.488565 -0.004738 0.003897 -0.000628 3.482895 5.905631 -35.237834 5.314190 3.902183 69.509457 2.352397 5.279261 -0.785354 2.001099 -2.746451 -3.788736 0.001136 -0.000620 1.000681 -10.236347 -11.963132 5.116231 0.471234 -1.701714 22.390544 10.540513 -6.443728 -0.324560 2.135097 3.609257 -1.829502 -0.001592 0.000369 0.999524
107.330475 110.659409 41.633427 178.663859 48.109571 -178.188034 1.144595 3.217552 8.022584 2.368747 1.796638 -3.443339 -2.050124 1.238800 6.818521 -0.886245 5.990607 3.951872 -18.118972 4.466247 -4.466147 -7.728556 48.369338 -19.045823 -0.000140 -0.000799 -0.000321 -1.597454 -0.374431 -1.865653 0.320395 -3.338591 -2.459788 -0.147528 -1.637058 -2.432315 -2.117867 -12.042460 12.681639 -69.296778 -57.373321 -4.257749 179.462127 -62.068522 -169.855381 30.384814 0.788637 -24.974770 -3.706171 6.256190 14.738039 -6.341321 -5.796120 -4.474859 -0.650995 6.014869 -4.557630 -0.000640 -0.000343 -0.000671 1.914153 -0.263644 -0.733057 -38.906608 7.616103 5.967593 -23.377393 -0.785660 0.238930 -5.413226 -2.888846 1.128175 -0.000362 -0.000580 -0.000022 1.795790 -1.155118 2.460544 -39.607605 11.431368 0.297411 -24.351005 -2.181817 1.908594 -2.180572 -1.795118 -1.051766 0.000872 -0.000912 0.000566 4.447176 -0.223224 -13.905865 -32.906075 18.437310 15.248632 -27.977838 0.565653 -0.361971 -24.164322 -1.175944 -7.623132 0.000509 -0.000689 -0.000639 4.008683 1.737279 -9.355490 -32.143403 13.421550 11.885497 -28.264187 -1.232093 1.154934 -15.126034 2.053206 -9.156184 -0.000666 0.000048 0.000182 -13.957871 13.200475 21.142236 86.678619 19.247139 8.361963 167.559473 48.227214 167.417285 -22.673880 26.052876 -2.329573 14.666504 -17.149369 19.522239 0.332330 2.638515 -9.947478 -1.117011 -7.884005 1.871607 -0.000636 0.000581 -0.000266 -0.317878 -3.594529 2.428272 43.190199 -10.699587 7.077582 23.515345 2.370566 3.152807 3.845944 4.075647 -0.379647 -0.000273 -0.000002 0.000373 -1.226815 -2.491981 6.185947 45.495790 -7.979609 5.769588 28.607844 2.531921 1.713743 2.469583 2.855194 0.237932 0.000351 0.000671 -0.000803 -6.422527 -1.942574 -9.389015 46.640958 -16.205947 15.644936 32.733828 0.218260 0.627111 25.549186 1.928045 -8.516030 0.000206 0.001839 -0.000906 -7.224696 -3.303186 -3.976924 46.756812 -9.058751 13.703970 36.216840 4.938297 0.901649 19.181578 0.313613 -11.387320 -0.004622 0.003900 -0.000521 1.221377 3.800412 -39.772578 4.947261 4.273831 67.953991 3.490836 6.854537 -0.615941 2.610692 -3.085336 -3.272852 0.001210 -0.000628 1.000456 -9.611461 -11.284636 7.349259 0.330903 -2.038298 19.700238 12.013696 -6.070699 -2.969604 1.163148 4.036336 -3.257961 -0.001471 0.000242 0.999760
111.154922 110.058334 39.896988 178.361210 46.656524 -177.672443 0.609550 3.364953 8.158785 2.368493 2.252007 -3.852581 -2.149935 1.987149 7.661227 -0.539609 5.400142 3.912809 -18.253387 5.218216 -5.947744 -7.487674 47.656742 -19.931738 -0.000241 -0.000609 -0.000472 -1.424797 -0.338106 -2.261436 0.276136 -3.169986 -1.488979 -0.162835 -1.451121 -1.479775 -1.825033 -11.581690 12.512350 -70.136167 -57.945020 -3.010378 178.819613 -61.088295 -169.714896 33.637133 -0.198363 -27.468818 -4.309600 7.334169 14.619698 -6.074824 -5.557347 -5.213256 -0.164838 6.135831 -3.726019 -0.000380 -0.000265 -0.000570 2.290698 -0.730024 -0.501489 -44.674365 8.853062 4.936545 -28.054665 -2.861053 1.109333 -6.504896 -2.509712 -1.928692 -0.000229 -0.000587 0.000007 2.326627 -1.617843 2.892309 -45.410500 11.679748 -0.247556 -29.722618 -4.213542 3.129909 -4.038268 -1.850182 -3.775376 0.000644 -0.000648 0.000372 5.053791 -0.427186 -13.853713 -38.123304 19.841306 14.424917 -33.158415 -0.404482 0.190929 -26.745475 -1.624604 -8.547670 0.000286 -0.000505 -0.000420 4.915237 1.555609 -9.254012 -36.967859 14.330243 11.470323 -32.737850 -2.285133 2.104643 -18.354749 1.041760 -9.908237 -0.000561 -0.000075 0.000332 -14.624376 14.029844 20.848205 90.448688 18.771869 12.931616 165.515151 49.453096 164.845412 -24.024538 29.078479 -4.600853 14.149366 -17.638222 19.052651 0.851920 3.299938 -10.525298 -1.311879 -7.399223 2.290108 -0.000697 0.000888 -0.000117 -0.203722 -2.953715 2.504883 45.703858 -10.674165 6.434884 25.190782 3.014310 3.125398 4.033575 3.838675 -1.986280 -0.000238 0.000012 0.000372 -1.647173 -1.885805 6.030964 48.631540 -7.687946 5.377693 30.852353 3.264265 2.182740 3.652563 2.874532 -0.888736 0.000354 0.000474 -0.000538 -6.852840 -1.516162 -9.690156 49.399730 -16.766659 15.299241 35.624565 1.350192 1.048232 27.271915 2.653834 -9.585242 0.000622 0.000744 -0.001153 -8.147545 -2.941636 -4.008343 49.630783 -9.448268 13.440677 38.612023 6.474660 1.924389 21.555624 1.562507 -12.706449 -0.003802 0.002856 -0.000419 -0.002632 5.413413 -40.737525 3.318621 5.547420 60.642097 2.246729 4.660192 1.821795 2.004682 -3.446103 -2.991593 0.001395 -0.000424 1.000238 -10.052353 -12.049973 10.523969 0.554459 -2.611487 17.454821 11.684594 -6.153173 -1.790375 1.231426 4.061377 -4.804681 -0.001464 0.000085 1.000766
114.879623 109.154274 37.794556 176.515274 44.556431 -179.251526 1.076676 3.897671 8.238770 2.536965 2.131004 -4.053700 -1.891195 2.232678 8.951751 -1.151741 6.189313 2.928163 -19.044156 4.400055 -7.534131 -4.533453 43.943054 -18.142535 -0.000497 -0.000041 -0.000885 -1.568725 -0.282787 -2.071163 0.290477 -2.519131 -0.374897 -0.115812 -0.770729 -0.398900 -2.159872 -9.682187 13.042161 -74.680933 -56.403432 1.851784 -179.142317 -59.982899 -172.087477 35.412100 -2.960193 -25.434466 -5.384332 8.799874 14.525411 -5.333778 -5.509721 -5.951299 0.039011 6.875549 -3.496338 0.000059 -0.000895 -0.000664 2.528443 0.362689 -0.847969 -49.377923 9.300886 3.997061 -28.965688 -3.497536 1.903830 -6.454197 -2.440253 -1.685034 -0.000578 -0.000557 0.000103 2.239532 -1.006370 3.098075 -49.578482 11.584169 -1.163927 -31.034454 -4.341319 3.305532 -3.403328 -1.766356 -3.979515 0.000242 -0.000180 -0.000407 4.922120 0.366699 -13.518319 -42.275723 19.944960 12.819118 -34.479067 -0.480216 -0.168640 -26.786547 -1.924274 -8.912565 -0.000427 -0.000616 0.000080 4.435160 2.354974 -9.285511 -41.213017 14.688457 10.338291 -34.544150 -2.449711 1.860138 -18.341318 0.949345 -10.278611 -0.000461 -0.000426 0.000496 -14.629706 15.927071 20.064122 88.765741 14.537693 17.848419 161.961701 54.109160 160.625719 -27.221676 33.248800 -2.727567 13.152692 -18.866848 19.975401 -0.236051 3.419033 -11.188187 -1.123967 -7.623875 2.336566 -0.001189 0.001722 0.000218 -2.245183 -3.053137 2.949453 47.121281 -10.978412 6.306206 24.859721 3.408663 3.200732 3.503535 4.192591 -0.211423 -0.000147 0.000200 0.000650 -3.428566 -1.767729 5.956154 50.427104 -8.014583 5.113331 30.331957 3.501737 2.239398 2.830323 2.935583 -1.167647 0.001031 -0.000247 -0.000021 -8.165023 -1.440658 -9.629657 50.351131 -16.824260 15.148835 35.229249 0.981973 0.713336 27.063553 2.902266 -9.617008 0.002073 -0.002245 -0.001949 -8.883735 -2.953158 -4.873392 50.712197 -10.141010 13.115507 38.471935 5.894742 1.899155 21.104230 1.710919 -13.172002 -0.001528 0.000250 -0.000617 -1.378781 3.037929 -42.359146 2.080658 5.665721 53.388140 3.692026 4.776558 4.687060 2.170539 -4.016443 -2.562831 0.001514 -0.000067 1.000158 -8.916906 -10.529982 13.510403 -1.014389 -2.546367 15.701570 10.509870 -7.084047 -7.032106 0.631921 4.106521 -5.745839 -0.001958 -0.000599 1.003633
118.496445 107.329491 35.321575 177.209746 43.926146 -177.870212 1.022657 3.666379 9.128500 2.738096 2.928351 -4.400527 -1.795527 2.686730 8.360189 -1.372730 6.395757 2.490415 -18.994411 3.789805 -7.703651 -3.239089 43.354769 -16.243855 -0.000789 -0.000316 -0.000795 -1.580694 -0.181161 -1.973888 0.326308 -2.318921 -0.728142 -0.091342 -0.576602 -0.757245 -3.197759 -9.236272 13.272111 -74.058988 -55.961275 1.170163 -177.799381 -57.969522 -174.233863 32.971187 -4.689897 -25.541003 -5.617564 7.345962 13.593184 -6.038467 -5.770983 -5.239653 -0.308000 6.133928 -4.136429 -0.000030 -0.001122 -0.000988 2.105202 0.028104 -0.808413 -47.270178 9.041082 4.355897 -27.917186 -3.057043 1.671032 -5.448847 -2.327845 -1.406561 -0.000531 -0.000583 0.000461 1.816525 -1.137103 2.999493 -47.510991 11.869342 -0.998734 -29.814734 -3.807820 3.068360 -2.790098 -1.510391 -3.411233 0.000131 -0.000342 -0.000614 4.676509 0.651432 -13.908931 -40.824992 20.032218 13.283430 -32.962337 -0.237254 0.037738 -25.367800 -1.248828 -8.109954 -0.000459 -0.000921 0.000217 4.321909 2.647216 -9.369013 -39.698715 14.956801 10.664238 -32.888329 -2.263102 2.017728 -16.762822 1.573505 -9.569470 -0.000235 -0.000720 0.000423 -14.896122 16.922428 19.808848 88.545167 17.841352 19.534409 161.230921 55.119044 160.502465 -23.880770 27.787454 0.054552 13.823717 -18.108068 19.363188 0.762761 3.578167 -10.872737 -0.984547 -7.395949 2.082800 -0.001443 0.001721 0.000324 -0.988240 -4.194200 3.421183 46.877708 -10.422441 6.334155 24.407578 3.357778 2.964159 2.866046 4.081691 -1.405911 -0.000392 0.000457 0.000756 -2.394706 -2.514408 6.143179 50.526220 -8.260584 5.037936 30.124925 3.481529 2.141831 2.776970 2.926200 -0.754469 0.000844 -0.000165 -0.000099 -7.220535 -2.144131 -9.334675 50.779281 -17.450725 14.916328 35.120136 0.944824 0.850346 26.473677 2.641524 -9.141637 0.001775 -0.002645 -0.002063 -7.991784 -3.538430 -4.235299 50.969483 -10.672442 13.141995 38.292386 6.050542 2.170278 20.863199 1.574309 -12.558058 -0.001483 0.000046 -0.000494 -2.550216 3.449187 -43.315844 0.446456 5.430840 45.574896 3.288358 6.145636 8.341515 2.358913 -4.406495 -3.758380 0.001739 0.000192 1.000196 -8.793309 -11.143969 16.570503 -0.434320 -2.352988 13.932663 11.037697 -6.343801 -8.773665 -0.504597 4.683139 -7.974702 -0.002265 -0.000827 1.003829
122.002327 105.564705 32.493687 178.312442 44.403372 -176.944552 1.071303 3.711678 9.060431 2.735627 3.359192 -4.650638 -1.751156 2.901870 7.856676 -0.816325 6.636545 2.507400 -19.119340 3.829048 -7.140027 -2.159292 43.961097 -14.485742 -0.000742 -0.000200 -0.000830 -1.707333 -0.250749 -1.825960 0.333100 -2.472740 -1.786775 -0.116932 -0.737109 -1.817637 -5.258249 -8.755343 14.003175 -73.162224 -53.630396 -0.480213 -178.715393 -57.066435 -172.576053 30.747466 -4.814396 -26.374431 -5.600728 6.902197 13.670880 -6.556680 -5.783804 -5.465668 -0.626429 6.173934 -3.862141 0.000039 -0.001308 -0.000965 1.871587 -0.139277 -0.854243 -46.504510 8.726276 3.863381 -27.563337 -2.873823 1.436176 -5.738813 -2.172880 -0.982791 -0.000709 -0.000743 0.000492 1.273388 -1.025698 2.854906 -46.644958 11.933529 -1.806819 -29.575297 -3.596128 2.965184 -2.799963 -1.431112 -3.115875 0.000127 -0.000236 -0.000810 3.987660 1.070330 -14.590201 -39.672402 20.210386 13.156423 -32.429484 0.111051 0.097839 -25.697173 -1.166073 -7.799131 -0.000698 -0.000957 0.000135 3.491996 2.954523 -10.102870 -38.926605 15.623948 10.664317 -32.332318 -1.989705 2.119300 -16.871499 1.714665 -9.379292 -0.000359 -0.000656 0.000493 -13.987947 19.502841 18.920501 86.917449 24.407478 22.431208 162.829152 57.978500 163.869135 -21.936878 24.268362 2.909330 14.187098 -17.587219 19.849796 1.114519 3.928745 -11.030478 -0.913926 -7.165342 2.277791 -0.001547 0.001840 0.000351 -0.842250 -2.409956 3.759705 45.314940 -10.090918 6.136583 24.935393 3.287106 2.815971 3.303929 4.050452 -1.666918 -0.000380 0.000323 0.000811 -2.367267 -1.144188 5.945297 49.032690 -8.662714 4.551253 30.683324 3.563523 2.443858 3.341446 2.849015 -1.587201 0.000816 -0.000302 -0.000080 -7.178819 -1.204882 -9.889217 48.749563 -17.648731 15.323055 35.808889 0.943422 1.042685 27.439524 3.021739 -9.793143 0.001928 -0.003196 -0.002162 -8.196732 -2.703418 -4.879885 49.248888 -11.747889 13.523058 38.688309 6.235793 2.644203 21.806989 2.071698 -13.570407 -0.001140 -0.000397 -0.000550 -4.116224 4.444073 -43.242580 -0.477777 5.589291 38.500669 4.544035 9.100784 9.692002 2.770932 -4.470525 -5.191567 0.001864 0.000152 1.000160 -9.001983 -11.726199 20.140368 -0.072944 -2.309671 12.996231 10.644159 -5.345274 -7.491079 -1.097952 4.753074 -8.965454 -0.002439 -0.001005 1.004347
125.395752 102.729713 29.333628 179.148694 44.280190 -176.446953 0.495896 3.923461 8.540744 2.811980 3.810702 -5.417099 -1.652899 3.110236 7.352377 -0.419435 6.523613 2.604156 -19.286932 3.864035 -5.938004 -1.028173 43.425443 -13.481790 -0.000933 -0.000064 -0.000615 -1.779293 -0.315537 -1.731860 0.298591 -2.579375 -2.200775 -0.163929 -0.850557 -2.238821 -5.361608 -8.597454 14.663673 -73.854771 -52.420588 -0.507997 -178.698300 -56.577419 -172.511829 34.730516 -3.148256 -29.600380 -5.063043 6.653838 13.390732 -6.770710 -6.061514 -4.970774 -1.450112 4.771539 -5.279987 -0.000007 -0.001934 -0.001145 1.811066 0.950270 -0.748872 -43.990474 7.945818 5.031844 -26.419796 -2.678004 1.162550 -5.117251 -2.324002 -0.450260 -0.001199 -0.000658 0.000731 0.915286 -0.251789 2.877236 -44.198983 11.708311 -1.041000 -28.431049 -3.606803 2.762673 -2.344108 -1.378273 -2.206420 -0.000022 -0.000203 -0.001352 3.458569 1.727779 -14.966398 -38.034475 19.753292 13.818385 -31.529409 0.198347 0.006343 -24.620431 -0.651161 -6.886714 -0.001129 -0.001403 0.000424 2.857407 3.182844 -10.589808 -37.229963 15.481999 10.939300 -31.383515 -1.642324 1.863081 -15.876702 2.130132 -8.369628 -0.000100 -0.000966 0.000347 -12.923601 21.308347 18.739210 84.170045 30.626550 21.822651 162.025841 60.437172 163.231221 -28.486290 23.751621 -4.397431 13.039544 -15.588429 19.044028 1.646075 4.454729 -10.625950 -0.714327 -6.385796 1.661288 -0.001694 0.001682 0.000283 -0.696561 -3.008659 3.509451 43.284609 -9.157660 7.170290 24.382046 3.867681 2.621061 3.399253 4.176626 -3.489819 -0.000948 0.000548 0.000779 -1.974013 -1.371130 5.572326 47.079576 -8.403740 4.904948 30.204338 4.396780 2.662492 3.597052 3.024348 -1.720064 0.000422 -0.000199 -0.000096 -6.278243 -1.428704 -10.562669 46.627096 -17.367507 16.110248 35.286491 1.717574 0.986627 27.063860 3.061057 -9.760066 0.002104 -0.002991 -0.002376 -7.218481 -2.605351 -5.527946 46.882255 -11.259350 13.694097 37.732160 6.368955 2.687090 21.565525 2.033695 -12.971257 -0.001312 -0.000161 -0.000435 -6.527635 5.761649 -41.444982 -0.656972 5.946097 32.733306 4.616488 11.730496 7.928585 2.624400 -4.253059 -5.240698 0.002061 0.000409 1.000231 -8.865000 -12.611873 23.789852 -0.268532 -2.536307 14.246697 9.208575 -4.760966 -7.897254 -1.687303 4.508734 -10.343885 -0.003045 -0.001528 1.004122
128.675156 101.834595 25.864145 -178.715523 44.252723 -176.857658 0.210190 3.226151 7.137226 2.322194 4.349908 -5.938174 -2.191565 2.909031 7.208922 0.836045 5.855494 2.654689 -19.016542 4.347268 -5.372038 -1.090960 43.664239 -13.248451 -0.000979 -0.000029 -0.000444 -1.983690 -0.319375 -1.744272 0.296364 -3.215737 -2.889920 -0.186405 -1.494995 -2.907983 -6.784137 -8.577491 14.865937 -72.066107 -50.209775 -2.657275 -179.320992 -56.259683 -171.309173 36.279675 -3.004841 -29.519926 -4.825982 6.823171 13.590155 -6.607432 -6.039227 -4.705396 -1.412666 4.510079 -5.611869 -0.000096 -0.002127 -0.001178 2.027653 1.240333 -0.828888 -42.288606 7.979463 5.643500 -25.553574 -1.660408 0.824772 -4.657049 -2.393385 0.506566 -0.001455 -0.000680 0.000838 1.205905 -0.203449 2.795947 -42.532438 12.148810 -0.394122 -27.493017 -2.831800 2.268469 -1.575069 -1.372111 -1.332959 0.000003 -0.000242 -0.001440 3.991720 1.923782 -15.329658 -36.892315 19.489132 14.189400 -30.567100 0.823546 -0.009466 -23.630119 -0.288660 -6.503108 -0.001172 -0.001524 0.000405 3.418611 3.244909 -10.760338 -36.376051 15.181739 11.016309 -30.607376 -1.018024 1.499998 -14.713600 2.549750 -7.825867 -0.000038 -0.001094 0.000412 -12.390747 21.934684 17.875523 83.825819 38.505961 20.949930 163.052987 61.080294 164.901784 -29.618692 20.665284 -9.143848 11.633730 -13.890264 18.411233 1.661617 4.836958 -10.337686 -0.536027 -6.025139 1.099291 -0.001623 0.001340 0.000159 -0.855125 -2.619844 3.238751 39.731925 -8.520360 7.822753 21.998396 3.314988 2.107224 2.710388 4.402127 -2.754083 -0.001147 0.000626 0.000691 -1.763438 -1.084266 4.782597 42.955431 -8.535702 5.298548 27.603846 3.674557 2.247817 2.277500 2.856468 -0.776621 0.000340 -0.000023 -0.000181 -5.635496 -1.249250 -11.480615 42.353649 -16.504443 17.000846 32.158756 0.856480 0.589221 25.122605 2.453756 -8.881332 0.001973 -0.001849 -0.002284 -6.685712 -1.868224 -6.418399 43.568904 -11.278713 13.747268 34.541943 4.874529 1.829048 18.924532 0.868084 -11.653048 -0.002069 0.000868 -0.000460 -8.313803 6.304925 -40.010013 0.157143 6.740997 33.919948 6.435231 17.650461 1.952645 3.037817 -4.164824 -4.676212 0.001989 0.000413 1.000160 -9.335728 -13.431178 27.045815 -0.623702 -2.978455 15.997152 9.498851 -3.366108 -4.397591 -1.980449 4.392632 -11.666998 -0.003120 -0.001591 1.003133
131.838989 101.464149 22.108000 -176.996740 42.712284 -176.695845 -0.061326 2.552982 5.879064 2.041384 5.127499 -6.139271 -3.181695 2.642588 6.832706 1.311970 5.322395 2.380168 -18.432285 4.327213 -5.977934 -1.515797 43.922707 -13.894753 -0.000848 -0.000052 -0.000514 -1.865809 -0.338929 -1.968048 0.303711 -3.585381 -3.087182 -0.185081 -1.864570 -3.094399 -7.261000 -9.611953 14.573390 -70.032525 -49.361284 -5.076137 -179.948905 -55.909826 -170.513490 35.109656 -3.036088 -27.241690 -3.335805 6.271686 13.284497 -6.752796 -6.798198 -4.425989 -1.230455 3.955523 -6.013803 -0.000168 -0.002058 -0.001109 2.179139 0.226956 -1.143034 -39.569753 7.647876 6.099202 -25.781259 -1.502681 0.426610 -5.629808 -2.387411 -0.005398 -0.001567 -0.000684 0.000780 1.518591 -1.194705 2.323396 -40.007852 12.341731 0.054036 -27.754655 -3.123398 2.120340 -2.728113 -1.580506 -1.708010 0.000094 -0.000310 -0.001309 4.502656 1.048632 -16.228839 -34.442458 19.147601 15.041171 -30.907323 0.623047 -0.044379 -24.756889 -0.384348 -6.784627 -0.001073 -0.001520 0.000253 4.151566 2.391415 -11.336354 -34.135018 14.423822 11.586707 -30.636555 -0.752341 1.290557 -15.845985 2.315380 -7.619343 -0.000115 -0.001043 0.000377 -12.718758 22.081602 16.658357 85.305177 46.846438 16.362822 167.500861 57.826148 171.315232 -27.308470 17.332426 -12.765186 10.504455 -12.127764 17.459126 2.681366 4.913511 -9.677682 -0.142229 -5.805263 0.857413 -0.001676 0.001194 0.000232 0.075263 -2.226913 3.072662 36.346786 -8.272697 8.007205 21.628193 3.198551 1.731051 3.607488 4.404867 -3.339718 -0.000992 0.000603 0.000795 -0.889806 -0.978667 4.284335 39.639420 -8.533335 5.362679 27.394886 3.450197 2.075657 2.984966 2.871684 -0.887516 0.000759 -0.000067 -0.000195 -4.555848 -1.255255 -11.723038 39.069398 -16.053610 17.441832 31.512664 1.113156 0.603474 25.343927 2.619033 -8.977616 0.002143 -0.001281 -0.002335 -6.139577 -1.345454 -6.139391 41.676335 -11.414340 13.841299 33.451048 4.807070 1.734420 18.882077 0.869405 -11.405383 -0.002328 0.001140 -0.000686 -9.018111 4.950646 -37.581100 1.345795 6.552760 37.632804 7.067317 20.816649 -2.819274 3.006562 -3.830667 -3.678028 0.001841 0.000253 1.000305 -10.484845 -13.954472 26.613436 -0.551320 -3.148716 22.898107 10.147488 -3.341953 5.615433 -1.548281 4.615086 -11.155461 -0.003075 -0.001385 1.002771
134.885742 101.660881 18.087955 -176.046829 39.410831 -176.716540 -0.397617 1.875441 5.226003 1.698448 5.547494 -6.582510 -4.118710 2.346706 6.225933 1.929981 4.449160 2.000596 -17.359672 4.593137 -5.718031 -0.452149 43.388792 -12.301299 -0.000909 -0.000105 -0.000711 -1.681253 -0.395127 -2.078364 0.244426 -3.997836 -2.600829 -0.230221 -2.267952 -2.601243 -6.821336 -10.696571 14.446421 -68.552792 -49.461139 -7.762022 179.229502 -54.997698 -169.503510 34.088427 -2.022442 -27.140053 -1.849237 6.840108 13.245551 -7.127670 -7.065005 -4.428316 -0.965417 4.155506 -5.671829 -0.000210 -0.001987 -0.001253 2.837825 -0.147927 -1.128781 -39.057698 7.452712 6.007360 -26.048402 -1.475575 0.349802 -6.626155 -2.271798 -0.252748 -0.001485 -0.000788 0.000881 2.164495 -1.596643 2.055743 -39.047753 12.198843 0.209703 -28.275927 -3.206556 2.021280 -3.778327 -1.603942 -2.018413 0.000142 -0.000410 -0.001311 5.251830 0.481106 -16.636159 -32.945552 18.781530 15.343828 -31.758831 0.707690 -0.057414 -26.220808 -0.462058 -7.202540 -0.001064 -0.001601 0.000263 5.043015 1.716870 -11.771461 -32.705242 14.099229 11.868140 -31.415291 -0.454056 1.140403 -17.405222 2.121882 -7.818904 -0.000041 -0.001044 0.000318 -12.794010 21.153325 15.524417 82.944630 53.098458 9.797731 170.697150 56.235324 175.664950 -27.363455 16.033078 -15.380330 9.707225 -11.708663 17.156860 3.485761 4.796555 -9.384093 0.123085 -6.068258 0.983313 -0.001914 0.001358 0.000404 0.686378 -1.726664 2.807232 34.188953 -7.910303 8.265406 21.618625 3.322152 1.621433 4.479358 4.469025 -3.339579 -0.000969 0.000682 0.000940 -0.373537 -0.542245 3.988684 37.491238 -8.303661 5.625299 27.535758 3.696504 2.019662 3.780558 2.981153 -1.447306 0.000946 -0.000215 -0.000173 -4.002546 -0.651233 -11.927830 36.713167 -15.592529 17.702963 31.673491 1.529382 0.636683 26.168641 3.009848 -9.492302 0.002420 -0.001968 -0.002533 -5.811103 -0.574375 -6.481965 39.787111 -11.331668 14.221561 33.513217 5.079324 1.735451 19.654162 1.178480 -12.009204 -0.001773 0.000334 -0.000812 -9.447493 3.172039 -33.980501 1.672198 5.288514 39.759044 7.172831 21.358401 -5.503909 2.695686 -3.420030 -3.045898 0.001806 0.000279 1.000499 -10.161259 -13.110103 22.641447 -0.578080 -2.843963 31.800393 11.744775 -2.502786 16.235144 -0.574665 4.610087 -9.482628 -0.003014 -0.001354 1.003465
137.813828 102.552017 13.826781 -176.185027 34.905833 -177.634062 -0.685601 1.010992 4.602460 1.456123 5.739976 -6.895807 -4.722175 1.805357 5.960287 2.419226 3.944196 1.986081 -16.132956 4.730006 -5.813530 -1.059861 42.960079 -12.388938 -0.000729 -0.000256 -0.000816 -1.599149 -0.438574 -2.019131 0.159438 -4.516629 -1.900143 -0.293843 -2.780431 -1.901189 -5.149263 -11.769236 13.812091 -65.604529 -50.644679 -12.237489 176.765978 -54.288282 -166.341443 36.432199 -2.167614 -28.058048 -1.520551 6.742538 13.045268 -7.426218 -7.458599 -4.180565 -0.913697 3.609365 -5.865619 -0.000286 -0.001879 -0.001325 3.142770 -0.958513 -0.955938 -37.462366 7.126975 6.264508 -25.536555 -1.572484 0.238387 -6.808431 -2.213308 -0.719581 -0.001405 -0.000827 0.000854 2.613035 -2.488814 1.985735 -37.489099 12.069850 0.556245 -27.894021 -3.492397 1.989159 -4.029865 -1.529468 -2.275970 0.000348 -0.000531 -0.001171 5.916872 -0.468182 -17.000170 -31.414974 18.658430 15.871171 -31.640615 0.496171 0.208828 -26.642382 -0.330757 -7.267522 -0.000999 -0.001604 0.000070 5.948156 0.816456 -12.380874 -31.181310 13.834796 12.511033 -31.101805 -0.372333 1.271300 -18.093811 2.055498 -7.635921 -0.000192 -0.000772 0.000112 -13.646344 19.175028 14.410801 76.575961 58.480568 -1.075588 174.178607 54.298674 -179.437730 -29.270651 14.581519 -17.058371 9.452484 -12.367262 17.121141 4.065672 4.911929 -9.077028 0.373415 -5.307016 0.832678 -0.001992 0.001408 0.000457 1.386908 -2.104300 2.723248 32.556833 -7.682581 8.603444 21.273738 3.211448 1.629307 4.724708 4.166155 -3.947285 -0.000816 0.000506 0.001072 -0.000219 -0.902281 4.137206 36.215612 -8.171752 5.951521 27.295217 3.871324 2.051011 3.889928 2.902683 -1.652336 0.001011 -0.000329 -0.000275 -3.688576 -0.781951 -11.692014 35.328953 -15.623833 18.100515 31.583599 1.965024 0.873129 26.276613 2.938523 -9.649301 0.002464 -0.002151 -0.002576 -5.887589 -0.620004 -6.313958 38.759191 -11.490936 14.600451 33.484253 5.585390 1.952133 20.010359 1.144366 -11.877775 -0.001570 0.000004 -0.000931 -10.342198 2.211618 -28.853132 1.471363 4.226595 40.411002 7.106279 20.694801 -8.344871 1.979696 -3.314551 -1.672338 0.001751 0.000114 1.000772 -8.594827 -12.522671 16.403019 -0.301071 -1.930373 43.680878 11.670696 -2.091329 18.886724 0.321892 4.502368 -8.016552 -0.002911 -0.001214 1.003730
140.621735 103.947212 9.347260 -176.544299 27.803692 -177.532331 -0.904222 0.404289 4.163833 1.345286 5.532317 -6.577834 -4.352143 1.187574 5.648450 2.689082 3.165960 3.028847 -14.528442 4.705651 -5.490699 -2.384376 41.084515 -13.426389 -0.000314 0.000135 -0.000921 -1.545706 -0.524867 -2.105538 0.056050 -4.810258 -1.285613 -0.377617 -3.071056 -1.290351 -2.696945 -12.375270 12.565914 -66.349795 -51.522774 -15.579575 172.503530 -53.064062 -159.090113 40.920842 -1.456220 -25.356608 -1.792153 6.939785 12.828051 -7.130758 -7.241020 -3.987995 -0.706327 2.948158 -6.245679 -0.000077 -0.001515 -0.000866 2.706864 -0.775640 -0.069027 -36.328112 7.294449 6.281433 -25.444549 -1.421792 0.357855 -6.754056 -2.052748 -1.534197 -0.001306 -0.000789 0.000535 2.562070 -2.315925 2.168093 -36.948206 12.668145 0.526515 -28.034503 -3.165984 2.081141 -4.545177 -1.375396 -2.504189 0.000427 -0.000228 -0.001038 6.087708 -0.577932 -16.847156 -31.114161 19.786447 16.088267 -32.100063 0.935239 0.399585 -26.896594 0.028645 -6.873475 -0.001116 -0.001175 -0.000067 6.601792 0.743823 -12.241184 -31.263364 14.605424 12.795408 -31.604658 0.145456 1.417962 -18.519780 2.202138 -6.924426 -0.000423 -0.000319 0.000096 -14.452812 16.965189 13.523780 67.975822 59.770024 -13.419728 178.363542 53.695429 -174.098324 -31.597754 13.604503 -15.817635 9.636455 -11.736976 16.290887 3.711174 5.071246 -8.743250 0.153332 -5.097208 0.587943 -0.001539 0.001444 0.000303 1.622455 -1.926169 2.437343 32.731987 -7.890917 8.339251 22.319241 3.259783 1.679956 5.366172 3.899493 -5.757267 -0.000511 0.000128 0.000862 0.047581 -0.876771 4.410304 36.844603 -8.094861 5.470515 28.590989 4.232452 2.132868 4.843099 3.037048 -2.157076 0.000933 -0.000530 -0.000144 -3.944382 -0.626681 -11.583405 36.680733 -16.428212 17.479666 32.958028 2.562212 1.217045 26.920530 3.074534 -10.033448 0.002697 -0.002157 -0.002396 -6.248087 -0.893029 -5.832514 40.201678 -11.238113 14.481034 34.526926 6.625591 2.551036 21.020547 1.682868 -12.012129 -0.001375 -0.000219 -0.000910 -10.834388 1.400716 -22.571260 1.206443 3.073616 38.541085 8.562856 18.388814 -10.320238 2.134933 -3.381180 -1.607838 0.001735 -0.000135 1.000684 -6.934373 -10.693461 8.547068 0.797755 -0.827409 54.146683 9.069005 -2.807699 17.085541 0.883394 4.017525 -6.997266 -0.002573 -0.001097 1.003950
143.307907 105.040741 4.672185 -175.895824 20.349084 -175.662507 -1.115611 0.298045 4.782692 1.528013 5.062667 -6.459498 -4.147828 1.000473 5.514583 3.042579 2.043291 3.659154 -13.303776 4.880776 -4.688578 -3.291797 39.550578 -14.237903 -0.000185 0.000272 -0.001120 -1.342043 -0.459630 -2.375063 -0.001275 -4.952138 -0.641710 -0.415061 -3.201894 -0.650679 -0.486115 -12.676545 12.053423 -65.957596 -52.052031 -17.077333 168.759179 -53.768852 -154.290033 44.728247 -2.454981 -23.985996 -2.592126 7.673492 12.877532 -6.205779 -6.837526 -4.753830 -0.471053 3.599778 -5.417406 0.000182 -0.001291 -0.000741 3.222783 -1.112406 -0.109847 -39.196529 7.753937 5.385826 -26.641045 -2.224647 1.078992 -7.105173 -2.098142 -1.670533 -0.001031 -0.000990 0.000556 3.147849 -2.478415 1.799446 -39.531990 12.358959 -0.028991 -29.270407 -3.404031 2.402189 -4.651277 -1.174363 -2.985091 0.000285 0.000024 -0.001081 6.774395 -0.936578 -16.784230 -33.451510 20.454280 15.116921 -33.073446 0.775247 0.415193 -27.688084 -0.386157 -7.395304 -0.001205 -0.000873 -0.000011 7.170352 0.792326 -12.563707 -33.532214 14.983798 12.122335 -32.817458 0.074201 1.490281 -19.378322 1.845030 -7.197152 -0.000403 -0.000032 0.000238 -14.755539 14.134066 14.638371 63.673633 59.220121 -20.665471 179.804388 52.775410 -172.709353 -37.684366 13.134035 -14.351922 10.568701 -13.782176 17.267435 2.585661 5.018818 -9.558931 -0.051993 -5.014444 0.845178 -0.001334 0.001847 0.000346 1.296200 -1.479357 2.358442 34.013377 -8.543864 7.784043 22.713726 3.415953 1.930522 5.367641 3.753572 -4.234944 -0.000264 -0.000088 0.000686 -0.190755 -0.373795 4.554842 38.220873 -8.181667 4.740112 28.475808 4.168674 2.165981 4.313151 2.879409 -2.681900 0.000825 -0.000812 0.000068 -4.407108 0.033478 -11.665280 37.933467 -16.657326 17.007544 33.334233 2.772776 1.302802 27.289337 3.304475 -10.783438 0.002898 -0.003860 -0.002399 -6.221002 -0.499780 -6.391655 41.225244 -11.062904 14.476068 35.032932 7.147521 2.736202 21.216897 1.984555 -13.099075 -0.000304 -0.001760 -0.000707 -10.238314 0.835136 -16.056483 1.587694 1.506813 34.690441 8.575763 15.272339 -11.751016 2.287312 -3.553313 -2.635697 0.001927 -0.000081 1.000481 -5.110682 -8.475999 1.877254 2.033998 -0.605687 60.131685 6.241885 -5.315800 10.550087 0.986950 3.378011 -6.450030 -0.002436 -0.001177 1.005364
145.870789 106.040558 -0.175627 -175.009101 16.466022 -176.055362 -1.061055 -0.241145 5.369800 1.361335 4.416135 -5.917029 -3.967946 0.748375 5.513074 3.745664 2.337774 2.346313 -13.047360 4.844978 -3.755950 -2.254871 40.747681 -11.675308 -0.000177 0.000254 -0.000909 -1.566864 -0.362685 -2.371630 -0.034228 -5.007086 0.533808 -0.410496 -3.257633 0.511252 1.063824 -14.190440 10.461901 -63.183623 -51.121352 -19.667895 161.918057 -55.693887 -144.802843 49.825552 1.961957 -29.114160 -3.772840 9.371912 13.135565 -4.992778 -6.134930 -6.351935 0.005659 5.267354 -3.635911 0.000413 -0.000761 -0.000456 5.035759 -0.634464 -1.023639 -49.797461 7.699070 3.468976 -32.538435 -5.424445 2.941158 -8.018124 -1.995329 -4.263542 -0.000526 -0.000778 0.000569 4.037003 -1.863866 1.682607 -48.657345 10.368703 -1.598499 -35.716144 -6.075409 4.315120 -5.494199 -1.360433 -6.045409 0.000139 0.000125 -0.000833 7.134455 -0.650236 -17.125152 -41.973319 21.228472 11.991568 -39.165525 -0.673442 0.989690 -30.352024 -1.678988 -9.219969 -0.000917 -0.000584 0.000067 6.346479 1.180211 -13.311405 -40.983710 15.101467 10.214256 -38.476377 -1.406827 2.248458 -22.490361 0.500442 -8.806917 -0.000219 0.000059 0.000339 -14.165810 10.953249 15.193338 60.161020 57.920852 -23.465648 -179.329228 52.664022 -172.611060 -41.823411 11.247019 -20.366685 13.777426 -17.822269 18.166071 1.494582 4.312681 -10.990546 0.051449 -5.692069 1.607673 -0.000868 0.001513 0.000158 1.271719 -2.720310 1.454613 41.494593 -9.563490 6.684870 25.749805 3.978335 2.947267 4.641069 3.778869 -2.615256 -0.000254 -0.000111 0.000418 0.163855 -1.854013 4.727950 45.768312 -7.685639 4.188833 30.731453 5.064947 2.839486 3.640767 2.998572 -3.514493 0.000422 -0.000505 0.000097 -3.922282 -1.433950 -11.267204 45.428943 -16.634328 15.859037 36.679199 3.270829 1.555013 28.465029 4.060991 -11.607873 0.002193 -0.002490 -0.002009 -4.718032 -2.028088 -6.192534 48.119499 -10.446188 13.724189 38.751049 8.342090 3.668906 22.698197 3.121573 -14.670816 -0.001339 -0.000466 -0.000325 -9.166329 0.721718 -6.616160 1.165602 0.228866 26.866552 9.016577 13.074069 -11.009512 1.421656 -3.594170 -2.727912 0.002041 0.000009 1.000367 -4.275336 -5.354195 -8.003272 3.708598 -0.435506 69.660195 3.836984 -9.172950 7.888117 1.410838 3.066681 -5.873791 -0.002025 -0.000947 1.003943
148.308868 106.786308 -5.173342 -173.848486 11.718363 -175.585591 -1.624415 -0.331776 5.267479 1.878176 3.930826 -6.140876 -3.010964 0.295159 7.193797 4.363490 2.246084 1.858170 -12.403436 5.070011 -3.271207 -3.582792 40.881906 -13.203510 -0.000084 -0.000043 -0.000660 -1.655896 -0.208153 -2.201730 -0.167341 -5.182344 1.463628 -0.515536 -3.435410 1.467137 2.742753 -13.492775 10.638095 -65.504485 -49.844437 -18.919558 162.692754 -56.779326 -146.243459 53.331061 -1.870605 -27.284352 -5.551474 10.328024 14.331707 -4.270346 -5.509131 -6.501373 0.370419 6.271719 -3.534156 0.000210 -0.000266 -0.000336 4.277152 -0.650804 -0.629996 -51.572922 8.628834 3.750483 -31.683574 -5.097895 3.196600 -7.842163 -2.059911 -3.350019 -0.000232 -0.000654 0.000407 3.937084 -1.814980 1.541704 -50.365967 10.619113 -1.026059 -35.250841 -5.086980 4.249343 -4.948550 -1.147490 -5.649569 0.000152 -0.000114 -0.000239 7.445015 -1.002312 -16.772321 -44.037058 21.776743 11.323171 -38.891659 0.068565 1.060148 -30.186545 -1.930856 -9.743779 -0.000196 -0.000324 -0.000028 6.611486 1.233269 -12.860427 -42.735379 15.014763 9.977931 -39.116632 -1.383027 2.448010 -22.456309 0.480743 -9.709820 -0.000036 0.000215 0.000353 -13.766978 9.280378 15.654658 64.231404 55.997254 -18.859945 179.121462 50.146342 -175.118237 -40.200910 17.064387 -16.603223 15.201037 -18.923792 19.530743 0.864792 4.647242 -10.923978 0.012263 -5.631461 1.625722 -0.000550 0.001171 0.000085 1.062924 -1.546406 1.447356 42.004668 -10.045559 6.944505 24.869799 3.560945 3.063856 4.278783 3.656940 -0.616226 -0.000047 0.000009 0.000195 -0.401794 -0.905697 4.584871 45.407429 -7.701193 4.212026 30.058761 4.303942 2.746911 2.812991 2.650371 -2.924194 0.000542 -0.000115 0.000019 -5.014413 -0.964487 -11.722241 45.304025 -15.876305 15.933358 36.183225 2.592988 1.392044 28.229107 3.705583 -11.314852 0.001356 -0.000750 -0.001601 -5.901149 -1.911214 -6.758785 48.275329 -9.981812 13.383630 38.550165 7.796150 3.172021 22.087101 2.696736 -14.723366 -0.002563 0.001051 -0.000138 -7.386070 1.311598 -0.288505 1.031334 -0.891265 21.944761 7.335828 7.675082 -9.008178 1.817900 -3.583768 -3.554199 0.001894 -0.000070 1.000119 -5.175582 -3.478527 -13.066356 4.582935 -0.067410 66.706560 5.066274 -8.516162 1.463856 0.774327 3.354449 -5.391892 -0.001691 -0.000357 1.002273
150.620621 106.922874 -10.298104 -174.278701 8.187203 -175.222202 -1.437303 -0.927870 5.950165 2.155878 2.582030 -5.805942 -2.260358 0.486000 7.209043 5.335775 2.130594 2.102404 -13.573161 4.651292 -4.397230 -4.462515 42.890550 -13.543586 -0.000217 -0.000174 -0.000213 -2.212232 -0.157229 -2.174319 -0.216529 -5.491725 1.020420 -0.578769 -3.761353 1.053841 2.998011 -12.984461 11.806272 -65.880084 -46.018516 -18.370514 164.236676 -58.296692 -147.576407 52.249757 -3.195674 -28.212373 -5.123540 8.187365 13.192483 -3.832201 -5.969539 -5.943139 -0.048506 5.602652 -4.756743 0.000100 -0.000017 -0.000270 5.079138 -0.846196 -0.361251 -49.156975 9.388459 3.698541 -29.839930 -4.444866 2.792389 -6.392232 -1.884238 -2.838875 -0.000066 -0.000618 0.000458 4.666341 -1.488379 1.365980 -49.444216 11.951666 -1.242537 -33.399766 -4.708346 4.002392 -3.758380 -0.847757 -4.530868 0.000183 -0.000249 0.000124 7.566272 -0.793836 -16.630601 -43.599684 22.967586 11.293330 -37.218310 0.634830 0.952743 -27.999656 -1.355925 -8.809459 0.000299 -0.000207 -0.000056 6.119356 1.494606 -12.685040 -42.279796 15.872692 10.002845 -37.601247 -1.527012 2.253550 -20.324144 1.041961 -9.106114 0.000116 0.000182 0.000690 -11.564870 8.502441 15.556393 70.071677 53.951316 -3.826680 176.321861 52.603329 -179.359515 -36.994252 19.546637 -12.341921 15.065954 -16.939533 18.754420 0.558719 5.558776 -10.795225 -0.275473 -4.967417 1.003957 -0.000038 0.000420 -0.000283 0.569233 -1.750791 0.670944 40.593101 -9.981697 7.129928 25.044209 3.773955 3.103939 3.507731 3.565459 -1.892477 -0.000411 0.000222 -0.000095 -0.838695 -1.088535 4.392256 44.886982 -8.388709 3.807062 30.471784 4.822632 2.959807 2.581234 2.809394 -2.486047 0.000037 0.000663 -0.000189 -5.079791 -1.451175 -11.660145 45.483991 -15.983902 15.889284 36.276478 2.989681 1.227871 27.406021 3.594834 -10.724058 0.000190 0.002441 -0.000919 -5.330312 -2.842927 -7.006219 47.560850 -9.772745 13.220185 38.202170 8.470379 3.427733 21.620401 2.719623 -14.212961 -0.004835 0.004106 0.000153 -5.709663 1.081130 4.317036 1.736221 -1.859845 19.542878 6.640693 3.806284 -7.221565 1.880496 -3.313847 -4.889519 0.001886 -0.000069 0.999799 -7.884608 -2.186536 -20.072058 3.787575 -0.444606 62.789023 5.302939 -8.503247 -2.894369 -0.004185 3.338638 -4.016016 -0.001551 -0.000092 0.999462
152.804871 106.935501 -15.527180 -176.318037 1.807763 -177.474089 -1.885338 -0.747061 5.904618 2.839542 1.623698 -5.628350 -1.523493 0.841754 7.854993 5.036953 1.978453 2.714288 -13.830919 4.528331 -4.542772 -6.738219 43.987185 -15.351665 -0.000323 -0.000001 -0.000513 -2.271353 -0.059234 -1.837572 -0.287478 -5.532526 1.462179 -0.635421 -3.782023 1.482752 2.388358 -10.033420 15.012664 -67.495458 -40.002002 -13.367867 172.899765 -58.096522 -159.438210 46.724505 -6.977449 -29.274502 -4.639619 7.090943 13.054470 -5.008378 -6.743877 -5.598860 -0.143950 5.100658 -5.485781 0.000363 -0.000292 -0.000388 3.878049 -1.506572 -0.331470 -47.398665 9.232388 4.084107 -30.240912 -5.148055 3.057127 -7.238966 -1.924622 -3.344595 -0.000110 -0.000927 0.000700 3.685824 -2.087561 0.937811 -47.783610 12.136708 -0.406253 -33.371915 -5.590852 4.160341 -4.815263 -0.930574 -4.655416 0.000127 -0.000045 -0.000259 6.788262 -1.562300 -16.393506 -41.882621 22.302720 12.152850 -37.202849 -0.124397 0.686858 -29.242315 -1.660961 -9.149463 -0.000138 -0.000230 0.000023 5.490269 0.825476 -12.274600 -40.527636 15.459091 10.500855 -37.366165 -2.019955 2.254291 -21.813685 0.450064 -10.043328 0.000042 0.000215 0.000767 -9.935869 7.121985 16.073214 76.587086 48.057810 6.708842 175.765358 55.535087 -179.815121 -31.551879 20.385564 -2.537859 13.726696 -16.724860 19.809122 1.494315 6.604746 -10.224912 -0.509560 -4.513723 0.988253 -0.000415 0.000768 -0.000134 0.806172 -0.732736 1.596361 36.081802 -9.349170 7.892905 24.166834 3.616630 3.081465 4.826454 3.462778 -2.145820 -0.000338 0.000187 0.000150 -1.451065 0.564391 4.728766 40.255293 -9.068279 4.387680 29.405382 4.106570 3.192981 3.708821 2.566974 -2.520520 0.000378 0.000350 0.000009 -6.173835 -0.101099 -11.051837 40.079519 -15.185929 17.301549 35.294618 2.891235 1.374577 28.076480 3.515134 -11.038426 0.000920 0.001113 -0.001281 -7.512439 -1.444392 -6.504132 42.369778 -10.368067 13.942032 36.972051 8.025789 3.147440 22.071665 2.409324 -14.374734 -0.003822 0.002997 -0.000070 -3.778701 -0.707232 7.772569 2.309314 -3.505682 19.342543 3.341914 -0.075267 -7.480027 1.830310 -2.578675 -6.518523 0.002200 0.000075 0.999884 -9.929392 -3.409450 -23.677597 1.140683 -0.852837 52.053152 7.335464 -7.196647 -0.760734 -0.292431 3.523961 -2.713274 -0.001856 -0.000522 1.000580
154.860825 106.217209 -20.837961 -177.509630 -4.088184 -177.559570 -1.467916 -0.427044 5.543132 3.036997 0.582915 -5.728301 -0.901450 0.806110 8.172208 5.729861 1.628953 2.632268 -14.342144 4.935207 -5.028315 -8.120108 47.599735 -15.682799 -0.000407 -0.000104 -0.000178 -2.340426 -0.083838 -1.829633 -0.410840 -6.082315 1.080755 -0.771590 -4.341135 1.125550 1.667543 -8.636284 17.416116 -69.619863 -33.748081 -8.214251 178.139825 -60.543005 -166.716215 44.256004 -8.531372 -26.909223 -4.578504 5.170160 13.408126 -5.323622 -8.239419 -5.027558 -0.579727 3.259246 -6.613572 0.000486 -0.000100 -0.000306 3.872310 -2.941595 0.150845 -43.401934 8.396303 5.033740 -29.005385 -5.540123 2.817971 -6.742510 -1.908282 -3.100497 0.000208 -0.001171 0.001209 3.943122 -3.885292 0.563327 -44.615844 13.064683 0.516269 -31.695473 -5.577878 3.655813 -4.599738 -0.870833 -3.750462 -0.000231 0.000190 -0.000297 6.934759 -2.801606 -16.671851 -38.949188 21.508874 13.600178 -35.418396 -0.100048 0.161874 -28.652254 -1.263147 -8.427394 -0.000007 0.000137 0.000099 5.891085 -0.814457 -12.760374 -37.881108 15.588766 11.045314 -35.700683 -1.765160 1.895052 -21.276456 0.815842 -9.505047 0.000536 0.000151 0.000869 -9.199411 8.052865 16.575253 81.520873 41.793211 15.017734 172.964858 58.910080 177.330193 -34.297371 21.152372 -5.211060 12.394901 -14.866602 19.128603 2.097652 8.047320 -10.057271 -0.450984 -3.005035 0.465960 0.000008 0.000272 -0.000407 0.203719 -0.361121 0.993321 32.660534 -8.194961 8.735090 25.300896 5.119356 3.192864 5.826270 3.839081 -4.569660 -0.000306 0.000240 -0.000214 -1.550218 1.243994 4.362741 37.374547 -9.150692 4.616959 30.144606 5.795904 3.580629 4.903977 3.037932 -3.418245 -0.000035 0.000735 0.000112 -5.824139 0.545418 -11.809728 37.389486 -14.918195 18.239932 35.203453 4.611670 1.495341 28.863980 4.253237 -11.584162 0.000155 0.003079 -0.000838 -6.667467 -1.127062 -7.829340 38.928366 -10.022293 14.752142 36.380867 9.353291 3.697662 22.906987 3.257565 -14.897171 -0.005293 0.004679 0.000333 -2.424091 -1.557825 9.961541 2.921969 -4.824977 19.932269 1.417301 -1.872716 -5.661651 1.976820 -2.932254 -7.431243 0.002336 0.000430 0.999475 -11.931813 -3.895632 -21.557716 -0.582512 -1.845964 37.510848 8.228821 -5.207917 3.789930 -1.100204 3.269554 -2.196240 -0.001557 -0.000540 0.998668
156.787735 105.887970 -26.207808 -179.024414 -10.685728 -173.903588 -2.262346 -1.059245 5.491534 4.699901 0.390715 -6.681085 -1.441834 2.026057 8.310561 4.035000 3.529029 -0.165599 -14.949586 2.186760 -4.376570 -2.591917 44.819866 -8.698786 -0.001066 -0.000281 -0.000494 -1.928652 0.339084 -1.603226 -0.351594 -5.036974 2.634398 -0.664748 -3.280788 2.671087 -0.042553 -5.712015 19.293651 -68.082197 -25.269262 -2.455967 -174.639744 -59.440350 -177.353434 47.992942 -17.458791 -23.679756 -7.310245 8.794266 13.965108 -4.795641 -6.105010 -5.401576 0.287581 5.007546 -4.774223 0.000596 -0.000211 -0.000860 3.595928 -0.757592 1.103894 -49.095831 10.587146 4.161186 -30.080325 -3.902856 3.208939 -5.723151 -1.991184 -2.275923 0.000379 -0.001406 0.001324 4.444915 -1.903214 2.032014 -50.598107 13.655296 0.318484 -32.926205 -3.984667 3.827302 -3.288375 -0.640917 -3.399701 -0.000099 -0.000026 -0.000470 8.493447 -1.237655 -14.670706 -45.452324 23.180938 12.333621 -36.611873 0.649126 0.286287 -27.172734 -0.737941 -8.325400 -0.000062 -0.000318 0.000331 8.276888 1.217194 -10.513002 -44.123737 16.458267 10.214606 -37.289091 -1.626981 2.188729 -19.719715 1.401952 -9.633212 0.000450 -0.000229 0.001227 -6.324350 9.007679 17.217732 82.919183 37.165748 19.904268 171.981513 63.861882 176.536494 -37.883426 23.306663 -11.611017 13.455245 -14.119367 18.211453 2.034809 7.569798 -9.682762 -0.353846 -4.163171 0.434444 -0.000862 0.000680 0.000037 0.391113 -0.385320 1.389786 34.387799 -8.281252 9.354201 21.692871 3.391786 2.940545 3.375670 3.891170 -1.837296 -0.000268 0.000587 0.000417 -1.355597 0.895227 4.053680 37.786378 -8.829087 5.410883 26.407148 3.735842 2.908760 2.338121 2.826479 -0.920494 0.000675 0.000597 0.000129 -5.718929 0.555283 -10.841404 37.609779 -14.319249 18.282541 32.023981 2.592667 0.613379 25.470892 2.843132 -9.580727 0.000614 0.001504 -0.001370 -6.270307 -1.270052 -6.634324 38.576447 -9.333952 14.230822 33.918960 6.460527 1.961125 19.094383 1.297057 -12.654779 -0.003901 0.003226 -0.000135 0.310027 -4.246724 12.705369 2.831271 -6.755826 21.394036 -2.764328 -0.836930 -9.546312 2.484825 -3.103847 -11.030341 0.002506 0.000607 0.999767 -13.709997 -5.598626 -21.625909 -1.443742 -3.573936 24.373665 9.956857 -6.715889 6.036578 -1.204664 2.832436 -3.592903 -0.002008 -0.000856 1.000018
158.584808 104.791191 -31.614050 -179.728467 -10.758774 -176.606503 -2.205729 -1.076549 5.608663 3.634619 0.184070 -7.904526 -1.548203 0.917744 9.089445 2.920434 4.627720 -1.378222 -14.899958 0.623586 -3.095895 -2.916092 45.905883 -7.987735 -0.001652 0.000450 -0.000175 -1.750239 0.237471 -1.577398 -0.376607 -5.383822 2.051766 -0.705961 -3.619586 2.084013 0.212612 -6.092772 19.082610 -69.275622 -22.947279 -1.644458 -172.534573 -58.830440 -178.434803 45.212255 -19.376705 -18.702583 -10.103325 12.369360 15.821550 -3.836271 -4.749394 -6.829217 1.035908 5.928263 -2.071268 0.001706 0.000019 -0.000688 3.838911 0.603935 1.960986 -57.669449 10.263351 2.958453 -30.863329 -4.190474 3.660394 -3.909470 -2.185565 -3.072822 0.000864 -0.001969 0.001783 4.307050 -1.225485 2.605681 -58.254370 13.268203 0.452147 -33.387079 -5.222532 4.873894 -1.026856 -0.483593 -4.981076 -0.001402 0.001047 -0.001440 8.364180 -1.186560 -13.056194 -53.680131 24.055369 10.802252 -36.075737 -0.029706 1.538355 -24.756468 -0.817998 -9.356644 -0.000795 0.000110 0.001528 8.239696 0.698790 -9.161915 -51.384986 17.463385 9.012132 -36.327945 -1.995985 2.442632 -17.119858 1.648386 -10.077879 0.001507 -0.001276 0.001871 -4.161040 9.130486 19.081260 82.610966 36.255671 17.409292 171.535522 63.200167 178.686316 -32.179451 14.383572 -11.076024 14.130064 -17.742672 17.921023 1.763731 6.286896 -10.977237 -0.219431 -4.555567 0.791940 -0.000605 0.000557 -0.000035 0.554118 -3.102591 1.215071 38.628574 -8.643624 9.417119 18.635701 2.694384 2.919532 -0.870897 4.225382 0.687349 -0.000501 0.001017 -0.000223 -0.456034 -1.365087 4.644392 41.002519 -8.562224 5.875341 22.905846 3.251545 2.384183 -2.565236 2.720785 0.574158 0.000131 0.000599 0.001106 -4.541908 -1.302727 -9.721605 40.597220 -14.280183 18.309656 28.614976 1.366362 0.573628 21.057074 2.282085 -8.406818 0.001124 0.002290 -0.001731 -4.534155 -2.696346 -5.808881 41.746962 -8.804088 14.152299 31.401860 4.617452 1.292583 14.392696 -0.096458 -10.816253 -0.004076 0.004225 0.000780 2.290402 -5.229083 17.349832 2.175903 -6.513738 19.329789 -2.163119 2.153921 -9.804347 2.600413 -3.375311 -8.941241 0.003048 0.001740 0.999043 -15.592203 -7.872270 -21.740647 -2.604444 -3.338029 20.434361 14.670857 -0.030178 2.983243 -1.833015 3.773183 -5.620167 -0.002051 -0.001627 0.999078
160.251328 102.576981 -37.033997 -175.854124 -22.607498 -175.371222 -2.096871 -1.337856 4.993093 5.280865 0.740396 -6.997581 -1.194784 2.753585 7.630979 1.128856 4.534715 0.698899 -18.845803 -1.237473 -4.656839 -0.259886 45.740835 -7.901487 -0.000869 -0.000361 -0.000263 -1.628019 0.405689 -2.855776 -0.373758 -4.669034 2.148078 -0.703378 -2.925023 2.207900 -0.209161 0.208426 22.233494 -66.921371 -8.961881 5.431153 -165.004404 -67.263013 170.064592 42.159848 -20.562858 -16.602583 -6.481957 6.380346 13.421375 -4.815515 -5.326525 -4.760687 -0.243390 4.500324 -5.431599 0.000225 0.000148 -0.000314 4.341056 -0.342954 1.626513 -46.887442 11.289273 4.336892 -26.426755 -2.188129 1.988553 -3.287109 -2.497641 -1.154543 0.000370 -0.000766 0.000675 4.644151 -1.007505 2.058533 -47.804549 14.519071 0.681308 -29.370907 -2.414170 2.615769 -1.070315 -0.726797 -1.859357 -0.000045 -0.000206 0.000033 8.566374 -0.667019 -13.744362 -43.764812 23.305653 12.966048 -32.929536 1.614891 -0.321285 -23.342163 0.152703 -6.612275 0.000536 0.000047 0.000225 8.748932 1.423030 -10.154942 -42.297916 17.136238 10.893171 -33.855085 -0.288061 1.421221 -15.098046 2.382781 -7.718637 0.000398 -0.000324 0.001363 -3.274865 15.122393 19.584015 82.898597 30.657634 29.852818 167.072373 81.034891 170.979420 -28.892997 19.128314 -5.673209 13.155441 -9.443101 15.942988 2.264740 9.567904 -8.097569 -0.174966 -3.077821 -0.703164 -0.000245 0.000485 -0.000235 1.068827 1.003537 0.996310 30.560487 -7.881831 9.345611 17.376608 2.476927 1.614265 1.419298 4.138406 -2.623695 -0.000260 0.000599 0.000176 -0.639042 1.543679 3.661647 33.771239 -8.635069 5.067214 21.729695 1.845126 1.487413 0.377162 2.828908 1.042039 0.000330 0.000960 -0.000164 -5.079186 0.555274 -11.500351 34.492365 -13.977225 18.105575 26.172356 0.575657 -0.378511 21.313203 1.570044 -7.296024 -0.000064 0.002820 -0.000812 -5.571268 -1.035458 -6.909830 34.523721 -10.009046 14.638087 28.606095 3.290039 0.692136 14.380465 -0.220803 -9.244662 -0.004988 0.004082 0.000012 3.096156 -8.530792 16.215227 5.934016 -7.852969 24.549390 -5.418955 5.628597 -8.755366 3.925796 -3.094240 -17.633837 0.001757 0.000349 0.999555 -14.274471 -8.888886 -15.714707 -0.229250 -6.120516 14.181645 11.153218 -5.413048 5.924960 -0.828890 2.394408 -1.501396 -0.001437 -0.000319 0.998668
161.786514 101.770340 -42.444920 -174.758837 -26.208082 -176.746518 -2.393372 -0.999124 3.948771 5.750491 0.802906 -6.606240 -1.387372 2.869269 8.172403 1.025872 5.535895 1.040770 -19.582742 -1.552827 -4.414984 0.816166 46.302302 -7.309271 -0.000731 -0.000305 -0.000352 -1.594437 0.348717 -3.029874 -0.503530 -4.534719 3.529614 -0.790957 -2.778799 3.592545 -1.239790 2.968517 22.351603 -61.817877 -5.764113 4.208994 -161.449745 -71.756859 165.639750 38.891488 -17.611882 -12.563049 -4.722968 5.321650 12.410463 -5.287254 -5.944616 -4.142758 -0.534885 4.360588 -6.038447 0.000219 0.000202 -0.000163 4.599229 -0.669712 0.790762 -43.231127 10.277467 5.035673 -23.758288 -1.268342 1.319211 -2.605688 -2.796450 0.246285 0.000344 -0.000622 0.000522 4.637843 -1.424619 1.720832 -43.261924 13.849947 1.294807 -26.682123 -1.370940 1.835798 -0.045689 -0.930414 -0.671882 -0.000118 -0.000136 0.000093 8.268454 -0.956342 -13.731082 -39.570525 21.264055 14.158312 -29.922736 1.835703 -0.440452 -21.661618 0.214551 -6.249270 0.000596 0.000142 0.000159 8.529880 0.816296 -10.226953 -38.907270 16.024755 11.584218 -30.984666 0.316002 0.950383 -12.757394 2.696963 -7.171449 0.000375 -0.000334 0.001214 -1.702442 15.983452 20.170610 81.579301 28.473541 31.610116 112.417025 88.716641 115.235047 -24.864163 17.944401 -6.291079 12.064058 -7.441682 14.930655 2.723448 10.410916 -7.247619 -0.023030 -3.126335 -1.126683 -0.000136 0.000715 -0.000239 1.239079 1.968931 0.357229 26.617901 -7.040863 9.505716 13.948449 1.576328 1.324438 0.232877 4.197203 -1.265769 -0.000200 0.000462 0.000132 -0.455620 2.374428 2.934772 29.397391 -8.292554 5.366068 18.112105 0.419705 1.052746 -1.464778 2.693551 2.585429 0.000207 0.000811 -0.000146 -4.685052 1.373205 -12.276796 30.009956 -12.897793 18.788781 21.958404 -0.782013 -0.613888 18.782793 0.838599 -5.979413 0.000008 0.002643 -0.000768 -5.415701 0.067114 -7.469566 31.061782 -9.825848 15.005506 24.673394 1.119503 0.208435 10.989573 -1.236930 -7.372660 -0.004687 0.003642 0.000034 5.917355 -11.168028 13.560862 6.500284 -8.218977 31.562860 -6.820265 7.376842 -7.801257 4.113851 -2.119294 -19.231805 0.001599 0.000297 0.999593 -12.830201 -9.565329 -13.346010 0.532198 -5.605349 14.841373 10.782788 -4.696673 5.848412 0.153775 1.896859 -0.016381 -0.001292 -0.000146 0.999000
163.189667 101.172340 -47.824074 -175.631161 -29.167307 -176.063620 -2.511255 -0.838781 4.381785 5.653216 1.335446 -5.904068 -1.797394 2.575140 7.377277 0.413657 6.430225 1.151014 -19.795869 -1.749565 -5.095953 1.741227 44.861003 -6.890229 -0.000442 -0.000200 -0.000340 -1.641073 0.314942 -3.110864 -0.509081 -4.296789 3.766341 -0.788957 -2.541426 3.824586 -2.270843 4.100877 21.781569 -59.507192 -5.191945 -3.518936 -169.507311 -73.726102 176.237794 40.849667 -11.686019 -11.205299 -3.029365 5.712985 11.563343 -5.514216 -6.289971 -4.219747 -0.431647 4.940434 -5.249710 0.000282 0.000241 0.000107 5.638578 -1.322291 0.073799 -43.607544 9.710078 4.234452 -23.752503 -1.767558 1.139782 -2.797241 -2.587058 -0.010499 0.000203 -0.000482 0.000448 5.353595 -1.858476 1.196531 -42.606989 12.628935 0.848593 -26.935993 -1.552024 1.715965 -0.220865 -0.894824 -1.224168 -0.000217 -0.000030 0.000152 8.420647 -1.437249 -14.117662 -37.860620 19.827909 14.375872 -30.280920 1.609114 -0.438715 -21.881134 -0.113188 -6.668662 0.000596 0.000222 0.000047 8.467246 -0.014951 -10.897869 -36.928207 15.299201 12.140326 -31.266462 0.252108 0.976116 -12.724020 2.638326 -7.246040 0.000400 -0.000287 0.001012 -0.945240 15.646412 20.792714 78.756610 25.338151 29.029755 19.442382 86.908829 21.458749 -22.564173 18.040945 -6.290890 11.057857 -7.339909 13.937611 2.584606 10.039577 -7.705512 0.067427 -4.015795 -0.793124 0.000148 0.000714 -0.000254 0.697466 2.263250 -0.681997 27.003799 -7.261780 8.634412 14.307249 1.743266 1.174710 0.033960 4.436067 -0.711871 -0.000331 0.000343 -0.000033 -0.789922 2.491771 2.264227 30.278549 -8.162004 4.701304 18.514707 0.646279 0.938868 -1.666257 2.943400 2.525111 -0.000029 0.000784 -0.000223 -4.501138 1.510535 -13.034374 30.649894 -12.791674 18.546663 22.286302 -0.895379 -0.713268 18.816568 1.086663 -6.095941 -0.000018 0.002937 -0.000656 -5.028558 0.473538 -8.101203 32.251512 -9.618678 14.974614 24.806293 1.164585 0.482491 11.073182 -1.022513 -7.662663 -0.004959 0.003845 0.000201 8.517582 -12.618221 9.653435 5.868634 -8.569870 40.931516 -5.426050 7.409236 -4.413904 4.228453 -1.756144 -19.417035 0.001639 0.000201 0.999662 -10.398706 -10.848126 -13.132164 0.887623 -5.108919 19.635339 8.535231 -6.013838 1.128074 0.515197 2.117991 0.595481 -0.001246 0.000067 0.998849
164.460052 100.762344 -53.148674 -175.962209 -31.363770 -175.518402 -2.829389 -0.691466 5.159977 5.727497 2.111190 -5.615572 -2.521638 2.338894 6.374504 -0.298378 6.958080 0.644484 -19.835709 -1.996734 -5.768964 2.458477 44.044588 -6.803379 -0.000316 -0.000130 -0.000447 -1.702265 0.306322 -2.980682 -0.473270 -4.131088 3.036355 -0.774784 -2.376524 3.087627 -3.470786 5.834167 21.586845 -58.064297 -2.112334 -9.583955 -178.515983 -74.741389 -172.430592 41.886342 -9.363374 -15.325044 -2.152168 5.166582 10.813525 -6.098946 -6.633167 -3.962961 -0.664315 4.426756 -5.403441 0.000318 0.000281 0.000237 5.887444 -1.930530 -0.275305 -40.940209 8.956309 4.294196 -22.214526 -2.056021 0.782843 -2.004913 -2.530000 -0.231426 0.000174 -0.000385 0.000399 5.438521 -2.229712 0.549843 -39.794529 11.964819 1.098784 -25.239320 -1.677597 1.521230 0.549353 -0.867790 -1.389454 -0.000350 0.000056 0.000141 8.102398 -1.879631 -14.549372 -35.310672 18.813375 15.147068 -28.456612 1.534419 -0.462594 -20.728288 -0.125842 -6.657797 0.000597 0.000287 0.000072 8.009779 -0.493297 -11.653576 -34.299615 14.614616 12.660103 -29.445205 0.550761 0.911796 -11.429616 2.725578 -6.700533 0.000460 -0.000282 0.000893 -0.853236 15.090130 21.161981 76.386630 21.966246 25.815495 17.786589 85.275700 19.192314 -19.230676 17.363397 -5.221314 10.327024 -6.746610 13.383569 3.096314 9.858952 -7.580185 0.234761 -3.625386 -0.934755 0.000173 0.000990 -0.000133 0.551098 2.334413 -0.857764 25.618301 -7.382452 8.417896 12.955087 1.748052 0.961302 -1.030584 4.461030 -0.772284 -0.000323 0.000338 -0.000091 -0.861929 2.495685 2.075684 29.115288 -8.299479 4.690106 17.119585 0.511456 0.663987 -2.784713 2.991949 2.849733 0.000025 0.000594 -0.000151 -4.382605 1.504961 -13.111063 29.674609 -12.864884 18.560487 20.841204 -1.113926 -0.646514 17.552606 1.039949 -5.712832 0.000202 0.002240 -0.000749 -4.821285 0.553220 -8.188059 31.493913 -9.727210 14.968386 23.370425 0.832757 0.580129 9.845351 -1.136712 -6.880928 -0.004441 0.003175 0.000273 10.604589 -13.088665 5.728565 5.475002 -8.836273 47.324889 -4.706149 7.631934 -0.325803 4.316734 -1.608741 -18.765126 0.001624 0.000207 0.999631 -8.386553 -11.586555 -12.287680 1.357123 -4.870465 21.717481 6.756992 -7.909901 -1.086394 0.491797 2.428174 0.834560 -0.001207 0.000161 0.999562
165.596954 101.233658 -58.395916 -176.795048 -33.509249 -174.183923 -2.945377 -0.080271 6.389400 6.280524 2.593167 -4.474523 -3.579559 2.324570 5.227141 -1.478464 7.281409 0.734854 -19.937807 -0.943163 -5.771314 1.634448 44.045698 -9.248921 -0.000131 0.000001 -0.000494 -1.942997 0.196435 -2.959758 -0.360934 -3.775594 2.056678 -0.691492 -2.030168 2.084206 -3.660936 9.492880 22.089092 -58.342224 0.978371 -18.798854 165.942158 -77.933356 -153.232226 39.791202 -1.067357 -18.320899 0.337297 4.176960 9.100393 -7.800315 -7.501278 -2.815338 -1.717298 3.897225 -6.279098 0.000442 0.000527 0.000442 5.504393 -1.434927 -0.730835 -36.688723 7.925324 4.803688 -19.608748 -1.769612 0.091895 -0.737915 -2.843904 0.500095 0.000321 -0.000140 0.000374 4.380942 -1.608376 0.340084 -35.848274 11.138618 1.409227 -21.984765 -1.004884 1.134461 2.145962 -0.867952 -0.557212 -0.000433 0.000196 0.000235 6.320655 -1.400018 -14.721269 -31.667172 17.848105 16.068799 -25.241290 1.537423 -0.460987 -18.019814 -0.003997 -5.891491 0.000530 0.000452 0.000003 5.847674 -0.043316 -12.005562 -31.263712 13.741669 13.405430 -26.205201 0.779118 0.723614 -8.414972 3.014129 -5.874573 0.000512 -0.000039 0.000676 -1.038508 12.622901 22.165347 69.463639 12.669737 20.182765 28.179191 82.543135 27.692098 -14.627051 17.113937 -1.560941 10.102688 -5.206752 12.767569 3.858812 9.591129 -6.901640 0.570444 -4.140856 -0.943331 0.000415 0.001093 -0.000165 1.499470 2.637352 -0.281226 25.641938 -7.486412 7.677928 12.896191 1.668550 0.683608 -1.917685 4.448970 -1.869345 -0.000353 0.000174 -0.000299 0.046525 2.465604 2.256602 29.449130 -8.006184 4.568313 17.707123 0.592831 0.408190 -3.098310 3.364118 3.098343 -0.000295 0.000483 -0.000088 -3.691195 1.465863 -12.958287 31.010630 -12.827358 18.225190 21.124366 -1.248630 -0.462924 17.044231 1.096570 -5.294469 0.000266 0.001926 -0.000626 -4.310169 0.516676 -7.750579 33.135814 -9.317335 14.469782 23.334290 0.988576 0.868022 9.655382 -0.886693 -6.446189 -0.004376 0.002928 0.000424 11.349217 -12.771321 -1.563184 5.103897 -9.056030 58.169588 -2.041818 6.491058 2.689194 3.264211 -1.306859 -16.224668 0.001704 0.000171 0.999650 -6.305170 -11.571501 -10.911801 1.672945 -4.945986 23.003401 6.198726 -9.311803 -4.771123 0.433690 2.874050 0.950934 -0.000859 0.000328 0.999959
166.599701 101.965317 -63.542984 -178.089616 -35.602262 -173.092730 -2.857120 1.022177 7.684558 6.333840 3.247300 -4.237269 -4.278996 2.304850 4.190878 -1.927703 6.645944 0.534839 -19.600134 0.593266 -5.672660 2.152684 41.972353 -9.601152 -0.000273 0.000111 -0.000388 -1.891337 0.234685 -2.851998 -0.291858 -3.248308 2.307005 -0.614295 -1.503380 2.318360 -2.728689 13.861137 23.953135 -56.800529 8.338321 -21.496400 178.787618 -76.797722 -166.121003 41.477935 2.244853 -25.772009 1.050227 2.580461 8.817195 -8.049471 -8.049625 -1.835200 -2.304036 1.439024 -8.302549 0.000561 0.000665 0.000432 5.072901 -0.822405 -0.534154 -32.309641 6.986074 6.261246 -18.577396 -1.730911 -0.166272 -0.198820 -3.079908 0.324497 0.000559 -0.000118 0.000403 3.927868 -1.218182 0.399322 -32.801666 10.983489 2.895065 -20.313488 -1.087839 0.951723 2.266501 -1.062442 0.138028 -0.000579 0.000334 0.000155 5.862847 -1.265785 -14.436600 -29.939965 17.712697 16.948622 -23.895701 1.345459 -0.516409 -16.971487 0.266739 -4.758524 0.000417 0.000608 0.000195 5.662022 0.219103 -11.721453 -29.958115 13.344271 13.493242 -24.589535 0.719739 0.597015 -7.677330 2.824596 -4.788396 0.000549 0.000003 0.000821 -2.389059 9.780698 22.688658 64.095981 5.009588 17.609790 35.833012 80.039566 33.306847 -10.455215 14.891710 2.027865 10.162671 -3.768693 12.721617 4.675162 9.799459 -5.580464 0.730291 -2.648093 -1.655735 0.000638 0.001008 -0.000307 2.948000 1.497527 0.569871 23.410098 -7.397661 8.189421 12.272074 1.589400 0.529459 -1.874623 4.111667 -4.300329 -0.000473 0.000230 -0.000514 1.233525 1.208796 2.997829 27.550028 -8.159000 5.402506 17.140421 0.837647 0.345867 -2.494676 3.368760 3.411044 -0.000666 0.000557 0.000093 -2.791639 0.150775 -11.904593 30.011111 -13.264227 18.627249 20.058242 -0.587349 -0.101208 16.660826 1.045104 -4.830342 0.000259 0.002121 -0.000581 -4.097940 -0.927173 -6.261241 32.518826 -9.637048 14.717766 22.132649 1.799115 0.989764 9.512090 -0.624088 -5.379840 -0.004735 0.003273 0.000635 10.059006 -10.310264 -8.198878 5.468787 -7.677259 63.310722 0.421274 5.669964 2.826304 2.499902 -1.380498 -12.961022 0.001779 0.000287 0.999488 -4.251058 -11.694681 -6.485990 1.748097 -5.220387 19.799891 5.591377 -8.111949 -5.599811 0.667252 2.908085 1.150092 -0.000709 0.000177 0.999696
167.467590 102.378777 -68.567032 -179.500030 -40.055615 -171.770297 -3.251296 1.844046 9.577162 6.743229 3.597018 -4.202336 -5.149420 2.894263 3.137417 -2.165158 6.036070 -0.432914 -19.076937 2.033081 -6.703471 2.247608 40.570093 -10.178827 -0.000336 -0.000158 -0.000242 -1.925083 0.225381 -2.871150 -0.234693 -3.146847 1.555355 -0.580295 -1.414746 1.564200 -1.667630 17.174364 24.953688 -55.723071 15.081962 -21.236128 -175.541873 -76.021258 -171.545072 41.897021 8.428178 -35.098543 -1.519524 4.876498 10.363687 -7.107160 -6.797595 -2.942357 -2.076026 2.422301 -6.464343 0.000509 0.001123 0.000256 5.428529 0.551410 -0.198928 -38.116493 8.263021 6.221807 -19.861474 -2.460321 0.457614 0.319411 -3.363200 0.351407 0.001141 -0.000163 0.000512 4.174849 -0.467494 1.135432 -38.916690 11.404543 3.063947 -21.220117 -1.934669 1.590461 3.041858 -1.191247 -0.313689 -0.000586 0.000266 0.000397 6.203811 -0.790961 -13.375168 -35.983920 19.485412 16.301807 -24.536265 0.693791 -0.350939 -16.602046 -0.098585 -4.937883 0.000678 0.000819 0.000253 5.596549 0.782257 -10.799618 -35.375527 13.870682 13.022046 -25.263394 0.123105 0.804084 -7.694788 2.571436 -5.031741 0.000582 0.000166 0.000768 -3.833732 8.004218 23.564320 60.603767 -1.223696 15.266741 46.218241 79.451226 42.149886 -9.486602 11.887879 3.760939 11.900010 -6.393552 15.019331 3.203290 9.034114 -6.557693 0.392222 -2.724040 -1.113232 0.000745 0.000968 -0.000369 2.578261 0.992999 1.687094 25.828829 -8.082834 8.102003 12.106241 1.323327 0.851417 -2.599787 4.077160 -2.864607 -0.000507 0.000157 -0.000694 0.806380 0.816761 4.065072 29.847510 -8.541921 5.693523 16.751695 0.316564 0.521695 -3.572307 3.338650 3.486714 -0.001196 0.000748 0.000107 -3.865644 -0.190064 -10.693235 32.622486 -13.892646 18.323825 19.902222 -1.099123 0.594159 16.159143 0.917163 -4.709016 -0.000221 0.002041 -0.000497 -4.907311 -1.264160 -4.783044 34.558085 -10.093735 15.035866 22.583047 1.545881 1.019733 9.028931 -0.861269 -5.471685 -0.004885 0.003465 0.000904 6.316817 -7.996022 -12.881855 5.535107 -5.250875 60.676618 2.203580 4.795802 -0.823150 1.607573 -1.328295 -9.292363 0.001877 0.000369 0.999428 -2.637825 -12.561235 -1.946523 2.281546 -5.923503 15.545546 5.355844 -8.923645 -4.808911 0.594302 3.089983 0.490295 -0.000355 0.000342 0.999627
168.199951 102.379204 -73.445213 178.609943 -43.027623 -171.392062 -3.150816 3.223853 10.831905 7.184590 3.315351 -4.604627 -5.473171 3.954707 3.645232 -2.376678 5.240286 -1.993941 -18.407501 3.273177 -8.431039 2.511352 40.653082 -9.940877 -0.000469 -0.000499 -0.000899 -1.876090 0.272017 -2.612273 -0.234453 -3.184047 2.059280 -0.564841 -1.431591 2.049725 0.006677 19.049156 26.230661 -55.549782 21.517815 -15.506342 -159.380664 -75.280760 170.432085 44.994680 14.358474 -37.941046 -3.388128 7.074060 12.848335 -5.619363 -6.701059 -4.063391 -1.322827 2.499100 -5.954943 0.000465 0.001049 -0.000340 5.910766 1.728839 0.679764 -41.646707 8.541308 6.718639 -20.640495 -2.760607 1.034170 -0.042080 -3.865202 1.314011 0.001420 -0.000370 0.000750 4.571773 -0.255800 2.322148 -42.729938 11.749560 3.834573 -21.481983 -2.619700 1.967232 3.240002 -1.673894 0.282561 -0.000525 0.000247 0.000274 6.713120 -0.404609 -12.567217 -39.951573 20.158543 15.787287 -24.358872 -0.049167 -0.210801 -16.937546 -0.342685 -4.868753 0.000588 0.000731 0.000303 6.230542 1.144416 -9.956066 -39.684970 13.953092 12.394789 -25.271089 -0.475226 0.802258 -7.848962 2.282594 -5.171063 0.000535 0.000331 0.000587 -7.093371 6.914870 23.698008 58.675900 -7.109969 12.503893 61.452842 79.159676 56.378426 -8.597591 6.986262 4.066129 12.836918 -8.375228 16.933623 2.610883 8.423382 -6.895729 0.432724 -3.043610 -0.730232 -0.000058 0.002002 0.000120 2.335860 -0.336187 3.143577 26.848122 -8.800996 8.583467 11.505917 1.215063 1.195514 -2.131888 4.305893 -1.739242 0.000088 0.000028 -0.000218 0.555701 -0.078406 5.329689 30.448077 -8.834556 6.564018 16.135634 -0.206428 0.704231 -3.376993 3.323402 3.604988 -0.000450 -0.000021 0.000388 -4.302270 -0.852443 -9.114109 32.920798 -14.416954 18.683708 19.129493 -0.940831 0.962327 16.541680 1.013119 -4.839364 0.000783 -0.002529 -0.001246 -5.342472 -1.652227 -2.796188 35.359566 -10.470467 15.307847 22.242880 1.589649 0.838253 8.802460 -0.939958 -5.819327 -0.001773 -0.000515 0.000625 0.883806 -6.032718 -17.728623 4.271782 -3.124780 53.946901 1.572434 0.749329 -3.852118 0.418904 -0.416904 -5.155933 0.002009 0.000473 0.999665 -1.181435 -11.788028 1.644299 2.436937 -5.995607 12.972863 4.463063 -9.149602 -4.105107 0.507392 2.164103 -0.750946 -0.000577 0.000088 1.003507
168.796127 102.156189 -78.154648 178.710240 -45.169377 -171.993562 -3.161894 4.097068 11.776760 7.155861 3.326367 -5.488369 -5.708205 4.864800 3.706209 -2.204418 4.453167 -2.884729 -16.771269 4.515726 -8.422076 4.227292 37.394754 -8.081751 -0.000569 -0.001090 -0.001584 -1.848778 0.344447 -2.517668 -0.238362 -3.020243 2.209321 -0.564776 -1.252241 2.177141 0.820146 20.029891 27.287851 -54.001216 26.948763 -6.708573 -143.139831 -76.612556 152.338638 37.039640 10.939420 -39.690855 -4.666593 7.037319 13.518645 -5.442090 -6.973620 -3.837712 -1.650989 0.792573 -6.842991 0.000029 0.000531 -0.001107 5.406462 2.633367 0.979236 -39.426943 8.800879 7.734037 -19.502439 -2.214802 0.936782 0.832101 -3.942967 1.815239 0.001161 -0.000306 0.000896 4.063528 0.524859 3.083464 -41.593656 12.385368 4.143271 -19.969309 -2.560933 1.933623 3.974689 -1.863607 1.274161 -0.000120 -0.000262 0.000200 6.104329 0.841418 -11.890348 -39.805308 20.489495 15.756115 -22.600278 -0.484321 -0.128232 -15.540415 -0.076621 -3.786163 0.000577 0.000044 0.000081 5.993648 2.278195 -8.950926 -40.369076 14.383969 12.311962 -23.275453 -0.514247 0.610758 -6.463902 2.342384 -4.168493 0.000286 0.000311 0.000089 -8.469017 6.979572 24.471415 56.491158 -9.354698 12.483970 71.328648 78.148135 64.796422 -8.723607 6.387682 5.545847 13.775978 -7.465563 17.636653 2.546301 9.052286 -5.840216 0.489841 -1.533123 -1.145786 -0.001160 0.002922 0.000754 2.629698 -0.365293 4.000605 25.971014 -8.920947 9.266364 10.524890 1.344843 1.253130 -2.480860 3.937896 -3.173195 0.000342 0.000017 0.000549 0.262956 0.254744 5.579482 29.644884 -8.729008 7.008262 15.130815 -0.365580 0.794692 -3.245008 3.234862 3.758934 0.000541 -0.000664 0.000208 -4.601719 -0.723569 -8.468944 32.091973 -14.258857 18.896324 18.091376 -0.577113 0.984452 15.907221 0.933945 -4.534884 0.001738 -0.006641 -0.002029 -6.233072 -1.369738 -1.851043 34.764705 -10.603061 15.209580 21.143985 1.910263 0.858139 8.174905 -0.981353 -5.029359 0.001061 -0.004157 0.000069 -2.902056 -5.801557 -19.260409 3.241494 -2.572781 43.695769 1.626592 -2.791543 -2.231024 -0.609971 0.066858 -2.920824 0.002015 0.000315 1.000372 0.365991 -12.349076 4.498735 2.666594 -5.782613 11.283481 3.278623 -8.135550 -3.153409 0.151698 1.528000 -1.133765 -0.001181 -0.000070 1.007076
169.256775 101.623001 -82.674553 -178.847077 -46.558967 -175.726080 -3.415658 4.433189 11.970027 7.011104 3.554854 -6.556942 -5.603807 5.292023 3.853312 -1.637683 3.777556 -2.771022 -15.133078 5.283162 -8.243617 4.828344 34.348641 -8.359634 -0.000662 -0.001455 -0.001473 -1.728971 0.369711 -2.122876 -0.283657 -2.881410 2.823096 -0.591166 -1.103662 2.786977 0.900110 19.765499 27.891846 -53.422948 29.259270 2.117194 -120.131882 -78.283746 126.443956 30.586262 3.677789 -31.666218 -5.038667 7.676285 14.032736 -5.361880 -7.608800 -3.836617 -1.590102 1.302943 -6.393623 -0.000364 0.000406 -0.001211 5.048295 1.815756 0.921883 -38.921624 9.261694 8.105402 -18.376996 -1.627608 0.711368 0.567153 -3.937751 2.923201 0.001113 -0.000348 0.000913 4.110891 -0.089671 3.716549 -41.175566 12.341951 3.557292 -19.224507 -1.978693 1.873715 3.961772 -1.939373 2.037190 -0.000248 -0.000582 0.000182 6.246717 0.922181 -11.872229 -38.669684 19.851536 15.621352 -21.617087 -0.472885 0.058543 -15.734141 0.015123 -3.726544 0.000763 -0.000098 0.000167 6.592500 2.027880 -8.887506 -39.651543 14.872236 12.675707 -22.600454 -0.245279 0.550850 -6.393869 2.577642 -4.291993 0.000491 0.000040 -0.000035 -8.113672 7.572519 24.619209 54.136693 -9.027491 12.896238 83.503252 77.937730 75.726792 -9.322153 8.745801 6.421035 14.604977 -7.356633 18.142392 2.136824 9.199870 -5.906703 0.446855 -1.857552 -0.854996 -0.001231 0.002993 0.000850 2.598825 1.337342 4.334991 26.010673 -8.954286 8.907335 10.737387 1.605723 1.093316 -1.829381 3.966751 -2.538262 0.000281 0.000336 0.000527 -0.090380 1.682762 5.195953 29.468480 -8.508800 6.641126 15.413904 -0.339239 0.996536 -2.426612 3.122731 3.243402 0.000526 -0.000622 0.000131 -4.893735 0.358603 -9.014472 31.472206 -13.594648 18.845882 18.535819 -0.485264 0.777370 16.771129 1.049156 -5.225065 0.001418 -0.006834 -0.002117 -6.535296 -0.064398 -2.352517 34.278504 -10.918831 14.820937 21.570351 1.845852 0.867052 8.857391 -1.054817 -6.003569 0.000845 -0.004127 0.000237 -6.541804 -4.877340 -17.495073 3.129469 -2.528976 28.149347 1.254887 -5.054930 0.837496 -1.332297 0.381297 -2.491002 0.001951 0.000465 1.000208 3.018850 -13.543293 7.637893 3.086609 -5.150576 10.894991 -0.217400 -7.534611 -3.112030 -0.027598 1.514604 -1.896533 -0.001415 0.000016 1.006815
169.583969 100.693581 -86.986176 -178.141118 -46.657015 -177.033666 -3.874676 4.265549 11.373931 6.668967 4.284195 -7.398450 -5.593391 5.243040 4.239643 -1.163656 3.324354 -2.038998 -13.832767 5.202977 -8.603241 5.290278 32.220231 -9.424591 -0.000588 -0.001128 -0.001202 -1.463827 0.344609 -1.934699 -0.248420 -2.571841 3.145445 -0.545467 -0.789523 3.113008 0.097360 18.316203 27.531746 -53.774019 28.171746 8.297760 -101.020927 -78.333677 105.312861 25.199091 -1.529900 -22.696773 -4.873692 6.387269 13.854564 -6.153726 -8.042961 -3.400010 -1.856467 1.767002 -6.552191 -0.000218 0.000633 -0.000720 4.477085 0.518884 0.615623 -35.818940 9.202370 8.113417 -16.178136 -0.478187 0.330175 0.975249 -4.117009 4.358316 0.001195 -0.000438 0.000728 3.898455 -0.590033 3.616121 -38.124455 12.071562 3.291307 -17.471589 -0.813211 1.643683 4.781571 -1.996734 3.194652 -0.000534 -0.000250 0.000154 6.115421 0.853268 -12.047932 -35.655111 19.176268 15.923459 -19.442180 -0.138342 -0.000782 -14.759659 0.037630 -3.403362 0.000719 0.000428 0.000268 6.550662 2.226010 -9.094550 -37.217500 14.852185 13.137256 -20.715251 0.147467 0.499545 -5.073208 2.812269 -4.100561 0.000517 -0.000032 0.000261 -7.364504 8.746625 23.785123 52.952290 -5.325144 13.156528 88.352574 78.607043 80.383661 -8.276889 10.067852 6.069566 15.189858 -5.427307 17.718255 3.169820 9.537657 -5.435783 0.850011 -1.832557 -1.034651 -0.000611 0.002701 0.000585 3.014772 2.979538 4.091396 24.013346 -7.941352 8.681515 9.458310 1.196944 0.807857 -2.363623 3.928155 -1.542667 0.000453 0.000359 0.000114 0.185762 2.803426 4.313219 26.893179 -8.023412 6.183270 14.227692 -0.800425 1.079834 -3.043285 2.920336 3.541334 0.000276 -0.000457 0.000373 -4.392571 1.249131 -9.995909 28.759588 -12.880278 19.023510 17.152873 -0.770869 0.390940 16.051329 0.937030 -5.047359 0.001106 -0.005234 -0.001822 -6.068286 0.543186 -3.418597 32.107269 -11.024667 14.684654 20.273910 0.949052 0.721418 7.879576 -1.398745 -5.875889 -0.000322 -0.002824 0.000490 -8.549093 -4.149335 -16.280892 2.848404 -2.767470 21.662674 2.430347 -5.560723 1.411800 -1.296938 -0.093634 -2.554032 0.001824 0.000523 0.999675 4.881339 -14.865627 9.406431 3.109795 -4.402419 12.757105 -2.996289 -5.519980 -3.593676 -0.314306 1.843780 -3.054984 -0.001123 0.000075 1.005238
169.779831 99.562981 -91.070839 -176.638898 -46.048794 -177.235092 -4.433098 3.542084 10.667651 6.136414 4.784609 -7.766241 -5.582898 5.085527 4.223588 0.018726 3.038229 -0.990571 -12.438629 4.441269 -9.682904 5.271054 29.950095 -9.803437 -0.000532 -0.000742 -0.000501 -1.296608 0.289782 -1.795803 -0.295878 -2.681072 3.517147 -0.581468 -0.913781 3.508407 -0.869020 16.402960 26.247733 -56.079769 23.936074 7.974344 -103.364261 -78.058392 107.514374 26.343619 -5.730892 -19.264935 -3.034736 4.152309 12.668458 -6.151779 -8.197951 -2.660300 -2.362631 0.916541 -7.905485 -0.000107 0.000780 -0.000339 5.021825 0.214461 -0.316534 -31.547564 8.463456 8.123280 -15.307104 -0.419638 0.024041 1.119721 -4.054052 3.890501 0.001147 -0.000395 0.000524 4.295397 -0.343205 2.963337 -34.344661 11.630813 2.877840 -16.690232 -0.808549 1.339108 4.582698 -1.812367 3.117787 -0.000652 -0.000058 0.000138 6.325168 1.284540 -12.626999 -32.717179 18.568382 16.105925 -18.749555 -0.259053 -0.269823 -14.510487 0.027637 -3.433335 0.000664 0.000711 0.000382 6.272788 2.885598 -9.935102 -34.277516 14.578501 13.184125 -19.735811 0.139006 0.329353 -4.962334 2.755625 -3.944988 0.000541 -0.000111 0.000431 -5.618084 10.369120 22.215391 52.501399 1.880071 10.949318 89.874622 80.456295 82.841884 -8.300378 8.963905 6.887064 15.674538 -3.924320 17.227601 4.209790 10.302616 -4.667940 0.758296 -0.861082 -1.550671 0.000132 0.001766 0.000021 4.299875 3.808301 4.017141 20.875769 -7.030141 8.863270 7.635652 0.455869 0.781990 -3.079050 3.421736 -1.863897 -0.000059 0.000366 -0.000388 1.157832 3.156523 3.996655 23.592938 -8.132311 5.965518 12.361479 -1.295400 1.288589 -3.908474 2.518932 3.895417 -0.000808 0.000220 0.000312 -3.400141 1.451784 -10.575134 25.507597 -12.890633 19.650196 15.283557 -0.968355 0.383027 14.882333 0.538849 -4.705286 0.000201 -0.001343 -0.001247 -5.585479 0.167452 -4.030396 29.369580 -11.159935 15.125287 18.632214 0.322195 0.714407 6.793366 -1.790349 -4.963523 -0.002958 0.000526 0.000858 -8.867381 -3.595187 -14.477922 3.263604 -3.121822 19.992255 5.030867 -3.049455 -0.307277 -0.768443 -0.608744 -2.530299 0.001807 0.000512 0.999437 5.332311 -16.503961 8.263030 3.207258 -4.388936 20.391369 -3.360032 -2.966132 -4.735233 -0.614199 2.074465 -3.416159 -0.000987 0.000108 1.001779
169.846436 98.477730 -94.909813 -175.606002 -45.308326 -177.741983 -4.761539 2.164838 10.021823 5.061212 5.502285 -7.641168 -5.544386 4.561010 4.389978 1.855985 2.142828 -0.163954 -10.935042 3.905592 -10.961730 5.522234 30.014978 -8.230058 -0.000285 -0.000394 0.000347 -1.538258 0.068488 -1.990541 -0.500836 -3.652712 3.500253 -0.787814 -1.914997 3.517919 -2.990483 13.113844 24.288788 -59.524189 15.616464 0.304748 -130.941437 -77.877017 136.477485 35.870879 -9.015187 -19.514826 -1.321788 3.381655 12.222298 -5.312155 -8.188165 -2.582033 -2.191964 0.807314 -8.593007 -0.000184 0.000882 0.000080 5.770810 -0.896433 -0.857007 -29.395426 7.403956 7.922167 -15.790090 -1.490476 0.058229 -0.202724 -3.712850 2.669174 0.000912 -0.000025 0.000068 4.991353 -1.182594 2.189566 -31.443971 10.328682 2.673861 -17.228165 -1.493765 1.045747 2.980628 -1.411217 1.963145 -0.000490 -0.000092 0.000343 7.242030 0.381988 -13.807656 -29.734910 16.702976 16.495407 -20.084061 -0.152444 -0.484217 -16.694677 -0.002060 -4.575435 0.000734 0.000765 0.000413 6.781651 2.027690 -11.598575 -30.239305 13.307588 13.679826 -21.033469 0.081473 0.336400 -7.625492 2.593045 -4.726461 0.000423 -0.000013 0.000467 -3.816467 12.333750 20.873729 52.503455 11.462503 5.760820 112.344576 82.878064 106.936506 -9.908112 10.120035 5.813722 14.867003 -4.089777 16.559890 3.918673 10.785677 -4.878742 0.545698 -0.635673 -1.678103 0.000908 0.000422 -0.000678 4.203695 4.661284 2.747226 18.594583 -6.269481 9.321858 7.402449 0.232062 0.913692 -2.056661 3.276187 -1.398718 -0.000816 0.000265 -0.000891 1.451230 3.727748 3.380436 21.127678 -8.237383 6.062356 11.512536 -0.945711 1.365529 -3.768869 2.256610 3.591599 -0.002074 0.001183 -0.000055 -2.798341 2.195603 -11.601833 22.257928 -12.334675 20.392360 14.701124 -0.759578 0.383613 15.378244 0.429622 -5.263915 -0.000972 0.003580 -0.000485 -4.894127 0.504089 -5.685831 25.700111 -10.550151 15.948861 18.388323 0.188848 0.480912 7.191567 -2.067155 -5.101994 -0.006281 0.004808 0.001147 -7.857384 -3.601775 -12.969765 3.666463 -3.732992 23.042602 7.386588 0.459397 -5.288000 -0.009004 -1.507397 -2.045661 0.001624 0.000279 0.999398 3.944758 -17.749221 3.340797 2.913920 -5.087102 35.703353 -1.907101 -2.564293 -5.319202 -0.554868 2.505143 -3.050416 -0.000900 0.000304 0.997478
169.785919 97.976151 -98.484375 -175.779182 -48.375268 -178.872802 -4.288186 0.091505 9.011539 3.824197 6.082117 -6.358327 -5.521111 3.582230 4.691933 2.685513 1.617060 0.774730 -8.820534 3.236517 -11.837269 5.904314 29.906847 -5.805121 0.000080 0.000174 0.000702 -1.612808 -0.128744 -2.213109 -0.594823 -4.324269 3.120296 -0.894028 -2.599514 3.163186 -6.246366 6.850053 20.571804 -62.297962 -1.077097 -11.923068 -169.909307 -75.105329 179.371668 41.772089 -4.189394 -23.004695 1.450813 3.263635 10.835724 -5.155869 -8.715342 -3.210852 -1.804715 1.858007 -8.233041 0.000098 0.001207 0.000664 6.895287 -2.433297 -1.340246 -29.373236 5.572414 6.671887 -15.523768 -2.909936 -0.229814 -1.327484 -3.695511 2.143042 0.001003 0.000042 -0.000129 5.339183 -2.454403 1.178880 -29.263107 8.303427 2.141789 -17.094675 -2.731547 0.561519 2.420085 -1.237702 0.676040 -0.000727 0.000347 0.000334 7.467695 -1.192844 -15.697234 -26.785131 14.611387 17.182517 -19.983992 -0.520343 -0.480917 -17.992631 -0.472821 -6.136793 0.000580 0.001176 0.000606 6.276652 -0.069778 -13.885418 -26.914973 12.060903 14.490793 -20.893422 -0.170360 0.414390 -8.684877 2.361690 -5.899680 0.000557 0.000102 0.000481 -3.191235 14.332451 18.732692 53.206696 24.476115 -3.594715 172.144762 78.187062 170.990338 -15.587488 9.919809 3.007455 12.400962 -5.101220 15.696540 3.282774 11.105896 -6.035603 0.546730 -1.419475 -1.124091 0.001427 -0.000179 -0.001053 2.739194 6.105312 1.248656 17.619696 -5.892122 8.655613 6.503372 0.014030 0.700294 -2.101016 3.396585 0.520766 -0.000906 0.000045 -0.001363 0.892356 5.187917 2.393473 19.536594 -8.259885 5.071176 10.433085 -1.035397 1.105042 -4.695714 2.053150 3.234734 -0.002591 0.001461 0.000137 -2.969481 4.141685 -13.144544 19.464508 -11.756789 20.729579 14.049098 -1.226048 0.319800 15.615460 0.612851 -6.030097 -0.001235 0.005925 -0.000216 -4.892443 2.310581 -8.395938 23.124541 -10.260851 16.314009 17.719110 -0.431521 0.284019 7.092857 -2.287338 -5.939418 -0.007530 0.006829 0.001408 -6.836724 -3.862355 -10.134241 3.545565 -5.500901 24.273229 7.475127 1.858520 -10.308919 1.446094 -2.385754 -3.759858 0.001625 0.000365 0.998957 2.207310 -18.841072 -5.387455 2.652522 -6.004744 57.059315 -0.345212 -6.532443 -3.039927 -0.297282 2.325198 -3.935995 -0.000571 0.000394 0.995812
169.602753 97.514587 -101.790855 -175.874961 -52.306108 -179.116667 -4.458697 -0.550619 8.789115 3.320915 6.038999 -5.540339 -5.139638 2.307015 4.863917 3.185545 1.167064 0.784455 -6.479257 3.015077 -12.328736 5.333579 27.687303 -4.607177 0.000452 0.000017 0.000419 -1.355809 -0.081240 -2.146924 -0.549991 -4.365753 2.645291 -0.864491 -2.645451 2.694476 -4.717990 0.149752 17.999391 -64.404685 -15.308183 -16.990929 175.048349 -73.927786 -163.500424 41.725063 -1.112177 -25.536491 2.109509 2.933999 10.905270 -5.514748 -8.672195 -3.273283 -1.801390 1.751936 -8.470311 -0.000179 0.000842 0.000571 6.462458 -2.485236 -0.780183 -27.779817 4.626983 6.381918 -14.798465 -2.918142 -0.094245 -1.130745 -3.676763 1.914300 0.000475 0.000258 -0.000338 4.786835 -2.509092 0.896944 -27.304636 8.168748 2.510327 -16.271542 -2.741430 0.422166 2.729505 -1.169943 0.394758 -0.000128 0.000077 0.000489 6.998120 -1.652260 -15.899258 -25.151489 14.462016 17.756890 -19.048551 -0.267874 -0.275194 -17.782121 -0.500627 -6.365541 0.000585 0.000764 0.000110 5.800074 -0.559132 -13.941034 -25.551274 11.821387 14.968835 -19.833986 -0.117553 0.574651 -8.493963 2.396830 -5.987041 0.000030 0.000372 -0.000008 -4.794337 15.778495 16.166336 54.757518 35.827402 -11.812498 -175.565225 70.061193 -172.579131 -21.305404 9.334410 -0.954272 10.922757 -5.246598 14.997558 2.800034 11.264914 -6.274718 0.531218 -1.280952 -1.168883 0.001022 -0.000161 -0.000907 2.133906 6.162424 0.524383 16.961225 -5.276195 8.447249 6.058780 0.058997 0.709009 -2.368061 3.429768 0.666215 -0.000627 -0.000405 -0.000938 1.030794 5.682631 1.972696 18.354257 -7.924804 4.685968 10.043661 -0.949311 0.845645 -5.290782 2.028956 3.099325 -0.001923 0.001280 -0.000202 -2.915173 5.102256 -14.187674 18.499504 -11.489725 20.642079 13.616072 -1.444029 0.339590 15.437953 0.623485 -6.094847 -0.000882 0.005380 -0.000301 -5.091577 3.318590 -10.325300 22.327331 -9.969677 16.281494 17.385883 -0.632508 0.140086 6.790371 -2.358693 -5.827743 -0.006858 0.006121 0.000823 -4.695931 -3.254617 -8.392472 2.312785 -6.408833 25.315722 5.634664 3.334230 -13.532655 2.470835 -3.083816 -4.402602 0.001395 -0.000132 0.999503 2.214518 -16.648060 -11.992923 2.180574 -5.874120 64.763757 0.587618 -10.369767 -3.959040 -0.649356 2.299037 -3.781339 -0.000791 0.000526 0.996809
169.303833 97.619133 -104.840599 -174.898857 -56.499605 178.997273 -4.933504 -1.015260 8.991519 2.884203 5.783476 -5.116534 -4.367900 1.078816 5.379439 3.494766 0.505905 1.161489 -5.023218 2.649206 -12.620877 4.794977 26.094625 -4.223711 0.000648 -0.000088 0.000200 -1.115521 0.026881 -2.301066 -0.531751 -4.273518 3.296792 -0.826753 -2.546202 3.345770 -2.080527 -5.506033 15.456041 -64.043863 -27.201612 -20.037648 168.439098 -70.474426 -156.282661 39.997470 -3.213167 -23.343506 2.896340 0.482063 10.699946 -6.877198 -9.962266 -1.643226 -2.570689 -0.945948 -11.128803 -0.000392 0.000596 0.000562 5.279034 -2.956394 -0.140329 -18.142181 2.991235 6.673863 -10.788049 -1.353296 -0.857810 0.086038 -3.962475 2.965839 0.000128 0.000307 -0.000460 4.013522 -2.800699 0.468673 -18.781466 8.469211 3.587477 -11.855513 -1.104084 -0.263354 4.167063 -1.272886 2.283221 0.000200 -0.000113 0.000636 6.319190 -1.830015 -16.490704 -18.354733 13.620744 19.306930 -14.299990 0.512284 -0.283558 -15.150032 0.119300 -4.862471 0.000708 0.000569 -0.000206 6.072402 -0.434981 -14.218742 -20.882301 11.756195 15.361761 -14.969163 1.009168 0.446162 -5.440990 2.814875 -4.097238 -0.000262 0.000550 -0.000113 -6.961409 16.110776 13.652610 57.426758 45.922484 -17.414910 -172.864290 62.130264 -166.430985 -25.370900 9.535764 -3.768106 9.461143 -2.666120 14.013499 4.206762 12.453872 -4.779376 0.912039 0.839466 -2.309931 0.000807 -0.000113 -0.000766 3.270022 6.270465 0.449448 11.141609 -4.123331 8.552867 3.376950 0.022539 0.100784 -2.926421 3.096118 -1.462864 -0.000290 -0.000574 -0.000676 2.468826 6.191120 1.168377 12.471078 -7.897351 4.819328 7.481818 -0.922341 0.198546 -5.952584 1.907538 3.441729 -0.001226 0.001138 -0.000350 -1.502095 5.692150 -15.472831 13.606806 -10.584518 20.819122 10.660377 -1.144852 0.130694 13.967912 0.519353 -5.509528 -0.000649 0.005171 -0.000317 -4.366730 4.137466 -12.187276 18.800842 -9.868394 15.968993 13.749976 -0.708674 -0.023005 4.937268 -2.344855 -4.181679 -0.006492 0.005623 0.000400 -2.495949 -3.544088 -6.120785 2.243027 -6.922046 25.329282 3.316541 2.762043 -13.972257 3.062545 -3.367940 -4.777951 0.001281 -0.000436 0.999675 2.290071 -14.027309 -16.657095 2.019833 -5.467903 63.950728 1.124700 -11.283301 -7.355716 -1.034272 2.317498 -2.920897 -0.000997 0.000665 0.997448
168.896103 97.896828 -107.644943 -173.099292 -60.308931 176.468054 -5.578752 -1.113453 9.897848 2.668816 5.291745 -5.091637 -3.349185 -0.255727 5.553658 4.200294 -0.314463 1.231076 -3.649599 2.514049 -12.252859 3.885843 23.894012 -3.423117 0.000656 -0.000125 -0.000102 -0.803014 0.165140 -2.357079 -0.542553 -4.359729 3.730619 -0.823726 -2.623468 3.774230 1.658441 -10.295672 12.771904 -61.541159 -38.055165 -22.353452 164.014051 -68.060732 -151.697834 38.407803 -2.909970 -23.946001 4.113059 -1.198829 10.119313 -7.809381 -10.760418 -0.481032 -2.889624 -2.985332 -12.985845 -0.000421 0.000348 0.000451 4.668568 -2.917436 0.571807 -13.037159 1.947395 6.589954 -9.484204 -0.322640 -1.238246 0.883666 -3.996458 2.808100 -0.000137 0.000375 -0.000519 3.531739 -2.545536 0.239606 -14.602141 8.644243 4.236712 -10.055753 -0.441720 -0.453780 4.568267 -1.297593 3.082225 0.000491 -0.000222 0.000654 5.766835 -1.556963 -16.634733 -15.394448 13.184779 19.845893 -12.437756 0.890273 -0.003417 -13.637335 0.497764 -3.691942 0.000671 0.000239 -0.000361 6.237074 -0.216276 -14.040074 -18.817305 12.023129 15.469144 -12.742057 1.228435 0.546204 -3.775874 2.943793 -2.886932 -0.000475 0.000595 -0.000151 -8.762232 16.024818 11.682889 59.132521 54.399215 -21.785657 -173.542476 53.968001 -164.696847 -28.947626 9.708473 -10.806005 8.245092 -0.331683 12.053629 5.742206 12.691960 -3.508425 1.193185 1.592009 -3.093694 0.000411 0.000065 -0.000564 4.676821 5.548338 0.417089 9.812405 -3.532782 8.602974 3.202484 0.176483 -0.182483 -2.889422 2.874864 -4.382518 -0.000045 -0.000593 -0.000330 4.241475 5.884861 1.058332 11.158035 -7.659634 4.715677 7.871390 -0.410188 -0.401450 -5.357264 2.216101 3.602926 -0.000511 0.000929 -0.000363 0.319970 5.504921 -15.935113 13.311520 -10.576237 20.338374 10.479442 -0.558928 -0.148344 13.589950 0.609010 -5.150425 -0.000134 0.004512 -0.000529 -2.874688 4.425885 -12.742866 19.056427 -9.714089 15.157053 12.944333 -0.023335 -0.282500 4.713104 -1.903531 -3.266690 -0.005653 0.004744 -0.000028 -0.129307 -3.538529 -3.593194 2.344779 -7.252246 23.702522 1.184206 1.851873 -13.987232 3.073784 -3.350414 -5.002254 0.001229 -0.000618 0.999917 2.736758 -10.889960 -20.339844 2.252292 -4.969621 59.425959 0.960214 -11.479401 -9.079407 -1.250711 1.952771 -1.734222 -0.001191 0.000608 0.998494
168.386505 98.068008 -110.215210 -170.436154 -63.470194 174.021400 -6.091848 -0.928867 10.881812 2.681837 4.823216 -4.970291 -2.553118 -1.320633 5.597638 4.808913 -0.833400 1.211343 -2.494208 2.878017 -11.546960 2.910494 21.590415 -3.313012 0.000495 0.000007 -0.000310 -0.765368 0.251730 -2.369939 -0.491802 -4.286665 3.680592 -0.773457 -2.541528 3.721008 5.319087 -14.204362 10.041881 -58.431708 -47.040059 -24.620128 158.884240 -66.934369 -146.107478 36.786680 -2.176488 -23.661078 5.162893 -2.674418 9.770922 -8.669915 -11.556384 0.899532 -3.045455 -4.991940 -14.612840 -0.000249 0.000221 0.000399 3.693328 -2.833329 1.278376 -7.668467 0.897332 6.591546 -7.877636 1.190270 -1.592523 1.850011 -4.043083 3.158064 -0.000175 0.000343 -0.000378 2.881159 -2.597981 0.236246 -10.250239 8.756489 4.960760 -7.907086 0.809160 -0.562374 5.073608 -1.382454 4.371712 0.000412 -0.000102 0.000473 5.101964 -1.516448 -16.657704 -12.019748 12.480113 20.402518 -10.390064 1.528437 0.224966 -11.894057 0.884017 -2.293794 0.000515 0.000116 -0.000218 6.482713 -0.406429 -13.640353 -16.350310 12.227008 15.606843 -10.563539 1.680549 0.588761 -1.804499 3.076882 -1.465231 -0.000361 0.000454 -0.000008 -9.962299 16.057338 10.258036 61.229522 59.386480 -23.740333 -175.246916 48.234266 -165.471987 -30.955598 10.151590 -16.085378 7.173910 1.532756 10.418952 6.981082 12.541480 -2.163117 1.374225 1.958621 -3.749883 0.000186 0.000260 -0.000401 5.797232 4.465496 0.533116 8.770254 -3.258402 8.700486 3.690316 0.216400 -0.269316 -2.519892 2.742065 -7.254791 0.000069 -0.000430 -0.000219 5.639601 5.094855 1.354163 10.361988 -7.614995 4.766190 8.799688 0.194120 -0.823285 -4.400783 2.551891 3.890775 -0.000128 0.000708 -0.000156 1.755009 4.626991 -16.042598 13.587575 -10.570748 19.972231 10.792992 -0.122993 -0.439800 13.429906 0.696211 -4.628396 0.000384 0.003823 -0.000769 -1.708943 4.024943 -12.508649 19.910624 -9.555821 14.451274 12.684229 0.689608 -0.452148 4.728609 -1.410788 -2.286105 -0.004931 0.004003 -0.000132 1.713103 -3.557402 -2.657109 3.103863 -7.166240 22.891546 0.067561 0.935588 -13.946793 3.120058 -3.397479 -4.541135 0.001233 -0.000491 0.999920 2.739681 -8.085320 -21.994298 2.525675 -4.007707 51.633719 0.671613 -10.614985 -10.614257 -1.466794 1.668535 -0.773425 -0.001240 0.000406 0.999327
167.782013 98.425713 -112.562706 -168.662891 -66.269685 172.339161 -6.348806 -0.922225 11.547997 2.521396 4.576104 -4.932423 -1.985289 -2.153340 5.769247 5.248648 -1.394170 1.163070 -1.625350 3.105454 -11.371989 2.410486 20.557675 -3.132101 0.000390 0.000006 -0.000356 -0.758388 0.245903 -2.470092 -0.508669 -4.453954 3.649732 -0.791060 -2.706148 3.693855 7.940624 -17.115473 7.510425 -54.885534 -52.691532 -27.048588 154.450499 -66.275913 -141.273840 34.805526 -1.638133 -24.087592 5.714977 -4.241901 9.121385 -9.349279 -12.455026 2.059156 -3.153609 -6.815706 -15.892163 -0.000213 0.000059 0.000283 2.799049 -3.111360 1.623601 -4.101830 0.025655 6.437573 -6.575135 2.210817 -1.854541 2.792214 -4.109189 3.294300 -0.000240 0.000334 -0.000259 2.077568 -2.941302 0.111264 -7.369724 8.657188 5.471899 -6.228194 1.630696 -0.528304 5.684243 -1.480399 5.285374 0.000390 -0.000092 0.000352 4.102703 -1.669937 -16.679145 -9.855520 11.818874 20.679543 -8.672253 1.789414 0.434859 -10.208779 1.060897 -1.086144 0.000421 -0.000051 -0.000176 6.184679 -0.678622 -13.576230 -14.791504 12.251153 15.826114 -8.713389 1.944896 0.652378 -0.004706 3.017200 -0.253223 -0.000282 0.000356 0.000021 -10.700327 16.130044 9.373128 62.902646 62.176991 -24.169130 -175.897282 45.545373 -165.397857 -30.273391 10.319280 -18.923883 6.262606 3.247248 9.015714 8.032695 12.740809 -1.054364 1.456413 2.584195 -4.325535 0.000013 0.000231 -0.000352 6.651900 4.104523 0.616908 7.819217 -3.013178 8.845086 3.718602 0.087190 -0.333017 -2.503027 2.529695 -9.611007 0.000064 -0.000327 -0.000125 6.571752 4.793172 1.417719 9.767214 -7.559352 4.916928 9.109684 0.443761 -1.061775 -3.920738 2.777924 4.162856 0.000022 0.000672 -0.000103 2.822372 4.187598 -16.224397 13.647892 -10.530277 19.984223 10.729150 0.013644 -0.624223 12.982373 0.750900 -4.092438 0.000563 0.003944 -0.000880 -0.847070 3.774508 -12.408130 20.335548 -9.421089 14.199900 12.183236 1.019745 -0.535146 4.494880 -1.051514 -1.321376 -0.004802 0.004001 -0.000190 2.900834 -2.993240 -0.957940 3.501419 -6.802556 20.164969 -0.600361 -0.120501 -12.685650 3.091110 -3.383427 -4.296957 0.001168 -0.000417 0.999997 2.645315 -6.374550 -21.869406 2.989401 -3.051101 42.847936 0.453190 -8.960705 -10.478508 -1.726912 1.584483 -0.360094 -0.001290 0.000262 0.999413
167.089584 98.708054 -114.698669 -167.217695 -68.757073 171.206736 -6.430244 -1.048054 12.026910 2.318878 4.506953 -5.158759 -1.584882 -2.843885 5.875203 5.323912 -1.608961 0.949192 -0.737434 3.107419 -11.317411 2.277754 19.563911 -2.281005 0.000297 -0.000001 -0.000350 -0.674494 0.200874 -2.538530 -0.508437 -4.515138 3.672058 -0.790253 -2.768274 3.720413 9.311066 -19.293388 5.888794 -52.313151 -56.249330 -28.658805 150.860618 -65.892682 -137.390558 33.293117 -1.806646 -24.393428 5.691416 -5.708013 8.599851 -9.847868 -13.182671 3.060491 -3.290198 -8.477439 -16.929580 -0.000245 -0.000089 0.000179 1.925875 -3.520380 1.770650 -1.333141 -0.705887 6.244028 -5.318898 3.176743 -2.097586 3.621030 -4.208374 3.508634 -0.000337 0.000332 -0.000212 1.287582 -3.357983 0.005496 -5.087062 8.500920 5.868696 -4.672549 2.305078 -0.549700 6.286409 -1.666312 6.153523 0.000468 -0.000149 0.000280 3.065879 -1.917611 -16.729464 -8.012537 11.275218 20.914990 -7.054359 2.024756 0.611319 -8.693003 1.165876 0.052963 0.000334 -0.000219 -0.000200 5.647642 -0.913020 -13.549832 -13.312824 12.165869 16.012225 -6.928644 2.324467 0.738108 1.617029 2.896279 0.910981 -0.000296 0.000290 0.000071 -10.736132 16.127921 9.179579 65.685079 62.604191 -23.056852 -176.089549 44.506233 -164.583059 -29.885180 10.423676 -19.553015 5.782237 4.354517 8.148618 8.675764 13.145943 -0.154479 1.385661 3.434647 -4.804611 -0.000118 0.000085 -0.000377 7.377090 4.011329 0.636796 6.753860 -2.745504 9.169082 3.446988 0.000492 -0.350354 -2.590310 2.283711 -11.604746 -0.000037 -0.000249 -0.000031 7.222161 4.696907 1.326243 8.896785 -7.377469 5.278334 9.051421 0.703821 -1.156378 -3.695816 2.910895 4.371466 0.000095 0.000729 -0.000151 3.542332 3.981946 -16.444217 13.259634 -10.368241 20.213975 10.428739 0.179255 -0.718990 12.448153 0.756861 -3.655935 0.000617 0.004425 -0.000894 -0.465075 3.550949 -12.396585 20.291747 -9.176462 14.075370 11.502524 1.164285 -0.540564 4.098992 -0.791756 -0.381877 -0.004948 0.004309 -0.000276 3.583215 -2.452640 0.524510 3.782816 -6.287156 17.480981 -1.200095 -0.208529 -10.782678 3.045837 -3.464312 -4.375740 0.001086 -0.000431 1.000103 2.741905 -4.725345 -21.565646 3.248794 -2.009596 36.653950 -0.121869 -7.362083 -9.760231 -1.977676 1.656599 -0.254423 -0.001342 0.000139 0.999196
166.316238 98.858215 -116.634346 -163.846236 -71.269160 167.894442 -6.421126 -1.369650 12.191442 2.059993 4.369199 -5.302053 -1.171984 -3.372504 5.798130 5.165824 -1.744360 0.864264 -0.096312 2.808058 -11.534040 2.467305 19.408230 -1.460596 0.000235 -0.000014 -0.000411 -0.637330 0.151657 -2.608987 -0.525667 -4.605491 3.554638 -0.811204 -2.858393 3.604105 9.891658 -20.411867 5.247868 -52.834967 -58.157863 -27.754982 151.897184 -65.476100 -138.594084 32.100349 -2.011258 -24.516914 6.037835 -7.066447 8.031921 -10.385550 -13.687139 3.906050 -3.281287 -10.269070 -18.190754 -0.000285 -0.000265 0.000112 1.520753 -3.448083 1.879743 1.082165 -1.419783 5.901362 -4.271372 3.671459 -2.347228 4.368133 -4.294797 3.196119 -0.000465 0.000290 -0.000213 0.687016 -3.186189 -0.100150 -2.898365 8.162375 6.223469 -3.417555 2.479499 -0.630487 6.739446 -1.869320 6.583130 0.000526 -0.000179 0.000188 2.217270 -1.645592 -16.744438 -6.446242 10.885053 21.054023 -5.598117 1.854592 0.661269 -7.395896 1.137701 1.023713 0.000231 -0.000328 -0.000247 5.060679 -0.534089 -13.598101 -11.999698 12.045482 16.136605 -5.176998 2.451691 0.746064 2.909784 2.575632 1.933396 -0.000384 0.000261 0.000142 -10.370813 16.103854 9.230794 68.288779 61.612417 -20.088659 -176.124461 45.394873 -164.151919 -28.143621 10.473617 -16.932654 5.070124 5.755717 7.455740 9.719905 13.913393 0.943607 1.235504 4.858636 -5.386345 -0.000234 0.000093 -0.000366 8.023755 4.218226 0.780035 4.732249 -2.154990 9.306444 2.232292 -0.184512 -0.557249 -2.964734 1.857012 -13.795220 -0.000035 -0.000242 0.000070 7.572646 4.938300 1.069945 7.001252 -7.233676 5.589817 7.995735 0.705774 -1.248183 -3.771682 2.919874 4.528711 0.000255 0.000694 -0.000188 4.005544 4.088595 -16.657737 11.494526 -10.205129 20.631589 9.253587 0.448099 -0.751026 11.605215 0.795094 -3.234655 0.000763 0.004336 -0.000937 -0.548727 3.334571 -12.388000 19.010646 -9.110369 14.164587 9.845272 1.314469 -0.544455 3.399772 -0.515362 0.622192 -0.004762 0.004102 -0.000379 4.201763 -2.173903 1.576249 4.295002 -6.433204 16.310618 -1.791093 -0.431857 -9.884225 3.247182 -3.497913 -5.207229 0.001025 -0.000479 1.000145 3.149929 -3.771618 -22.592262 3.377440 -1.616170 36.040564 -0.835939 -6.621922 -9.624955 -2.211984 1.557893 -0.516077 -0.001436 0.000002 0.999394
165.469009 99.293907 -118.380859 -157.534889 -73.980641 160.478180 -6.477683 -1.915366 11.990757 1.844990 4.392566 -5.503523 -0.763771 -3.872069 5.893340 5.430218 -1.885144 0.742190 0.647442 2.299949 -12.067782 1.999513 20.412445 -1.709754 0.000161 -0.000091 -0.000474 -0.650892 0.035590 -2.569409 -0.563930 -4.927183 3.839552 -0.840973 -3.178912 3.886798 9.419735 -21.078710 5.150552 -54.977796 -58.893562 -25.357623 155.749840 -64.668718 -143.055325 28.700690 -3.356064 -23.684156 6.544511 -8.497432 6.950582 -11.306679 -14.108100 4.687629 -3.271509 -12.177500 -19.417084 -0.000437 -0.000472 -0.000010 1.419961 -3.827691 1.512124 2.423807 -2.075190 5.417801 -3.632177 3.674847 -2.897807 4.949097 -4.080533 2.005718 -0.000642 0.000177 -0.000285 0.190082 -3.114399 -0.448018 -1.361685 7.583199 6.217053 -2.703527 2.094958 -0.939808 6.862324 -1.933436 6.325168 0.000614 -0.000318 0.000136 1.226136 -1.447701 -16.825971 -5.218190 10.239473 21.452897 -4.555561 1.194938 0.761667 -6.533340 1.046242 1.790904 0.000210 -0.000521 -0.000291 4.021912 -0.287660 -13.623261 -10.512612 11.578532 16.521353 -3.509487 2.426911 0.846362 3.513138 2.155213 2.861298 -0.000483 0.000102 0.000132 -9.767675 15.318212 9.507070 69.662330 59.667344 -17.562362 -175.419800 49.161629 -163.391645 -26.534348 9.576216 -13.229047 3.910378 7.508044 6.702731 10.961238 15.025661 2.023546 1.027860 7.025857 -6.095989 -0.000380 0.000168 -0.000349 8.512307 5.044296 1.138826 2.597777 -1.317795 9.367791 0.217586 -0.039881 -1.153614 -3.635102 1.013254 -16.650104 -0.000175 -0.000159 0.000168 7.673901 5.768405 0.597237 4.671734 -6.768036 6.045405 5.929970 1.037459 -1.398349 -4.225870 2.729665 4.365658 0.000316 0.000702 -0.000322 4.350665 4.835287 -16.965562 9.028775 -9.851451 21.523815 7.326075 1.258623 -0.805587 10.430156 0.945835 -3.139479 0.000776 0.004070 -0.000981 -0.809521 3.457785 -12.898722 16.697484 -8.936497 14.622253 7.428946 1.898337 -0.409552 2.694308 -0.211208 1.579885 -0.004526 0.003676 -0.000452 5.023113 -1.588680 2.497208 4.799451 -7.161330 16.689519 -2.319145 -0.584973 -8.544771 3.724422 -3.680883 -6.827704 0.000894 -0.000547 1.000195 4.605267 -2.412711 -23.489912 4.011023 -1.542310 37.630906 -2.485310 -5.496362 -8.815652 -2.563540 1.708618 -0.714046 -0.001632 -0.000085 0.999788
164.554916 99.185638 -119.949318 -151.688351 -76.417751 154.090291 -6.478816 -2.280999 11.834922 1.655255 4.441104 -5.473110 -0.748926 -4.039672 5.669393 4.921036 -1.825484 0.926992 0.892981 1.742843 -11.784750 1.983082 19.298366 -1.934378 0.000022 -0.000096 -0.000533 -0.500213 0.051089 -2.598936 -0.538082 -4.775912 3.958010 -0.811364 -3.025916 4.001261 8.473599 -20.904826 5.927628 -56.718807 -58.588846 -23.066012 158.424346 -64.898390 -146.462608 27.437552 -4.367492 -22.789790 6.848963 -9.096295 6.439847 -11.497664 -14.048366 5.045866 -3.228750 -13.172697 -20.005546 -0.000445 -0.000555 -0.000122 1.615122 -3.588381 1.260014 3.115826 -2.374079 5.189568 -3.471811 3.625981 -3.155395 5.292684 -4.038212 1.296792 -0.000677 0.000161 -0.000299 0.170818 -2.669181 -0.540310 -0.679501 7.314741 6.183120 -2.540981 1.850606 -1.123646 6.856698 -2.012601 6.190715 0.000626 -0.000386 0.000066 1.023345 -1.041454 -16.745839 -4.883461 10.203301 21.550658 -4.267113 0.876239 0.682815 -6.072177 0.941995 2.261525 0.000157 -0.000607 -0.000248 3.712779 0.203850 -13.564343 -10.107895 11.537355 16.646744 -2.905270 2.370128 0.820512 3.791124 1.838019 3.378423 -0.000509 -0.000006 0.000202 -9.193500 14.888776 10.127849 70.634755 57.342326 -16.428035 -175.679188 51.083987 -164.159316 -25.693695 9.485954 -12.162947 3.361119 8.248165 6.185920 11.772345 15.391595 2.680257 0.998947 8.149758 -6.484823 -0.000519 0.000281 -0.000287 8.963308 4.843854 1.202087 1.719329 -1.001301 9.268721 -0.588906 0.109856 -1.429568 -3.898742 0.636888 -18.347049 -0.000306 -0.000056 0.000275 8.029417 5.646511 0.343656 3.667842 -6.646269 6.152498 5.219960 1.272895 -1.520704 -4.194053 2.707095 4.253306 0.000386 0.000655 -0.000349 4.719023 4.693156 -16.979699 8.319774 -9.864263 21.812815 6.625324 1.715310 -0.973340 9.950101 1.059851 -3.071303 0.000860 0.003705 -0.001067 -0.638130 3.173014 -12.842875 16.035882 -8.958102 14.716799 6.343658 2.232704 -0.398823 2.512824 0.062988 2.066666 -0.004261 0.003328 -0.000519 5.306216 -1.733711 2.970361 4.886277 -7.472688 17.188937 -2.739340 -0.608327 -8.756917 3.998393 -3.692647 -7.924759 0.000942 -0.000532 1.000264 5.380225 -1.871869 -25.646541 4.035651 -1.848014 42.248192 -3.037226 -4.999000 -9.139213 -2.632491 1.715144 -0.872248 -0.001755 -0.000174 1.000114
163.581055 98.797577 -121.350792 -147.173639 -79.050018 149.800817 -6.603002 -3.016562 11.619376 1.250934 4.513708 -5.829506 -0.778543 -4.315378 5.600776 4.349148 -1.356344 1.020553 0.693929 0.905370 -12.118666 1.908287 17.916007 -3.083943 0.000072 0.000052 -0.000493 -0.530492 0.059347 -2.731100 -0.455000 -4.568844 3.639981 -0.737680 -2.822844 3.678027 8.232815 -19.911051 7.330176 -62.058462 -57.466237 -18.200408 163.358237 -63.798799 -151.888287 26.925802 -6.422547 -19.741266 6.742069 -10.026652 5.810702 -11.448677 -13.723445 5.775145 -2.717066 -14.702870 -21.210489 -0.000406 -0.000589 -0.000023 1.472078 -3.022015 1.236769 4.036418 -2.322891 5.093365 -4.287110 3.388211 -3.371800 5.643789 -3.509523 -0.606214 -0.000784 0.000229 -0.000395 0.158656 -1.967089 -0.507180 0.136937 7.526191 6.300306 -3.384826 1.416552 -1.202460 6.231815 -1.820817 5.416705 0.000707 -0.000325 0.000061 1.133077 -0.131654 -16.536828 -4.877472 10.751319 21.531630 -5.505781 0.463345 0.657454 -6.050519 1.034390 2.739035 0.000087 -0.000589 -0.000274 4.087014 1.320096 -12.974887 -10.235432 11.807785 16.330249 -3.656265 2.147716 0.746202 3.176616 1.616867 3.965184 -0.000628 0.000001 0.000158 -8.688481 13.741221 11.352724 71.940448 54.738039 -14.792920 -176.977600 53.105585 -166.579774 -25.197901 9.528572 -10.248938 3.026299 9.063329 5.424551 12.668292 15.574690 3.712702 0.626051 9.757408 -7.177499 -0.000423 0.000213 -0.000368 10.006927 3.451110 1.362874 1.206306 -0.822191 9.136687 -0.871356 0.413493 -1.624653 -4.052369 0.075366 -21.143987 -0.000369 -0.000103 0.000214 8.861302 4.388996 0.357047 3.324397 -6.644469 6.274932 5.014651 1.565108 -1.555319 -3.841718 2.740489 4.361737 0.000401 0.000699 -0.000368 5.477374 3.356114 -16.603543 8.338391 -10.401913 22.015681 6.586365 2.440966 -1.170146 9.391820 1.122763 -2.659862 0.000858 0.003928 -0.000984 -0.378622 1.526231 -11.908734 16.295608 -8.966171 14.575464 5.889178 3.022819 -0.460847 2.648244 0.422775 3.099452 -0.004482 0.003524 -0.000580 5.760832 -1.021089 3.192216 4.328702 -7.260838 17.061911 -3.579868 -0.342101 -8.703148 4.345683 -3.855438 -9.113159 0.001001 -0.000616 1.000276 5.932254 -2.054840 -28.500973 3.666046 -2.731508 50.427252 -3.096900 -4.531820 -11.211633 -3.071153 1.764225 -1.182281 -0.001842 -0.000193 0.999926
162.554474 97.992119 -122.596214 -138.289367 -82.618513 141.425826 -6.683020 -3.269425 11.766890 0.832307 4.590349 -5.678024 -0.930272 -4.585300 5.746277 4.040705 -1.594674 -0.027541 0.961183 1.118188 -13.077533 2.261530 17.508324 -2.768831 0.000058 0.000257 -0.000611 -0.389784 0.082661 -2.619111 -0.418607 -4.384558 3.403708 -0.708278 -2.636226 3.435951 6.777433 -19.815367 7.898901 -62.484219 -55.258216 -19.090501 160.341350 -64.316663 -147.380869 25.872878 -5.448295 -21.393291 6.853875 -9.641546 6.085694 -11.548264 -13.479851 5.980604 -2.887008 -14.975409 -21.426785 -0.000285 -0.000811 -0.000068 1.302739 -1.924085 1.103627 4.900064 -2.392793 4.976905 -3.868814 3.030117 -3.340833 5.744214 -3.628374 -0.689885 -0.000992 0.000408 -0.000373 -0.228713 -1.057659 -0.326464 0.745973 7.515921 6.256556 -2.509663 1.123233 -1.485316 6.311040 -1.923712 5.455505 0.000844 -0.000239 -0.000153 1.024351 0.784511 -16.516005 -4.754060 10.960155 21.188014 -4.801859 0.215819 0.532475 -5.723443 0.922074 2.770830 -0.000218 -0.000773 -0.000257 3.669029 2.242893 -12.866837 -10.088216 11.736652 16.250864 -2.973007 1.828324 0.576741 3.442742 1.505034 3.946584 -0.000767 -0.000048 0.000041 -8.097283 12.607086 11.579694 73.450001 53.693937 -16.257190 -176.230436 50.465573 -164.225586 -22.659106 10.150919 -7.771576 4.131681 8.604347 6.013709 13.344790 15.373507 4.305836 0.863886 9.679303 -7.118301 -0.000544 0.000323 -0.000344 10.856231 2.924160 1.540309 1.072708 -0.832404 8.857507 -0.883330 0.120396 -1.345808 -3.766405 -0.001055 -21.555773 -0.000605 -0.000165 0.000320 9.478229 3.910848 0.461288 3.057671 -6.798106 6.206741 5.115600 1.426135 -1.556772 -3.622659 2.714422 4.361856 0.000339 0.000546 -0.000417 5.762541 2.788483 -16.214523 8.241346 -10.383383 21.910644 6.679785 2.402945 -1.156020 9.531623 0.983676 -2.655526 0.001294 0.003213 -0.001180 -0.329381 0.898518 -10.950982 16.327718 -8.849279 14.194419 5.853094 3.032500 -0.585782 2.688198 0.355586 3.321821 -0.003918 0.002935 -0.000723 5.727458 -1.422852 3.148238 4.159320 -7.531586 17.018516 -4.428782 -1.230041 -10.983498 4.704803 -3.938233 -9.240925 0.001093 -0.000673 1.000541 6.442586 -2.815128 -31.636673 3.683005 -3.277052 58.218615 -3.230434 -4.320328 -11.167433 -2.752265 1.556266 -0.418731 -0.001971 -0.000422 1.000640
161.482315 97.231163 -123.696518 -111.765973 -85.613593 114.896485 -6.440888 -3.127023 12.150869 0.286457 4.493967 -5.632016 -1.228557 -4.899596 6.153709 3.612337 -0.944663 -1.154421 0.921875 0.729368 -14.004084 2.124305 16.926308 -1.962756 -0.000050 0.000403 -0.000713 -0.207357 0.153980 -2.440471 -0.290228 -4.045768 2.731185 -0.600211 -2.296069 2.758574 5.266798 -19.928497 8.470061 -61.920989 -52.073846 -20.298956 157.351816 -65.213005 -143.344755 26.474790 -3.843749 -24.237780 6.113107 -8.455293 7.128312 -11.153365 -13.161062 5.159998 -3.179506 -14.064861 -20.583875 -0.000114 -0.000840 -0.000129 1.703840 -1.162035 1.130275 3.640453 -2.364704 4.970926 -4.153489 2.433231 -3.030071 5.518462 -3.712311 -0.456070 -0.000937 0.000320 -0.000265 -0.052775 -0.512524 -0.085191 -0.622976 7.488726 6.189822 -2.730153 0.594218 -1.468900 6.474449 -1.884143 5.115309 0.000768 -0.000105 -0.000342 1.349769 1.151902 -16.148260 -6.311447 11.411795 20.973996 -5.110876 0.007356 0.517297 -6.190782 0.858641 1.989138 -0.000415 -0.000737 -0.000142 3.501787 2.527802 -12.744835 -11.613835 11.993395 16.245762 -3.418175 1.556707 0.586730 3.072736 1.647908 3.233211 -0.000742 -0.000136 0.000071 -7.428875 11.373198 12.070735 74.492797 52.068614 -18.146807 -176.790008 48.370198 -163.963281 -22.752878 9.655239 -7.713057 5.565129 7.238372 7.284456 12.857362 15.077307 3.699819 1.128027 9.140430 -6.821218 -0.000664 0.000505 -0.000265 10.509875 2.589835 1.305862 1.745439 -1.088582 8.728834 -1.332474 -0.180822 -1.033802 -4.221502 0.207993 -19.446049 -0.000694 -0.000140 0.000377 9.217572 3.550845 0.370749 3.562580 -6.882001 6.109565 4.590925 0.913400 -1.563357 -4.485736 2.666862 4.507951 0.000327 0.000353 -0.000312 5.363388 2.554226 -15.962962 8.682878 -10.439407 21.667327 6.305979 1.806349 -1.127639 9.322260 0.860537 -2.736004 0.001613 0.002455 -0.001392 -0.303743 0.842086 -10.582826 16.645540 -8.994728 13.917595 5.929190 2.285360 -0.659877 2.057789 0.057091 3.033998 -0.003390 0.002403 -0.000750 5.926456 -2.323009 2.794063 3.885283 -8.007101 18.156866 -5.316247 -2.035370 -13.241063 4.959517 -3.871625 -9.184507 0.001238 -0.000558 1.000572 6.491484 -2.562204 -33.553409 3.637620 -3.219126 60.580386 -2.783196 -4.513632 -10.637790 -2.762443 1.468703 -0.407339 -0.001992 -0.000578 1.001278
160.371643 96.762093 -124.662544 -67.899767 -86.527526 70.889219 -5.918221 -3.115734 12.793332 -0.085500 4.354279 -5.582881 -1.500126 -5.077466 6.241451 2.841134 -0.371349 -1.929832 0.228078 0.051474 -14.616217 2.114756 16.920687 -1.547306 -0.000227 0.000370 -0.000851 -0.002430 0.190961 -2.303764 -0.165548 -3.603594 2.612811 -0.478960 -1.850723 2.632928 3.740974 -20.285932 8.698233 -60.381730 -49.832607 -21.553564 154.146983 -66.382380 -139.412858 25.814561 -3.052971 -25.304632 6.483615 -8.911347 6.666770 -11.167132 -13.706070 5.536787 -3.041732 -14.813551 -21.154379 -0.000074 -0.000838 -0.000316 1.943887 -1.180312 1.014919 4.501413 -2.427578 4.909836 -3.379484 2.670438 -3.006553 5.792516 -3.801466 -0.002720 -0.000828 0.000268 -0.000133 0.153836 -0.453876 -0.135500 -0.013494 7.523917 6.417761 -1.862912 0.690633 -1.599782 6.765774 -2.014129 5.761786 0.000770 -0.000159 -0.000404 1.372074 1.172323 -16.202824 -5.769519 11.504199 21.181781 -4.384732 0.014724 0.451470 -5.622128 0.830312 2.527621 -0.000459 -0.000815 -0.000059 3.458639 2.561975 -12.726151 -11.213514 12.111879 16.352313 -2.674984 1.667253 0.606223 3.653798 1.593703 3.689540 -0.000653 -0.000261 0.000046 -7.651799 10.879143 12.410491 75.850041 51.981988 -19.166295 -176.938488 46.733381 -162.972447 -22.400481 9.288071 -8.059424 6.148167 7.081787 7.642831 13.137782 14.938380 4.030880 1.146850 9.281858 -6.885283 -0.000921 0.000660 -0.000127 10.952536 1.856476 1.340409 1.872258 -1.370993 8.877233 -0.961253 -0.032419 -1.033428 -3.767415 0.232840 -20.380855 -0.000839 0.000003 0.000524 9.440585 2.863047 0.495185 3.684504 -7.032640 6.256551 5.381018 1.185732 -1.690566 -3.711741 2.651982 4.382097 0.000369 0.000227 -0.000290 5.291011 1.894461 -15.538599 9.318330 -10.963086 21.642897 7.119988 2.115845 -1.270947 9.859785 0.842588 -2.758396 0.001795 0.001772 -0.001589 -0.278387 0.166963 -9.679984 17.367831 -9.155862 13.555935 6.599822 2.865720 -0.663050 2.810134 0.100369 2.974147 -0.002927 0.001912 -0.000796 6.225245 -2.433944 2.836352 3.541408 -8.102725 18.649245 -6.192222 -2.757642 -14.105830 5.224765 -3.903157 -9.530062 0.001370 -0.000440 1.000703 6.709763 -2.820585 -34.874307 3.038272 -3.549071 59.971999 -2.662016 -4.411640 -10.366590 -2.788181 1.533356 -0.516122 -0.002029 -0.000634 1.001917
159.229599 96.543808 -125.505043 -34.313240 -85.359980 36.855947 -5.603790 -3.427359 12.981214 -0.297912 4.278377 -5.534270 -1.715540 -5.272975 6.460993 2.244899 0.240134 -2.284254 -0.673956 -0.858272 -14.772448 2.081997 17.137809 -1.726454 -0.000358 0.000242 -0.000786 0.089132 0.219243 -2.260942 -0.091363 -3.312233 2.759070 -0.400406 -1.562075 2.778800 2.632587 -20.435862 8.660388 -59.595231 -48.439861 -22.176685 151.744565 -66.992191 -136.537015 25.500542 -1.508918 -26.770593 7.226044 -8.849540 5.979190 -11.001461 -14.155217 5.553250 -2.988810 -14.703649 -21.271535 -0.000138 -0.000788 -0.000465 2.469310 -1.308760 0.701230 4.087834 -2.356249 4.839261 -3.461648 2.544618 -2.998121 5.684338 -3.965039 0.347830 -0.000724 0.000271 -0.000001 0.496232 -0.576130 -0.299259 -0.604592 7.602382 6.299611 -1.924559 0.499122 -1.666891 6.731210 -2.113269 5.996695 0.000853 -0.000336 -0.000358 1.422639 0.873462 -16.385681 -6.183962 11.702195 21.115569 -4.534675 -0.122071 0.316740 -5.677253 0.803918 2.565948 -0.000406 -0.000982 -0.000024 3.238059 2.133938 -13.176607 -11.537235 12.136301 16.310441 -2.827751 1.648821 0.564652 3.653864 1.657128 3.583283 -0.000520 -0.000343 -0.000027 -7.859473 10.764692 12.788114 77.620700 52.195312 -18.229530 -177.298006 46.337917 -162.459515 -22.041880 7.931907 -8.823363 5.927449 6.846686 7.503123 12.872572 14.973107 3.836656 1.050061 8.842823 -6.823192 -0.001039 0.000502 -0.000113 10.700370 1.472313 1.188242 2.619423 -1.512485 8.918385 -0.393633 0.101826 -1.071427 -3.388019 0.441464 -20.374300 -0.001164 0.000196 0.000577 9.333786 2.508265 0.618329 4.367761 -7.196686 6.144434 6.230628 1.366127 -1.801304 -3.106395 2.728390 4.343192 0.000123 0.000390 -0.000408 5.125408 1.639806 -15.387991 10.219142 -11.272744 21.528044 8.053488 2.240166 -1.412459 10.488938 0.860153 -2.875144 0.001549 0.002175 -0.001570 -0.155473 0.052055 -9.255279 18.098808 -9.141335 13.251987 7.571678 3.232549 -0.622513 3.570053 0.067630 2.614151 -0.003320 0.002404 -0.000773 6.745049 -2.258343 3.831507 3.361363 -8.232981 17.798416 -7.387411 -3.710427 -13.905297 5.412135 -3.911362 -10.386591 0.001489 -0.000352 1.000887 7.476407 -3.149601 -35.103857 2.444544 -3.700837 55.654377 -2.608361 -4.325268 -10.196640 -2.991471 1.570873 -0.696958 -0.002053 -0.000611 1.001498
158.063324 96.322556 -126.234749 -21.624645 -83.576086 23.794042 -5.282621 -3.632110 12.992701 -0.470678 4.338704 -5.526385 -1.814012 -5.471430 6.654539 1.926763 0.634259 -2.553522 -1.184942 -1.493347 -14.690815 1.962597 18.073996 -1.783758 -0.000593 0.000217 -0.000847 0.111446 0.200600 -2.274394 -0.076402 -3.347721 2.544493 -0.391932 -1.595932 2.564004 1.567751 -20.369583 8.965541 -58.323143 -47.258838 -22.830108 150.708527 -67.570557 -135.724233 25.396926 -1.584859 -27.142353 7.322098 -9.386867 5.502039 -11.090749 -14.561729 5.821159 -2.698654 -15.427757 -21.884219 -0.000103 -0.000715 -0.000563 2.439709 -1.576662 0.651393 4.800490 -2.633591 4.729676 -3.168399 2.770930 -3.056303 5.939687 -4.084714 0.485176 -0.000539 0.000234 0.000156 0.475838 -0.732338 -0.426993 -0.089232 7.348120 6.319418 -1.520924 0.566282 -1.692372 6.944002 -2.210546 6.405070 0.000720 -0.000344 -0.000442 1.249130 0.683475 -16.548368 -5.882753 11.485956 21.179974 -4.008236 -0.085428 0.316747 -5.144976 0.763023 3.082157 -0.000405 -0.000972 0.000159 3.095277 1.850169 -13.380891 -11.234127 12.095711 16.273945 -2.248987 1.871250 0.584411 4.198202 1.528959 4.147988 -0.000305 -0.000531 0.000053 -7.652591 11.173676 13.230335 78.310286 51.289443 -17.459300 -177.563076 46.622548 -162.446072 -21.933963 7.176778 -9.279410 5.686173 7.612925 7.172868 13.080267 15.363880 4.152191 0.822350 9.512232 -7.185863 -0.001142 0.000647 -0.000028 10.884191 1.362494 0.989393 1.883510 -1.194642 8.945040 -0.917857 0.220514 -1.286412 -3.309066 0.358328 -21.117004 -0.001288 0.000415 0.000585 9.509352 2.491895 0.370516 3.508305 -7.064507 6.238704 5.704498 1.534163 -1.972809 -3.049717 2.705505 4.564347 0.000081 0.000343 -0.000322 5.266659 1.596356 -15.628330 9.670311 -11.156450 21.540766 7.510534 2.454775 -1.549715 10.101441 0.864387 -2.615374 0.001581 0.001668 -0.001677 0.095828 -0.007927 -9.345243 17.602301 -9.032629 13.091369 6.812668 3.412253 -0.646380 3.234833 0.153490 3.124221 -0.003014 0.002011 -0.000683 7.115267 -2.949844 4.886776 3.507072 -8.645541 16.888222 -8.392138 -4.581418 -14.025624 5.534327 -3.787064 -11.719749 0.001585 -0.000141 1.000841 7.753287 -3.041322 -34.763224 2.369249 -3.686976 51.613602 -2.801717 -3.659148 -9.527762 -3.024280 1.558826 -1.112755 -0.002048 -0.000689 1.001900
156.879944 96.377823 -126.862312 -18.920611 -81.423907 20.665929 -5.123480 -3.860695 12.937443 -0.481475 4.413311 -5.662557 -1.957749 -5.604413 6.934478 1.755249 1.085734 -2.794765 -1.892165 -2.126219 -14.952175 1.960698 19.480144 -2.315655 -0.000750 0.000247 -0.000923 0.030529 0.150559 -2.348400 -0.071644 -3.403810 2.275112 -0.395115 -1.649164 2.291000 0.911367 -20.052165 9.255175 -57.761730 -46.011933 -23.432999 152.340936 -66.765280 -137.659329 24.281791 -1.748281 -25.990438 7.264666 -9.696587 5.179572 -11.213766 -14.639712 5.960732 -2.462756 -15.966174 -22.254840 -0.000056 -0.000698 -0.000600 2.093225 -1.631967 0.618516 5.092057 -2.638725 4.578328 -3.334142 2.878214 -3.144289 6.089847 -4.071525 0.227848 -0.000442 0.000222 0.000249 0.160889 -0.726605 -0.481240 -0.015259 7.412965 6.104314 -1.597230 0.561431 -1.638736 6.979937 -2.243873 6.415074 0.000623 -0.000281 -0.000548 0.894001 0.742872 -16.785357 -6.016539 11.554966 21.258319 -3.983803 -0.179847 0.333384 -4.874358 0.735335 3.351310 -0.000459 -0.000961 0.000304 2.854167 1.863619 -13.532245 -11.343028 12.208356 16.144319 -2.124539 1.963888 0.544377 4.371046 1.443624 4.502440 -0.000182 -0.000686 0.000099 -7.490910 11.863067 13.808113 79.393966 49.871695 -15.845085 -177.944965 47.332028 -162.927496 -21.309282 6.206914 -8.671603 5.235710 8.512270 6.842854 13.306403 15.788236 4.459623 0.596405 10.167960 -7.533732 -0.001223 0.000816 0.000022 11.006045 1.376023 1.006612 1.203748 -0.863880 8.909464 -1.700529 0.175172 -1.527841 -3.509403 0.138726 -21.600563 -0.001331 0.000554 0.000569 9.683307 2.642995 0.121813 2.691103 -7.027087 6.351124 4.726626 1.412939 -2.089291 -3.351385 2.669034 4.817395 0.000149 0.000251 -0.000215 5.527809 1.607134 -15.931754 8.768443 -10.954174 21.645913 6.618804 2.531585 -1.620403 9.450045 0.855892 -2.350614 0.001705 0.001052 -0.001769 0.314733 0.027953 -9.427046 16.825596 -8.926244 13.195484 5.706071 3.392092 -0.688247 2.673801 0.216896 3.666612 -0.002627 0.001471 -0.000638 7.842196 -3.973006 5.444639 3.775147 -9.334874 16.789002 -9.673356 -5.801385 -13.448950 5.770647 -3.542096 -13.328110 0.001646 0.000000 1.000764 8.309521 -2.649856 -33.343142 2.365902 -3.584617 47.676851 -3.251892 -2.842971 -8.997261 -3.224207 1.349281 -1.458853 -0.002076 -0.000802 1.002400
155.686646 96.677811 -127.398392 -19.950642 -79.647806 21.299436 -4.839980 -4.173614 12.657488 -0.541355 4.559152 -5.826942 -2.183572 -5.692964 7.118914 1.655592 1.501560 -2.761570 -2.754001 -2.652110 -14.964968 2.215992 21.201404 -2.391649 -0.000850 0.000301 -0.000953 -0.140064 0.131318 -2.479580 -0.084351 -3.484184 1.994146 -0.416110 -1.728436 2.008621 0.434369 -19.820207 10.021158 -57.813297 -45.416544 -23.820911 155.910545 -65.059582 -141.877064 24.126413 -3.279727 -22.665055 6.683493 -10.557053 5.127499 -11.371062 -14.661883 6.412161 -1.976514 -17.103712 -23.036819 -0.000035 -0.000612 -0.000536 1.228801 -1.713563 0.860109 6.238785 -2.818915 4.346720 -3.130541 3.317205 -3.216454 6.330262 -3.953700 -0.018004 -0.000326 0.000271 0.000264 -0.445313 -0.834319 -0.486393 0.984140 7.364663 6.167025 -1.292713 0.964558 -1.567637 6.965962 -2.278491 6.742537 0.000486 -0.000201 -0.000573 0.372042 0.896449 -16.859993 -5.348867 11.356719 21.300440 -3.540032 -0.121539 0.440039 -4.383425 0.746546 3.997132 -0.000424 -0.000866 0.000446 2.833337 1.975133 -13.409678 -10.759797 12.305203 16.090961 -1.605618 2.296122 0.525995 4.694748 1.252303 5.271488 -0.000036 -0.000831 0.000175 -7.256926 12.862282 14.446944 79.546427 47.976511 -14.648871 -178.047705 49.078649 -163.697914 -21.375655 5.466776 -7.218408 4.923154 9.600276 6.322289 13.714482 16.238215 5.065047 0.246890 11.346190 -8.048868 -0.001151 0.000934 0.000004 11.480378 1.168772 1.098071 -0.153366 -0.362760 8.841371 -2.863672 0.300855 -1.827684 -3.655688 -0.237362 -22.998111 -0.001310 0.000660 0.000465 10.123636 2.616813 -0.051589 1.444127 -6.776379 6.551527 3.374295 1.446059 -2.250794 -3.500586 2.633684 4.945626 0.000188 0.000210 -0.000105 6.106299 1.437904 -16.239845 7.408330 -10.622174 21.838313 5.349504 2.837593 -1.775382 8.756328 0.932126 -2.105632 0.001728 0.000672 -0.001750 0.571270 -0.294630 -9.655762 15.738498 -8.775440 13.452481 4.159887 3.612017 -0.777461 2.195615 0.470645 4.399606 -0.002456 0.001095 -0.000518 8.468128 -4.542797 5.936565 4.448559 -9.530573 16.725801 -10.551725 -6.068809 -12.245616 6.102774 -3.461114 -14.987989 0.001619 0.000115 1.000593 8.824700 -2.661936 -31.750408 2.667818 -3.722398 45.348052 -3.840233 -2.672955 -9.987530 -3.431803 1.169881 -1.669630 -0.002051 -0.000837 1.002663
154.490585 96.885277 -127.853584 -23.692142 -78.571732 24.633312 -5.036452 -3.980720 12.733129 -0.576065 4.826053 -6.655079 -1.953676 -5.632753 7.271490 1.242531 2.075166 -2.686656 -2.780934 -3.110517 -14.940876 3.089351 21.929670 -1.501777 -0.000982 0.000289 -0.001048 -0.282294 0.152999 -2.665382 -0.103598 -3.516764 1.412329 -0.452892 -1.757914 1.422305 0.260873 -19.035026 10.535372 -59.048385 -44.612124 -23.372296 160.243586 -62.738565 -146.614150 25.114325 -5.422995 -21.555893 5.665454 -10.963499 5.281472 -11.279637 -14.554723 6.438044 -1.510706 -17.946207 -23.774863 0.000036 -0.000487 -0.000518 0.447793 -1.423249 1.147155 7.088699 -3.060445 4.345098 -3.268109 3.267431 -3.112858 6.902769 -3.747082 -0.790532 -0.000142 0.000256 0.000308 -1.009375 -0.738168 -0.426465 1.385915 7.265031 6.370657 -1.354038 0.882809 -1.415810 7.359971 -2.274747 6.443368 0.000337 -0.000108 -0.000583 -0.153344 1.053745 -16.728825 -5.479202 11.435075 21.154807 -3.509492 -0.114687 0.483232 -3.762411 0.733046 4.182242 -0.000373 -0.000718 0.000553 2.637691 2.252574 -13.522026 -11.075553 12.303324 15.836747 -1.549516 2.567766 0.485302 4.993554 1.095374 5.661121 0.000023 -0.000974 0.000300 -6.191209 13.675639 14.612077 78.488673 46.355909 -14.117768 -177.492391 50.378182 -163.443757 -21.193085 5.997988 -5.279706 5.157493 10.492744 6.536319 14.281494 17.146415 5.897920 -0.212582 12.805659 -8.672388 -0.001082 0.001141 0.000050 11.871982 1.467520 1.590499 -2.217661 0.151294 8.954780 -5.138985 -0.370315 -1.721574 -4.541779 -0.934616 -23.133642 -0.001208 0.000775 0.000421 10.139508 3.382225 -0.074633 -0.848630 -6.687015 7.275391 0.625570 0.552296 -2.109971 -5.003040 2.445122 5.701696 0.000268 0.000080 0.000029 5.936430 2.006036 -16.550701 4.947618 -10.133385 22.398810 2.656996 2.110340 -1.611290 6.758389 0.818048 -1.227930 0.001819 0.000120 -0.001774 -0.003137 0.070010 -10.037842 13.170666 -8.773282 14.088447 1.646465 2.365035 -0.686119 0.026357 0.554106 5.996441 -0.002126 0.000455 -0.000423 9.230388 -4.937893 6.013861 4.208461 -10.029106 17.767401 -11.404718 -7.223561 -12.078936 6.408962 -3.150176 -16.100088 0.001603 0.000218 1.000421 9.870018 -3.083428 -29.689763 3.346595 -3.440946 42.883673 -4.713854 -4.618236 -11.359350 -3.740570 0.987943 -1.817102 -0.001959 -0.000836 1.003124
153.298935 96.868637 -128.238464 -24.068924 -77.356254 24.626250 -4.829565 -3.611984 11.997367 -0.537605 4.883102 -6.468828 -1.896306 -5.516952 7.532832 1.466204 2.237160 -2.618795 -2.476634 -2.913168 -14.082765 3.319225 21.394366 -1.194873 -0.001154 0.000182 -0.001040 -0.321183 0.189099 -2.642269 -0.107518 -3.479325 1.303456 -0.460317 -1.718694 1.313149 0.092819 -17.578995 11.431608 -58.480792 -43.700610 -23.491614 163.748409 -61.327038 -150.972418 25.678168 -7.211103 -19.573297 3.939047 -10.616434 6.169204 -11.096202 -14.013561 5.919251 -1.470764 -17.653275 -23.396530 -0.000022 -0.000571 -0.000572 -0.036445 -1.132959 1.198430 6.231566 -3.149333 4.555598 -3.771360 3.108798 -2.963252 6.955819 -3.638509 -0.907283 -0.000122 0.000105 0.000404 -1.288050 -0.376848 -0.346265 0.574171 7.094619 6.392092 -1.805486 0.751149 -1.304217 7.565358 -2.125401 6.173303 0.000148 -0.000131 -0.000701 -0.189714 1.394777 -16.349978 -6.490966 11.678622 20.918268 -3.949879 -0.075828 0.669076 -3.870193 0.788131 3.902267 -0.000333 -0.000676 0.000682 2.588658 2.832043 -13.133851 -12.175327 12.576649 15.475385 -1.926709 2.453891 0.564277 4.881971 1.115880 5.479290 0.000165 -0.001142 0.000484 -5.008111 13.663880 14.926519 76.754540 45.031563 -14.332012 -177.667490 51.118819 -164.260301 -22.232970 6.642773 -5.184998 6.206230 10.094129 7.080268 13.917912 17.292327 5.523271 -0.273434 13.275311 -8.628014 -0.001068 0.001277 0.000055 11.905010 1.623437 1.349802 -2.316868 0.377813 8.849231 -5.669389 -0.442672 -1.674265 -5.277802 -1.105111 -22.103595 -0.001174 0.000886 0.000372 10.063539 3.369819 -0.345506 -0.759980 -6.304626 7.162449 -0.301302 0.396722 -2.040313 -6.123359 2.404624 5.811989 0.000322 0.000023 0.000077 5.942036 2.115037 -16.640514 4.791168 -9.947316 22.285706 1.759888 1.952338 -1.529097 6.087594 0.803530 -1.214686 0.001779 -0.000253 -0.001794 0.112940 0.014824 -10.495097 13.109262 -8.726121 14.186888 0.746603 2.010748 -0.592317 -0.895361 0.542484 6.061146 -0.001975 0.000174 -0.000295 10.080896 -6.052723 4.867087 3.564197 -10.566966 21.267135 -11.997684 -7.424611 -11.754660 6.514602 -2.789761 -17.311734 0.001608 0.000382 1.000178 10.635232 -3.682053 -28.387719 3.368876 -3.411594 42.614179 -5.646130 -6.369126 -12.926954 -3.572663 0.992164 -1.891572 -0.002111 -0.000946 1.003320
152.118866 97.068390 -128.563568 -23.125969 -76.752946 23.321301 -4.642998 -3.401965 11.653996 -0.272320 4.986281 -6.383629 -2.109090 -5.156389 7.517869 0.922781 2.533328 -2.493437 -3.042465 -2.737740 -13.938210 3.953283 21.771967 -1.550680 -0.001279 0.000020 -0.000996 -0.366465 0.181375 -2.580675 -0.101431 -3.248383 1.111504 -0.460178 -1.490808 1.122639 -0.155261 -16.419522 11.724466 -57.653638 -43.120956 -23.866813 165.973700 -60.424033 -153.693388 26.773802 -9.335359 -17.912827 2.942705 -9.707441 6.673311 -10.619306 -13.615780 5.519785 -1.542530 -16.694802 -22.735716 -0.000101 -0.000569 -0.000648 -0.547601 -0.954429 1.136460 4.980838 -2.762329 4.886968 -4.573279 3.003075 -2.774113 6.697178 -3.740472 -0.493861 -0.000060 0.000206 0.000416 -1.604521 -0.379580 -0.326220 -0.599575 7.343158 6.317745 -2.655263 0.796874 -1.134479 7.395787 -2.166318 6.133978 0.000158 -0.000266 -0.000657 -0.234382 1.353294 -16.228921 -7.461224 11.939614 20.473982 -4.809625 0.146002 0.661674 -4.246878 0.828305 3.569380 -0.000230 -0.000794 0.000737 2.734661 2.878236 -13.223571 -12.992705 12.572414 15.077308 -2.916329 2.438751 0.555089 4.544893 1.287599 5.104372 0.000199 -0.001263 0.000546 -4.891120 14.179543 15.046165 76.669454 44.396677 -14.266676 -177.308356 50.852784 -163.981322 -23.035217 8.933893 -6.024429 6.976225 9.966813 7.028027 12.962588 17.135285 5.110891 -0.327256 12.314737 -8.299686 -0.001058 0.001186 0.000051 11.977473 2.045146 1.311278 -1.243440 0.172550 8.887166 -4.746350 -0.489351 -1.375065 -5.282890 -0.817285 -21.195028 -0.001246 0.001014 0.000393 10.197320 3.755965 -0.219803 0.241931 -6.289629 7.053297 0.686570 0.302464 -1.875165 -6.034183 2.531744 5.766364 0.000255 0.000180 0.000022 6.054475 2.550886 -16.522576 5.726058 -10.020744 22.063096 2.779363 1.626891 -1.516496 6.461547 0.832454 -1.339203 0.001593 0.000072 -0.001762 0.121687 0.319599 -10.481187 13.999489 -8.443769 13.969749 1.837364 1.729962 -0.508615 -0.612406 0.446884 5.679892 -0.002292 0.000496 -0.000235 11.092337 -5.920527 2.707179 2.862013 -10.331879 26.634989 -12.446111 -6.394510 -11.208304 6.492522 -2.768555 -17.643516 0.001544 0.000414 1.000166 11.448174 -4.916727 -26.704003 2.792930 -3.146979 41.785461 -6.394455 -7.783676 -13.173613 -3.584650 0.919934 -2.144039 -0.002148 -0.000967 1.002927
150.955841 97.245216 -128.836578 -20.243362 -76.346251 19.893392 -4.319013 -3.230711 10.897718 0.062170 4.925380 -5.490489 -2.390461 -4.785839 7.672577 0.707077 2.795005 -2.534269 -3.591313 -2.325027 -14.080770 3.949830 21.558479 -2.640219 -0.001281 -0.000010 -0.000829 -0.289347 0.177487 -2.471531 -0.058997 -2.900888 1.095503 -0.418274 -1.151609 1.113028 -0.183960 -14.670091 11.878242 -55.670477 -43.117110 -25.090179 166.911989 -60.033608 -154.912616 26.111277 -9.763354 -15.330516 2.015570 -8.869055 7.502707 -10.307995 -13.235295 5.161816 -1.651338 -15.538678 -21.688799 -0.000236 -0.000679 -0.000666 -0.844172 -0.922568 1.111207 3.265725 -2.317006 5.123762 -5.693791 2.806366 -2.783832 6.063626 -3.781946 -0.386415 -0.000196 0.000302 0.000352 -1.767208 -0.322048 -0.240639 -1.929078 7.496735 6.227728 -3.618854 0.761085 -1.075276 6.883393 -2.039458 5.805919 0.000256 -0.000409 -0.000613 -0.112462 1.407146 -16.047047 -8.338246 12.172176 20.228027 -5.872710 0.228723 0.840088 -5.059459 0.955008 3.076873 -0.000202 -0.000995 0.000717 2.921853 3.075036 -12.933182 -13.575410 12.569744 14.988977 -3.908973 2.132046 0.642687 3.901988 1.472423 4.576648 0.000210 -0.001244 0.000591 -5.174169 13.926365 15.295900 76.588622 44.416559 -15.117058 -177.620008 49.383495 -164.609308 -22.460497 9.796884 -7.311271 7.859955 8.828105 7.082996 12.151596 16.465389 4.285123 -0.126532 11.082518 -7.725873 -0.000953 0.000892 -0.000108 12.252467 1.846454 0.904097 0.881180 -0.269847 8.791288 -3.116817 -0.344172 -1.151282 -5.236951 -0.474902 -20.225511 -0.001462 0.001031 0.000300 10.631873 2.983966 -0.188900 2.607538 -6.011435 6.480335 2.473091 0.407857 -1.763851 -5.748546 2.679724 5.480090 0.000003 0.000428 -0.000126 6.581334 2.131267 -16.144308 7.951302 -10.427145 21.672682 4.443768 1.533027 -1.442372 7.417135 0.836312 -1.761617 0.001346 0.000968 -0.001597 0.591655 -0.159980 -10.116680 16.336002 -8.222897 13.737565 3.627119 1.912712 -0.503948 0.279085 0.307079 4.767862 -0.002969 0.001400 -0.000178 11.851510 -6.421966 -0.337482 2.193270 -10.363105 34.479002 -11.903765 -4.336310 -11.186116 6.134570 -2.906959 -17.428813 0.001430 0.000360 1.000174 11.914153 -5.878197 -24.863004 1.924190 -2.772202 41.101147 -7.219051 -8.165844 -13.393463 -3.623950 0.982419 -2.237093 -0.002226 -0.001009 1.002044
149.813522 97.862091 -129.062286 -21.651911 -76.695058 21.028943 -4.534679 -2.727471 11.013148 0.163033 4.980051 -5.552443 -2.509453 -4.641579 7.768356 1.054533 3.052237 -2.621436 -3.834789 -2.135604 -14.473701 4.155772 22.543419 -2.739210 -0.001242 -0.000116 -0.000967 -0.387824 0.132135 -2.375473 -0.081130 -2.988010 0.731624 -0.451747 -1.236444 0.748653 0.602139 -13.720369 12.086221 -56.427016 -42.283632 -25.758171 168.585080 -58.105908 -156.416315 26.734306 -11.236514 -15.869232 0.816497 -8.074926 8.351525 -10.395466 -13.024281 4.810316 -1.703022 -15.286660 -21.353000 -0.000242 -0.000652 -0.000766 -1.785518 -0.810772 1.378192 3.195615 -2.357570 5.296389 -5.379938 2.791130 -2.681241 6.225572 -3.769166 -0.103079 -0.000124 0.000269 0.000306 -2.500868 -0.497086 -0.205306 -2.076865 7.376322 6.367069 -3.247046 0.954562 -0.928920 7.384857 -2.043290 5.814235 0.000316 -0.000434 -0.000548 -0.558960 1.118600 -15.748138 -8.529339 12.053013 20.050678 -5.219483 0.410486 0.911391 -4.820867 0.962513 2.734611 -0.000186 -0.001003 0.000600 2.766278 2.847055 -12.960466 -13.937145 12.384169 14.938683 -3.482417 2.337088 0.724809 4.144867 1.549695 4.394349 0.000023 -0.001150 0.000571 -5.511383 13.639143 15.138845 78.013581 43.820073 -13.491053 -178.032423 49.377451 -165.378942 -21.533472 10.238866 -3.908596 8.371374 8.416562 8.307753 12.032170 16.792221 4.263370 -0.169988 11.369169 -7.714672 -0.001058 0.001065 -0.000012 12.126046 2.501708 1.313729 -0.572284 -0.116642 8.911157 -4.933313 -1.005455 -0.807625 -5.992627 -0.657280 -18.632832 -0.001241 0.000935 0.000414 10.105857 3.888118 -0.161671 0.956888 -5.913340 6.806099 0.376293 -0.571059 -1.469645 -7.300115 2.555303 6.026572 0.000184 0.000238 -0.000110 5.861739 3.082669 -16.198566 5.930924 -9.719679 21.951027 2.377049 0.675878 -1.101492 6.118535 0.653030 -1.393253 0.001583 0.000325 -0.001709 -0.461622 0.844822 -10.466437 14.194444 -8.196330 14.164458 2.116301 0.492668 -0.346880 -1.534914 0.118024 5.424820 -0.002486 0.000702 -0.000264 12.216729 -6.059179 -3.260854 1.341860 -9.997924 40.496957 -11.551550 -4.513672 -10.631214 5.795224 -2.858771 -15.691019 0.001333 0.000252 1.000269 12.829995 -6.098205 -21.815760 2.065893 -1.892492 37.606788 -8.197328 -9.830751 -13.858015 -3.919524 0.899536 -2.403808 -0.002158 -0.000954 1.002648
148.695618 98.284897 -129.245468 -22.074360 -76.499035 21.037230 -4.419957 -2.903691 10.796980 0.307639 5.278657 -5.238984 -2.916666 -4.401483 7.912664 0.703814 2.958972 -2.259416 -4.638908 -1.771252 -13.982013 4.438591 21.830946 -2.587126 -0.000995 -0.000125 -0.000967 -0.322561 0.157430 -2.225773 -0.057371 -2.647459 1.024350 -0.419119 -0.899248 1.041687 1.138000 -12.510047 12.190780 -55.420479 -41.414176 -28.173771 169.596149 -56.909209 -157.423082 27.942739 -10.879004 -16.615360 0.462235 -6.251185 9.113112 -9.948076 -12.348782 3.964513 -1.723404 -13.359994 -19.898580 -0.000347 -0.000584 -0.000713 -1.897277 -0.474494 1.570347 0.433493 -1.640802 5.476301 -7.019632 2.291366 -2.581582 4.980815 -3.759345 0.232653 -0.000157 0.000279 0.000212 -2.504773 -0.454373 0.064519 -4.560801 7.707571 6.178245 -4.879637 0.703262 -0.925154 6.432388 -1.905877 5.281381 0.000469 -0.000478 -0.000341 -0.015698 1.201047 -15.616076 -10.634177 12.407979 19.469190 -6.790043 0.379380 0.958014 -6.415344 1.088118 1.696236 -0.000112 -0.001002 0.000408 3.229033 2.867060 -12.713211 -15.675944 12.378275 14.725018 -5.340577 1.892901 0.705185 2.733993 1.861499 3.189122 -0.000125 -0.000840 0.000490 -5.954291 13.627076 15.204479 78.131183 44.071142 -13.389572 -178.067077 48.992817 -165.558168 -21.335345 10.084045 -5.043098 8.695420 7.445734 8.495889 11.064517 16.044626 3.137064 0.100468 9.442363 -7.032243 -0.000904 0.000935 -0.000096 11.679263 2.557313 1.135065 1.673227 -0.497959 9.034942 -3.451881 -0.983826 -0.708978 -5.505281 0.019792 -16.632202 -0.001084 0.000752 0.000325 9.988919 3.663384 -0.047334 3.285343 -5.954621 6.424682 1.826876 -0.822349 -1.309660 -6.864138 2.576091 5.690139 0.000218 0.000295 -0.000158 5.920897 3.022404 -15.850069 7.754770 -9.972084 21.646744 3.888487 0.518713 -1.031401 7.293082 0.622515 -1.981270 0.001570 0.000532 -0.001577 -0.126846 0.988039 -10.417344 15.904243 -8.416373 14.292964 3.927057 0.375912 -0.409324 -0.589258 -0.247366 4.171737 -0.002615 0.000753 -0.000318 12.239869 -5.807781 -6.437123 1.304364 -9.505101 45.697835 -10.818458 -3.378661 -9.398621 5.436278 -2.715457 -14.281733 0.001182 0.000061 1.000291 13.471027 -6.687990 -19.402828 1.713419 -2.217331 35.506995 -8.889185 -9.695740 -13.619734 -3.897283 0.893143 -2.221741 -0.002007 -0.000809 1.002459
147.605804 98.671692 -129.390930 -18.749541 -77.122776 17.943479 -4.500390 -2.787067 10.827730 0.483162 5.490246 -5.169122 -3.275230 -4.146422 7.994704 0.564313 2.895215 -1.997377 -4.905236 -1.514960 -13.476806 4.296185 22.376563 -3.298422 -0.000819 -0.000055 -0.001069 -0.338161 0.152145 -2.197269 -0.060382 -2.695564 0.739845 -0.430870 -0.947112 0.762036 1.790008 -12.045277 11.952322 -54.843031 -41.293435 -29.784329 168.686987 -57.238208 -156.200712 28.951838 -11.074403 -19.382270 0.493771 -6.230723 9.051707 -10.020207 -12.382570 3.943128 -1.681871 -13.471086 -19.878361 -0.000302 -0.000481 -0.000631 -2.133101 -0.429268 1.565970 0.633478 -1.707279 5.456747 -7.109344 2.384038 -2.666414 5.046750 -3.804783 0.168393 -0.000120 0.000279 0.000038 -2.884579 -0.539347 0.006037 -4.349261 7.706007 6.313715 -4.839628 0.646946 -0.994906 6.553977 -1.969268 5.214026 0.000511 -0.000394 -0.000217 -0.400378 1.125986 -15.720864 -10.518668 12.347273 19.427844 -6.464644 0.396695 0.932751 -6.130032 1.029547 1.721086 -0.000102 -0.000874 0.000291 2.970025 2.828780 -12.967950 -15.640376 12.246970 14.762743 -4.956779 1.935745 0.712006 3.048005 1.806991 3.191724 -0.000308 -0.000637 0.000510 -7.140666 13.693290 15.144791 79.409540 44.587207 -12.306962 -178.233521 49.052648 -165.740746 -20.995431 9.997647 -4.273532 8.846373 7.410020 8.837385 11.330945 15.921728 3.325775 0.102703 9.401080 -7.022457 -0.000858 0.001054 -0.000074 12.048643 2.337986 1.385142 1.415167 -0.657907 9.226074 -3.636209 -1.282436 -0.470617 -5.575519 -0.089572 -16.616545 -0.000810 0.000558 0.000312 10.240047 3.538562 0.101131 2.859645 -5.984686 6.662643 1.684172 -1.144289 -1.167941 -7.004780 2.490664 5.878233 0.000413 0.000145 -0.000078 6.001575 2.877856 -15.696437 7.467810 -9.942354 21.809641 3.707246 0.252857 -0.834365 6.996156 0.488265 -1.762991 0.001810 0.000135 -0.001596 -0.344286 0.911538 -10.294428 15.658613 -8.538639 14.539886 3.871153 -0.035869 -0.346360 -0.936519 -0.290879 4.471907 -0.002239 0.000247 -0.000391 12.212620 -5.574729 -9.255087 1.084637 -9.215126 47.938051 -10.235888 -3.376277 -9.692370 5.071446 -2.614105 -12.760116 0.001069 -0.000090 1.000259 13.705903 -7.104248 -17.333205 0.779049 -1.753461 33.071258 -9.706973 -10.323455 -13.605050 -4.027758 0.617857 -2.032943 -0.001878 -0.000695 1.002893
146.547791 99.154053 -129.503494 -18.751955 -77.569545 18.395042 -4.660108 -2.157408 10.974095 0.498912 5.473924 -5.298947 -3.545976 -3.671115 8.427591 0.994234 2.944925 -2.389569 -4.859348 -1.361185 -13.343851 4.823071 22.588174 -2.759319 -0.000871 -0.000205 -0.001227 -0.380057 0.110946 -2.190690 -0.104137 -2.919588 0.785810 -0.473788 -1.165533 0.807860 2.418074 -11.438814 11.728951 -55.279974 -40.658849 -30.659248 168.405353 -56.604719 -155.664548 28.594532 -11.917025 -20.811678 0.488279 -7.622414 8.296092 -10.574304 -12.758705 4.845103 -1.535339 -15.482409 -21.285927 -0.000333 -0.000589 -0.000866 -2.688087 -0.480107 1.592360 3.377403 -2.349525 5.461981 -5.727458 3.058650 -2.826827 5.902628 -3.610175 -0.391182 -0.000070 0.000121 0.000112 -3.368577 -0.384396 -0.204435 -1.906074 7.285487 7.032745 -3.377595 0.996051 -1.137169 7.158341 -1.923967 5.605335 0.000461 -0.000422 -0.000281 -1.057786 1.237830 -15.619312 -8.584036 12.143185 20.163878 -4.840317 0.551651 1.015116 -4.741159 1.071701 2.742364 -0.000119 -0.000892 0.000236 2.599186 3.248624 -12.808833 -14.149614 12.169052 15.223034 -3.145635 2.502782 0.857434 4.125050 1.517029 4.439355 -0.000390 -0.000612 0.000492 -8.156943 13.476835 14.827748 80.679316 44.738549 -11.218618 -178.352746 49.605085 -165.927400 -19.856172 9.010296 -2.021076 8.248055 8.493387 8.888277 12.620611 16.571359 4.636902 -0.018636 11.412518 -7.721546 -0.001116 0.001367 0.000098 12.701773 2.323473 1.553767 -1.107653 -0.441598 9.308778 -5.276516 -1.523247 -0.550969 -5.793337 -0.860562 -18.626858 -0.000642 0.000484 0.000467 10.367211 3.633984 -0.251444 0.333992 -5.728139 7.103484 -0.047502 -1.227728 -1.200756 -7.386931 2.233837 6.257731 0.000638 -0.000134 -0.000026 5.949853 2.902687 -15.906417 5.284244 -9.513043 22.165787 1.913076 0.389449 -0.730018 5.801218 0.305087 -1.121174 0.002098 -0.000900 -0.001834 -0.848011 0.823909 -10.559086 13.564694 -8.637773 14.799948 1.840272 -0.196432 -0.196429 -2.032778 -0.036869 5.904690 -0.001412 -0.000694 -0.000452 12.248019 -5.380573 -11.463936 1.084808 -9.069471 47.052292 -9.546061 -4.310025 -10.443670 5.118447 -2.410339 -11.993524 0.001099 -0.000069 1.000308 14.042981 -7.698752 -14.829942 0.948392 -1.737067 29.413256 -10.417422 -11.130867 -13.854429 -3.908715 0.773567 -1.901865 -0.001972 -0.000729 1.003919
145.525223 99.587685 -129.587967 -18.683881 -77.155275 18.206982 -4.551062 -2.626111 10.937595 0.348574 5.807894 -5.055719 -3.836138 -3.366846 9.038946 0.511903 3.251973 -2.923185 -5.422924 -1.434573 -13.524880 4.620380 21.505727 -3.127597 -0.000826 -0.000210 -0.001308 -0.405234 0.157665 -2.224738 -0.036034 -2.631227 0.462739 -0.415497 -0.880946 0.479936 2.854156 -11.365111 11.238053 -53.663146 -40.170663 -32.791163 168.034190 -56.813234 -155.254552 30.546963 -11.468719 -21.188951 0.324758 -6.840868 8.536832 -10.063401 -12.486237 4.366917 -1.499542 -14.360969 -20.526267 -0.000433 -0.000553 -0.000926 -2.396056 -0.568450 1.686467 1.750847 -2.182169 5.581424 -6.873816 2.682835 -2.638380 5.530721 -3.608864 -0.437035 -0.000070 0.000062 0.000085 -2.951396 -0.412006 -0.095244 -3.281574 6.973552 6.721808 -4.452474 0.650615 -1.000481 6.921931 -1.804687 5.100754 0.000608 -0.000531 -0.000197 -0.481841 1.133199 -15.834436 -9.628482 11.993090 19.968986 -5.895136 0.366310 1.077604 -5.257311 1.147139 2.090337 -0.000092 -0.000930 0.000163 3.141109 3.180557 -12.905413 -14.934783 11.798990 14.943769 -4.104378 2.190850 0.900922 3.701658 1.678374 3.764627 -0.000473 -0.000449 0.000506 -8.610824 13.661147 14.421588 80.978411 45.535411 -11.071480 -178.873780 49.021763 -166.807788 -20.127093 9.113195 -3.663469 7.879822 8.155952 8.259278 11.898519 16.353294 4.000077 0.162834 10.355000 -7.403756 -0.001199 0.001462 0.000128 12.273804 2.214671 0.894606 0.398635 -0.538634 9.238974 -4.211218 -1.486077 -0.452613 -6.009955 -0.618247 -17.120663 -0.000648 0.000451 0.000493 10.505109 3.221370 -0.763728 1.495905 -5.478981 6.851779 0.808690 -1.206931 -1.113570 -7.603985 2.294090 6.387340 0.000755 -0.000156 -0.000064 6.323789 2.653814 -16.126943 6.445490 -9.578011 21.815071 2.594866 0.287826 -0.704010 5.815515 0.306833 -1.101941 0.002167 -0.001367 -0.001842 -0.011184 0.686634 -10.886292 14.753656 -8.495238 14.660195 2.393628 -0.195151 -0.241904 -2.174730 -0.075606 5.564844 -0.001115 -0.001140 -0.000560 12.158993 -6.193355 -13.314630 1.448257 -9.504370 45.521023 -9.444160 -4.283389 -9.958521 4.904025 -2.359400 -11.304770 0.001070 -0.000164 1.000294 14.374767 -8.564327 -12.963500 0.904788 -2.187612 27.533073 -10.546721 -10.712995 -12.638819 -3.956491 0.473929 -1.786267 -0.001939 -0.000700 1.004331
144.541809 99.787003 -129.649185 -16.831930 -77.986189 16.582585 -4.671626 -2.595507 11.162456 0.415338 5.934683 -5.315051 -4.317614 -2.960057 9.568545 0.614440 3.317772 -3.325003 -5.612887 -1.571592 -13.396514 4.964742 21.221944 -2.531507 -0.000811 -0.000144 -0.001333 -0.411497 0.168823 -2.245031 -0.035750 -2.657305 0.344339 -0.418977 -0.909481 0.362444 3.171496 -11.447376 10.796327 -52.641748 -39.985180 -34.110761 166.743691 -57.098899 -153.599945 30.680393 -11.187285 -21.172822 0.029217 -6.907839 8.777576 -9.874525 -12.535005 4.318208 -1.457037 -14.527504 -20.437328 -0.000319 -0.000414 -0.000903 -2.281128 -0.749841 1.732968 1.793184 -2.361280 5.572062 -7.106254 2.583702 -2.595197 5.574702 -3.514260 -0.688327 0.000099 -0.000068 0.000086 -2.785335 -0.607791 -0.146255 -3.252069 6.800846 6.760696 -4.601977 0.469987 -0.898317 6.963448 -1.701737 4.883803 0.000509 -0.000433 -0.000209 -0.333865 0.965450 -15.961020 -9.599171 11.825377 20.085884 -5.955038 0.278612 1.082145 -5.203388 1.172155 1.981267 -0.000128 -0.000779 0.000203 3.331394 3.090003 -13.066823 -14.795907 11.627204 14.990491 -4.017200 2.121171 0.944861 3.682500 1.703997 3.699160 -0.000453 -0.000386 0.000578 -9.249678 13.732975 14.207715 81.902454 46.638244 -10.395787 -179.038424 48.996987 -166.849221 -19.514681 7.699807 -3.274243 7.896252 8.068378 8.445077 12.064182 16.372025 3.954304 0.193906 10.464131 -7.403292 -0.001175 0.001570 0.000164 12.306570 1.880589 0.731544 0.339043 -0.548793 9.209492 -4.376927 -1.643993 -0.326439 -6.228164 -0.780976 -16.840946 -0.000621 0.000404 0.000438 10.616465 2.836323 -0.925082 1.285495 -5.554766 6.917341 0.518768 -1.290258 -1.026918 -7.945967 2.218642 6.569965 0.000649 -0.000218 0.000027 6.460346 2.330485 -16.023286 6.264840 -9.661271 21.865008 2.276464 0.195850 -0.611746 5.468924 0.196108 -0.920957 0.002201 -0.001643 -0.001892 0.184826 0.410554 -10.739332 14.561705 -8.612611 14.807103 2.097008 -0.365353 -0.199369 -2.568957 -0.089218 5.769718 -0.000859 -0.001442 -0.000473 11.849403 -6.327118 -14.417013 1.865443 -9.531329 41.831606 -9.613619 -4.725596 -10.244386 4.825220 -2.362594 -10.479030 0.001183 -0.000111 1.000213 14.249268 -9.438683 -11.542048 0.528883 -2.134233 26.068575 -10.636584 -10.864292 -12.393131 -4.166177 0.232842 -1.744322 -0.001874 -0.000689 1.004646
143.599564 99.897316 -129.690964 -16.276331 -78.417711 16.096876 -4.805504 -2.660567 11.176250 0.467406 6.071348 -5.336269 -4.545999 -2.552202 9.837828 0.726727 3.197823 -3.451517 -6.022148 -1.387516 -13.360343 5.202300 21.770388 -2.637521 -0.000782 -0.000132 -0.001195 -0.435241 0.168338 -2.245748 -0.048810 -2.734190 0.211218 -0.436012 -0.990440 0.235145 3.306632 -11.408824 10.607604 -51.374709 -39.169583 -35.255618 165.378743 -57.438184 -152.116523 30.659247 -10.816694 -20.475275 -0.267250 -6.481240 9.122231 -9.549093 -12.511726 4.002226 -1.543424 -14.043245 -19.991032 -0.000246 -0.000217 -0.000823 -1.887547 -1.029225 1.715753 0.945824 -2.277240 5.646755 -7.557793 2.209341 -2.468952 5.378446 -3.491499 -0.798800 0.000301 -0.000144 0.000129 -2.329227 -0.874103 0.006996 -4.072166 6.721183 6.567282 -5.151898 0.137926 -0.811494 6.861953 -1.604028 4.506410 0.000383 -0.000360 -0.000169 0.135990 0.746418 -15.961357 -10.313893 11.718311 20.052560 -6.536808 0.147290 1.054426 -5.643504 1.178165 1.482725 -0.000074 -0.000598 0.000255 3.693010 2.837951 -13.137797 -15.380631 11.486314 14.983999 -4.612094 1.989378 0.931084 3.186112 1.796806 3.275753 -0.000347 -0.000371 0.000620 -9.628777 14.048156 13.990359 82.180786 47.293667 -9.531992 -178.868414 49.154631 -166.746963 -18.729883 7.068871 -2.339920 8.049548 7.722065 8.736950 11.678727 16.382990 3.502785 0.251300 10.202365 -7.191789 -0.000984 0.001457 0.000084 11.830624 2.221239 0.432191 0.696030 -0.694029 9.113564 -4.172865 -1.641908 -0.242447 -6.229849 -0.630314 -15.991717 -0.000664 0.000401 0.000267 10.319353 3.036906 -1.076174 1.531597 -5.679563 6.832939 0.549255 -1.285178 -0.982078 -8.083327 2.180784 6.521118 0.000313 -0.000088 0.000064 6.241364 2.500329 -16.157255 6.368823 -9.563976 21.760923 2.333848 0.134380 -0.560888 5.595781 0.124547 -1.051999 0.001920 -0.001058 -0.001782 0.238995 0.661763 -10.855650 14.470597 -8.637669 14.863439 2.268289 -0.468569 -0.208299 -2.581815 -0.221782 5.500584 -0.001263 -0.000946 -0.000276 11.552186 -7.068095 -14.247388 2.345869 -10.016023 37.379411 -10.056750 -6.237710 -9.899002 4.723557 -2.309356 -10.174809 0.001262 -0.000020 1.000077 14.254385 -10.193059 -10.419748 0.478948 -2.149389 25.172117 -10.835205 -11.613921 -11.966384 -4.186142 0.101164 -1.720252 -0.001718 -0.000624 1.004125
142.697449 99.923004 -129.715134 -16.202681 -78.940205 16.207180 -4.879101 -2.710681 11.157236 0.438889 6.094179 -5.545306 -4.670667 -2.283393 10.101049 0.876810 3.155200 -3.348517 -6.295896 -1.351075 -13.277227 5.287278 21.691268 -2.832082 -0.000772 -0.000142 -0.001063 -0.418548 0.170400 -2.218821 -0.054958 -2.744371 0.179206 -0.443068 -1.004008 0.207921 3.301066 -11.369602 10.523074 -50.081849 -38.267019 -36.128691 164.471810 -57.824381 -151.238163 31.158022 -10.396607 -20.251974 -0.296277 -5.880984 9.470635 -9.141050 -12.502397 3.642523 -1.648375 -13.316601 -19.421300 -0.000199 -0.000095 -0.000791 -1.245106 -1.214995 1.690226 -0.346949 -2.138430 5.784985 -8.175020 1.877658 -2.311652 5.067696 -3.480449 -0.768279 0.000449 -0.000256 0.000225 -1.656279 -1.091349 0.125612 -5.266661 6.775631 6.374301 -5.907593 -0.127474 -0.747666 6.652319 -1.526587 4.153593 0.000266 -0.000309 -0.000170 0.777406 0.515627 -16.014200 -11.164091 11.791685 19.971683 -7.367718 0.108711 1.011855 -6.282968 1.194069 0.906305 -0.000049 -0.000496 0.000311 4.186076 2.533919 -13.250864 -16.089959 11.509767 14.896719 -5.544451 1.921958 0.887228 2.576134 1.963086 2.751494 -0.000219 -0.000386 0.000637 -9.619309 14.226092 13.748253 82.395035 47.697013 -8.814271 -178.633615 49.522132 -166.333218 -18.539524 6.594786 -2.650241 8.067385 7.177221 8.899574 11.263443 16.299536 2.926882 0.377784 9.602495 -6.942659 -0.000829 0.001314 -0.000001 11.247780 2.265246 0.047870 1.459346 -0.835620 8.989563 -3.769341 -1.611021 -0.191475 -6.179031 -0.330586 -14.904173 -0.000759 0.000432 0.000108 10.034881 2.999079 -1.220678 2.196230 -5.886487 6.690494 0.819722 -1.258069 -0.968146 -8.098160 2.189529 6.459364 -0.000015 0.000060 0.000082 6.123964 2.475653 -16.284307 6.778605 -9.588287 21.572348 2.671758 0.018806 -0.569307 5.879450 0.079006 -1.233571 0.001649 -0.000475 -0.001682 0.523997 0.770848 -10.977438 14.733529 -8.669061 14.851465 2.751445 -0.621137 -0.248456 -2.445296 -0.382546 5.055603 -0.001681 -0.000457 -0.000076 11.231345 -7.559365 -13.480822 3.103184 -10.240884 33.261493 -10.700915 -7.520377 -9.160879 4.731124 -2.301058 -10.202314 0.001322 0.000083 0.999964 14.167619 -10.737809 -9.689298 0.620272 -2.157177 24.681860 -10.880086 -11.746495 -12.029267 -4.190622 0.081259 -1.634141 -0.001614 -0.000609 1.003585
141.833023 100.073280 -129.722763 -17.427764 -78.962628 18.151002 -5.025268 -2.644251 11.432350 0.499455 6.063318 -6.020043 -4.707557 -1.911977 10.337992 1.009632 3.032610 -3.326436 -6.567065 -1.328269 -12.954072 5.422743 22.657815 -2.526027 -0.000865 -0.000074 -0.001042 -0.446615 0.191136 -2.199360 -0.078703 -2.840316 0.285127 -0.463407 -1.099487 0.304515 3.166798 -11.736290 10.531014 -49.403094 -37.777580 -36.630210 163.658770 -57.371835 -150.371328 30.361906 -10.305508 -21.923434 -0.105698 -5.507598 9.180969 -8.841091 -12.432577 3.279775 -1.758821 -12.851654 -19.114305 -0.000026 0.000111 -0.000720 -0.741921 -1.076673 1.356574 -1.701879 -1.769978 5.834812 -8.613479 1.736168 -2.279905 4.903301 -3.451175 -0.554101 0.000705 -0.000431 0.000358 -1.424233 -0.896696 0.077126 -6.703958 7.191142 6.086184 -6.388056 -0.297895 -0.727964 6.680588 -1.552424 4.018157 0.000017 -0.000148 -0.000263 0.765890 0.841451 -16.055805 -12.285171 12.063217 19.736036 -7.756203 -0.010697 0.890596 -6.563919 1.123715 0.522725 -0.000117 -0.000285 0.000501 3.819313 2.745617 -13.319386 -17.153686 11.736091 14.747574 -6.032321 1.753215 0.752033 2.371356 2.010473 2.340061 0.000005 -0.000440 0.000769 -9.539424 14.239683 13.713504 82.787929 47.877345 -8.265406 -178.085326 49.839420 -165.430746 -19.364455 6.217852 -3.801892 8.317253 6.914727 9.381269 10.920301 16.227945 2.481362 0.413016 9.131610 -6.734732 -0.000721 0.001376 0.000012 10.801578 2.302808 -0.011562 2.279448 -0.979871 9.102244 -3.481426 -1.596778 -0.249059 -6.147615 -0.130909 -14.281826 -0.000834 0.000568 -0.000045 9.608816 3.136344 -1.370472 2.971559 -6.124706 6.756419 1.145071 -1.236878 -0.982424 -8.049808 2.142809 6.256775 -0.000257 0.000054 0.000252 5.836341 2.547946 -16.291311 7.339576 -9.636597 21.510154 3.115308 -0.076734 -0.539355 6.245000 0.023367 -1.537624 0.001598 -0.000545 -0.001733 0.461826 0.977926 -11.096909 15.185922 -8.797757 14.904840 3.289630 -0.681352 -0.238434 -2.123576 -0.564067 4.522350 -0.001629 -0.000540 0.000164 11.242475 -7.157035 -13.056246 3.647284 -10.382689 29.701036 -11.247442 -9.520752 -8.684895 4.644824 -2.375158 -10.114983 0.001501 0.000303 0.999770 14.298699 -11.150694 -9.239249 1.170671 -2.045669 23.484412 -11.408371 -11.786011 -11.915589 -4.263995 -0.049963 -1.820973 -0.001451 -0.000670 1.003656
141.003845 100.084305 -129.714874 -19.307804 -79.572842 20.144303 -5.116280 -2.627246 11.420381 0.502384 6.058124 -6.191809 -4.685702 -1.778212 10.416477 1.250824 2.897933 -3.144652 -6.570058 -1.305880 -12.897706 5.516283 22.818960 -2.491166 -0.000838 -0.000103 -0.000902 -0.447230 0.190076 -2.195970 -0.094522 -2.918100 0.361257 -0.476797 -1.179846 0.380551 3.065701 -11.822338 10.538530 -48.853358 -37.514343 -36.854730 163.263196 -57.522863 -150.124283 30.812595 -10.257818 -21.582042 -0.119699 -5.293889 9.335499 -8.549845 -12.484584 3.124666 -1.749308 -12.502011 -18.840333 -0.000021 0.000155 -0.000633 -0.291701 -1.243535 1.314150 -2.386338 -1.728775 5.896664 -9.001912 1.543126 -2.183666 4.746979 -3.405364 -0.578462 0.000721 -0.000479 0.000381 -0.947393 -1.083107 0.082240 -7.292799 7.177839 5.962986 -6.880644 -0.393987 -0.671311 6.547257 -1.499359 3.839667 -0.000074 -0.000134 -0.000269 1.227839 0.652298 -16.112752 -12.695348 12.078206 19.697262 -8.271905 -0.036025 0.875196 -6.933211 1.144526 0.266459 -0.000081 -0.000220 0.000538 4.223802 2.480414 -13.410473 -17.432877 11.781720 14.696636 -6.625232 1.712000 0.726581 2.021308 2.100755 2.111507 0.000094 -0.000486 0.000778 -9.225285 14.445481 13.619942 82.716798 48.084906 -7.973144 -177.977676 50.115321 -165.268691 -19.482434 6.083919 -4.406666 8.252971 6.655576 9.368295 10.739593 16.113929 2.166394 0.495391 8.821297 -6.608949 -0.000569 0.001195 -0.000069 10.538040 2.214539 -0.218533 2.744568 -1.088959 9.058218 -3.158929 -1.507353 -0.285890 -6.084886 0.061341 -13.856013 -0.000919 0.000619 -0.000158 9.527316 3.018083 -1.436951 3.430336 -6.246504 6.679866 1.396109 -1.148701 -1.009367 -7.951237 2.166707 6.172013 -0.000469 0.000209 0.000232 5.842310 2.460434 -16.328677 7.694646 -9.727842 21.393723 3.396707 -0.109434 -0.565125 6.461297 0.038228 -1.687121 0.001309 0.000184 -0.001615 0.732519 0.998787 -11.151768 15.435324 -8.839770 14.873626 3.639014 -0.687983 -0.259874 -1.939991 -0.641104 4.230732 -0.002199 0.000128 0.000305 11.020703 -7.161350 -12.549750 4.035394 -10.409416 28.311887 -11.491879 -10.000171 -8.048257 4.650995 -2.422275 -10.130330 0.001516 0.000356 0.999677 14.230060 -11.513168 -8.939980 1.525285 -2.010281 23.639666 -11.309177 -11.715882 -12.191160 -4.276263 0.005595 -1.769065 -0.001420 -0.000643 1.002947
140.207489 99.964378 -129.692459 -20.675432 -80.822923 21.107624 -5.199342 -2.661366 11.215597 0.498997 6.101854 -6.101169 -4.698973 -1.802303 10.322105 1.476102 2.812509 -2.914622 -6.401271 -1.300798 -13.133709 5.678637 22.653345 -2.661350 -0.000713 -0.000218 -0.000744 -0.455730 0.159516 -2.193546 -0.101768 -3.001916 0.370040 -0.483846 -1.267647 0.397725 2.897751 -11.877489 10.468212 -48.284835 -37.437806 -36.993298 163.177879 -58.088881 -150.191192 31.500964 -9.770137 -19.253996 -0.148587 -4.954139 9.990085 -8.352374 -12.590657 3.014609 -1.720886 -12.028204 -18.421188 -0.000181 0.000061 -0.000554 0.217778 -1.588182 1.455587 -2.632741 -1.922136 5.940631 -9.207408 1.262812 -2.067787 4.498679 -3.388380 -0.653040 0.000547 -0.000375 0.000293 -0.255468 -1.492519 0.168202 -7.249064 6.788450 5.874940 -7.281803 -0.441954 -0.606309 6.311141 -1.405902 3.621087 0.000016 -0.000257 -0.000176 2.058132 0.089357 -16.180292 -12.539758 11.861397 19.817454 -8.730458 -0.035844 0.919912 -7.448141 1.200333 -0.055217 0.000061 -0.000322 0.000429 5.102084 1.845852 -13.548263 -17.081286 11.603914 14.727587 -7.143091 1.793229 0.777499 1.532824 2.241301 1.869116 0.000034 -0.000529 0.000652 -8.853121 14.727459 13.431869 82.453027 48.253046 -7.705246 -178.334545 50.488846 -165.737699 -18.716368 5.655037 -3.882040 7.933667 6.333954 9.251463 10.696138 15.972293 1.881638 0.646807 8.637039 -6.516738 -0.000438 0.000925 -0.000186 10.261123 2.232480 -0.367408 2.587679 -1.160744 8.854839 -3.222912 -1.456513 -0.315577 -6.159033 0.270576 -13.068489 -0.000966 0.000574 -0.000201 9.582765 2.836156 -1.434816 3.216752 -6.250588 6.493042 1.104080 -1.178806 -0.998849 -8.135388 2.220614 6.270873 -0.000584 0.000432 0.000051 5.949662 2.383140 -16.398485 7.374305 -9.677750 21.271352 3.091452 -0.208184 -0.584475 6.360574 0.084622 -1.690899 0.000931 0.001125 -0.001401 1.154690 1.042036 -11.192858 14.980551 -8.849215 14.846213 3.434498 -0.889456 -0.262189 -2.164138 -0.695220 4.152408 -0.002928 0.000953 0.000314 10.605670 -7.687473 -12.021053 3.871793 -10.500766 28.682515 -11.540940 -9.567593 -7.313635 4.603744 -2.388885 -10.097670 0.001343 0.000244 0.999707 13.858983 -11.794923 -9.017165 1.498287 -1.901019 25.301956 -10.616901 -11.464786 -12.673430 -4.352314 0.256154 -1.536430 -0.001491 -0.000532 1.002050
139.441422 99.963387 -129.656601 -21.597739 -81.152933 22.059583 -5.324685 -2.610360 11.168965 0.527381 6.160332 -6.152750 -4.719103 -1.765646 10.375276 1.543605 2.690372 -2.731330 -6.203084 -1.391664 -13.120537 5.673784 22.397859 -2.898053 -0.000644 -0.000261 -0.000669 -0.417165 0.161309 -2.212432 -0.110933 -3.023761 0.527389 -0.488292 -1.290113 0.555005 2.988923 -12.137118 10.363198 -48.037751 -37.971706 -36.650003 163.367473 -58.217604 -150.494711 31.815540 -9.803822 -19.118281 -0.150982 -4.738937 10.165940 -8.206020 -12.587753 2.864793 -1.774521 -11.739308 -18.208570 -0.000218 0.000038 -0.000506 0.501249 -1.586334 1.419258 -3.001255 -1.980574 6.013388 -9.354534 1.181487 -1.992340 4.375158 -3.413938 -0.568982 0.000482 -0.000353 0.000253 -0.001242 -1.504624 0.167633 -7.486896 6.713603 5.805829 -7.516040 -0.450478 -0.554559 6.269614 -1.383886 3.561205 0.000020 -0.000285 -0.000156 2.302602 0.043300 -16.184933 -12.656967 11.825266 19.796383 -8.964138 -0.011933 0.913468 -7.678065 1.200376 -0.212972 0.000100 -0.000328 0.000395 5.283186 1.763724 -13.600682 -17.132357 11.586074 14.687559 -7.431914 1.827138 0.785209 1.360934 2.309220 1.745424 0.000019 -0.000545 0.000579 -8.701768 14.598546 13.459471 82.462387 48.161252 -7.730015 -178.428967 50.470810 -165.916072 -19.330313 5.798708 -4.333271 7.978695 6.031527 9.343105 10.483715 15.891718 1.635578 0.692286 8.475299 -6.451964 -0.000376 0.000812 -0.000228 10.045128 2.140426 -0.421539 2.730502 -1.194252 8.854978 -3.169655 -1.389694 -0.332917 -6.174308 0.422405 -12.614572 -0.000996 0.000551 -0.000221 9.515468 2.722443 -1.433411 3.338335 -6.281964 6.462423 1.064857 -1.151005 -1.009676 -8.237062 2.254016 6.252955 -0.000666 0.000520 -0.000013 5.927305 2.334152 -16.402798 7.422498 -9.678309 21.183258 3.099438 -0.291830 -0.575633 6.379909 0.090909 -1.746407 0.000760 0.001558 -0.001322 1.299337 1.045541 -11.340378 15.000018 -8.860534 14.816195 3.518047 -1.024348 -0.236638 -2.219463 -0.762940 4.042627 -0.003277 0.001358 0.000339 10.444011 -7.818919 -11.854200 4.016860 -10.561111 28.433850 -11.454772 -9.699285 -7.150228 4.507673 -2.420821 -9.962767 0.001294 0.000210 0.999729 13.744851 -12.083945 -8.943809 1.644150 -1.855298 25.496760 -10.302351 -11.428083 -13.011578 -4.375994 0.304627 -1.400491 -0.001502 -0.000475 1.001636
138.703232 99.931023 -129.608368 -22.185725 -81.302353 22.614597 -5.506990 -2.599800 11.177694 0.566351 6.270530 -6.180151 -4.731123 -1.785143 10.382349 1.579861 2.596525 -2.698853 -6.072007 -1.415414 -13.224857 5.721546 22.309801 -2.924747 -0.000602 -0.000287 -0.000634 -0.405692 0.166925 -2.203113 -0.113208 -3.031454 0.552453 -0.489770 -1.298298 0.580127 3.026836 -12.507022 10.226926 -47.986299 -38.251295 -36.485727 163.191946 -58.411057 -150.199838 31.545398 -9.458861 -18.924758 -0.055552 -4.446400 10.333399 -8.068580 -12.525097 2.629663 -1.867229 -11.231315 -17.841750 -0.000270 0.000031 -0.000461 0.759933 -1.613002 1.301089 -3.670722 -1.910279 6.009296 -9.535584 0.966109 -1.952167 4.140054 -3.437935 -0.486185 0.000424 -0.000248 0.000194 0.162826 -1.544388 0.170674 -7.984215 6.669475 5.596197 -7.727752 -0.548914 -0.528277 6.175708 -1.367764 3.407150 0.000065 -0.000330 -0.000109 2.426484 -0.053711 -16.225103 -12.906897 11.755945 19.741524 -9.154074 -0.070050 0.850524 -8.032490 1.160739 -0.540420 0.000149 -0.000371 0.000366 5.225084 1.570750 -13.709985 -17.188062 11.533354 14.681265 -7.673949 1.776140 0.762951 1.074396 2.368705 1.427003 -0.000002 -0.000573 0.000513 -8.511341 14.580736 13.480506 82.411344 48.198967 -7.912029 -178.442099 50.566356 -165.904639 -19.220887 5.333328 -4.085319 8.171151 5.475633 9.688043 10.262629 15.683977 1.337620 0.784518 8.101504 -6.273412 -0.000340 0.000736 -0.000256 9.871887 2.025811 -0.327585 3.037813 -1.336614 8.813624 -3.053667 -1.379573 -0.323229 -6.157936 0.589726 -11.883358 -0.001037 0.000553 -0.000220 9.416329 2.621597 -1.318246 3.583797 -6.443692 6.441755 1.123012 -1.236227 -0.988532 -8.297253 2.234542 6.187968 -0.000709 0.000593 -0.000074 5.763595 2.257701 -16.301197 7.615441 -9.779115 21.163951 3.203921 -0.454076 -0.532000 6.539969 0.084528 -1.873096 0.000664 0.001848 -0.001261 1.268999 1.004806 -11.308796 15.118876 -8.937187 14.857251 3.762918 -1.199622 -0.182091 -2.115411 -0.898076 3.784892 -0.003485 0.001606 0.000326 10.387726 -8.196402 -11.643846 3.920212 -10.848143 28.240140 -11.450669 -10.084800 -7.181429 4.423525 -2.471613 -9.819803 0.001215 0.000161 0.999783 13.642099 -12.191221 -9.123419 1.828833 -1.813799 26.086304 -10.073194 -11.615245 -13.097657 -4.420553 0.371862 -1.301013 -0.001489 -0.000413 1.001377
137.990448 99.886742 -129.548798 -22.507619 -81.503137 22.900978 -5.677462 -2.568345 11.160309 0.588333 6.382555 -6.165259 -4.699758 -1.845002 10.349689 1.588283 2.539042 -2.611988 -5.962567 -1.460042 -13.309535 5.672966 22.173868 -3.108863 -0.000561 -0.000324 -0.000609 -0.390533 0.178200 -2.208473 -0.120978 -3.048163 0.562950 -0.497220 -1.315711 0.591157 3.125868 -12.740166 10.141056 -47.893854 -38.499440 -36.322443 162.909283 -58.748275 -149.994708 31.376116 -9.410284 -18.932677 0.047307 -4.322941 10.383416 -8.010470 -12.510632 2.523167 -1.913507 -11.033484 -17.697880 -0.000321 0.000015 -0.000434 0.943380 -1.601722 1.214433 -3.875846 -1.931322 5.998616 -9.573453 0.862343 -1.932412 4.061203 -3.453041 -0.466388 0.000364 -0.000168 0.000144 0.280507 -1.541684 0.164146 -8.097509 6.610498 5.484704 -7.795078 -0.618876 -0.516945 6.139013 -1.363779 3.336075 0.000121 -0.000380 -0.000063 2.517434 -0.096255 -16.260999 -12.942639 11.673892 19.721809 -9.221067 -0.088451 0.811838 -8.182526 1.134749 -0.662997 0.000191 -0.000405 0.000318 5.212849 1.471432 -13.774932 -17.078497 11.470914 14.668118 -7.758899 1.743028 0.753540 0.953295 2.388524 1.318200 -0.000045 -0.000575 0.000454 -8.442772 14.679965 13.467618 82.326509 48.215106 -7.959653 -178.409088 50.689059 -165.906513 -19.283608 5.469671 -4.004093 8.298498 5.291320 9.805891 10.153344 15.634989 1.249616 0.790787 8.009262 -6.220673 -0.000324 0.000669 -0.000278 9.791530 2.054561 -0.287979 3.103783 -1.396315 8.798346 -3.018331 -1.376201 -0.323301 -6.143002 0.668300 -11.612166 -0.001051 0.000537 -0.000201 9.376289 2.653535 -1.258132 3.581874 -6.508868 6.442687 1.133366 -1.257120 -0.996758 -8.331250 2.232929 6.181507 -0.000711 0.000651 -0.000135 5.676051 2.299060 -16.309786 7.634087 -9.820668 21.166528 3.221479 -0.522027 -0.506131 6.565952 0.086372 -1.896400 0.000587 0.002110 -0.001205 1.227611 1.037694 -11.384688 15.085982 -8.969636 14.882285 3.841650 -1.293167 -0.146134 -2.101150 -0.951513 3.734577 -0.003671 0.001829 0.000293 10.344195 -8.466465 -11.493704 3.758652 -11.031299 28.167063 -11.479112 -10.381478 -7.238078 4.329168 -2.500187 -9.723637 0.001144 0.000102 0.999838 13.559384 -12.255430 -9.222742 1.906688 -1.741835 26.410210 -9.898837 -11.806878 -13.234723 -4.452409 0.419954 -1.213872 -0.001479 -0.000359 1.001150
137.300613 99.793365 -129.478973 -22.227673 -81.619764 22.521609 -5.858680 -2.510777 11.159112 0.622846 6.506615 -6.148973 -4.713381 -1.878100 10.394763 1.627388 2.544910 -2.658735 -5.877541 -1.535198 -13.581848 5.740361 22.026995 -3.096521 -0.000514 -0.000313 -0.000632 -0.385227 0.195883 -2.231441 -0.123044 -3.032339 0.538996 -0.499989 -1.300165 0.566089 3.271697 -12.995230 10.039799 -47.944282 -38.750967 -36.120722 162.686843 -59.068755 -149.785984 30.872394 -9.310168 -18.669503 0.188059 -4.126086 10.439508 -7.994710 -12.459612 2.409587 -1.963765 -10.774805 -17.545228 -0.000364 -0.000017 -0.000386 1.053280 -1.507552 1.120933 -4.147471 -1.896281 5.998781 -9.614943 0.793552 -1.916381 3.929829 -3.472769 -0.414886 0.000276 -0.000073 0.000081 0.323178 -1.459023 0.192168 -8.318829 6.596696 5.370075 -7.842826 -0.648001 -0.508182 6.078060 -1.370000 3.273536 0.000200 -0.000409 -0.000029 2.536669 -0.051406 -16.253314 -13.048693 11.628764 19.677505 -9.275953 -0.110548 0.776180 -8.363450 1.094920 -0.821331 0.000197 -0.000449 0.000266 5.130007 1.468095 -13.784669 -17.062695 11.417392 14.689184 -7.868042 1.682388 0.737804 0.815525 2.405772 1.147899 -0.000106 -0.000546 0.000415 -8.397994 14.846696 13.415954 82.293515 48.202344 -8.140899 -178.257899 50.712752 -165.727515 -19.012089 5.449662 -3.842128 8.471325 5.139132 9.912212 10.063239 15.564009 1.179590 0.827096 7.828089 -6.147017 -0.000320 0.000649 -0.000288 9.778211 2.096857 -0.273168 3.241530 -1.458522 8.723850 -2.960776 -1.408505 -0.326615 -6.106912 0.764497 -11.274629 -0.001046 0.000513 -0.000174 9.373908 2.709263 -1.252602 3.667962 -6.600756 6.398463 1.200907 -1.316519 -0.995652 -8.333470 2.224812 6.175649 -0.000641 0.000662 -0.000176 5.625378 2.324805 -16.348152 7.732923 -9.857038 21.123312 3.268389 -0.610356 -0.490208 6.652671 0.097108 -1.941946 0.000623 0.002156 -0.001178 1.202859 1.065566 -11.442421 15.153677 -9.008537 14.882795 3.959142 -1.382090 -0.121685 -2.039509 -1.006433 3.613692 -0.003682 0.001839 0.000222 10.266961 -8.867738 -11.405954 3.534676 -11.250217 28.268738 -11.452289 -10.920774 -7.474608 4.259061 -2.510363 -9.600329 0.001066 0.000024 0.999900 13.424875 -12.232582 -9.481468 2.037555 -1.616514 27.071949 -9.836781 -11.902317 -13.374885 -4.477419 0.436654 -1.108274 -0.001470 -0.000331 1.001135
136.631302 99.743126 -129.399979 -23.064149 -81.888370 23.277302 -5.967873 -2.492801 11.154355 0.675050 6.563930 -6.068323 -4.724427 -1.865836 10.430083 1.709157 2.550829 -2.608176 -5.927474 -1.570115 -13.738901 5.586425 22.619644 -3.601780 -0.000488 -0.000340 -0.000640 -0.423593 0.193417 -2.254718 -0.130150 -3.107555 0.496140 -0.508379 -1.376084 0.523822 3.310402 -13.038540 9.933622 -47.890848 -38.997919 -36.041143 162.661405 -59.191940 -149.912701 30.265769 -9.430616 -18.360128 0.224353 -3.975701 10.513634 -8.004167 -12.368702 2.279419 -2.025985 -10.531575 -17.391128 -0.000417 -0.000026 -0.000361 1.112718 -1.447172 1.049342 -4.466213 -1.870334 6.041099 -9.716766 0.783640 -1.890521 3.790439 -3.491618 -0.293621 0.000229 0.000009 0.000035 0.330404 -1.382928 0.220499 -8.551438 6.561517 5.261413 -7.973897 -0.627708 -0.498099 6.028706 -1.380998 3.276814 0.000271 -0.000459 0.000020 2.538699 -0.013813 -16.265938 -13.181695 11.610098 19.645563 -9.378968 -0.116312 0.748973 -8.531358 1.074231 -0.920558 0.000234 -0.000480 0.000221 5.031685 1.477248 -13.775125 -17.091569 11.352097 14.651294 -7.977429 1.637231 0.735955 0.678999 2.441470 1.020310 -0.000150 -0.000530 0.000379 -8.446514 14.906194 13.360472 82.246297 48.198377 -8.092313 -178.236568 50.875539 -165.755934 -19.088651 5.768386 -4.003597 8.534405 5.065355 10.027209 9.918184 15.466128 1.034794 0.840464 7.703538 -6.078954 -0.000334 0.000625 -0.000288 9.611716 2.213687 -0.269696 3.369222 -1.469242 8.714946 -2.846740 -1.377313 -0.332174 -6.037521 0.860700 -10.993262 -0.001022 0.000506 -0.000146 9.242637 2.800505 -1.279478 3.730309 -6.558465 6.381944 1.254356 -1.307719 -0.997816 -8.330849 2.215735 6.134247 -0.000561 0.000688 -0.000215 5.517749 2.428471 -16.384295 7.735129 -9.807061 21.059320 3.324884 -0.624716 -0.460233 6.747725 0.101695 -2.021563 0.000612 0.002217 -0.001156 1.150708 1.195385 -11.544773 15.097739 -8.999909 14.863857 4.037453 -1.430973 -0.109619 -1.984019 -1.076632 3.482041 -0.003731 0.001901 0.000162 10.252149 -9.061135 -11.348836 3.408531 -11.369193 28.413406 -11.291319 -11.037797 -7.665556 4.201058 -2.487300 -9.490777 0.001007 -0.000034 0.999942 13.359458 -12.349078 -9.703511 2.092581 -1.639092 27.586239 -9.733467 -11.949390 -13.486916 -4.546215 0.463994 -1.061942 -0.001454 -0.000292 1.001076
135.980042 99.690071 -129.312866 -23.331241 -81.886163 23.422122 -6.069880 -2.441317 11.198434 0.714630 6.623577 -6.093987 -4.708077 -1.876533 10.483221 1.670427 2.608147 -2.612030 -5.921384 -1.697963 -13.843835 5.632359 22.349310 -3.613385 -0.000472 -0.000338 -0.000690 -0.399046 0.206097 -2.262076 -0.126012 -3.055457 0.519955 -0.503508 -1.322880 0.545468 3.430370 -13.178642 9.869316 -47.909605 -39.301271 -35.852300 162.639763 -59.434478 -149.930737 30.062810 -9.505278 -18.583841 0.241084 -4.012798 10.513762 -8.038834 -12.283989 2.240147 -2.066872 -10.527750 -17.405664 -0.000444 -0.000053 -0.000353 1.116289 -1.312275 1.029632 -4.400120 -1.918691 6.079771 -9.748052 0.801720 -1.870163 3.818271 -3.509299 -0.274815 0.000176 0.000088 -0.000011 0.293528 -1.238854 0.270986 -8.498775 6.547581 5.248251 -7.990125 -0.615281 -0.478376 6.081054 -1.390250 3.298542 0.000335 -0.000491 0.000041 2.479266 0.109746 -16.222315 -13.149794 11.619621 19.664437 -9.381411 -0.128518 0.733275 -8.495639 1.063319 -0.880555 0.000237 -0.000528 0.000194 4.915871 1.625539 -13.726969 -17.017113 11.341416 14.649213 -7.994358 1.586162 0.752272 0.707701 2.449436 1.020152 -0.000200 -0.000521 0.000349 -8.484718 15.010192 13.413049 82.222910 48.115181 -8.336492 -178.029256 50.990701 -165.533164 -19.186276 6.066379 -4.348836 8.645380 5.154124 9.997464 9.947559 15.433883 1.062098 0.849928 7.744951 -6.104923 -0.000385 0.000664 -0.000261 9.679370 2.166614 -0.256634 3.371780 -1.463434 8.695067 -2.848922 -1.356439 -0.341083 -6.088487 0.878337 -10.963724 -0.001003 0.000505 -0.000090 9.323837 2.771926 -1.308816 3.680057 -6.549878 6.385257 1.221804 -1.322026 -1.016456 -8.386927 2.227046 6.165717 -0.000456 0.000661 -0.000231 5.583789 2.383042 -16.411736 7.708697 -9.824510 21.013403 3.299468 -0.639709 -0.463148 6.673520 0.115883 -1.963361 0.000699 0.002042 -0.001184 1.236113 1.144245 -11.594073 15.057600 -9.019939 14.828544 4.049752 -1.468618 -0.102550 -2.034211 -1.072360 3.535901 -0.003600 0.001742 0.000083 10.251083 -9.333127 -11.319650 3.356814 -11.484526 28.485889 -11.211619 -11.105891 -7.794609 4.186077 -2.497382 -9.424326 0.000957 -0.000083 1.000009 13.295422 -12.375090 -9.896773 2.221155 -1.712545 28.035525 -9.545345 -12.185976 -13.817118 -4.572183 0.479671 -0.923657 -0.001462 -0.000277 1.001249
135.344437 99.654678 -129.218719 -23.218020 -81.988252 23.215021 -6.130265 -2.391817 11.176426 0.776589 6.657651 -6.040328 -4.711094 -1.816845 10.507979 1.639457 2.657934 -2.493723 -6.003423 -1.735388 -13.968096 5.559904 22.564164 -4.041429 -0.000456 -0.000317 -0.000755 -0.400896 0.211049 -2.264531 -0.123952 -3.045241 0.471304 -0.502918 -1.311397 0.495764 3.480968 -13.105491 9.903112 -47.800195 -39.409649 -35.760450 162.669438 -59.679391 -150.065903 29.506269 -9.626907 -18.431779 0.164828 -3.764368 10.645447 -8.108015 -12.106551 2.078756 -2.157956 -10.237100 -17.184240 -0.000458 -0.000070 -0.000339 1.077299 -1.154116 0.995275 -4.760221 -1.805174 6.180750 -9.890882 0.844838 -1.828885 3.700644 -3.546742 -0.112301 0.000136 0.000156 -0.000063 0.235991 -1.077152 0.352593 -8.831390 6.614291 5.196574 -8.178673 -0.544068 -0.447404 6.061818 -1.407071 3.319959 0.000401 -0.000510 0.000061 2.430905 0.234169 -16.127730 -13.381529 11.741885 19.633460 -9.533952 -0.093062 0.723779 -8.639916 1.044259 -0.979510 0.000227 -0.000559 0.000170 4.791036 1.792993 -13.623914 -17.246280 11.357997 14.620130 -8.191142 1.554864 0.764281 0.600793 2.492361 0.875993 -0.000258 -0.000501 0.000335 -8.672998 15.071089 13.431485 82.218986 48.028558 -8.312555 -177.850570 51.196151 -165.446006 -19.389356 6.572948 -4.714150 8.733825 5.126246 10.074889 9.835071 15.351319 0.924463 0.875763 7.608613 -6.041078 -0.000443 0.000731 -0.000229 9.536561 2.267135 -0.278774 3.533485 -1.454726 8.656808 -2.806974 -1.341497 -0.345579 -6.110971 0.987277 -10.592012 -0.000963 0.000496 -0.000035 9.232218 2.860184 -1.370388 3.757631 -6.498148 6.324838 1.214637 -1.342622 -1.011838 -8.476876 2.237923 6.159933 -0.000333 0.000608 -0.000231 5.528269 2.475470 -16.483034 7.700742 -9.759747 20.908888 3.320469 -0.679458 -0.454286 6.690680 0.127829 -2.003082 0.000826 0.001752 -0.001225 1.252947 1.261495 -11.711547 15.022313 -9.005406 14.765252 4.134779 -1.562722 -0.106057 -2.070155 -1.121010 3.424950 -0.003393 0.001479 -0.000004 10.235785 -9.526003 -11.363805 3.192660 -11.486215 28.606345 -11.218293 -11.288956 -7.674983 4.138788 -2.495324 -9.306490 0.000912 -0.000135 1.000064 13.161458 -12.576335 -10.073819 2.261217 -1.795291 28.402752 -9.302222 -12.337338 -14.059056 -4.583980 0.515289 -0.855155 -0.001462 -0.000270 1.001516
134.722015 99.642448 -129.118622 -22.832408 -82.056520 22.701140 -6.145163 -2.342724 11.146151 0.820724 6.700734 -5.997132 -4.714961 -1.767880 10.494469 1.590489 2.653111 -2.386015 -6.088506 -1.731748 -14.025466 5.528100 22.730549 -4.364252 -0.000455 -0.000294 -0.000820 -0.404265 0.214461 -2.255158 -0.118284 -3.021407 0.410329 -0.499079 -1.286304 0.432946 3.434749 -13.002927 9.969605 -47.727672 -39.415021 -35.589638 162.633456 -60.018017 -150.067482 28.984528 -9.669568 -18.322092 0.091182 -3.629011 10.729267 -8.146449 -11.981644 1.961430 -2.240774 -10.024603 -16.988005 -0.000467 -0.000106 -0.000343 1.081853 -1.075675 0.967852 -5.040457 -1.695854 6.248452 -10.025415 0.845378 -1.796522 3.623068 -3.565538 -0.028176 0.000085 0.000217 -0.000100 0.227434 -0.994044 0.423386 -9.109440 6.692344 5.136805 -8.347210 -0.512154 -0.420252 6.038542 -1.417972 3.312184 0.000463 -0.000525 0.000060 2.420233 0.288152 -16.047661 -13.588278 11.859601 19.616355 -9.692448 -0.062906 0.702967 -8.765497 1.033610 -1.044049 0.000203 -0.000607 0.000155 4.702077 1.878138 -13.546946 -17.395712 11.397666 14.600397 -8.387531 1.522816 0.766925 0.478756 2.526021 0.772249 -0.000309 -0.000501 0.000321 -8.850353 15.169903 13.526971 82.199005 47.912082 -8.317701 -177.657488 51.466462 -165.272600 -19.348153 6.824744 -4.958708 8.813001 5.073707 10.155768 9.734302 15.265193 0.812141 0.906471 7.502319 -5.977995 -0.000511 0.000800 -0.000198 9.393284 2.283246 -0.296036 3.738548 -1.469027 8.636326 -2.678439 -1.308606 -0.339996 -6.085240 1.066007 -10.359912 -0.000950 0.000493 0.000022 9.128641 2.868278 -1.354413 3.898027 -6.493289 6.276497 1.302088 -1.322351 -1.008001 -8.478869 2.243743 6.126171 -0.000228 0.000557 -0.000231 5.434913 2.477319 -16.472995 7.814382 -9.764973 20.851411 3.440402 -0.694663 -0.454348 6.765383 0.140627 -2.039389 0.000960 0.001451 -0.001271 1.244177 1.276229 -11.695610 15.054080 -8.998256 14.740746 4.311206 -1.585272 -0.115771 -2.001512 -1.156249 3.320459 -0.003170 0.001213 -0.000089 10.171299 -9.693094 -11.389110 3.058942 -11.518985 28.704607 -11.261232 -11.404117 -7.551201 4.106244 -2.520358 -9.207825 0.000874 -0.000177 1.000123 13.031812 -12.881453 -10.067678 2.223669 -1.894040 28.462246 -9.070882 -12.548896 -14.126072 -4.602159 0.576522 -0.844745 -0.001475 -0.000282 1.001793
134.110397 99.655167 -129.013657 -22.230317 -82.058765 21.925656 -6.131935 -2.303537 11.086847 0.836152 6.728398 -5.932822 -4.696359 -1.709625 10.493959 1.509618 2.620469 -2.279571 -6.156186 -1.736523 -14.066103 5.529805 22.787991 -4.568577 -0.000463 -0.000255 -0.000891 -0.393287 0.213559 -2.230509 -0.114424 -2.988278 0.414680 -0.495077 -1.251045 0.435052 3.300306 -12.975535 10.053619 -47.626962 -39.390244 -35.402807 162.448580 -60.371090 -149.912913 28.235411 -9.685163 -17.985647 0.028695 -3.433740 10.857659 -8.213767 -11.883936 1.832215 -2.338020 -9.728977 -16.723267 -0.000459 -0.000141 -0.000355 1.071406 -1.094853 0.933109 -5.345867 -1.550884 6.294572 -10.074854 0.871602 -1.775482 3.482815 -3.598190 0.174487 0.000047 0.000250 -0.000125 0.219263 -1.000662 0.477061 -9.360308 6.765479 5.058847 -8.450914 -0.424149 -0.412249 6.000998 -1.432758 3.361725 0.000505 -0.000523 0.000040 2.426707 0.263495 -15.974745 -13.700755 11.912250 19.582273 -9.759548 -0.000180 0.675964 -8.949226 1.024278 -1.162097 0.000160 -0.000645 0.000158 4.638829 1.878446 -13.468608 -17.471282 11.409247 14.594198 -8.530637 1.528266 0.753500 0.338167 2.573461 0.617380 -0.000346 -0.000507 0.000319 -8.990959 15.265069 13.625168 82.220428 47.806432 -8.248067 -177.364875 51.799373 -164.953156 -19.247333 7.055266 -5.049921 8.869159 4.987124 10.310787 9.627081 15.187355 0.650767 0.960091 7.323528 -5.873551 -0.000581 0.000887 -0.000165 9.189658 2.450825 -0.325252 3.843421 -1.482750 8.595409 -2.627459 -1.293607 -0.351626 -6.018653 1.171819 -9.971852 -0.000947 0.000493 0.000067 8.976957 3.014231 -1.384118 3.918460 -6.497090 6.214194 1.312372 -1.325867 -1.005512 -8.477215 2.231912 6.069246 -0.000145 0.000489 -0.000216 5.304656 2.624514 -16.519229 7.764201 -9.711603 20.803135 3.490517 -0.726225 -0.460995 6.898002 0.144615 -2.134069 0.001116 0.001087 -0.001328 1.205218 1.432258 -11.774322 14.923169 -8.995838 14.748048 4.433313 -1.644019 -0.131802 -1.927897 -1.220325 3.135994 -0.002899 0.000883 -0.000161 10.102237 -9.752770 -11.390538 2.949381 -11.526567 28.740895 -11.371609 -11.606022 -7.349514 4.083900 -2.560529 -9.095197 0.000856 -0.000200 1.000168 12.888129 -13.302095 -9.986397 2.150570 -2.027229 28.448447 -8.749289 -12.684676 -14.201872 -4.618714 0.659180 -0.910002 -0.001492 -0.000310 1.002132
133.507187 99.694046 -128.904892 -21.759632 -82.010911 21.343371 -6.101175 -2.297944 10.996902 0.834724 6.783663 -5.902817 -4.696237 -1.664909 10.477872 1.427783 2.613120 -2.188225 -6.194602 -1.736878 -14.108836 5.573857 22.868433 -4.621670 -0.000482 -0.000213 -0.000960 -0.383983 0.215864 -2.213001 -0.108486 -2.956240 0.446725 -0.488167 -1.216695 0.465179 3.054092 -12.945377 10.093817 -47.420921 -39.381932 -35.228211 162.341069 -60.729531 -149.855029 27.854723 -9.550077 -18.011243 0.111289 -3.280958 10.920044 -8.213355 -11.819441 1.734544 -2.392381 -9.470739 -16.520168 -0.000443 -0.000180 -0.000376 1.155031 -1.101786 0.915819 -5.583301 -1.445626 6.334080 -10.130861 0.900412 -1.760919 3.336233 -3.630536 0.329918 0.000016 0.000283 -0.000137 0.291111 -0.993082 0.528036 -9.532287 6.799439 5.005981 -8.574798 -0.357180 -0.421923 5.908454 -1.455889 3.398631 0.000537 -0.000510 0.000007 2.492615 0.251849 -15.923442 -13.748250 11.933481 19.544169 -9.868016 0.043911 0.656874 -9.149275 1.018449 -1.252024 0.000110 -0.000693 0.000179 4.641791 1.880792 -13.398149 -17.476663 11.381760 14.571528 -8.709357 1.524859 0.735061 0.176158 2.611353 0.491212 -0.000371 -0.000536 0.000310 -9.065101 15.350877 13.716849 82.174646 47.622668 -8.259200 -177.163439 52.079171 -164.732726 -19.256321 7.231864 -5.444401 8.772825 4.964615 10.327697 9.505512 15.101378 0.523200 0.999556 7.105571 -5.791230 -0.000651 0.000979 -0.000134 8.965056 2.539993 -0.373945 3.982513 -1.482749 8.584541 -2.510725 -1.281835 -0.358774 -5.877977 1.273879 -9.698963 -0.000960 0.000498 0.000105 8.835575 3.065542 -1.396431 3.997565 -6.479807 6.175009 1.397314 -1.300634 -1.006168 -8.380622 2.232853 6.019782 -0.000097 0.000425 -0.000192 5.204544 2.693313 -16.555818 7.790050 -9.679754 20.766323 3.610583 -0.741040 -0.472519 7.063164 0.152777 -2.212321 0.001272 0.000687 -0.001389 1.218293 1.519238 -11.816478 14.878919 -8.972577 14.746273 4.602116 -1.673766 -0.161864 -1.804543 -1.262498 2.976763 -0.002599 0.000520 -0.000219 9.994451 -9.850276 -11.366469 3.015930 -11.575963 28.608261 -11.457952 -11.702861 -7.134488 4.052615 -2.574822 -9.020241 0.000837 -0.000208 1.000210 12.774604 -13.791215 -9.834903 2.114582 -2.153816 28.186157 -8.461210 -12.806541 -14.272280 -4.649050 0.740902 -0.929677 -0.001515 -0.000354 1.002500
132.909973 99.733543 -128.793427 -21.445562 -81.960466 20.877759 -6.046666 -2.331127 10.891438 0.808327 6.809057 -5.854164 -4.711824 -1.622589 10.472715 1.334482 2.630300 -2.123862 -6.255058 -1.744030 -14.172945 5.614412 22.911640 -4.631739 -0.000493 -0.000154 -0.001032 -0.374041 0.215793 -2.197125 -0.099667 -2.911531 0.474080 -0.478500 -1.169503 0.490967 2.731900 -12.957750 10.124236 -46.975176 -39.293469 -35.208309 162.143766 -61.010165 -149.728603 27.545288 -9.414092 -18.106926 0.275129 -3.118599 10.976630 -8.211553 -11.800929 1.636697 -2.426882 -9.202807 -16.340495 -0.000416 -0.000218 -0.000386 1.253535 -1.149058 0.886399 -5.820528 -1.374225 6.358000 -10.147247 0.932746 -1.751267 3.142990 -3.676634 0.540351 -0.000014 0.000318 -0.000154 0.368027 -1.024326 0.550639 -9.653142 6.784471 4.967331 -8.663487 -0.281808 -0.458483 5.790308 -1.493395 3.467214 0.000565 -0.000482 -0.000034 2.560836 0.207148 -15.902916 -13.717999 11.873231 19.495793 -9.929989 0.084390 0.630200 -9.394794 1.009670 -1.365465 0.000050 -0.000741 0.000206 4.650118 1.835684 -13.349813 -17.405173 11.293596 14.551661 -8.857620 1.540559 0.709881 -0.011299 2.654314 0.343511 -0.000397 -0.000570 0.000293 -9.098469 15.477543 13.771352 82.144804 47.449598 -8.250804 -177.025675 52.331358 -164.568403 -19.265846 7.417161 -5.968077 8.585956 4.925727 10.342308 9.380392 15.001952 0.366669 1.044407 6.832886 -5.701641 -0.000717 0.001077 -0.000106 8.700024 2.651033 -0.435780 4.064806 -1.482636 8.568096 -2.432483 -1.274537 -0.369685 -5.680926 1.401544 -9.360180 -0.000969 0.000497 0.000134 8.680722 3.136960 -1.430037 4.024066 -6.458692 6.140700 1.453116 -1.298391 -1.011082 -8.257933 2.232899 5.968143 -0.000058 0.000355 -0.000157 5.118547 2.800943 -16.617312 7.724950 -9.624227 20.732910 3.684290 -0.762674 -0.490030 7.261043 0.158262 -2.323464 0.001445 0.000269 -0.001458 1.258267 1.660350 -11.895640 14.767376 -8.946702 14.749136 4.732121 -1.730652 -0.199710 -1.682361 -1.315770 2.781233 -0.002276 0.000131 -0.000274 9.886318 -9.942648 -11.260182 3.137143 -11.604278 28.411719 -11.630267 -11.775743 -6.911014 4.046506 -2.561026 -8.954134 0.000809 -0.000213 1.000246 12.672902 -14.241712 -9.668155 2.074352 -2.290141 27.980803 -8.222542 -12.870338 -14.313802 -4.683150 0.834613 -0.892294 -0.001530 -0.000406 1.002895
132.168228 99.768700 -128.651947 -21.406690 -81.868144 20.659124 -5.998512 -2.366229 10.741942 0.786936 6.825829 -5.774265 -4.756339 -1.568921 10.496450 1.325482 2.610048 -2.045743 -6.299140 -1.706556 -14.186267 5.629845 22.954191 -4.667000 -0.000485 -0.000106 -0.001065 -0.369526 0.211304 -2.190327 -0.099003 -2.891739 0.528718 -0.476158 -1.147885 0.545513 2.509721 -13.015491 10.168362 -46.521803 -39.214971 -35.201429 162.000482 -61.197270 -149.690494 27.442984 -9.400217 -18.022724 0.386842 -2.942499 11.061858 -8.190653 -11.790079 1.544566 -2.434036 -8.936505 -16.173324 -0.000396 -0.000245 -0.000382 1.316957 -1.229167 0.874203 -6.080601 -1.323652 6.390050 -10.196865 0.964368 -1.718688 2.933839 -3.718946 0.762908 -0.000043 0.000338 -0.000178 0.448013 -1.106163 0.564080 -9.788271 6.747520 4.958091 -8.776735 -0.208410 -0.482219 5.645954 -1.525041 3.551958 0.000588 -0.000460 -0.000061 2.659464 0.128551 -15.888349 -13.704762 11.765264 19.443414 -10.033428 0.134592 0.614816 -9.669926 1.008765 -1.469565 0.000008 -0.000768 0.000220 4.735715 1.750488 -13.317596 -17.345067 11.185381 14.533749 -9.037290 1.568113 0.700711 -0.227961 2.696422 0.217725 -0.000426 -0.000590 0.000274 -9.049850 15.575893 13.825184 82.058491 47.229326 -8.338309 -176.918939 52.482632 -164.518588 -19.291815 7.703506 -6.339628 8.455859 4.852420 10.331050 9.213751 14.874199 0.184714 1.077000 6.509377 -5.593492 -0.000749 0.001118 -0.000100 8.465243 2.763338 -0.542137 4.229182 -1.515792 8.540686 -2.254935 -1.261523 -0.372450 -5.415033 1.529068 -9.059891 -0.000974 0.000487 0.000148 8.559181 3.198163 -1.455196 4.143935 -6.450344 6.081750 1.630710 -1.283663 -1.017898 -8.052750 2.230937 5.887625 -0.000048 0.000321 -0.000138 5.061982 2.897545 -16.671825 7.757547 -9.603620 20.684408 3.861240 -0.760404 -0.508975 7.539110 0.165752 -2.471047 0.001546 0.000078 -0.001493 1.312618 1.774486 -11.963165 14.794751 -8.912671 14.736115 4.936241 -1.743763 -0.239439 -1.478673 -1.367247 2.545726 -0.002132 -0.000037 -0.000313 9.798913 -10.112334 -11.152676 3.293861 -11.638777 28.298974 -11.827548 -11.852648 -6.725418 4.078511 -2.529665 -8.906914 0.000777 -0.000224 1.000272 12.606109 -14.592247 -9.513863 2.056955 -2.443419 27.868994 -8.008300 -12.910535 -14.274448 -4.678912 0.887244 -0.867573 -0.001535 -0.000438 1.003071
131.723877 99.759712 -128.566711 -20.787715 -81.729573 19.931691 -5.973578 -2.431260 10.675993 0.739239 6.808453 -5.789878 -4.841110 -1.499500 10.493518 1.400417 2.591351 -2.012617 -6.410458 -1.670287 -14.116089 5.647840 23.110423 -4.660362 -0.000477 -0.000065 -0.001101 -0.390943 0.199194 -2.195526 -0.106599 -2.914931 0.525212 -0.483857 -1.170182 0.540938 2.500829 -13.089144 10.211569 -46.403455 -39.109529 -35.195371 162.161700 -61.133879 -149.948772 27.275415 -9.514081 -17.852239 0.333471 -2.799993 11.207380 -8.123416 -11.738093 1.483325 -2.412613 -8.819882 -16.112889 -0.000383 -0.000273 -0.000382 1.331699 -1.181529 0.876397 -6.117145 -1.327053 6.445604 -10.147904 1.032849 -1.667582 2.880467 -3.756603 0.999090 -0.000078 0.000340 -0.000199 0.497270 -1.076818 0.608189 -9.791298 6.716775 4.982635 -8.745077 -0.105322 -0.472132 5.644348 -1.563492 3.709054 0.000609 -0.000445 -0.000087 2.744914 0.179609 -15.805901 -13.708758 11.687833 19.387359 -10.005120 0.179344 0.612371 -9.753517 1.012733 -1.485802 -0.000028 -0.000793 0.000231 4.802742 1.810898 -13.194720 -17.303034 11.097085 14.488853 -9.093086 1.613142 0.697733 -0.286353 2.719814 0.190416 -0.000447 -0.000605 0.000254 -9.066844 15.583382 13.899165 82.130379 47.042806 -8.464339 -177.051820 52.480730 -164.748317 -19.325266 7.811270 -6.366392 8.557389 4.781645 10.453672 9.083413 14.768320 0.068299 1.070858 6.360072 -5.535761 -0.000783 0.001167 -0.000089 8.372007 2.795465 -0.538183 4.253418 -1.565294 8.557463 -2.272294 -1.287264 -0.355289 -5.308692 1.587294 -8.829783 -0.000984 0.000481 0.000163 8.505088 3.178171 -1.425952 4.137273 -6.439759 6.072673 1.622187 -1.350052 -0.994064 -8.004976 2.219710 5.873523 -0.000035 0.000290 -0.000127 5.017005 2.902388 -16.636749 7.721347 -9.616995 20.661590 3.868591 -0.808866 -0.493341 7.643433 0.158026 -2.528554 0.001632 -0.000134 -0.001529 1.328837 1.753266 -11.908025 14.764784 -8.878835 14.742296 4.986485 -1.803851 -0.230816 -1.424335 -1.402953 2.462177 -0.001989 -0.000213 -0.000347 9.737102 -10.197098 -11.213231 3.309286 -11.665005 28.350673 -12.020912 -11.910215 -6.718917 4.097878 -2.525105 -8.816155 0.000745 -0.000232 1.000293 12.491819 -14.927154 -9.459824 2.046969 -2.620901 27.867138 -7.830184 -12.736397 -14.275372 -4.711261 0.925957 -0.893487 -0.001540 -0.000467 1.003266
