HIERARCHY
ROOT Hips
{
  OFFSET 0.000000 0.000000 0.000000
  CHANNELS 6 Xposition Yposition Zposition Zrotation Yrotation Xrotation
  JOINT Spine1
  {
    OFFSET -0.013727 5.003763 -0.053727
    CHANNELS 3 Zrotation Yrotation Xrotation
    JOINT Spine2
    {
      OFFSET -0.000000 7.125301 -0.029825
      CHANNELS 3 Zrotation Yrotation Xrotation
      JOINT Chest
      {
        OFFSET -0.000001 7.550063 -0.815971
        CHANNELS 3 Zrotation Yrotation Xrotation
        JOINT Neck1
        {
          OFFSET -0.181677 26.311295 -0.553348
          CHANNELS 3 Zrotation Yrotation Xrotation
          JOINT Neck2
          {
            OFFSET -0.000003 7.709397 2.302585
            CHANNELS 3 Zrotation Yrotation Xrotation
            JOINT Head
            {
              OFFSET -0.000005 6.128916 1.953709
              CHANNELS 3 Zrotation Yrotation Xrotation
              JOINT HeadEnd
              {
                OFFSET 0.003598 16.065403 -1.835379
                CHANNELS 3 Zrotation Yrotation Xrotation
                End Site
                {
                  OFFSET 0.0 1.0 0.0
                }
              }
              JOINT Jaw
              {
                OFFSET 0.002637 0.475592 3.094941
                CHANNELS 3 Zrotation Yrotation Xrotation
                End Site
                {
                  OFFSET 0.0 1.0 0.0
                }
              }
              JOINT LeftEye
              {
                OFFSET 3.206381 5.380205 7.586883
                CHANNELS 3 Zrotation Yrotation Xrotation
                End Site
                {
                  OFFSET 0.0 1.0 0.0
                }
              }
              JOINT RightEye
              {
                OFFSET -3.222440 5.361869 7.558234
                CHANNELS 3 Zrotation Yrotation Xrotation
                End Site
                {
                  OFFSET 0.0 1.0 0.0
                }
              }
            }
          }
        }
        JOINT LeftShoulder
        {
          OFFSET 1.621652 23.237164 5.113413
          CHANNELS 3 Zrotation Yrotation Xrotation
          JOINT LeftArm
          {
            OFFSET 14.919846 0.000002 -5.502326
            CHANNELS 3 Zrotation Yrotation Xrotation
            JOINT LeftForeArm
            {
              OFFSET 28.739307 0.000000 -0.002588
              CHANNELS 3 Zrotation Yrotation Xrotation
              JOINT LeftHand
              {
                OFFSET 27.093981 -0.000001 0.002609
                CHANNELS 3 Zrotation Yrotation Xrotation
                JOINT LeftHandThumb1
                {
                  OFFSET 2.276482 -1.392045 3.191413
                  CHANNELS 3 Zrotation Yrotation Xrotation
                  JOINT LeftHandThumb2
                  {
                    OFFSET 4.012836 -1.828127 1.641654
                    CHANNELS 3 Zrotation Yrotation Xrotation
                    JOINT LeftHandThumb3
                    {
                      OFFSET 2.798515 0.000000 -0.000003
                      CHANNELS 3 Zrotation Yrotation Xrotation
                      JOINT LeftHandThumbEnd
                      {
                        OFFSET 3.180793 -0.000004 0.000004
                        CHANNELS 3 Zrotation Yrotation Xrotation
                        End Site
                        {
                          OFFSET 0.0 1.0 0.0
                        }
                      }
                    }
                  }
                }
                JOINT LeftHandIndex1
                {
                  OFFSET 3.247555 -0.531998 2.296169
                  CHANNELS 3 Zrotation Yrotation Xrotation
                  JOINT LeftHandIndex2
                  {
                    OFFSET 6.364578 0.012060 0.178600
                    CHANNELS 3 Zrotation Yrotation Xrotation
                    JOINT LeftHandIndex3
                    {
                      OFFSET 3.662364 0.000000 0.000000
                      CHANNELS 3 Zrotation Yrotation Xrotation
                      JOINT LeftHandIndex4
                      {
                        OFFSET 2.329242 0.000004 0.000004
                        CHANNELS 3 Zrotation Yrotation Xrotation
                        JOINT LeftHandIndexEnd
                        {
                          OFFSET 2.759615 -0.180537 -0.113024
                          CHANNELS 3 Zrotation Yrotation Xrotation
                          End Site
                          {
                            OFFSET 0.0 1.0 0.0
                          }
                        }
                      }
                    }
                  }
                }
                JOINT LeftHandMiddle1
                {
                  OFFSET 3.163495 0.240981 1.000332
                  CHANNELS 3 Zrotation Yrotation Xrotation
                  JOINT LeftHandMiddle2
                  {
                    OFFSET 6.190780 -0.259278 -1.002548
                    CHANNELS 3 Zrotation Yrotation Xrotation
                    JOINT LeftHandMiddle3
                    {
                      OFFSET 4.356520 -0.000004 -0.000001
                      CHANNELS 3 Zrotation Yrotation Xrotation
                      JOINT LeftHandMiddle4
                      {
                        OFFSET 2.996877 -0.000008 0.000000
                        CHANNELS 3 Zrotation Yrotation Xrotation
                        JOINT LeftHandMiddleEnd
                        {
                          OFFSET 2.304287 -0.294569 -0.031741
                          CHANNELS 3 Zrotation Yrotation Xrotation
                          End Site
                          {
                            OFFSET 0.0 1.0 0.0
                          }
                        }
                      }
                    }
                  }
                }
                JOINT LeftHandRing1
                {
                  OFFSET 2.882643 -0.053652 -0.322543
                  CHANNELS 3 Zrotation Yrotation Xrotation
                  JOINT LeftHandRing2
                  {
                    OFFSET 5.854541 -0.486202 -1.373841
                    CHANNELS 3 Zrotation Yrotation Xrotation
                    JOINT LeftHandRing3
                    {
                      OFFSET 4.350578 0.000000 0.000003
                      CHANNELS 3 Zrotation Yrotation Xrotation
                      JOINT LeftHandRing4
                      {
                        OFFSET 2.651321 0.000007 0.000002
                        CHANNELS 3 Zrotation Yrotation Xrotation
                        JOINT LeftHandRingEnd
                        {
                          OFFSET 1.936105 0.077687 -0.000071
                          CHANNELS 3 Zrotation Yrotation Xrotation
                          End Site
                          {
                            OFFSET 0.0 1.0 0.0
                          }
                        }
                      }
                    }
                  }
                }
                JOINT LeftHandPinky1
                {
                  OFFSET 2.865500 -0.310005 -1.600378
                  CHANNELS 3 Zrotation Yrotation Xrotation
                  JOINT LeftHandPinky2
                  {
                    OFFSET 5.087849 -1.331141 -1.771230
                    CHANNELS 3 Zrotation Yrotation Xrotation
                    JOINT LeftHandPinky3
                    {
                      OFFSET 3.070974 0.000004 0.000000
                      CHANNELS 3 Zrotation Yrotation Xrotation
                      JOINT LeftHandPinky4
                      {
                        OFFSET 1.549672 0.000000 0.000001
                        CHANNELS 3 Zrotation Yrotation Xrotation
                        JOINT LeftHandPinkyEnd
                        {
                          OFFSET 1.944893 -0.157802 0.057219
                          CHANNELS 3 Zrotation Yrotation Xrotation
                          End Site
                          {
                            OFFSET 0.0 1.0 0.0
                          }
                        }
                      }
                    }
                  }
                }
              }
            }
          }
        }
        JOINT RightShoulder
        {
          OFFSET -1.380118 23.180309 5.214158
          CHANNELS 3 Zrotation Yrotation Xrotation
          JOINT RightArm
          {
            OFFSET -15.037196 0.000012 -5.545604
            CHANNELS 3 Zrotation Yrotation Xrotation
            JOINT RightForeArm
            {
              OFFSET -28.736639 0.000002 -0.002597
              CHANNELS 3 Zrotation Yrotation Xrotation
              JOINT RightHand
              {
                OFFSET -27.133619 -0.000000 0.002613
                CHANNELS 3 Zrotation Yrotation Xrotation
                JOINT RightHandThumb1
                {
                  OFFSET -2.274032 -1.383988 3.163127
                  CHANNELS 3 Zrotation Yrotation Xrotation
                  JOINT RightHandThumb2
                  {
                    OFFSET -4.011429 -1.827466 1.640914
                    CHANNELS 3 Zrotation Yrotation Xrotation
                    JOINT RightHandThumb3
                    {
                      OFFSET -2.794935 -0.000004 -0.000003
                      CHANNELS 3 Zrotation Yrotation Xrotation
                      JOINT RightHandThumbEnd
                      {
                        OFFSET -3.183852 0.000004 0.000001
                        CHANNELS 3 Zrotation Yrotation Xrotation
                        End Site
                        {
                          OFFSET 0.0 1.0 0.0
                        }
                      }
                    }
                  }
                }
                JOINT RightHandIndex1
                {
                  OFFSET -3.253266 -0.520057 2.282866
                  CHANNELS 3 Zrotation Yrotation Xrotation
                  JOINT RightHandIndex2
                  {
                    OFFSET -6.341917 0.012471 0.178266
                    CHANNELS 3 Zrotation Yrotation Xrotation
                    JOINT RightHandIndex3
                    {
                      OFFSET -3.654871 -0.000008 -0.000000
                      CHANNELS 3 Zrotation Yrotation Xrotation
                      JOINT RightHandIndex4
                      {
                        OFFSET -2.327586 0.000000 0.000001
                        CHANNELS 3 Zrotation Yrotation Xrotation
                        JOINT RightHandIndexEnd
                        {
                          OFFSET -2.761790 -0.180656 -0.113078
                          CHANNELS 3 Zrotation Yrotation Xrotation
                          End Site
                          {
                            OFFSET 0.0 1.0 0.0
                          }
                        }
                      }
                    }
                  }
                }
                JOINT RightHandMiddle1
                {
                  OFFSET -3.168106 0.246593 1.001030
                  CHANNELS 3 Zrotation Yrotation Xrotation
                  JOINT RightHandMiddle2
                  {
                    OFFSET -6.180828 -0.258836 -1.000895
                    CHANNELS 3 Zrotation Yrotation Xrotation
                    JOINT RightHandMiddle3
                    {
                      OFFSET -4.348901 0.000000 -0.000000
                      CHANNELS 3 Zrotation Yrotation Xrotation
                      JOINT RightHandMiddle4
                      {
                        OFFSET -3.000240 -0.000004 -0.000002
                        CHANNELS 3 Zrotation Yrotation Xrotation
                        JOINT RightHandMiddleEnd
                        {
                          OFFSET -2.302520 -0.294370 -0.031706
                          CHANNELS 3 Zrotation Yrotation Xrotation
                          End Site
                          {
                            OFFSET 0.0 1.0 0.0
                          }
                        }
                      }
                    }
                  }
                }
                JOINT RightHandRing1
                {
                  OFFSET -2.885690 -0.067952 -0.308858
                  CHANNELS 3 Zrotation Yrotation Xrotation
                  JOINT RightHandRing2
                  {
                    OFFSET -5.854198 -0.486130 -1.373731
                    CHANNELS 3 Zrotation Yrotation Xrotation
                    JOINT RightHandRing3
                    {
                      OFFSET -4.338810 -0.000004 -0.000000
                      CHANNELS 3 Zrotation Yrotation Xrotation
                      JOINT RightHandRing4
                      {
                        OFFSET -2.654903 -0.000004 0.000004
                        CHANNELS 3 Zrotation Yrotation Xrotation
                        JOINT RightHandRingEnd
                        {
                          OFFSET -1.933568 0.077527 -0.000052
                          CHANNELS 3 Zrotation Yrotation Xrotation
                          End Site
                          {
                            OFFSET 0.0 1.0 0.0
                          }
                        }
                      }
                    }
                  }
                }
                JOINT RightHandPinky1
                {
                  OFFSET -2.866425 -0.342796 -1.584145
                  CHANNELS 3 Zrotation Yrotation Xrotation
                  JOINT RightHandPinky2
                  {
                    OFFSET -5.091371 -1.332055 -1.772385
                    CHANNELS 3 Zrotation Yrotation Xrotation
                    JOINT RightHandPinky3
                    {
                      OFFSET -3.062664 -0.000004 0.000001
                      CHANNELS 3 Zrotation Yrotation Xrotation
                      JOINT RightHandPinky4
                      {
                        OFFSET -1.546529 0.000004 -0.000002
                        CHANNELS 3 Zrotation Yrotation Xrotation
                        JOINT RightHandPinkyEnd
                        {
                          OFFSET -1.945119 -0.157718 0.057211
                          CHANNELS 3 Zrotation Yrotation Xrotation
                          End Site
                          {
                            OFFSET 0.0 1.0 0.0
                          }
                        }
                      }
                    }
                  }
                }
              }
            }
          }
        }
      }
    }
  }
  JOINT LeftLeg
  {
    OFFSET 10.043214 -8.434526 2.595655
    CHANNELS 3 Zrotation Yrotation Xrotation
    JOINT LeftShin
    {
      OFFSET -0.000001 -43.221752 -0.802913
      CHANNELS 3 Zrotation Yrotation Xrotation
      JOINT LeftFoot
      {
        OFFSET 0.000001 -42.155094 -3.481523
        CHANNELS 3 Zrotation Yrotation Xrotation
        JOINT LeftToeBase
        {
          OFFSET 0.000000 -5.059472 13.231529
          CHANNELS 3 Zrotation Yrotation Xrotation
          JOINT LeftToeEnd
          {
            OFFSET -0.009607 -1.647619 6.513017
            CHANNELS 3 Zrotation Yrotation Xrotation
            End Site
            {
              OFFSET 0.0 1.0 0.0
            }
          }
        }
      }
    }
  }
  JOINT RightLeg
  {
    OFFSET -10.047278 -8.295260 2.620317
    CHANNELS 3 Zrotation Yrotation Xrotation
    JOINT RightShin
    {
      OFFSET 0.000001 -43.362206 -0.805556
      CHANNELS 3 Zrotation Yrotation Xrotation
      JOINT RightFoot
      {
        OFFSET 0.000002 -42.117393 -3.478398
        CHANNELS 3 Zrotation Yrotation Xrotation
        JOINT RightToeBase
        {
          OFFSET -0.000000 -5.079609 13.284196
          CHANNELS 3 Zrotation Yrotation Xrotation
          JOINT RightToeEnd
          {
            OFFSET 0.009532 -1.634378 6.460591
            CHANNELS 3 Zrotation Yrotation Xrotation
            End Site
            {
              OFFSET 0.0 1.0 0.0
            }
          }
        }
      }
    }
  }
}
MOTION
Frames: 326
Frame Time: 0.033333
5.119839 101.602890 -0.255074 -178.109393 -61.150078 -177.570738 -6.748085 -2.252566 10.592142 1.656863 5.794084 -7.387369 -3.744876 0.080178 7.382496 6.603206 -2.161416 -0.295031 -2.656763 2.789986 -14.392340 6.512912 26.436279 0.232806 0.000441 -0.000149 -0.000952 -1.312439 -0.186922 -2.888889 -0.881180 -5.551709 4.194376 -1.145245 -3.786979 4.203878 4.174127 -8.900678 14.363072 -58.912568 -29.040698 -31.808795 174.093995 -58.442992 -164.999596 42.414805 -12.001697 -11.087802 0.193948 0.671707 13.563997 -6.930056 -11.051812 -0.581549 -2.335007 -3.560873 -12.484253 -0.000651 -0.000132 0.000292 3.605522 -4.376972 1.594426 -11.975350 1.738742 6.965762 -7.802778 0.903852 -0.740662 1.305568 -3.690935 4.598075 -0.000589 0.000591 -0.000698 4.102559 -4.188884 1.494628 -14.059188 7.860662 4.539889 -8.631420 1.610274 -0.095506 5.572877 -1.246490 4.702099 0.000749 -0.000503 0.000593 7.800174 -2.403573 -14.495934 -16.610825 11.456265 19.423437 -10.803273 1.710080 0.409903 -13.150690 0.853704 -3.449596 0.000635 -0.000146 -0.000333 9.724995 -0.671057 -12.125850 -20.037984 11.755018 15.278232 -11.937374 2.112909 0.749586 -3.408167 2.987659 -2.143585 -0.000624 0.000324 0.000209 -12.382562 15.719337 8.783251 59.697146 56.971422 -26.290864 -167.880244 54.747827 -156.541193 -33.164871 7.664519 -3.797232 10.867828 -0.051461 14.777689 5.737972 12.731441 -3.777696 1.236259 2.608070 -3.117732 -0.000154 0.000787 -0.000204 6.029536 6.960934 1.686399 5.660352 -3.200026 8.011304 -1.694262 -0.969389 -0.438834 -4.152528 2.525573 -2.576316 0.000083 -0.000168 0.000166 4.907175 7.523613 0.604458 6.324052 -7.778324 4.810277 2.597815 -1.650412 -0.558252 -7.542727 1.524317 3.907078 0.000697 0.000437 -0.000271 0.712497 7.158860 -15.887289 8.447643 -9.334150 20.206165 5.601313 -1.374226 -0.286645 12.043903 0.546395 -5.413694 0.001016 0.001417 -0.000992 -3.128848 6.034027 -13.259285 14.774343 -9.232019 15.582559 8.207406 -1.488742 0.207197 2.521882 -2.486864 -2.493968 -0.003543 0.001392 -0.000525 1.445106 -7.039909 -1.312458 4.222416 -7.980150 18.168698 -2.236594 -1.655735 -11.816065 4.340272 -3.194152 -7.663317 0.000694 -0.000788 1.000074 3.864730 -10.943449 -17.815207 3.103392 -3.915135 57.449166 1.428996 -7.520355 -11.360515 -1.972341 1.569805 -4.788016 -0.001503 0.000383 1.001505
5.132654 101.605209 -0.311909 -177.861173 -61.211742 -177.840479 -6.743359 -2.285877 10.560515 1.647823 5.832165 -7.333236 -3.798642 0.047258 7.365077 6.718678 -2.175012 -0.344162 -2.686816 2.836846 -14.590813 6.504253 26.412953 0.233452 0.000484 -0.000145 -0.000953 -1.324150 -0.176932 -2.841651 -0.882800 -5.569186 4.205530 -1.146572 -3.804812 4.215904 4.252017 -8.931610 14.255602 -59.058036 -29.115736 -31.498230 174.277428 -58.276333 -165.259819 42.240081 -12.228658 -10.842465 0.186596 0.747151 13.631527 -6.925244 -11.013131 -0.647291 -2.312215 -3.406782 -12.380730 -0.000655 -0.000123 0.000306 3.597566 -4.449762 1.561542 -12.099388 1.787425 6.956954 -7.757325 0.891875 -0.727590 1.244674 -3.686787 4.635564 -0.000603 0.000597 -0.000711 4.135998 -4.267169 1.488586 -14.140685 7.866497 4.504266 -8.603087 1.615144 -0.111782 5.561423 -1.240447 4.676895 0.000784 -0.000502 0.000619 7.870188 -2.471336 -14.528959 -16.608584 11.431190 19.455148 -10.773031 1.722970 0.418686 -13.255458 0.828887 -3.534760 0.000641 -0.000146 -0.000374 9.783634 -0.729187 -12.138240 -20.017079 11.711809 15.317527 -11.930301 2.138174 0.750399 -3.499520 2.986596 -2.189229 -0.000656 0.000366 0.000178 -12.210197 15.562497 8.875809 59.911232 56.844705 -26.324319 -167.737930 54.765271 -156.478489 -33.277811 7.600379 -3.969898 10.754515 -0.206527 14.798111 5.598120 12.698303 -3.918078 1.247916 2.555336 -3.087115 -0.000145 0.000770 -0.000211 5.858813 6.998272 1.625506 5.690543 -3.175105 7.976963 -1.665899 -0.925131 -0.462016 -4.104351 2.555528 -2.389511 0.000110 -0.000213 0.000168 4.829079 7.596796 0.605012 6.343329 -7.797868 4.777938 2.601379 -1.622307 -0.600579 -7.569970 1.531167 3.843670 0.000713 0.000437 -0.000285 0.647524 7.235895 -15.960188 8.429035 -9.288119 20.190650 5.602987 -1.356718 -0.304412 12.107789 0.569351 -5.502457 0.001018 0.001465 -0.000976 -3.141721 6.154069 -13.404367 14.746102 -9.215201 15.585879 8.223271 -1.489180 0.200026 2.557965 -2.503215 -2.592933 -0.003566 0.001429 -0.000548 1.478329 -7.032315 -1.243303 4.320483 -7.953103 18.181211 -2.150031 -1.591800 -11.943477 4.353923 -3.196010 -7.733613 0.000678 -0.000828 1.000099 4.000766 -10.649948 -17.705659 3.139520 -3.873000 57.352510 1.386158 -7.499024 -11.491838 -1.954824 1.569802 -4.819272 -0.001480 0.000408 1.001467
5.145478 101.616516 -0.368746 -177.663106 -61.256624 -177.927145 -6.751187 -2.303711 10.560419 1.651806 5.844240 -7.369501 -3.798662 0.038270 7.399168 6.770723 -2.170645 -0.308828 -2.713554 2.816988 -14.613591 6.423043 26.505422 0.097213 0.000500 -0.000142 -0.000962 -1.331853 -0.175939 -2.840861 -0.885030 -5.597415 4.176015 -1.149638 -3.832914 4.186093 4.291348 -8.898135 14.232874 -59.206542 -29.219002 -31.301174 174.516916 -57.972906 -165.518626 42.173438 -12.365705 -10.574365 0.108500 0.844966 13.717948 -6.929480 -11.004830 -0.685399 -2.295571 -3.383788 -12.360404 -0.000654 -0.000112 0.000316 3.553649 -4.425821 1.590587 -12.066051 1.791406 6.991128 -7.639391 0.916909 -0.717690 1.291687 -3.705553 4.686200 -0.000604 0.000590 -0.000726 4.123182 -4.238268 1.506659 -14.126614 7.864218 4.520852 -8.497344 1.636915 -0.094535 5.661693 -1.250822 4.704761 0.000804 -0.000499 0.000632 7.871440 -2.456287 -14.499522 -16.603462 11.436952 19.506726 -10.665274 1.738166 0.440400 -13.179628 0.820783 -3.531935 0.000644 -0.000140 -0.000391 9.803000 -0.718797 -12.112779 -20.054201 11.741065 15.360330 -11.832370 2.175481 0.755133 -3.398932 2.983814 -2.145254 -0.000678 0.000385 0.000177 -12.095292 15.409673 8.894465 60.030494 56.817760 -26.352281 -167.630423 54.548670 -156.314382 -33.328029 7.548849 -3.974678 10.713312 -0.260432 14.832833 5.561939 12.761903 -3.966706 1.258639 2.616773 -3.107268 -0.000144 0.000772 -0.000210 5.789359 7.026875 1.638435 5.602912 -3.169723 7.955840 -1.791211 -0.933636 -0.489513 -4.199426 2.562762 -2.296589 0.000129 -0.000230 0.000170 4.778482 7.660864 0.611803 6.275565 -7.830578 4.783289 2.445579 -1.631489 -0.625570 -7.728123 1.540199 3.871652 0.000732 0.000434 -0.000287 0.604769 7.292022 -15.997441 8.326856 -9.251936 20.196115 5.443751 -1.377464 -0.298382 11.977931 0.570280 -5.491743 0.001030 0.001451 -0.000974 -3.167784 6.235683 -13.486262 14.651167 -9.213709 15.595410 8.038641 -1.537616 0.222661 2.394171 -2.514064 -2.535511 -0.003548 0.001416 -0.000563 1.532447 -6.964135 -1.180661 4.385296 -7.943619 17.919328 -2.097961 -1.614649 -12.039512 4.332147 -3.158114 -7.825733 0.000670 -0.000848 1.000102 4.127959 -10.497500 -17.637651 3.161499 -3.789906 57.097564 1.291405 -7.510576 -11.504344 -1.930339 1.516399 -4.808106 -0.001468 0.000417 1.001483
5.158322 101.622345 -0.425589 -177.339992 -61.150961 -178.108212 -6.762099 -2.292937 10.545949 1.676139 5.847360 -7.394931 -3.769202 0.078427 7.461357 6.778382 -2.182251 -0.229298 -2.675218 2.795987 -14.556229 6.341203 26.517389 0.022330 0.000500 -0.000149 -0.000972 -1.332606 -0.177914 -2.865798 -0.883416 -5.638100 4.035921 -1.152272 -3.873956 4.046127 4.309222 -8.810144 14.206152 -59.297520 -29.319965 -31.160251 174.769059 -57.572103 -165.730433 42.430147 -12.513219 -10.531233 0.077210 0.920109 13.818177 -6.924083 -11.012072 -0.723686 -2.253044 -3.431637 -12.381621 -0.000659 -0.000094 0.000316 3.528282 -4.403851 1.680129 -11.938497 1.705492 7.025111 -7.534596 0.912041 -0.705777 1.347858 -3.747271 4.710499 -0.000591 0.000594 -0.000739 4.107837 -4.216945 1.531996 -14.015247 7.773556 4.561685 -8.395893 1.636172 -0.058433 5.750840 -1.273664 4.738579 0.000820 -0.000509 0.000648 7.853508 -2.464307 -14.486310 -16.528903 11.349614 19.575824 -10.539617 1.735430 0.474577 -13.078197 0.816602 -3.494442 0.000654 -0.000140 -0.000391 9.823621 -0.765237 -12.125191 -20.002668 11.717709 15.420260 -11.688988 2.203539 0.757888 -3.271184 2.964415 -2.054025 -0.000686 0.000385 0.000182 -11.946598 15.350563 8.835553 59.853376 56.740175 -26.584262 -167.574567 54.277609 -156.152398 -33.253625 7.432938 -4.129970 10.622168 -0.167606 14.711939 5.539596 12.845889 -3.972469 1.248706 2.687915 -3.149436 -0.000157 0.000780 -0.000202 5.721581 7.072563 1.643054 5.458771 -3.167825 7.934906 -1.921582 -0.950014 -0.509038 -4.277772 2.556074 -2.297545 0.000140 -0.000224 0.000181 4.754430 7.694377 0.621921 6.150323 -7.796813 4.805963 2.270039 -1.613858 -0.655494 -7.862412 1.547024 3.925379 0.000757 0.000433 -0.000288 0.615326 7.343283 -16.001416 8.192503 -9.196301 20.195282 5.229884 -1.376119 -0.301664 11.798622 0.574710 -5.463005 0.001041 0.001421 -0.000982 -3.121222 6.309932 -13.540124 14.537143 -9.166448 15.584690 7.756600 -1.557897 0.233213 2.172293 -2.510030 -2.423146 -0.003523 0.001399 -0.000577 1.578740 -7.006220 -1.177137 4.462386 -7.981275 17.822860 -2.115738 -1.703448 -12.218255 4.271705 -3.054341 -7.826256 0.000670 -0.000853 1.000103 4.285579 -10.488069 -17.683254 3.095073 -3.701868 57.014975 1.207667 -8.120292 -11.499693 -1.861024 1.401254 -4.785810 -0.001465 0.000423 1.001504
5.171200 101.624886 -0.482442 -177.298972 -61.167526 -178.081133 -6.747071 -2.268688 10.567756 1.641328 5.841336 -7.448035 -3.760006 0.108210 7.490907 6.808389 -2.267014 -0.270973 -2.589114 2.847642 -14.418379 6.502490 26.547509 0.352673 0.000474 -0.000157 -0.001021 -1.351686 -0.175514 -2.890486 -0.887894 -5.658200 4.006771 -1.157461 -3.893127 4.015036 4.210437 -8.854642 14.202761 -59.230244 -29.367030 -31.071544 175.008235 -57.315479 -165.992296 41.843645 -12.605552 -10.317360 -0.002929 0.582939 13.785292 -7.030512 -11.080564 -0.543824 -2.305179 -3.818863 -12.627166 -0.000656 -0.000081 0.000299 3.455278 -4.408675 1.757934 -11.016634 1.528929 7.060970 -7.178111 1.075002 -0.743152 1.629664 -3.776315 4.750469 -0.000563 0.000573 -0.000725 4.039728 -4.195842 1.546044 -13.232571 7.787689 4.700644 -7.985492 1.741476 -0.074902 5.987096 -1.315713 4.935757 0.000799 -0.000508 0.000637 7.756452 -2.400078 -14.492489 -15.971427 11.293387 19.700384 -10.119574 1.763977 0.526156 -12.622247 0.874214 -3.200281 0.000659 -0.000130 -0.000364 9.798359 -0.672768 -12.113785 -19.522329 11.736620 15.507162 -11.185362 2.251476 0.776130 -2.829155 2.952659 -1.754626 -0.000656 0.000363 0.000195 -11.811925 15.286887 8.784677 59.838479 56.651498 -26.651541 -167.428090 54.049568 -155.848505 -32.790466 7.516178 -4.178855 10.651632 0.184285 14.509758 5.802802 12.947267 -3.741099 1.294192 2.998095 -3.284514 -0.000202 0.000862 -0.000165 5.915847 7.018225 1.656323 5.127335 -3.156828 7.975419 -2.071570 -0.980471 -0.540453 -4.450111 2.470030 -2.775475 0.000153 -0.000203 0.000193 4.920939 7.622339 0.577449 5.821837 -7.783419 4.863649 2.140778 -1.597549 -0.696252 -7.932301 1.568719 4.001951 0.000806 0.000388 -0.000262 0.815612 7.219274 -15.971749 7.972831 -9.166955 20.199683 5.032182 -1.339076 -0.335379 11.556077 0.568843 -5.324838 0.001099 0.001124 -0.001027 -2.987693 6.165483 -13.451630 14.360773 -9.143660 15.523490 7.447076 -1.506432 0.220026 1.974504 -2.448742 -2.143143 -0.003320 0.001135 -0.000575 1.576041 -6.935690 -1.192635 4.434444 -7.945761 17.742727 -1.992632 -1.782443 -12.338948 4.231084 -3.060741 -7.643914 0.000694 -0.000823 1.000077 4.251143 -10.617294 -17.754761 3.023197 -3.684269 57.069496 1.212807 -7.756217 -11.123349 -1.860815 1.331659 -4.744888 -0.001477 0.000413 1.001758
5.184129 101.648224 -0.539311 -177.149248 -61.132075 -178.270693 -6.752454 -2.258351 10.563810 1.631162 5.850735 -7.465594 -3.736296 0.139965 7.542933 6.793947 -2.327008 -0.257897 -2.500048 2.892665 -14.331705 6.506093 26.475352 0.423958 0.000447 -0.000162 -0.001059 -1.351789 -0.172159 -2.914034 -0.889180 -5.666618 3.965511 -1.159917 -3.900906 3.972684 4.151532 -8.931254 14.181722 -59.295739 -29.402434 -30.908890 175.186540 -57.191438 -166.085004 41.611836 -12.629964 -10.456129 0.053412 0.285911 13.675388 -7.115495 -11.149261 -0.401209 -2.328423 -4.129151 -12.848954 -0.000660 -0.000084 0.000277 3.431094 -4.419452 1.783168 -10.332640 1.372400 7.050744 -6.967124 1.152804 -0.782555 1.794094 -3.794974 4.723592 -0.000553 0.000568 -0.000716 3.985889 -4.184796 1.537674 -12.633501 7.759086 4.761411 -7.731751 1.780424 -0.099129 6.095090 -1.342203 5.040931 0.000782 -0.000515 0.000621 7.664098 -2.362520 -14.541885 -15.530085 11.205338 19.759892 -9.862822 1.763771 0.554479 -12.348321 0.910053 -3.012655 0.000657 -0.000136 -0.000336 9.743595 -0.620962 -12.165642 -19.133898 11.703442 15.563569 -10.860411 2.274737 0.774748 -2.571991 2.928924 -1.557018 -0.000627 0.000337 0.000203 -11.655102 15.302850 8.811306 59.769159 56.472552 -26.777155 -167.236982 54.017816 -155.559497 -32.394707 7.550738 -4.378549 10.602036 0.552081 14.276656 6.007798 13.024015 -3.538691 1.321445 3.202240 -3.389715 -0.000248 0.000931 -0.000132 6.045069 7.010142 1.649080 4.859830 -3.140124 8.001821 -2.173224 -1.008159 -0.560181 -4.529590 2.402571 -3.153309 0.000152 -0.000176 0.000211 5.038667 7.578647 0.530181 5.546983 -7.741360 4.897099 2.063823 -1.590064 -0.722941 -7.933973 1.576017 4.059587 0.000846 0.000349 -0.000244 0.973476 7.152005 -15.951974 7.786888 -9.142079 20.203123 4.882340 -1.299594 -0.366000 11.399139 0.566219 -5.229852 0.001155 0.000882 -0.001072 -2.870789 6.083898 -13.394187 14.220255 -9.118267 15.477425 7.207794 -1.460929 0.203134 1.844367 -2.399812 -1.940835 -0.003154 0.000920 -0.000579 1.574250 -6.916778 -1.161707 4.425265 -7.926715 17.824443 -1.992976 -1.882139 -12.328521 4.209766 -3.032702 -7.480292 0.000711 -0.000795 1.000068 4.226455 -10.796427 -17.807829 2.935322 -3.676167 57.271844 1.242074 -7.814674 -10.864546 -1.827518 1.286835 -4.724453 -0.001499 0.000397 1.001965
5.197129 101.679298 -0.596202 -176.978062 -61.098845 -178.445450 -6.754710 -2.272278 10.561971 1.626532 5.895075 -7.466070 -3.786357 0.138707 7.584791 6.803732 -2.400824 -0.228245 -2.448517 2.925862 -14.320871 6.446321 26.460861 0.271352 0.000431 -0.000169 -0.001073 -1.349373 -0.175669 -2.916117 -0.889653 -5.666806 3.978392 -1.159946 -3.900697 3.985042 4.197794 -8.953590 14.118440 -59.494563 -29.474232 -30.671494 175.335353 -57.030281 -166.058811 41.787707 -12.741595 -10.663265 0.166390 0.167959 13.579155 -7.172115 -11.182770 -0.338244 -2.343040 -4.220766 -12.945619 -0.000665 -0.000081 0.000262 3.444790 -4.406008 1.783824 -10.104145 1.321021 7.041588 -6.896925 1.185152 -0.801622 1.833772 -3.804411 4.723954 -0.000543 0.000559 -0.000713 3.964359 -4.174982 1.535833 -12.403017 7.766091 4.763027 -7.648961 1.788275 -0.124633 6.109549 -1.355212 5.092265 0.000776 -0.000527 0.000618 7.635452 -2.346838 -14.595482 -15.354915 11.180820 19.741376 -9.795692 1.780663 0.556435 -12.263030 0.929369 -2.940583 0.000659 -0.000141 -0.000320 9.727850 -0.605490 -12.258272 -18.970462 11.704883 15.575375 -10.777333 2.288756 0.766652 -2.495005 2.929263 -1.504359 -0.000614 0.000328 0.000211 -11.639895 15.224767 8.880820 60.045454 56.336638 -26.715608 -167.007737 53.951847 -155.191801 -32.301650 7.660875 -4.587347 10.519496 0.754533 14.115416 6.096712 13.016909 -3.465887 1.347244 3.216489 -3.418019 -0.000271 0.000956 -0.000119 6.057271 7.019675 1.615048 4.863412 -3.158334 8.016460 -2.106595 -0.986730 -0.581888 -4.495780 2.397711 -3.324115 0.000148 -0.000158 0.000218 5.065533 7.568790 0.515030 5.523335 -7.720314 4.889954 2.163765 -1.540958 -0.753646 -7.846366 1.595044 4.046484 0.000855 0.000337 -0.000237 1.040259 7.136696 -15.925700 7.775726 -9.128182 20.166973 4.950380 -1.244832 -0.405585 11.428114 0.579051 -5.233036 0.001170 0.000793 -0.001091 -2.797746 6.086984 -13.357236 14.215841 -9.103361 15.403214 7.228834 -1.406491 0.169544 1.887216 -2.373490 -1.929040 -0.003093 0.000839 -0.000581 1.560583 -6.913612 -1.131864 4.477848 -7.918979 17.841717 -1.956058 -1.948394 -12.285219 4.186885 -3.001787 -7.428376 0.000720 -0.000781 1.000062 4.244199 -10.800565 -17.854167 2.878809 -3.678832 57.374089 1.238969 -7.935235 -10.589859 -1.788924 1.261518 -4.692548 -0.001507 0.000391 1.002039
5.210222 101.675240 -0.653121 -176.825354 -61.159840 -178.590887 -6.758924 -2.252556 10.579633 1.656569 5.896585 -7.487090 -3.780397 0.149742 7.603575 6.785496 -2.369723 -0.244123 -2.469015 2.881266 -14.394726 6.453335 26.521777 0.241716 0.000429 -0.000181 -0.001056 -1.337025 -0.174211 -2.925734 -0.887612 -5.665171 3.979991 -1.157912 -3.899458 3.987176 4.132218 -8.970556 14.098466 -59.574715 -29.664576 -30.593129 175.645271 -56.951468 -166.330814 41.744737 -12.603130 -10.666989 0.223972 0.205886 13.555083 -7.172593 -11.165374 -0.355329 -2.344486 -4.197926 -12.950579 -0.000676 -0.000078 0.000256 3.450052 -4.330285 1.774969 -10.115401 1.309903 7.039768 -6.894974 1.160331 -0.815725 1.810679 -3.804211 4.705505 -0.000540 0.000558 -0.000709 3.942301 -4.104272 1.551559 -12.424123 7.753295 4.746652 -7.651718 1.767882 -0.133395 6.098399 -1.354967 5.067957 0.000778 -0.000541 0.000629 7.592644 -2.294298 -14.586355 -15.354516 11.185311 19.752289 -9.802450 1.760875 0.551412 -12.282568 0.922474 -2.962718 0.000674 -0.000146 -0.000322 9.648108 -0.560423 -12.251190 -18.975966 11.684782 15.595963 -10.784596 2.277598 0.758399 -2.517752 2.923343 -1.528845 -0.000603 0.000328 0.000210 -11.467625 15.100517 8.941008 59.790603 56.285247 -26.982208 -166.909073 53.965506 -155.121775 -32.339157 7.564993 -4.513063 10.464622 0.683273 14.152391 6.057245 13.040383 -3.489698 1.336584 3.218583 -3.419705 -0.000264 0.000935 -0.000126 6.021516 6.998373 1.649224 4.844905 -3.149203 8.015608 -2.123235 -0.977072 -0.589032 -4.477047 2.407935 -3.301213 0.000134 -0.000147 0.000214 5.011915 7.551340 0.536038 5.539495 -7.715009 4.897200 2.126971 -1.533841 -0.745173 -7.853869 1.589013 4.049848 0.000833 0.000358 -0.000249 0.986569 7.121285 -15.920527 7.771082 -9.114711 20.176715 4.925820 -1.242600 -0.390439 11.428034 0.575350 -5.242065 0.001134 0.000863 -0.001080 -2.855863 6.081437 -13.365715 14.203512 -9.094576 15.420636 7.211408 -1.417600 0.175474 1.879081 -2.385872 -1.929510 -0.003150 0.000913 -0.000573 1.559159 -6.958684 -1.091798 4.536904 -7.934701 17.795289 -1.879607 -1.990322 -12.303312 4.196061 -2.973121 -7.446388 0.000717 -0.000779 1.000064 4.268221 -10.795142 -17.877644 2.910046 -3.669998 57.448191 1.235869 -7.926438 -10.652042 -1.795965 1.271168 -4.684154 -0.001504 0.000402 1.001969
5.223429 101.663849 -0.710078 -176.683930 -61.236205 -178.659467 -6.769474 -2.266663 10.600649 1.674471 5.905740 -7.519257 -3.805375 0.140778 7.591502 6.828237 -2.364200 -0.269092 -2.493669 2.862102 -14.497713 6.460174 26.594481 0.218892 0.000448 -0.000190 -0.001039 -1.336109 -0.179364 -2.926231 -0.892910 -5.689018 3.996626 -1.162752 -3.923763 4.004487 4.176613 -8.987402 14.070852 -59.699557 -29.795902 -30.495590 175.887836 -56.794256 -166.549545 41.924657 -12.576485 -10.699231 0.237379 0.370696 13.589141 -7.121448 -11.122653 -0.443363 -2.327443 -4.074787 -12.886727 -0.000684 -0.000069 0.000262 3.482739 -4.239306 1.746933 -10.396596 1.342270 7.052260 -6.959625 1.094430 -0.805197 1.748698 -3.805515 4.700625 -0.000542 0.000553 -0.000714 3.952669 -4.026987 1.552595 -12.680053 7.738858 4.714857 -7.736436 1.711555 -0.128844 6.079334 -1.352942 5.008928 0.000792 -0.000548 0.000652 7.603171 -2.248798 -14.562429 -15.568953 11.217671 19.716532 -9.897481 1.730243 0.538541 -12.379800 0.897920 -3.051615 0.000691 -0.000142 -0.000343 9.605999 -0.527838 -12.248766 -19.173533 11.682592 15.576753 -10.903543 2.247547 0.748446 -2.614680 2.920727 -1.618138 -0.000615 0.000347 0.000202 -11.381432 14.940703 8.999127 59.673658 56.248196 -27.160048 -166.821993 53.933997 -155.098434 -32.518253 7.508850 -4.362987 10.481554 0.515428 14.275451 5.948639 13.045574 -3.583073 1.314815 3.175862 -3.389414 -0.000242 0.000904 -0.000139 5.955122 7.014878 1.671000 4.911872 -3.164424 8.008746 -2.142196 -0.971396 -0.587025 -4.477008 2.438167 -3.123387 0.000141 -0.000161 0.000206 4.931908 7.583235 0.565705 5.629745 -7.730094 4.890062 2.082250 -1.549946 -0.728099 -7.915372 1.582333 4.045083 0.000822 0.000379 -0.000263 0.889155 7.157415 -15.935801 7.798434 -9.107676 20.178383 4.918716 -1.263878 -0.363147 11.442903 0.569412 -5.276198 0.001096 0.000973 -0.001054 -2.940729 6.127882 -13.407782 14.214518 -9.097361 15.441597 7.235667 -1.459247 0.189956 1.870741 -2.418665 -1.978996 -0.003227 0.001015 -0.000573 1.588902 -6.929306 -1.043416 4.615393 -7.933451 17.583373 -1.815564 -1.978031 -12.335725 4.207110 -2.954744 -7.551784 0.000703 -0.000796 1.000067 4.321128 -10.680074 -17.887521 2.961180 -3.683743 57.379747 1.185634 -7.873434 -10.707521 -1.807125 1.283895 -4.687088 -0.001486 0.000423 1.001870
5.236777 101.651237 -0.767080 -176.637603 -61.279051 -178.658009 -6.765724 -2.282732 10.602553 1.674878 5.898723 -7.552033 -3.822130 0.130753 7.567929 6.867163 -2.348972 -0.281850 -2.524978 2.844830 -14.531290 6.472462 26.609542 0.271833 0.000461 -0.000199 -0.001035 -1.339527 -0.182544 -2.916691 -0.900258 -5.719294 4.007147 -1.169794 -3.954262 4.015193 4.209884 -8.998483 14.068418 -59.742325 -29.827776 -30.430022 175.999462 -56.750224 -166.690315 42.110974 -12.514438 -10.910383 0.255900 0.440449 13.601867 -7.076293 -11.106154 -0.504502 -2.317230 -4.024159 -12.872383 -0.000693 -0.000069 0.000263 3.523306 -4.179956 1.723804 -10.564035 1.337993 7.063817 -6.995631 1.048390 -0.792084 1.732487 -3.809883 4.689782 -0.000549 0.000550 -0.000719 3.967281 -3.969218 1.543041 -12.846400 7.713992 4.696518 -7.777031 1.667845 -0.120915 6.090173 -1.352342 4.970926 0.000806 -0.000555 0.000666 7.605205 -2.215746 -14.543265 -15.722123 11.231927 19.683702 -9.952358 1.705194 0.526946 -12.424038 0.881437 -3.105981 0.000704 -0.000146 -0.000361 9.561872 -0.502944 -12.253253 -19.312841 11.681455 15.555158 -10.980290 2.219070 0.736983 -2.664059 2.915766 -1.671863 -0.000627 0.000360 0.000194 -11.352057 14.881486 9.050648 59.522163 56.200353 -27.290455 -166.782696 53.974202 -155.134792 -32.664242 7.459478 -4.363077 10.505153 0.434290 14.339303 5.891477 13.075802 -3.634822 1.296921 3.183897 -3.384284 -0.000237 0.000892 -0.000143 5.920227 7.039450 1.679838 4.922132 -3.173768 8.016176 -2.195076 -0.974546 -0.579780 -4.507342 2.454645 -3.000231 0.000151 -0.000173 0.000208 4.891951 7.613576 0.578233 5.656400 -7.735653 4.890310 2.002092 -1.582742 -0.709168 -7.995149 1.579312 4.065873 0.000828 0.000389 -0.000274 0.836206 7.188582 -15.959418 7.785666 -9.099019 20.189011 4.862457 -1.295361 -0.339915 11.405155 0.557728 -5.271202 0.001079 0.001009 -0.001043 -2.983499 6.156765 -13.454152 14.184011 -9.097372 15.469768 7.212363 -1.510234 0.201527 1.813508 -2.441503 -1.970346 -0.003254 0.001050 -0.000580 1.626188 -6.843619 -0.980768 4.626622 -7.892036 17.351715 -1.789963 -1.935638 -12.363702 4.208723 -2.950960 -7.621514 0.000692 -0.000811 1.000074 4.339435 -10.606818 -17.857325 2.983452 -3.688039 57.266599 1.160069 -7.777312 -10.742119 -1.823119 1.297140 -4.678634 -0.001481 0.000437 1.001841
5.250289 101.642204 -0.824137 -176.721947 -61.256630 -178.619372 -6.745954 -2.276616 10.596179 1.665275 5.884211 -7.563407 -3.839624 0.129611 7.533575 6.919143 -2.361327 -0.320395 -2.531249 2.873294 -14.508511 6.531242 26.622194 0.416210 0.000465 -0.000206 -0.001048 -1.347582 -0.185716 -2.900479 -0.905521 -5.749897 3.980999 -1.175854 -3.984937 3.989015 4.191691 -9.033826 14.090494 -59.693550 -29.751914 -30.433386 175.994112 -56.882284 -166.742656 42.171107 -12.474487 -11.072587 0.251486 0.412054 13.606366 -7.052249 -11.113377 -0.526644 -2.314229 -4.030948 -12.877280 -0.000698 -0.000072 0.000257 3.562954 -4.185256 1.706781 -10.584385 1.306674 7.058860 -6.995761 1.032515 -0.776824 1.755260 -3.814802 4.699102 -0.000554 0.000553 -0.000719 3.994599 -3.977396 1.528815 -12.880645 7.696496 4.689753 -7.770781 1.652983 -0.114277 6.122221 -1.357496 4.978264 0.000816 -0.000561 0.000673 7.620255 -2.220381 -14.554252 -15.766543 11.212841 19.665242 -9.948190 1.692851 0.522072 -12.414640 0.877836 -3.107011 0.000711 -0.000153 -0.000370 9.547573 -0.506980 -12.274275 -19.335704 11.664851 15.541880 -10.989207 2.196761 0.730158 -2.666385 2.913622 -1.687876 -0.000632 0.000365 0.000186 -11.354872 14.948556 9.086141 59.364222 56.128964 -27.349871 -166.796867 54.146863 -155.229833 -32.634958 7.418343 -4.344986 10.552522 0.440941 14.353956 5.884927 13.095173 -3.642931 1.290449 3.213429 -3.392655 -0.000248 0.000904 -0.000136 5.924826 7.060762 1.666479 4.889972 -3.182119 8.020257 -2.227912 -0.988027 -0.562289 -4.528053 2.454121 -2.953939 0.000161 -0.000178 0.000217 4.898713 7.629457 0.574401 5.621234 -7.738747 4.891164 1.949599 -1.617505 -0.693919 -8.038899 1.573383 4.093041 0.000848 0.000380 -0.000277 0.828974 7.196213 -15.975023 7.759434 -9.091984 20.188794 4.815172 -1.326193 -0.328310 11.368368 0.544013 -5.247116 0.001088 0.000956 -0.001047 -2.977279 6.162949 -13.471190 14.133351 -9.096044 15.491871 7.197291 -1.545757 0.200137 1.767223 -2.456198 -1.937047 -0.003215 0.001003 -0.000592 1.607438 -6.800901 -0.908914 4.575286 -7.837855 17.255992 -1.775852 -1.904312 -12.377776 4.209534 -2.952267 -7.626033 0.000689 -0.000817 1.000081 4.290765 -10.558136 -17.830064 2.965327 -3.676892 57.273110 1.192567 -7.706866 -10.771791 -1.836524 1.307856 -4.707698 -0.001483 0.000442 1.001892
5.263992 101.643356 -0.881259 -176.821304 -61.191755 -178.632979 -6.727393 -2.250274 10.601836 1.654953 5.868388 -7.564301 -3.834691 0.134182 7.493192 6.948653 -2.380074 -0.360102 -2.502839 2.918650 -14.477723 6.590640 26.573591 0.596390 0.000458 -0.000210 -0.001064 -1.350814 -0.186592 -2.885079 -0.907859 -5.768132 3.942240 -1.179361 -4.003169 3.949947 4.137613 -9.101148 14.119640 -59.614736 -29.635882 -30.451834 175.907949 -57.126456 -166.689579 42.110426 -12.427269 -11.202355 0.251322 0.282398 13.573051 -7.058840 -11.137063 -0.500873 -2.324735 -4.105864 -12.917301 -0.000704 -0.000080 0.000247 3.599783 -4.236360 1.693423 -10.431675 1.256873 7.042655 -6.961617 1.043721 -0.778573 1.805203 -3.817359 4.697702 -0.000557 0.000558 -0.000716 4.020059 -4.025115 1.512354 -12.754764 7.691909 4.694784 -7.720460 1.655553 -0.118637 6.155430 -1.362721 5.008930 0.000819 -0.000568 0.000669 7.629550 -2.243136 -14.591211 -15.678526 11.172868 19.670141 -9.894506 1.690912 0.519005 -12.358504 0.887455 -3.061413 0.000711 -0.000162 -0.000366 9.541129 -0.523938 -12.309376 -19.229914 11.646153 15.540827 -10.933219 2.187103 0.724230 -2.627566 2.910381 -1.657464 -0.000629 0.000362 0.000183 -11.347696 15.123857 9.120224 59.191654 56.043031 -27.378837 -166.747896 54.395600 -155.205380 -32.516976 7.403973 -4.399219 10.587114 0.543351 14.306253 5.937981 13.109761 -3.599950 1.294226 3.276515 -3.418983 -0.000268 0.000929 -0.000124 5.965131 7.079792 1.641507 4.812296 -3.178634 8.027045 -2.249690 -0.998951 -0.550342 -4.540476 2.439076 -3.013215 0.000162 -0.000174 0.000230 4.943167 7.635066 0.552935 5.534723 -7.732217 4.893300 1.918360 -1.638860 -0.692016 -8.041558 1.572271 4.119583 0.000866 0.000366 -0.000276 0.872939 7.187606 -15.979428 7.709993 -9.083012 20.177711 4.772265 -1.337857 -0.333003 11.327886 0.534703 -5.205870 0.001109 0.000862 -0.001063 -2.928431 6.145923 -13.468886 14.064197 -9.091988 15.492865 7.170436 -1.554435 0.185099 1.730524 -2.453411 -1.874759 -0.003149 0.000923 -0.000600 1.566713 -6.789432 -0.841440 4.511822 -7.784813 17.288789 -1.783444 -1.916127 -12.350109 4.213701 -2.957574 -7.570556 0.000691 -0.000814 1.000086 4.213091 -10.563328 -17.834959 2.929930 -3.670451 57.419193 1.271087 -7.674111 -10.722169 -1.833770 1.322760 -4.746450 -0.001492 0.000437 1.001980
5.277725 101.654068 -0.938411 -176.837412 -61.163830 -178.699489 -6.699261 -2.220064 10.623782 1.664838 5.864189 -7.559086 -3.848737 0.143567 7.462012 6.976683 -2.408783 -0.329624 -2.482277 2.986642 -14.453637 6.589155 26.578238 0.634177 0.000451 -0.000221 -0.001065 -1.362392 -0.191541 -2.894811 -0.908929 -5.788391 3.902564 -1.181636 -4.023517 3.910288 4.107717 -9.168431 14.123120 -59.550250 -29.592760 -30.458318 175.904769 -57.362667 -166.676891 42.266084 -12.525363 -11.383698 0.278311 0.100631 13.497162 -7.073106 -11.172044 -0.433067 -2.332532 -4.252701 -13.019020 -0.000714 -0.000087 0.000237 3.626070 -4.288207 1.694435 -10.174649 1.220610 7.040008 -6.919917 1.081344 -0.795953 1.872558 -3.817459 4.661372 -0.000560 0.000556 -0.000710 4.045218 -4.069318 1.487490 -12.539699 7.713440 4.737594 -7.682337 1.673639 -0.134426 6.183772 -1.371641 5.042631 0.000820 -0.000579 0.000670 7.639662 -2.268276 -14.648292 -15.521317 11.168426 19.704549 -9.860903 1.705696 0.517444 -12.271354 0.912631 -2.964825 0.000718 -0.000170 -0.000365 9.576802 -0.535425 -12.366706 -19.097286 11.661487 15.542218 -10.876145 2.200090 0.723492 -2.560870 2.908049 -1.566842 -0.000625 0.000360 0.000188 -11.323151 15.250304 9.169790 59.128101 56.028907 -27.371828 -166.588322 54.582425 -155.018428 -32.524263 7.478032 -4.658361 10.528045 0.737984 14.167361 5.983071 13.144388 -3.531885 1.285768 3.371992 -3.473882 -0.000272 0.000931 -0.000122 6.008095 7.067694 1.585995 4.717117 -3.166958 8.030065 -2.226333 -0.996761 -0.557466 -4.541604 2.418207 -3.216312 0.000158 -0.000166 0.000231 5.007114 7.627907 0.526217 5.445020 -7.723748 4.883053 1.948448 -1.617002 -0.714680 -7.987383 1.581219 4.135011 0.000874 0.000367 -0.000279 0.955401 7.167035 -16.016029 7.662749 -9.076241 20.157195 4.775204 -1.305753 -0.356790 11.298330 0.534078 -5.159654 0.001103 0.000840 -0.001064 -2.859104 6.147162 -13.491625 14.031365 -9.092977 15.460611 7.143741 -1.507201 0.161019 1.722675 -2.419383 -1.799291 -0.003144 0.000911 -0.000600 1.556031 -6.780009 -0.830345 4.492481 -7.729897 17.357496 -1.821818 -1.872808 -12.333443 4.226713 -2.957326 -7.544321 0.000695 -0.000811 1.000077 4.175372 -10.545037 -17.859437 2.911701 -3.695938 57.531809 1.326636 -7.700368 -10.612611 -1.838137 1.318923 -4.762272 -0.001503 0.000435 1.001989
5.291143 101.666321 -0.995512 -176.884083 -61.113869 -178.714996 -6.700440 -2.198029 10.641781 1.668625 5.853224 -7.568621 -3.847219 0.160357 7.471835 6.986142 -2.416651 -0.299397 -2.453317 3.001819 -14.434190 6.588345 26.620267 0.626533 0.000448 -0.000226 -0.001053 -1.375043 -0.200758 -2.913765 -0.912292 -5.798752 3.907314 -1.184870 -4.034096 3.915310 4.069345 -9.242688 14.117213 -59.475502 -29.555893 -30.503378 175.837261 -57.531777 -166.566826 42.242105 -12.528817 -11.546430 0.330445 -0.041547 13.403685 -7.113132 -11.199949 -0.357947 -2.357554 -4.416025 -13.137739 -0.000721 -0.000089 0.000238 3.644705 -4.275626 1.679319 -9.921038 1.158691 7.048273 -6.854809 1.101064 -0.826783 1.940874 -3.822054 4.614220 -0.000561 0.000552 -0.000710 4.040838 -4.048511 1.461581 -12.322509 7.707967 4.788174 -7.609669 1.664458 -0.145021 6.217905 -1.381732 5.064415 0.000818 -0.000586 0.000670 7.605316 -2.245433 -14.683283 -15.377690 11.164977 19.757338 -9.784789 1.689360 0.518007 -12.163255 0.927381 -2.876897 0.000720 -0.000171 -0.000362 9.540643 -0.521604 -12.396803 -18.980890 11.675924 15.553339 -10.764870 2.205200 0.724166 -2.471127 2.896598 -1.478872 -0.000621 0.000359 0.000194 -11.288919 15.329045 9.162589 59.102345 56.063674 -27.323129 -166.467962 54.785505 -154.856791 -32.426536 7.453581 -4.863357 10.455117 0.911509 14.046237 6.074380 13.205280 -3.453380 1.286640 3.500473 -3.530601 -0.000261 0.000916 -0.000131 6.061166 7.042858 1.541285 4.609985 -3.120508 8.027914 -2.280077 -0.997820 -0.576473 -4.598221 2.381128 -3.436411 0.000143 -0.000159 0.000223 5.075718 7.597000 0.490530 5.345755 -7.694486 4.875667 1.901354 -1.588685 -0.729914 -7.986725 1.590112 4.146091 0.000852 0.000380 -0.000285 1.052198 7.141256 -16.042285 7.595094 -9.069321 20.163265 4.712318 -1.254109 -0.371822 11.234050 0.540878 -5.126429 0.001081 0.000894 -0.001052 -2.773872 6.123137 -13.512729 13.978449 -9.086067 15.438741 7.046648 -1.450455 0.151356 1.691042 -2.384536 -1.724533 -0.003195 0.000966 -0.000590 1.544062 -6.721213 -0.850899 4.462771 -7.679344 17.424233 -1.835719 -1.894470 -12.293369 4.233387 -2.966780 -7.494770 0.000696 -0.000808 1.000071 4.128569 -10.588355 -17.919355 2.896844 -3.696483 57.650687 1.320161 -7.639594 -10.488264 -1.838553 1.319680 -4.742234 -0.001506 0.000434 1.001936
5.303900 101.681534 -1.052483 -176.861418 -61.063503 -178.732600 -6.717936 -2.193575 10.652859 1.672812 5.852872 -7.596558 -3.853102 0.172692 7.514185 6.991044 -2.403820 -0.248507 -2.425143 2.978605 -14.442916 6.581174 26.642873 0.598660 0.000445 -0.000226 -0.001040 -1.389103 -0.209722 -2.947213 -0.917189 -5.799872 3.949695 -1.188480 -4.035295 3.957798 4.042416 -9.322510 14.102772 -59.459587 -29.597345 -30.563643 175.746466 -57.558240 -166.368903 42.199413 -12.538958 -11.691002 0.393262 -0.162132 13.314387 -7.176058 -11.231135 -0.262783 -2.390448 -4.626526 -13.293503 -0.000725 -0.000090 0.000242 3.637387 -4.207041 1.668031 -9.639147 1.083321 7.062981 -6.790850 1.120900 -0.863445 2.002804 -3.821855 4.536891 -0.000563 0.000548 -0.000712 4.010015 -3.973928 1.437221 -12.092408 7.704415 4.853817 -7.537973 1.648376 -0.153075 6.240136 -1.390960 5.076646 0.000818 -0.000591 0.000670 7.540438 -2.178592 -14.704852 -15.233900 11.185828 19.831583 -9.712993 1.663453 0.526460 -12.045547 0.943696 -2.770665 0.000719 -0.000173 -0.000359 9.486159 -0.471007 -12.402527 -18.887500 11.715491 15.570699 -10.640489 2.213150 0.729661 -2.367551 2.877159 -1.360460 -0.000618 0.000358 0.000204 -11.237541 15.360116 9.130650 59.179065 56.133534 -27.261790 -166.337403 54.907220 -154.679130 -32.287044 7.384487 -5.073416 10.360058 1.093705 13.909721 6.206638 13.298068 -3.338922 1.295915 3.655239 -3.598209 -0.000246 0.000895 -0.000142 6.139327 6.986299 1.501229 4.494607 -3.057750 8.022467 -2.354895 -1.006728 -0.605834 -4.668587 2.320645 -3.736910 0.000123 -0.000149 0.000213 5.165351 7.535712 0.448717 5.238720 -7.661028 4.875242 1.845671 -1.546763 -0.747101 -7.976968 1.594818 4.148379 0.000828 0.000396 -0.000292 1.172195 7.097362 -16.069153 7.519384 -9.086560 20.194655 4.638849 -1.180831 -0.385768 11.169233 0.550821 -5.099700 0.001059 0.000961 -0.001038 -2.685062 6.074421 -13.521537 13.949733 -9.093198 15.419380 6.912250 -1.370190 0.154204 1.670590 -2.336383 -1.643903 -0.003253 0.001030 -0.000580 1.560091 -6.649898 -0.897202 4.467666 -7.644821 17.424208 -1.853700 -1.945801 -12.278961 4.243671 -2.982910 -7.437536 0.000696 -0.000806 1.000065 4.097048 -10.668148 -17.995518 2.910737 -3.726614 57.696099 1.291276 -7.573190 -10.426335 -1.831925 1.303773 -4.670065 -0.001509 0.000431 1.001868
5.315648 101.699402 -1.109243 -176.852065 -61.025894 -178.714600 -6.724322 -2.197921 10.642901 1.667663 5.858117 -7.620005 -3.867188 0.173529 7.566704 6.995339 -2.388611 -0.211489 -2.406268 2.952174 -14.441401 6.569895 26.639991 0.547855 0.000439 -0.000224 -0.001038 -1.401061 -0.216197 -2.972287 -0.917714 -5.790877 3.978906 -1.188092 -4.026146 3.986655 4.041004 -9.370736 14.099616 -59.486378 -29.663657 -30.616427 175.675098 -57.585747 -166.210140 42.174989 -12.530134 -11.759185 0.422724 -0.199619 13.280195 -7.229210 -11.242329 -0.205770 -2.414820 -4.753354 -13.381086 -0.000724 -0.000098 0.000243 3.616096 -4.133465 1.669978 -9.523467 1.044045 7.075985 -6.774513 1.132251 -0.880276 2.028861 -3.818294 4.481442 -0.000567 0.000542 -0.000710 3.977016 -3.900358 1.434953 -12.008612 7.708176 4.890791 -7.520263 1.630955 -0.151476 6.241687 -1.395759 5.073538 0.000815 -0.000589 0.000662 7.486292 -2.115232 -14.703701 -15.187933 11.223662 19.877382 -9.704855 1.644427 0.538999 -11.983258 0.952002 -2.706512 0.000712 -0.000175 -0.000352 9.447959 -0.416429 -12.386387 -18.883513 11.760105 15.573525 -10.594990 2.209400 0.738393 -2.311234 2.863879 -1.293732 -0.000615 0.000352 0.000212 -11.241129 15.383075 9.106071 59.248393 56.162748 -27.224356 -166.255088 54.993686 -154.560247 -32.180505 7.336781 -5.211622 10.313245 1.186622 13.820998 6.290630 13.346740 -3.266275 1.308511 3.731662 -3.631750 -0.000241 0.000891 -0.000146 6.185068 6.920015 1.462406 4.491643 -3.014846 8.020833 -2.364820 -1.011863 -0.624221 -4.708896 2.279386 -3.941986 0.000111 -0.000141 0.000207 5.223871 7.469026 0.419226 5.228346 -7.643233 4.869509 1.853086 -1.503486 -0.754743 -7.953539 1.598383 4.137439 0.000821 0.000399 -0.000291 1.253748 7.044537 -16.082123 7.522261 -9.114353 20.220916 4.639461 -1.123908 -0.395166 11.154394 0.560740 -5.094701 0.001058 0.000964 -0.001035 -2.620472 6.018548 -13.506413 13.992610 -9.105986 15.401734 6.867096 -1.298694 0.160456 1.691431 -2.299792 -1.617226 -0.003262 0.001029 -0.000576 1.574727 -6.602080 -0.948671 4.462484 -7.630869 17.388354 -1.885750 -1.992609 -12.254143 4.249351 -2.993094 -7.361515 0.000698 -0.000802 1.000059 4.077398 -10.735943 -18.035379 2.924679 -3.741805 57.639924 1.253670 -7.551281 -10.401355 -1.824061 1.283978 -4.579927 -0.001515 0.000422 1.001862
5.326041 101.724861 -1.165714 -176.835547 -61.062446 -178.772601 -6.699118 -2.193450 10.616692 1.665011 5.841911 -7.624001 -3.875975 0.167574 7.591264 7.002877 -2.386705 -0.201055 -2.372243 2.957566 -14.417028 6.549101 26.551330 0.526506 0.000419 -0.000227 -0.001054 -1.403101 -0.215912 -2.973131 -0.914222 -5.780099 3.969273 -1.184842 -4.015011 3.976042 4.046244 -9.434896 14.114134 -59.558821 -29.717352 -30.601487 175.680854 -57.800767 -166.193329 42.248295 -12.517834 -11.772197 0.405124 -0.122914 13.313202 -7.225788 -11.205188 -0.237098 -2.406686 -4.687515 -13.316476 -0.000724 -0.000118 0.000227 3.617740 -4.113780 1.673518 -9.758077 1.080341 7.066436 -6.911948 1.105753 -0.865014 1.968352 -3.807027 4.453367 -0.000574 0.000547 -0.000701 3.978734 -3.889622 1.440250 -12.212505 7.718687 4.860910 -7.660712 1.592384 -0.139229 6.173582 -1.385636 5.026413 0.000814 -0.000594 0.000642 7.493991 -2.106177 -14.703211 -15.336631 11.246258 19.844705 -9.858381 1.630663 0.541347 -12.069924 0.950488 -2.739511 0.000698 -0.000196 -0.000335 9.462977 -0.415905 -12.378639 -19.000036 11.767547 15.543077 -10.734451 2.177463 0.738631 -2.400108 2.864346 -1.345493 -0.000610 0.000336 0.000217 -11.269684 15.445809 9.185616 59.254250 56.077082 -27.245574 -166.159468 55.167501 -154.506645 -32.152138 7.378408 -5.327892 10.323443 1.159836 13.788895 6.264031 13.305981 -3.298717 1.311079 3.641982 -3.596458 -0.000267 0.000917 -0.000133 6.181125 6.889821 1.407239 4.670034 -3.024005 8.017129 -2.245711 -0.999687 -0.623599 -4.664576 2.292692 -3.933399 0.000100 -0.000122 0.000221 5.235743 7.438949 0.396656 5.387817 -7.639654 4.836750 1.978728 -1.472769 -0.755473 -7.885925 1.603765 4.110666 0.000839 0.000386 -0.000285 1.275506 7.020539 -16.086790 7.661402 -9.139327 20.197677 4.766383 -1.107764 -0.403451 11.237474 0.570424 -5.127725 0.001090 0.000856 -0.001059 -2.590259 6.004686 -13.487698 14.134987 -9.103192 15.378656 6.986959 -1.262229 0.150109 1.785028 -2.291172 -1.691488 -0.003186 0.000928 -0.000584 1.578854 -6.615240 -0.961157 4.466779 -7.618104 17.400365 -1.922939 -1.951077 -12.212952 4.243548 -2.978109 -7.292095 0.000708 -0.000790 1.000060 4.096634 -10.684343 -17.988944 2.933364 -3.735354 57.539191 1.227837 -7.676782 -10.432323 -1.824516 1.261804 -4.542203 -0.001540 0.000397 1.001958
5.334730 101.762390 -1.221818 -176.872480 -61.120942 -178.827594 -6.682198 -2.179726 10.601647 1.652001 5.833080 -7.643437 -3.864544 0.147564 7.611431 7.000761 -2.409300 -0.203328 -2.279918 2.967467 -14.354977 6.459913 26.283235 0.479799 0.000393 -0.000226 -0.001070 -1.391631 -0.211010 -2.974019 -0.909479 -5.763932 3.957513 -1.180397 -3.998288 3.963230 4.021735 -9.524419 14.139441 -59.666692 -29.755664 -30.568357 175.668427 -58.110698 -166.174733 42.493253 -12.609447 -11.990497 0.355505 -0.042153 13.338488 -7.185532 -11.162490 -0.296384 -2.391742 -4.586877 -13.221728 -0.000724 -0.000138 0.000208 3.646948 -4.114302 1.670084 -10.006813 1.118392 7.061531 -7.023448 1.077086 -0.843791 1.960067 -3.808143 4.438481 -0.000577 0.000553 -0.000689 4.005688 -3.905294 1.442647 -12.428079 7.732964 4.829415 -7.779645 1.562233 -0.129806 6.165299 -1.379187 4.973204 0.000809 -0.000600 0.000618 7.519201 -2.126584 -14.701095 -15.495296 11.273111 19.807445 -9.982089 1.631827 0.534614 -12.117717 0.942566 -2.790816 0.000682 -0.000217 -0.000314 9.479990 -0.433476 -12.391653 -19.119956 11.778057 15.508094 -10.868608 2.161066 0.742148 -2.449510 2.872704 -1.419370 -0.000600 0.000315 0.000226 -11.228801 15.536599 9.292059 59.261076 55.987126 -27.233014 -166.068874 55.394052 -154.465545 -32.150359 7.501689 -5.179264 10.446573 1.032298 13.850903 6.214905 13.259300 -3.338584 1.301232 3.555419 -3.557903 -0.000299 0.000949 -0.000117 6.212821 6.865490 1.414091 4.823211 -3.075951 8.022042 -2.182598 -1.020159 -0.592511 -4.672799 2.315440 -3.807115 0.000084 -0.000096 0.000238 5.238847 7.432972 0.405178 5.520316 -7.683780 4.827058 2.049685 -1.510650 -0.734617 -7.899297 1.597415 4.130700 0.000858 0.000368 -0.000275 1.244202 7.001909 -16.073524 7.782398 -9.190754 20.187432 4.854903 -1.165695 -0.399518 11.247143 0.557144 -5.111137 0.001132 0.000738 -0.001092 -2.629629 5.969293 -13.462041 14.249563 -9.119638 15.379696 7.109731 -1.309099 0.151172 1.789315 -2.308073 -1.714174 -0.003090 0.000817 -0.000594 1.552780 -6.657554 -0.917803 4.473172 -7.595069 17.389947 -1.986711 -1.877209 -12.136727 4.241680 -2.963762 -7.266397 0.000721 -0.000773 1.000063 4.113536 -10.569531 -17.847812 2.928014 -3.709895 57.347755 1.231592 -7.829287 -10.438823 -1.844825 1.248300 -4.526376 -0.001569 0.000369 1.002069
5.341364 101.786659 -1.277476 -176.791425 -61.130211 -178.935510 -6.685488 -2.156683 10.618763 1.661855 5.820875 -7.656939 -3.855798 0.148775 7.592679 7.033541 -2.451199 -0.216784 -2.259308 3.010322 -14.356382 6.449297 26.369153 0.480240 0.000387 -0.000228 -0.001077 -1.396105 -0.214529 -2.968290 -0.911990 -5.794413 3.924545 -1.183907 -4.028836 3.930028 4.039348 -9.523139 14.151366 -59.751048 -29.831973 -30.487643 175.693517 -58.278694 -166.235756 42.565845 -12.652232 -12.078669 0.339380 0.007044 13.363765 -7.149383 -11.137872 -0.337047 -2.391179 -4.508799 -13.138950 -0.000729 -0.000141 0.000200 3.696269 -4.131456 1.655252 -10.177963 1.159492 7.063249 -7.104771 1.045037 -0.829311 1.934486 -3.793919 4.426564 -0.000578 0.000554 -0.000686 4.056338 -3.934086 1.450016 -12.576224 7.754666 4.799362 -7.871979 1.543125 -0.132694 6.139757 -1.369755 4.932370 0.000811 -0.000605 0.000615 7.575885 -2.142256 -14.705950 -15.596970 11.289551 19.772185 -10.077460 1.630502 0.531535 -12.188944 0.938874 -2.840529 0.000681 -0.000220 -0.000312 9.522920 -0.448934 -12.394054 -19.187817 11.789929 15.474872 -10.981048 2.134146 0.744732 -2.529600 2.883202 -1.488591 -0.000598 0.000314 0.000228 -11.182137 15.565209 9.343480 59.270307 55.923320 -27.232960 -165.984556 55.525872 -154.383590 -32.199335 7.596858 -5.026983 10.527996 0.930185 13.922777 6.168288 13.217506 -3.381559 1.291106 3.499747 -3.518738 -0.000310 0.000966 -0.000111 6.196686 6.890611 1.419486 4.933108 -3.123817 8.029547 -2.106383 -1.028400 -0.574298 -4.633335 2.327155 -3.711004 0.000081 -0.000090 0.000243 5.201788 7.452997 0.416626 5.620217 -7.709537 4.812175 2.124980 -1.533854 -0.719624 -7.870924 1.586200 4.120977 0.000862 0.000358 -0.000277 1.188968 7.006726 -16.059389 7.855633 -9.208114 20.178372 4.953798 -1.198876 -0.395318 11.304922 0.546873 -5.124080 0.001147 0.000677 -0.001103 -2.681311 5.965879 -13.426050 14.295262 -9.129160 15.371473 7.231304 -1.335325 0.142690 1.842598 -2.328783 -1.762246 -0.003044 0.000762 -0.000597 1.557645 -6.720902 -0.904464 4.523605 -7.604171 17.389584 -2.008150 -1.854427 -12.121415 4.258495 -2.959139 -7.229016 0.000727 -0.000771 1.000064 4.138623 -10.570165 -17.782628 2.920485 -3.749128 57.237705 1.249417 -7.948543 -10.398725 -1.847816 1.253702 -4.498265 -0.001576 0.000365 1.002123
5.345594 101.778183 -1.332612 -176.766753 -61.135157 -178.953218 -6.697512 -2.137959 10.638296 1.654881 5.812217 -7.673746 -3.846662 0.139828 7.563400 7.059556 -2.469842 -0.248475 -2.248486 3.025285 -14.389960 6.462342 26.327642 0.514243 0.000391 -0.000223 -0.001078 -1.391650 -0.214483 -2.953930 -0.915052 -5.803312 3.922195 -1.187016 -4.037762 3.927479 4.078682 -9.507513 14.138943 -59.746538 -29.869514 -30.441025 175.690039 -58.353907 -166.277389 42.520573 -12.697991 -12.031436 0.324256 0.028425 13.389672 -7.148648 -11.128914 -0.344314 -2.392723 -4.502052 -13.121479 -0.000728 -0.000141 0.000204 3.699975 -4.134733 1.648489 -10.187196 1.166268 7.069048 -7.100091 1.029880 -0.825657 1.939306 -3.783648 4.414299 -0.000582 0.000555 -0.000688 4.075041 -3.941813 1.448898 -12.588272 7.752046 4.804850 -7.866002 1.531677 -0.136138 6.143712 -1.360276 4.917374 0.000816 -0.000604 0.000615 7.602391 -2.147345 -14.690999 -15.609479 11.281103 19.768769 -10.075070 1.623780 0.529210 -12.200003 0.936264 -2.859252 0.000678 -0.000217 -0.000316 9.546251 -0.456447 -12.365275 -19.185664 11.785454 15.469261 -10.992329 2.122626 0.743306 -2.550349 2.884628 -1.504928 -0.000604 0.000321 0.000229 -11.167520 15.599995 9.335789 59.193331 55.889701 -27.299486 -165.929190 55.582544 -154.313759 -32.164035 7.598548 -4.953299 10.550771 0.908002 13.951138 6.169803 13.229906 -3.385342 1.292047 3.525826 -3.515877 -0.000307 0.000969 -0.000114 6.192785 6.920828 1.419280 4.914734 -3.122903 8.025346 -2.137987 -1.032798 -0.583228 -4.643635 2.325132 -3.677204 0.000084 -0.000092 0.000244 5.191975 7.484950 0.417049 5.590910 -7.715645 4.804100 2.093337 -1.544445 -0.722907 -7.892431 1.579794 4.121876 0.000865 0.000355 -0.000276 1.162201 7.027364 -16.065184 7.831943 -9.200613 20.178647 4.926648 -1.201908 -0.397473 11.292791 0.544810 -5.123787 0.001156 0.000680 -0.001104 -2.705306 5.977467 -13.427430 14.252122 -9.129386 15.370575 7.215024 -1.349015 0.142693 1.828730 -2.335464 -1.758796 -0.003037 0.000759 -0.000601 1.584355 -6.721016 -0.929337 4.515855 -7.612354 17.393772 -2.049784 -1.881183 -12.203304 4.274328 -2.957096 -7.256026 0.000725 -0.000777 1.000065 4.159053 -10.555106 -17.771420 2.916816 -3.771798 57.184277 1.244718 -7.967218 -10.445822 -1.830708 1.254125 -4.488129 -0.001575 0.000363 1.002128
5.347066 101.753555 -1.387150 -176.776847 -61.138151 -178.850010 -6.714038 -2.120556 10.678100 1.650049 5.806096 -7.701927 -3.844297 0.135496 7.546055 7.065521 -2.444364 -0.249286 -2.253951 3.000904 -14.418088 6.493615 26.279001 0.533772 0.000399 -0.000222 -0.001075 -1.391750 -0.216243 -2.954813 -0.915977 -5.792728 3.937160 -1.187470 -4.027122 3.942392 4.102013 -9.468596 14.118711 -59.658525 -29.926183 -30.487017 175.676195 -58.258830 -166.271735 42.431736 -12.680239 -12.011835 0.350140 0.012026 13.379671 -7.181705 -11.142358 -0.308985 -2.409090 -4.590345 -13.180278 -0.000728 -0.000142 0.000207 3.682625 -4.092170 1.641153 -10.041504 1.137876 7.078053 -7.022831 1.033704 -0.842250 1.975535 -3.780950 4.388190 -0.000589 0.000551 -0.000691 4.060891 -3.894175 1.435783 -12.474416 7.734341 4.833535 -7.785210 1.523912 -0.141283 6.168857 -1.360215 4.924047 0.000822 -0.000602 0.000618 7.580724 -2.116788 -14.683562 -15.541266 11.285193 19.807717 -10.000442 1.605788 0.529669 -12.140414 0.935791 -2.828124 0.000678 -0.000216 -0.000325 9.528044 -0.435639 -12.342024 -19.148977 11.799355 15.478207 -10.911328 2.121762 0.739741 -2.494838 2.872900 -1.454365 -0.000613 0.000328 0.000227 -11.192333 15.583318 9.242129 59.051553 55.924007 -27.429861 -165.985386 55.472554 -154.328944 -32.036890 7.504611 -4.991567 10.501561 0.970741 13.913780 6.236217 13.285427 -3.334951 1.307980 3.618409 -3.545029 -0.000301 0.000960 -0.000118 6.202740 6.911138 1.411051 4.824333 -3.087033 8.017357 -2.224688 -1.034374 -0.607506 -4.700638 2.301702 -3.767975 0.000090 -0.000099 0.000245 5.210109 7.477635 0.398338 5.497244 -7.700704 4.811179 2.008161 -1.529991 -0.737956 -7.932178 1.582673 4.127029 0.000870 0.000358 -0.000279 1.182461 7.021878 -16.080424 7.760118 -9.192580 20.200170 4.836168 -1.166952 -0.406709 11.231523 0.555048 -5.111676 0.001157 0.000712 -0.001099 -2.683873 5.968927 -13.426429 14.191528 -9.124278 15.361956 7.093147 -1.325726 0.148079 1.779679 -2.314932 -1.713108 -0.003059 0.000787 -0.000606 1.639190 -6.649339 -1.022824 4.481800 -7.595903 17.347052 -2.103654 -1.930397 -12.308246 4.287006 -2.956858 -7.268873 0.000719 -0.000787 1.000069 4.151171 -10.609585 -17.859450 2.949555 -3.806761 57.171037 1.231010 -7.856035 -10.554928 -1.795003 1.242966 -4.430210 -0.001571 0.000366 1.002101
5.345429 101.737640 -1.441013 -176.888007 -61.052895 -178.623470 -6.756186 -2.109467 10.702355 1.655295 5.788292 -7.727044 -3.838705 0.168304 7.592857 7.049718 -2.404644 -0.223874 -2.304339 2.933116 -14.427204 6.594912 26.512836 0.565582 0.000397 -0.000224 -0.001078 -1.407407 -0.225018 -2.979798 -0.922012 -5.792796 3.981458 -1.192158 -4.027063 3.986505 4.092056 -9.390837 14.100921 -59.523024 -29.917617 -30.634511 175.572790 -58.066357 -166.139107 41.977851 -12.446502 -11.935746 0.432948 -0.065117 13.303824 -7.255268 -11.183382 -0.227411 -2.453307 -4.787415 -13.300928 -0.000725 -0.000148 0.000206 3.660085 -4.010594 1.622017 -9.847103 1.080396 7.069395 -6.955297 1.012215 -0.878251 2.005200 -3.773325 4.318138 -0.000594 0.000540 -0.000684 4.000150 -3.788987 1.417110 -12.315436 7.698142 4.861179 -7.695146 1.478238 -0.143111 6.160667 -1.363819 4.930389 0.000814 -0.000597 0.000609 7.482693 -2.033318 -14.669359 -15.461853 11.297387 19.864542 -9.902883 1.534193 0.542544 -12.047631 0.935613 -2.748709 0.000673 -0.000214 -0.000324 9.419511 -0.376439 -12.303428 -19.100655 11.819116 15.501609 -10.755782 2.085591 0.736859 -2.412403 2.839026 -1.357315 -0.000605 0.000319 0.000225 -11.261478 15.575434 9.023130 58.966855 56.027358 -27.445996 -166.138050 55.299707 -154.358779 -31.669304 7.280497 -5.132806 10.385810 1.157944 13.781552 6.420050 13.377886 -3.206231 1.346920 3.751814 -3.583739 -0.000303 0.000964 -0.000115 6.242017 6.907659 1.386860 4.753704 -3.026116 8.001594 -2.294499 -1.035311 -0.652050 -4.761670 2.229087 -4.062233 0.000089 -0.000099 0.000244 5.258072 7.429098 0.346681 5.421814 -7.634811 4.809700 1.945336 -1.473012 -0.752968 -7.915599 1.582993 4.093394 0.000870 0.000354 -0.000278 1.271948 6.997121 -16.075834 7.702054 -9.196263 20.248515 4.754635 -1.072860 -0.415548 11.202234 0.583129 -5.133942 0.001159 0.000698 -0.001099 -2.607606 5.916689 -13.374313 14.160809 -9.108187 15.348520 6.927813 -1.221674 0.157173 1.800786 -2.266911 -1.686237 -0.003060 0.000782 -0.000599 1.658899 -6.534836 -1.158341 4.398342 -7.604136 17.327721 -2.095226 -2.094332 -12.323124 4.291398 -2.979112 -7.138318 0.000720 -0.000781 1.000068 4.068112 -10.911448 -18.059070 2.930867 -3.818705 57.299375 1.168921 -7.728384 -10.497838 -1.744082 1.225652 -4.305759 -0.001573 0.000362 1.002113
5.340327 101.762161 -1.494128 -176.920034 -61.034338 -178.540382 -6.757327 -2.106234 10.739061 1.643381 5.804192 -7.742874 -3.845860 0.165862 7.663506 7.028511 -2.396383 -0.159967 -2.262837 2.928230 -14.411526 6.591890 26.401473 0.532343 0.000376 -0.000232 -0.001099 -1.416026 -0.226964 -3.024742 -0.917890 -5.768392 3.983133 -1.187919 -4.001813 3.987247 4.091762 -9.350824 14.075595 -59.557366 -29.965588 -30.722581 175.557141 -57.988094 -166.050211 42.117737 -12.493561 -12.070317 0.524906 -0.260475 13.192848 -7.324507 -11.244938 -0.088809 -2.466002 -5.075724 -13.530988 -0.000723 -0.000174 0.000183 3.609756 -3.966091 1.654750 -9.397842 1.002458 7.072029 -6.857060 1.074978 -0.914093 2.098652 -3.773428 4.242985 -0.000604 0.000526 -0.000658 3.939394 -3.727791 1.398514 -11.935876 7.694473 4.939358 -7.589135 1.501083 -0.158275 6.184992 -1.378321 4.982476 0.000802 -0.000599 0.000584 7.398961 -1.976197 -14.704850 -15.201228 11.304671 19.925837 -9.808998 1.531861 0.560468 -11.872974 0.965522 -2.584718 0.000660 -0.000233 -0.000307 9.402635 -0.319077 -12.318034 -18.929757 11.849321 15.508460 -10.595290 2.105252 0.736390 -2.243181 2.819091 -1.182029 -0.000587 0.000294 0.000229 -11.273619 15.628517 8.933393 58.927356 56.069503 -27.475040 -166.186480 55.108204 -154.337746 -31.430288 7.369585 -5.389484 10.267980 1.487724 13.529804 6.575052 13.457708 -3.014720 1.362918 3.898479 -3.672174 -0.000339 0.000995 -0.000096 6.346559 6.863377 1.336070 4.617649 -2.989732 8.016213 -2.306184 -1.057239 -0.685620 -4.800694 2.156941 -4.481576 0.000089 -0.000078 0.000261 5.363328 7.383993 0.286889 5.278181 -7.601878 4.821050 1.971319 -1.425353 -0.785693 -7.839480 1.596998 4.114538 0.000911 0.000331 -0.000265 1.406796 6.950519 -16.114738 7.621869 -9.222711 20.258376 4.727793 -0.991693 -0.445296 11.138249 0.595919 -5.074605 0.001198 0.000570 -0.001126 -2.532163 5.872593 -13.335559 14.162689 -9.111277 15.281445 6.786581 -1.112038 0.151294 1.787577 -2.191277 -1.564194 -0.002981 0.000669 -0.000607 1.694767 -6.447904 -1.265047 4.348423 -7.580809 17.360183 -2.204508 -2.148556 -12.314680 4.299909 -2.966463 -6.997948 0.000741 -0.000760 1.000063 4.036621 -11.084451 -18.152575 2.906176 -3.842516 57.317938 1.117172 -7.768157 -10.425998 -1.727836 1.162839 -4.186322 -0.001606 0.000339 1.002216
5.331404 101.814796 -1.546419 -176.963219 -60.983154 -178.566239 -6.740819 -2.117639 10.746144 1.635092 5.812748 -7.727533 -3.875392 0.171592 7.740658 7.023817 -2.447322 -0.152586 -2.235209 2.969104 -14.391044 6.585126 26.576804 0.453440 0.000344 -0.000240 -0.001126 -1.428019 -0.230736 -3.047668 -0.916542 -5.780210 3.950751 -1.187526 -4.012915 3.954100 4.111630 -9.308267 14.091146 -59.773793 -29.992875 -30.786288 175.556307 -58.091721 -166.011334 42.262639 -12.454924 -12.154696 0.559268 -0.248775 13.191271 -7.319801 -11.229603 -0.088209 -2.454928 -5.051861 -13.510648 -0.000722 -0.000197 0.000154 3.619728 -3.956511 1.687410 -9.502905 1.039280 7.066572 -6.981058 1.072550 -0.901420 2.069454 -3.764175 4.217519 -0.000606 0.000518 -0.000630 3.939375 -3.720540 1.421530 -12.014565 7.712667 4.919349 -7.714387 1.504892 -0.155216 6.125359 -1.375599 4.957335 0.000784 -0.000602 0.000553 7.406906 -1.961795 -14.713268 -15.255824 11.328100 19.889754 -9.945502 1.535617 0.573482 -11.915674 0.974677 -2.584397 0.000646 -0.000253 -0.000279 9.430751 -0.306418 -12.310371 -18.969892 11.849021 15.479933 -10.709932 2.079077 0.740760 -2.288042 2.826495 -1.216126 -0.000560 0.000263 0.000232 -11.349778 15.682781 8.967336 59.142238 56.073582 -27.310333 -166.249604 55.133613 -154.415001 -31.301415 7.519669 -5.364106 10.261916 1.538940 13.450949 6.575679 13.403398 -2.991894 1.368183 3.797907 -3.647768 -0.000387 0.001048 -0.000066 6.365691 6.865625 1.307921 4.761206 -3.032259 8.035897 -2.156096 -1.071709 -0.671740 -4.739792 2.161350 -4.526870 0.000085 -0.000052 0.000280 5.370476 7.358389 0.261420 5.401588 -7.588487 4.795513 2.134327 -1.425296 -0.771070 -7.739005 1.599781 4.109929 0.000950 0.000299 -0.000249 1.421797 6.921945 -16.109482 7.735949 -9.252539 20.233850 4.878297 -0.993956 -0.446293 11.209578 0.596669 -5.074689 0.001248 0.000369 -0.001169 -2.538052 5.843510 -13.270118 14.289820 -9.105398 15.243771 6.912372 -1.091927 0.134599 1.871037 -2.180538 -1.597760 -0.002841 0.000489 -0.000612 1.641192 -6.498290 -1.289850 4.349948 -7.597353 17.501913 -2.207908 -2.159701 -12.182764 4.293790 -2.960367 -6.816350 0.000767 -0.000728 1.000060 4.019837 -11.172549 -18.130967 2.841837 -3.816453 57.313153 1.087282 -7.904282 -10.246097 -1.740304 1.140974 -4.112070 -0.001644 0.000310 1.002387
5.318304 101.853714 -1.597815 -176.877209 -60.932033 -178.727041 -6.732258 -2.129727 10.734621 1.650131 5.828911 -7.701365 -3.933092 0.159419 7.769510 7.075854 -2.539331 -0.164336 -2.219054 3.058658 -14.398681 6.568870 26.926653 0.343911 0.000325 -0.000253 -0.001140 -1.441172 -0.236890 -3.056895 -0.917857 -5.828612 3.876362 -1.191133 -4.061289 3.879772 4.194494 -9.258104 14.141063 -60.067829 -30.092410 -30.780708 175.622395 -58.193013 -166.051597 42.553709 -12.383431 -12.241967 0.566512 -0.088803 13.265746 -7.258474 -11.159003 -0.180205 -2.427461 -4.826779 -13.338084 -0.000726 -0.000205 0.000134 3.678899 -3.951131 1.720540 -9.940641 1.149257 7.054154 -7.230432 1.032105 -0.860590 1.959273 -3.749989 4.220482 -0.000602 0.000516 -0.000612 3.993873 -3.738853 1.472935 -12.378658 7.759042 4.840154 -7.972610 1.492648 -0.147987 6.017252 -1.364367 4.882180 0.000775 -0.000609 0.000542 7.492117 -1.967994 -14.699798 -15.509109 11.369995 19.791286 -10.221537 1.549563 0.575612 -12.103600 0.969164 -2.686640 0.000647 -0.000266 -0.000265 9.509667 -0.317487 -12.297787 -19.148577 11.846336 15.432036 -11.001476 2.034116 0.746015 -2.476388 2.850927 -1.367165 -0.000542 0.000247 0.000230 -11.433014 15.696117 9.109462 59.498053 56.066417 -27.123237 -166.210274 55.234458 -154.413478 -31.442531 7.668224 -5.272242 10.303975 1.388402 13.497605 6.450238 13.274264 -3.103007 1.355292 3.562082 -3.559956 -0.000417 0.001080 -0.000047 6.312209 6.876955 1.289076 5.060189 -3.111723 8.047135 -1.913539 -1.064796 -0.637345 -4.607351 2.224420 -4.330263 0.000086 -0.000038 0.000290 5.310554 7.352834 0.274730 5.682040 -7.604987 4.746653 2.378021 -1.441959 -0.742415 -7.623579 1.602944 4.085727 0.000971 0.000281 -0.000243 1.353098 6.909558 -16.091611 7.960514 -9.275550 20.185013 5.135605 -1.042306 -0.434247 11.370089 0.591808 -5.112674 0.001266 0.000247 -0.001194 -2.594746 5.853258 -13.219519 14.479523 -9.102943 15.228066 7.201897 -1.124798 0.111642 2.015773 -2.207324 -1.726088 -0.002751 0.000376 -0.000614 1.594517 -6.632625 -1.259700 4.426455 -7.632750 17.632307 -2.151919 -2.097328 -12.096682 4.282987 -2.948489 -6.717831 0.000783 -0.000710 1.000058 4.078719 -11.105229 -18.052144 2.806363 -3.791635 57.263734 1.069370 -8.099665 -10.085536 -1.771373 1.143661 -4.103369 -0.001665 0.000299 1.002490
5.300671 101.842186 -1.648244 -176.837184 -60.967354 -178.802410 -6.727598 -2.143510 10.714123 1.671131 5.836494 -7.691479 -3.980828 0.140597 7.737487 7.131547 -2.556996 -0.197154 -2.273074 3.093836 -14.462081 6.552113 27.126745 0.302830 0.000343 -0.000268 -0.001118 -1.446251 -0.237390 -3.040274 -0.917724 -5.862871 3.823687 -1.192710 -4.096586 3.828244 4.259436 -9.275817 14.182493 -60.180816 -30.138229 -30.768066 175.696430 -58.255396 -166.146982 42.766866 -12.326456 -12.300655 0.500446 0.122799 13.375210 -7.176149 -11.080182 -0.316975 -2.400568 -4.557839 -13.125154 -0.000736 -0.000188 0.000139 3.725726 -3.949250 1.718795 -10.441729 1.244923 7.043203 -7.412997 0.958716 -0.818248 1.864728 -3.742510 4.250464 -0.000596 0.000524 -0.000617 4.042000 -3.769091 1.509217 -12.809417 7.779242 4.764316 -8.161936 1.451498 -0.135254 5.970301 -1.352970 4.803690 0.000787 -0.000619 0.000570 7.569039 -1.998750 -14.668289 -15.823056 11.398643 19.710636 -10.407805 1.542441 0.567396 -12.280308 0.943006 -2.830018 0.000673 -0.000258 -0.000286 9.548930 -0.344498 -12.288256 -19.387321 11.827605 15.401097 -11.233118 1.987527 0.750738 -2.655515 2.870149 -1.533563 -0.000552 0.000268 0.000219 -11.457871 15.652722 9.226865 59.639149 56.082611 -27.067084 -166.144843 55.347981 -154.401947 -31.764247 7.668715 -5.163585 10.378488 1.119005 13.668148 6.260208 13.180313 -3.284100 1.327189 3.387522 -3.475455 -0.000392 0.001045 -0.000062 6.210177 6.903511 1.291516 5.271808 -3.158116 8.032637 -1.809755 -1.045910 -0.605261 -4.548925 2.295157 -3.982668 0.000097 -0.000058 0.000279 5.215442 7.389151 0.316606 5.892609 -7.628642 4.708809 2.453438 -1.479027 -0.718223 -7.647329 1.596412 4.074106 0.000951 0.000307 -0.000260 1.236712 6.938775 -16.088614 8.103474 -9.249364 20.145623 5.244189 -1.111722 -0.408754 11.451093 0.578288 -5.152622 0.001212 0.000371 -0.001165 -2.674715 5.916506 -13.254140 14.561843 -9.100164 15.253650 7.391397 -1.207553 0.106285 2.060808 -2.262731 -1.835684 -0.002836 0.000487 -0.000610 1.560532 -6.747351 -1.194660 4.492082 -7.664903 17.619736 -2.064077 -1.983267 -12.160096 4.267924 -2.942746 -6.785553 0.000772 -0.000727 1.000062 4.146650 -10.892888 -17.957073 2.828943 -3.764364 57.168802 1.102690 -8.182081 -10.156354 -1.811431 1.185498 -4.166811 -0.001646 0.000327 1.002377
5.278144 101.791298 -1.697635 -176.823182 -61.086273 -178.807137 -6.720195 -2.142505 10.688723 1.694281 5.829240 -7.689299 -4.010556 0.123574 7.650345 7.194090 -2.519097 -0.249442 -2.351538 3.088430 -14.534461 6.570724 27.147759 0.383164 0.000386 -0.000278 -0.001077 -1.440668 -0.232260 -2.994281 -0.919229 -5.884376 3.799865 -1.195078 -4.119705 3.806259 4.267977 -9.359823 14.207717 -60.065535 -30.146662 -30.734006 175.758136 -58.277895 -166.269475 42.846097 -12.306664 -12.192662 0.362628 0.310116 13.502374 -7.101524 -11.020853 -0.436288 -2.378235 -4.339545 -12.942653 -0.000746 -0.000152 0.000165 3.723015 -3.974340 1.700202 -10.851614 1.303362 7.039336 -7.495390 0.885810 -0.786859 1.801665 -3.737322 4.277389 -0.000588 0.000538 -0.000644 4.066543 -3.818436 1.521474 -13.173618 7.767086 4.714603 -8.249313 1.403161 -0.117347 5.967040 -1.338757 4.738566 0.000817 -0.000626 0.000624 7.624964 -2.052407 -14.631921 -16.097818 11.400594 19.667957 -10.486012 1.524081 0.558371 -12.411494 0.911585 -2.963196 0.000709 -0.000238 -0.000332 9.574295 -0.391637 -12.274580 -19.606264 11.805958 15.396434 -11.362138 1.955447 0.754304 -2.790969 2.876477 -1.654428 -0.000587 0.000313 0.000202 -11.446715 15.575489 9.318528 59.528168 56.065491 -27.187933 -166.069663 55.417112 -154.398003 -32.150136 7.539944 -5.065095 10.455136 0.835688 13.872592 6.073576 13.141512 -3.470303 1.292941 3.315207 -3.415209 -0.000332 0.000967 -0.000100 6.105371 6.926680 1.295100 5.381843 -3.162934 8.002529 -1.819305 -1.011512 -0.589878 -4.547819 2.347766 -3.653802 0.000110 -0.000102 0.000256 5.132107 7.439724 0.369678 6.017735 -7.647836 4.682842 2.402385 -1.498378 -0.713243 -7.747385 1.589253 4.061311 0.000902 0.000360 -0.000291 1.126686 6.983847 -16.100849 8.175115 -9.199478 20.117771 5.235988 -1.157580 -0.385431 11.469401 0.569101 -5.195320 0.001121 0.000657 -0.001101 -2.739013 5.991088 -13.338309 14.576521 -9.089602 15.295740 7.467322 -1.275046 0.111909 2.043682 -2.314782 -1.912384 -0.003033 0.000742 -0.000602 1.569377 -6.812594 -1.126876 4.519160 -7.677897 17.503065 -1.997512 -1.862700 -12.354164 4.269843 -2.943373 -6.992926 0.000743 -0.000770 1.000073 4.212070 -10.649496 -17.837470 2.893381 -3.744870 57.007657 1.159246 -8.137631 -10.422653 -1.838582 1.236024 -4.266241 -0.001598 0.000378 1.002132
5.250366 101.749290 -1.745919 -176.803829 -61.226575 -178.788297 -6.711670 -2.143236 10.665832 1.702988 5.816840 -7.686613 -4.031045 0.103381 7.577161 7.227312 -2.457206 -0.290181 -2.420845 3.066781 -14.567743 6.591308 27.114403 0.475022 0.000426 -0.000283 -0.001041 -1.433684 -0.226208 -2.943174 -0.921728 -5.890695 3.808612 -1.197407 -4.127213 3.816494 4.259933 -9.443459 14.213920 -59.913854 -30.141850 -30.685952 175.821213 -58.235762 -166.388719 42.903513 -12.321582 -12.071488 0.225103 0.452694 13.622389 -7.049459 -10.982544 -0.513774 -2.363254 -4.206446 -12.836702 -0.000753 -0.000124 0.000189 3.695141 -3.977731 1.684091 -11.109272 1.330350 7.050473 -7.503033 0.845334 -0.762578 1.768678 -3.740610 4.309616 -0.000586 0.000548 -0.000671 4.069488 -3.832443 1.520590 -13.411681 7.743632 4.698670 -8.264481 1.376816 -0.099246 5.989254 -1.331847 4.706319 0.000848 -0.000630 0.000668 7.653578 -2.083040 -14.590198 -16.295399 11.413389 19.648590 -10.498461 1.511915 0.553108 -12.482929 0.885844 -3.056597 0.000735 -0.000224 -0.000374 9.585124 -0.410913 -12.252146 -19.795090 11.805668 15.394058 -11.413136 1.945500 0.755970 -2.859370 2.874807 -1.723171 -0.000624 0.000354 0.000186 -11.445849 15.476978 9.367162 59.453182 56.020214 -27.298461 -166.024581 55.409595 -154.399508 -32.459756 7.386945 -4.989123 10.515847 0.612926 14.045543 5.949476 13.148550 -3.596503 1.269630 3.311645 -3.385450 -0.000278 0.000895 -0.000135 6.030045 6.932660 1.301183 5.387068 -3.140198 7.981149 -1.916226 -0.995747 -0.581165 -4.594309 2.381003 -3.404726 0.000117 -0.000142 0.000237 5.077181 7.473981 0.409925 6.041737 -7.662330 4.673733 2.269778 -1.522641 -0.709481 -7.881240 1.583249 4.062555 0.000859 0.000407 -0.000319 1.049019 7.020259 -16.123515 8.162428 -9.157917 20.115925 5.137405 -1.194214 -0.363689 11.431797 0.561106 -5.217879 0.001047 0.000914 -0.001045 -2.783150 6.041803 -13.425551 14.543619 -9.087305 15.342232 7.434453 -1.338324 0.128417 1.967094 -2.352691 -1.940501 -0.003209 0.000971 -0.000598 1.613711 -6.777235 -1.081839 4.527033 -7.674703 17.346661 -1.980662 -1.743925 -12.503185 4.281380 -2.950460 -7.192145 0.000712 -0.000812 1.000087 4.258217 -10.513290 -17.729272 2.960559 -3.737216 56.826090 1.209114 -8.019044 -10.646643 -1.856206 1.267831 -4.354939 -0.001555 0.000419 1.001910
5.216976 101.726067 -1.793027 -176.838835 -61.228432 -178.735542 -6.708765 -2.142452 10.645596 1.694639 5.813647 -7.685556 -4.043672 0.092123 7.558309 7.245224 -2.420958 -0.326774 -2.451591 3.043498 -14.568094 6.650357 27.041731 0.621083 0.000438 -0.000281 -0.001039 -1.430836 -0.222643 -2.915050 -0.922214 -5.883916 3.816350 -1.197668 -4.120595 3.824512 4.213967 -9.476464 14.222090 -59.762084 -30.071331 -30.719796 175.778192 -58.141627 -166.377056 42.833720 -12.385792 -11.959364 0.136582 0.454543 13.671348 -7.037781 -10.978808 -0.516043 -2.362372 -4.207844 -12.836328 -0.000750 -0.000119 0.000194 3.663667 -3.996934 1.677284 -11.108658 1.314819 7.053721 -7.461912 0.853763 -0.749389 1.773054 -3.746299 4.341728 -0.000587 0.000548 -0.000678 4.060697 -3.851443 1.500928 -13.419218 7.729852 4.715138 -8.220412 1.385393 -0.087814 6.014875 -1.335131 4.731284 0.000856 -0.000626 0.000676 7.649023 -2.104493 -14.580124 -16.309653 11.403603 19.649677 -10.449642 1.514236 0.553863 -12.471726 0.881787 -3.058449 0.000737 -0.000221 -0.000387 9.584828 -0.422150 -12.248691 -19.821862 11.806309 15.390840 -11.367966 1.952112 0.756206 -2.842681 2.871255 -1.712195 -0.000638 0.000362 0.000180 -11.461926 15.489694 9.334428 59.372169 55.980475 -27.352206 -166.055528 55.372347 -154.425043 -32.458108 7.264578 -4.969760 10.559657 0.567365 14.088166 5.943794 13.161654 -3.609035 1.272278 3.346341 -3.388986 -0.000269 0.000882 -0.000141 6.034931 6.912419 1.288181 5.335179 -3.117670 7.979599 -1.990188 -0.998517 -0.577050 -4.631049 2.379623 -3.359805 0.000123 -0.000158 0.000236 5.098512 7.465160 0.414735 5.991573 -7.668214 4.681458 2.185237 -1.528704 -0.712319 -7.937235 1.580366 4.065100 0.000855 0.000414 -0.000323 1.062365 7.020390 -16.130811 8.120168 -9.158536 20.125648 5.056934 -1.200942 -0.362207 11.399407 0.561322 -5.217774 0.001040 0.000959 -0.001033 -2.755606 6.034364 -13.453559 14.505832 -9.089776 15.367773 7.376242 -1.348608 0.137821 1.924064 -2.356779 -1.932339 -0.003236 0.001007 -0.000601 1.629063 -6.715189 -1.074643 4.479783 -7.669787 17.314353 -2.013075 -1.710320 -12.590748 4.298903 -2.967890 -7.250191 0.000702 -0.000824 1.000094 4.234566 -10.523851 -17.690031 2.970385 -3.731530 56.775961 1.258711 -7.915093 -10.759739 -1.862187 1.265611 -4.383030 -0.001543 0.000427 1.001877
5.177614 101.721741 -1.838893 -176.913329 -61.213315 -178.745156 -6.718951 -2.124497 10.624061 1.685157 5.806715 -7.662041 -4.016310 0.096033 7.582665 7.238613 -2.427810 -0.346615 -2.404302 3.076017 -14.508363 6.709168 26.935935 0.776838 0.000429 -0.000280 -0.001063 -1.438417 -0.221765 -2.925588 -0.919516 -5.875043 3.778057 -1.196114 -4.111440 3.785690 4.147482 -9.577165 14.262517 -59.707969 -30.009540 -30.776647 175.693902 -58.147886 -166.350746 42.585557 -12.430605 -11.869553 0.076454 0.327150 13.661515 -7.052752 -10.996451 -0.453784 -2.363291 -4.342941 -12.920339 -0.000743 -0.000131 0.000184 3.624132 -4.037920 1.684317 -10.821144 1.268358 7.039576 -7.386010 0.907213 -0.754420 1.823782 -3.756770 4.355196 -0.000590 0.000543 -0.000665 4.030394 -3.872078 1.470015 -13.171859 7.724920 4.749329 -8.124310 1.426484 -0.083550 6.043000 -1.346484 4.795311 0.000845 -0.000616 0.000657 7.605699 -2.102844 -14.586892 -16.133727 11.356705 19.666054 -10.343054 1.520143 0.562301 -12.376270 0.895754 -2.977604 0.000725 -0.000226 -0.000377 9.569285 -0.412489 -12.240781 -19.681469 11.794663 15.391658 -11.221777 1.972034 0.750415 -2.743142 2.858143 -1.616587 -0.000630 0.000346 0.000177 -11.410244 15.620842 9.279451 59.181356 55.863176 -27.487865 -166.099234 55.395274 -154.508187 -32.201888 7.270520 -4.961174 10.603394 0.699036 14.031220 6.032725 13.176234 -3.505703 1.279885 3.432549 -3.431508 -0.000291 0.000917 -0.000126 6.125073 6.895883 1.281349 5.147372 -3.104252 7.997176 -2.078764 -1.043652 -0.564506 -4.669297 2.340925 -3.499400 0.000134 -0.000161 0.000247 5.179641 7.438623 0.388631 5.813060 -7.672074 4.712134 2.103246 -1.564636 -0.709588 -7.950636 1.576207 4.096703 0.000887 0.000389 -0.000311 1.143271 6.988499 -16.128316 8.002014 -9.177538 20.149455 4.939404 -1.215417 -0.362551 11.324563 0.558805 -5.168111 0.001078 0.000831 -0.001056 -2.704661 5.967541 -13.426602 14.428727 -9.095709 15.389137 7.231752 -1.350065 0.148691 1.854092 -2.335394 -1.837216 -0.003145 0.000888 -0.000605 1.615158 -6.667350 -1.092990 4.382818 -7.659305 17.501256 -2.055201 -1.709003 -12.653069 4.312700 -2.991586 -7.102054 0.000709 -0.000812 1.000092 4.153549 -10.690202 -17.680887 2.944706 -3.710910 56.918981 1.301052 -7.897273 -10.767358 -1.865459 1.232338 -4.388201 -0.001553 0.000410 1.001994
5.131869 101.730263 -1.883428 -176.905799 -61.117874 -178.822779 -6.726843 -2.111889 10.611819 1.672294 5.811747 -7.634181 -4.000420 0.101771 7.639613 7.225962 -2.453953 -0.356880 -2.342153 3.097632 -14.443387 6.738341 26.831440 0.861410 0.000400 -0.000273 -0.001101 -1.441796 -0.222213 -2.940421 -0.915242 -5.859417 3.752345 -1.192535 -4.094842 3.758817 4.117887 -9.585122 14.263073 -59.696166 -29.966253 -30.785040 175.612062 -58.096433 -166.256497 42.374314 -12.514290 -11.875187 0.105948 0.146952 13.592106 -7.101406 -11.036625 -0.364742 -2.376192 -4.496936 -13.031393 -0.000730 -0.000147 0.000164 3.608546 -4.089555 1.686038 -10.458689 1.208082 7.018780 -7.291947 0.976210 -0.769633 1.876079 -3.765833 4.375352 -0.000587 0.000533 -0.000645 4.009087 -3.907749 1.438819 -12.839600 7.727227 4.780732 -8.007142 1.480752 -0.094492 6.062607 -1.360984 4.878180 0.000819 -0.000605 0.000620 7.562746 -2.107018 -14.629283 -15.863329 11.290081 19.679413 -10.216887 1.540276 0.565659 -12.269001 0.918890 -2.878253 0.000702 -0.000233 -0.000343 9.552080 -0.417174 -12.262963 -19.446839 11.779201 15.386741 -11.060718 1.996401 0.743337 -2.628468 2.852869 -1.522131 -0.000604 0.000313 0.000186 -11.393095 15.724984 9.210005 59.087064 55.756633 -27.559971 -166.150249 55.396759 -154.538430 -31.871848 7.328433 -4.993743 10.595972 0.896946 13.912933 6.160184 13.168892 -3.380076 1.305152 3.487600 -3.471542 -0.000338 0.000984 -0.000094 6.206861 6.876470 1.260215 5.012431 -3.108625 8.024288 -2.097775 -1.072165 -0.561847 -4.659155 2.305759 -3.691823 0.000137 -0.000139 0.000266 5.259025 7.399572 0.351855 5.663458 -7.671404 4.739241 2.110395 -1.565887 -0.717084 -7.884936 1.577067 4.110232 0.000928 0.000344 -0.000283 1.237452 6.944587 -16.105874 7.918850 -9.203992 20.154355 4.905264 -1.198114 -0.382964 11.306390 0.563082 -5.133990 0.001151 0.000596 -0.001105 -2.626473 5.898270 -13.363489 14.381142 -9.094645 15.368183 7.157716 -1.316747 0.138370 1.851243 -2.303806 -1.774792 -0.002975 0.000672 -0.000610 1.593655 -6.655682 -1.148981 4.321965 -7.670322 17.779739 -2.091746 -1.828940 -12.690073 4.323043 -2.999066 -6.947622 0.000730 -0.000778 1.000083 4.085798 -10.863042 -17.739107 2.890258 -3.719080 57.150316 1.328983 -7.918184 -10.660779 -1.853758 1.189494 -4.367906 -0.001579 0.000377 1.002206
5.079194 101.745781 -1.926475 -176.873278 -61.036381 -178.913273 -6.756607 -2.105205 10.590476 1.670587 5.817064 -7.614264 -3.991239 0.118650 7.728398 7.196120 -2.484715 -0.378694 -2.305435 3.082356 -14.393413 6.742045 26.890952 0.838570 0.000378 -0.000261 -0.001127 -1.438995 -0.225690 -2.950810 -0.917326 -5.852934 3.774457 -1.193881 -4.087558 3.780103 4.111431 -9.577748 14.249904 -59.760377 -29.995584 -30.745914 175.560911 -58.024342 -166.173847 42.100160 -12.492792 -11.824076 0.155473 0.117365 13.558733 -7.133220 -11.048653 -0.346899 -2.387341 -4.490331 -13.018071 -0.000719 -0.000155 0.000155 3.628216 -4.104409 1.676737 -10.413961 1.206946 6.996367 -7.280071 0.996287 -0.778947 1.858714 -3.774452 4.413344 -0.000581 0.000523 -0.000635 4.007254 -3.915813 1.431248 -12.772887 7.737781 4.757841 -7.981506 1.506003 -0.103144 6.040170 -1.368485 4.909933 0.000795 -0.000594 0.000591 7.541650 -2.101124 -14.638209 -15.779901 11.258240 19.658011 -10.181641 1.549023 0.561096 -12.266610 0.920203 -2.869648 0.000682 -0.000233 -0.000314 9.512493 -0.428211 -12.260835 -19.351214 11.770268 15.380858 -11.018274 1.998168 0.736851 -2.610314 2.854764 -1.535221 -0.000581 0.000288 0.000198 -11.388028 15.725696 9.143399 59.181185 55.687847 -27.535108 -166.183655 55.416756 -154.534550 -31.610309 7.305659 -4.866089 10.610285 0.906309 13.897306 6.242877 13.125071 -3.339936 1.335590 3.424702 -3.449438 -0.000369 0.001034 -0.000073 6.232870 6.863373 1.273227 5.047494 -3.140256 8.042474 -2.056042 -1.085001 -0.556659 -4.614359 2.306566 -3.710597 0.000133 -0.000119 0.000277 5.271619 7.353411 0.339998 5.684897 -7.682140 4.751522 2.177073 -1.569507 -0.705514 -7.816648 1.575603 4.090678 0.000948 0.000313 -0.000261 1.257002 6.902957 -16.048348 7.957713 -9.246824 20.163184 4.956716 -1.202313 -0.388382 11.366502 0.571709 -5.155171 0.001203 0.000438 -0.001142 -2.600512 5.822885 -13.284513 14.423515 -9.097364 15.370375 7.208268 -1.315094 0.134413 1.916398 -2.301522 -1.818498 -0.002852 0.000525 -0.000611 1.558247 -6.678435 -1.207044 4.296010 -7.702569 18.046716 -2.032230 -1.958634 -12.677434 4.314010 -3.011079 -6.801857 0.000739 -0.000750 1.000075 4.045139 -11.031583 -17.783016 2.836570 -3.705169 57.333031 1.331919 -7.889508 -10.521740 -1.836888 1.174483 -4.342233 -0.001590 0.000350 1.002353
5.018947 101.748291 -1.967834 -176.727662 -61.076413 -179.013542 -6.771559 -2.107689 10.607042 1.681538 5.832132 -7.610414 -3.994659 0.122706 7.755595 7.175439 -2.489266 -0.374913 -2.325208 3.074457 -14.419767 6.703785 26.904940 0.741078 0.000380 -0.000259 -0.001121 -1.431754 -0.226138 -2.952650 -0.915101 -5.844893 3.781093 -1.191446 -4.079512 3.786780 4.155873 -9.561087 14.218383 -59.834921 -30.113226 -30.629737 175.667690 -57.860580 -166.238064 42.225557 -12.572056 -11.802877 0.168112 0.228350 13.576751 -7.109221 -11.022675 -0.401499 -2.373240 -4.353631 -12.927165 -0.000718 -0.000150 0.000158 3.649364 -4.097277 1.664099 -10.642766 1.279957 6.995315 -7.348728 0.981327 -0.768414 1.785529 -3.772470 4.448081 -0.000578 0.000518 -0.000635 4.028617 -3.919253 1.431558 -12.962176 7.770943 4.716317 -8.066986 1.509439 -0.105861 5.993855 -1.364742 4.889598 0.000793 -0.000593 0.000594 7.572767 -2.108344 -14.639507 -15.891479 11.281824 19.608258 -10.273493 1.567535 0.546298 -12.369033 0.911211 -2.936773 0.000683 -0.000228 -0.000314 9.527886 -0.448483 -12.266962 -19.448096 11.785426 15.352492 -11.137099 1.995713 0.728006 -2.694447 2.867875 -1.617375 -0.000580 0.000291 0.000202 -11.365037 15.592254 9.146049 59.209919 55.646020 -27.628436 -166.170721 55.287907 -154.531266 -31.749070 7.394478 -4.785466 10.615596 0.771131 13.960762 6.167637 13.063977 -3.415933 1.334803 3.296271 -3.396340 -0.000362 0.001025 -0.000077 6.169587 6.859076 1.284507 5.189873 -3.178094 8.048753 -1.950392 -1.066649 -0.549838 -4.535885 2.348606 -3.571460 0.000135 -0.000118 0.000273 5.205834 7.358635 0.362189 5.834697 -7.706580 4.747738 2.290339 -1.556196 -0.698475 -7.759351 1.579386 4.054034 0.000945 0.000319 -0.000259 1.187946 6.916198 -16.028417 8.067918 -9.267863 20.148988 5.085898 -1.212192 -0.386801 11.477341 0.578561 -5.210260 0.001195 0.000474 -0.001138 -2.649644 5.848510 -13.277821 14.522018 -9.104703 15.368613 7.357607 -1.322811 0.131518 2.013325 -2.318365 -1.929736 -0.002876 0.000559 -0.000609 1.579607 -6.709869 -1.276963 4.351373 -7.720437 18.143047 -1.974600 -1.999458 -12.704338 4.310537 -3.002321 -6.810833 0.000739 -0.000749 1.000068 4.091132 -11.018533 -17.803312 2.852941 -3.732086 57.332877 1.329522 -7.897508 -10.526243 -1.834348 1.165460 -4.342187 -0.001584 0.000352 1.002315
4.950488 101.737022 -2.007302 -176.579448 -61.191127 -179.017364 -6.765442 -2.129232 10.631305 1.696759 5.829655 -7.616835 -4.006209 0.119890 7.748020 7.156705 -2.417593 -0.367266 -2.427893 2.995312 -14.485579 6.620063 26.930550 0.596751 0.000398 -0.000262 -0.001094 -1.415693 -0.221229 -2.923381 -0.915932 -5.830165 3.856278 -1.190008 -4.064975 3.862560 4.232700 -9.491003 14.149491 -59.872524 -30.198621 -30.496898 175.849560 -57.620999 -166.333001 42.453991 -12.639795 -11.890789 0.178409 0.443376 13.605682 -7.074242 -10.981614 -0.504680 -2.362717 -4.139795 -12.788253 -0.000725 -0.000140 0.000170 3.681101 -4.044903 1.607698 -11.087122 1.364426 7.015439 -7.419197 0.923976 -0.757443 1.717142 -3.772970 4.485741 -0.000578 0.000514 -0.000646 4.052180 -3.895592 1.423167 -13.339472 7.783523 4.664707 -8.169164 1.472441 -0.105276 5.988554 -1.356487 4.830375 0.000808 -0.000600 0.000616 7.610380 -2.117236 -14.642643 -16.159913 11.338903 19.559348 -10.377758 1.565815 0.525087 -12.481369 0.884361 -3.067350 0.000696 -0.000222 -0.000332 9.521241 -0.471051 -12.299416 -19.690645 11.805794 15.330162 -11.293076 1.979810 0.721309 -2.790443 2.884948 -1.762164 -0.000592 0.000314 0.000201 -11.413404 15.332809 9.140152 59.316153 55.689802 -27.654167 -166.192994 55.058603 -154.535341 -32.033483 7.450626 -4.652910 10.642675 0.502149 14.123005 6.041573 13.026647 -3.565148 1.325258 3.167976 -3.320050 -0.000333 0.000978 -0.000098 6.069102 6.877064 1.307741 5.405504 -3.208634 8.038426 -1.898576 -1.039705 -0.548296 -4.534234 2.408017 -3.287018 0.000129 -0.000123 0.000261 5.093042 7.407161 0.391992 6.050744 -7.730692 4.732336 2.340379 -1.550735 -0.682095 -7.812496 1.578898 4.022483 0.000915 0.000350 -0.000274 1.056031 6.976640 -16.031004 8.194774 -9.263860 20.131222 5.184785 -1.232713 -0.372057 11.549418 0.579403 -5.278367 0.001149 0.000642 -0.001107 -2.755323 5.934200 -13.320587 14.621283 -9.108836 15.366310 7.511287 -1.356853 0.136571 2.062357 -2.358342 -2.066493 -0.002995 0.000712 -0.000605 1.625482 -6.703246 -1.343470 4.451950 -7.728748 18.029634 -1.936420 -1.977862 -12.698711 4.311312 -2.982101 -7.029332 0.000726 -0.000768 1.000070 4.173242 -10.890885 -17.820413 2.902788 -3.782376 57.180768 1.322523 -7.818459 -10.587667 -1.842456 1.179162 -4.366310 -0.001567 0.000372 1.002164
4.873173 101.713753 -2.044680 -176.625719 -61.311646 -178.917008 -6.745165 -2.130491 10.636253 1.706198 5.822032 -7.609543 -4.026229 0.125111 7.708318 7.132025 -2.367647 -0.382490 -2.507459 2.979121 -14.469134 6.627690 26.953298 0.599744 0.000431 -0.000276 -0.001061 -1.414820 -0.216887 -2.908579 -0.911570 -5.819617 3.841860 -1.186206 -4.055553 3.849450 4.213849 -9.513828 14.163022 -59.762609 -30.196247 -30.491974 175.970249 -57.537921 -166.511297 42.668916 -12.673513 -11.760990 0.048455 0.653733 13.722195 -6.981169 -10.932658 -0.613938 -2.317802 -3.937953 -12.624704 -0.000735 -0.000118 0.000188 3.695282 -4.053250 1.605220 -11.515755 1.462303 7.025363 -7.525423 0.871190 -0.725015 1.631535 -3.766843 4.521183 -0.000576 0.000522 -0.000657 4.099667 -3.919419 1.426045 -13.721401 7.802732 4.629128 -8.314141 1.453916 -0.080571 5.949999 -1.346955 4.778081 0.000831 -0.000606 0.000655 7.687179 -2.151077 -14.611429 -16.445896 11.381936 19.509701 -10.529226 1.571429 0.521312 -12.634623 0.860829 -3.177055 0.000723 -0.000211 -0.000370 9.588383 -0.498274 -12.292380 -19.948650 11.814525 15.317501 -11.473941 1.961050 0.721568 -2.934264 2.892719 -1.873387 -0.000614 0.000347 0.000187 -11.423883 15.170105 9.162056 59.261577 55.723619 -27.715655 -166.270133 54.946227 -154.726296 -32.352154 7.426334 -4.555614 10.709716 0.231693 14.280942 5.861171 12.988202 -3.720843 1.291218 3.062054 -3.258172 -0.000287 0.000915 -0.000127 5.965244 6.866999 1.303391 5.542954 -3.230669 8.017470 -1.838788 -1.020446 -0.527780 -4.494824 2.460478 -3.032108 0.000140 -0.000154 0.000241 4.993250 7.420676 0.419551 6.224081 -7.760781 4.720768 2.378601 -1.562687 -0.667954 -7.845887 1.575882 3.995620 0.000887 0.000393 -0.000298 0.941435 6.997284 -16.046930 8.313607 -9.259502 20.119757 5.256648 -1.276929 -0.353081 11.622336 0.576973 -5.333438 0.001074 0.000867 -0.001054 -2.835928 5.981218 -13.384019 14.707479 -9.123804 15.405717 7.631661 -1.397852 0.149014 2.104604 -2.397460 -2.176421 -0.003156 0.000915 -0.000599 1.625162 -6.688146 -1.348952 4.454215 -7.703333 17.926118 -1.877016 -1.839559 -12.771363 4.289927 -2.985804 -7.103645 0.000704 -0.000799 1.000074 4.198495 -10.781584 -17.768468 2.939496 -3.743859 57.037362 1.324640 -7.796996 -10.735407 -1.871545 1.181380 -4.432434 -0.001532 0.000409 1.001962
4.786363 101.705040 -2.079770 -176.664741 -61.367791 -178.862077 -6.716346 -2.131783 10.644571 1.704340 5.815494 -7.599508 -4.036680 0.126528 7.659775 7.114387 -2.317644 -0.425795 -2.562258 2.961477 -14.435273 6.651746 26.886544 0.703595 0.000445 -0.000288 -0.001048 -1.411027 -0.207075 -2.883940 -0.905563 -5.801318 3.828994 -1.180670 -4.037843 3.837255 4.198037 -9.502748 14.174614 -59.663814 -30.103321 -30.476754 176.041947 -57.519252 -166.617506 42.775929 -12.692391 -11.794634 -0.025542 0.699322 13.759391 -6.932202 -10.920757 -0.654812 -2.297653 -3.866152 -12.571691 -0.000744 -0.000108 0.000192 3.710651 -4.069150 1.586895 -11.651134 1.471852 7.028195 -7.534046 0.856470 -0.703960 1.633304 -3.768354 4.557789 -0.000574 0.000528 -0.000658 4.124598 -3.944207 1.422158 -13.837714 7.792703 4.608784 -8.330906 1.455314 -0.067549 5.973813 -1.346898 4.779591 0.000842 -0.000613 0.000675 7.723826 -2.170006 -14.620100 -16.537577 11.375446 19.476858 -10.545351 1.577112 0.522162 -12.657325 0.852792 -3.212304 0.000740 -0.000209 -0.000386 9.615184 -0.502716 -12.322062 -20.022454 11.798931 15.314466 -11.509981 1.946822 0.722000 -2.954807 2.898877 -1.919841 -0.000619 0.000362 0.000176 -11.474167 15.111799 9.198900 59.228750 55.703019 -27.721911 -166.356847 54.867170 -154.870080 -32.484883 7.448350 -4.490255 10.793511 0.122979 14.350652 5.776985 12.970106 -3.786407 1.273062 3.037261 -3.236468 -0.000271 0.000889 -0.000137 5.935157 6.871602 1.294422 5.589786 -3.243142 8.017446 -1.822440 -1.012512 -0.509247 -4.496565 2.481415 -2.903879 0.000145 -0.000167 0.000234 4.955520 7.433993 0.420798 6.283172 -7.772877 4.720672 2.385675 -1.580042 -0.655989 -7.883524 1.573531 4.004035 0.000875 0.000412 -0.000310 0.892562 7.006449 -16.054135 8.359267 -9.246111 20.104438 5.280594 -1.309179 -0.348384 11.631033 0.568517 -5.334915 0.001038 0.000957 -0.001033 -2.865973 5.999823 -13.410950 14.726414 -9.128490 15.415148 7.691996 -1.419867 0.146703 2.097629 -2.418922 -2.203832 -0.003220 0.001001 -0.000597 1.614253 -6.674875 -1.328825 4.459093 -7.678238 17.867800 -1.866605 -1.765924 -12.804217 4.277915 -2.980246 -7.162042 0.000698 -0.000811 1.000080 4.209339 -10.697104 -17.705704 2.942143 -3.721240 56.934485 1.365496 -7.804335 -10.826133 -1.896077 1.179123 -4.490414 -0.001520 0.000428 1.001880
4.689414 101.713432 -2.112373 -176.638952 -61.375688 -178.917537 -6.700946 -2.129465 10.665200 1.702384 5.821499 -7.587359 -4.033149 0.116356 7.603841 7.113106 -2.302792 -0.467749 -2.558856 2.953901 -14.407223 6.666489 26.757160 0.868302 0.000433 -0.000289 -0.001055 -1.400397 -0.196352 -2.848619 -0.903222 -5.792938 3.834655 -1.178141 -4.029236 3.842633 4.178150 -9.482566 14.170104 -59.625399 -30.001016 -30.392698 176.016862 -57.561469 -166.541791 42.727267 -12.669606 -11.947042 0.013295 0.537723 13.674776 -6.954373 -10.964429 -0.601060 -2.314370 -3.967282 -12.658321 -0.000747 -0.000113 0.000182 3.722673 -4.108765 1.563242 -11.419717 1.398758 7.018388 -7.438516 0.884817 -0.721106 1.700438 -3.772360 4.566278 -0.000573 0.000530 -0.000655 4.116110 -3.979463 1.410441 -13.625081 7.777609 4.611998 -8.214868 1.475202 -0.085729 6.018917 -1.355698 4.832255 0.000837 -0.000620 0.000668 7.699219 -2.179688 -14.673490 -16.367131 11.326445 19.482076 -10.423706 1.587716 0.523472 -12.565680 0.867994 -3.151245 0.000739 -0.000216 -0.000374 9.583094 -0.500854 -12.384371 -19.842310 11.775048 15.331034 -11.388606 1.952462 0.721059 -2.871245 2.899345 -1.870857 -0.000610 0.000353 0.000178 -11.517629 15.140592 9.255894 59.247576 55.626483 -27.663365 -166.354012 54.839941 -154.824307 -32.435516 7.509189 -4.459817 10.825832 0.223563 14.296048 5.831124 12.973569 -3.735375 1.277035 3.103496 -3.261643 -0.000290 0.000906 -0.000126 5.978361 6.881391 1.300437 5.561031 -3.253985 8.041241 -1.807725 -0.993462 -0.517606 -4.490521 2.460293 -3.019832 0.000137 -0.000150 0.000242 4.982813 7.434909 0.412290 6.242825 -7.768805 4.734258 2.423025 -1.560390 -0.666764 -7.838649 1.575911 4.004136 0.000883 0.000403 -0.000306 0.923621 6.992513 -16.026421 8.349685 -9.245097 20.089849 5.313106 -1.280297 -0.374123 11.638336 0.569003 -5.319837 0.001053 0.000899 -0.001051 -2.841074 5.972323 -13.370243 14.705002 -9.125896 15.382709 7.724816 -1.367696 0.120173 2.124778 -2.401257 -2.182537 -0.003176 0.000955 -0.000600 1.613244 -6.680461 -1.321602 4.467153 -7.663954 17.947399 -1.916970 -1.752611 -12.781240 4.284284 -2.969179 -7.215648 0.000707 -0.000802 1.000080 4.225860 -10.648100 -17.655531 2.894904 -3.739776 56.924879 1.421701 -7.874705 -10.749623 -1.895186 1.184603 -4.523021 -0.001535 0.000422 1.001934
4.581686 101.702965 -2.142289 -176.743823 -61.326913 -178.893502 -6.678032 -2.119932 10.679477 1.677056 5.813641 -7.580718 -4.011674 0.127118 7.576964 7.096275 -2.308256 -0.509377 -2.549360 2.973464 -14.357024 6.681083 26.715897 0.940067 0.000429 -0.000287 -0.001059 -1.401311 -0.195171 -2.831092 -0.900287 -5.785058 3.810079 -1.175977 -4.021355 3.818278 4.176266 -9.457130 14.203951 -59.650008 -29.901857 -30.429173 175.935670 -57.672713 -166.469841 42.563646 -12.708304 -11.968211 -0.022169 0.387600 13.629854 -6.986868 -10.995968 -0.522893 -2.322521 -4.121603 -12.759443 -0.000748 -0.000113 0.000181 3.688879 -4.149909 1.553642 -11.079200 1.335019 7.026721 -7.315719 0.929456 -0.737648 1.781489 -3.765618 4.561355 -0.000574 0.000530 -0.000654 4.089144 -4.013366 1.399982 -13.323977 7.777433 4.649878 -8.073580 1.511043 -0.096881 6.060895 -1.361981 4.895659 0.000832 -0.000617 0.000665 7.671264 -2.186140 -14.698241 -16.158846 11.286764 19.519135 -10.284589 1.602558 0.534845 -12.454039 0.889642 -3.060405 0.000740 -0.000212 -0.000368 9.570466 -0.491692 -12.383714 -19.648977 11.754321 15.349815 -11.237025 1.971521 0.723070 -2.779688 2.890113 -1.773960 -0.000604 0.000350 0.000180 -11.565349 15.275266 9.244331 59.208325 55.619681 -27.609997 -166.388412 54.859513 -154.816285 -32.235368 7.534033 -4.475052 10.852620 0.339044 14.237170 5.909055 12.982122 -3.655665 1.282920 3.222651 -3.310670 -0.000290 0.000917 -0.000123 6.038465 6.859047 1.299923 5.443515 -3.256055 8.060917 -1.831908 -0.984806 -0.522461 -4.498059 2.423848 -3.208177 0.000141 -0.000148 0.000239 5.033401 7.390142 0.399955 6.122927 -7.755839 4.763049 2.410823 -1.544041 -0.681666 -7.809118 1.574341 4.005459 0.000889 0.000397 -0.000301 0.982047 6.934469 -15.994599 8.295116 -9.243183 20.099421 5.282690 -1.240957 -0.393518 11.602428 0.570691 -5.295760 0.001060 0.000871 -0.001055 -2.787511 5.899544 -13.315400 14.649598 -9.121768 15.369684 7.672403 -1.316292 0.109596 2.110653 -2.377882 -2.111840 -0.003154 0.000931 -0.000598 1.589345 -6.616023 -1.330325 4.404691 -7.597803 18.126025 -1.963274 -1.663682 -12.818802 4.281263 -2.967867 -7.201733 0.000711 -0.000798 1.000073 4.175561 -10.621595 -17.635215 2.836288 -3.744948 57.037450 1.440084 -7.902027 -10.631679 -1.877011 1.186089 -4.577809 -0.001542 0.000421 1.001963
4.462538 101.700439 -2.169321 -176.755079 -61.304116 -178.915252 -6.682326 -2.127031 10.684377 1.671188 5.821369 -7.574240 -4.006369 0.120376 7.566175 7.097391 -2.317382 -0.496751 -2.555331 2.973535 -14.354857 6.667450 26.718252 0.921822 0.000428 -0.000292 -0.001057 -1.404401 -0.197396 -2.834730 -0.902384 -5.785000 3.829262 -1.177488 -4.021247 3.837493 4.188846 -9.426262 14.227439 -59.696014 -29.889285 -30.445044 175.875865 -57.709044 -166.404075 42.494255 -12.706244 -12.034278 0.008837 0.281040 13.565484 -7.021667 -11.024907 -0.462421 -2.335273 -4.244978 -12.853445 -0.000754 -0.000118 0.000177 3.668368 -4.149583 1.553565 -10.843929 1.288394 7.034198 -7.237159 0.954790 -0.760999 1.827973 -3.767370 4.542766 -0.000581 0.000530 -0.000654 4.057259 -4.005639 1.395541 -13.129439 7.781022 4.679242 -7.979912 1.524771 -0.112783 6.078977 -1.370301 4.930492 0.000835 -0.000624 0.000667 7.623175 -2.167889 -14.712332 -16.018966 11.275008 19.551803 -10.197487 1.604399 0.540432 -12.378521 0.902002 -2.990257 0.000743 -0.000218 -0.000370 9.525144 -0.478053 -12.387224 -19.529427 11.759058 15.363120 -11.133196 1.984863 0.723449 -2.713788 2.881023 -1.696754 -0.000603 0.000347 0.000180 -11.577021 15.322674 9.235886 59.263321 55.634831 -27.533372 -166.403284 54.875696 -154.807638 -32.164540 7.526278 -4.505549 10.818129 0.439975 14.168032 5.971058 13.007758 -3.590100 1.288891 3.308387 -3.348113 -0.000291 0.000913 -0.000123 6.068540 6.836317 1.304767 5.370951 -3.240485 8.083708 -1.840382 -0.974833 -0.535838 -4.495198 2.394340 -3.385029 0.000138 -0.000144 0.000240 5.061963 7.358957 0.401596 6.052808 -7.743577 4.782848 2.419646 -1.512787 -0.691517 -7.764259 1.577457 3.992085 0.000893 0.000401 -0.000306 1.021620 6.895687 -15.973462 8.267037 -9.241438 20.117100 5.278184 -1.191631 -0.404838 11.597947 0.578832 -5.290611 0.001055 0.000883 -0.001053 -2.761319 5.855837 -13.277385 14.630207 -9.116509 15.364605 7.639059 -1.257602 0.106440 2.133944 -2.348885 -2.075374 -0.003166 0.000947 -0.000600 1.600359 -6.564251 -1.360855 4.382838 -7.562248 18.261242 -1.979802 -1.584571 -12.849896 4.272984 -2.972803 -7.172075 0.000710 -0.000799 1.000074 4.165085 -10.615035 -17.626490 2.824078 -3.761934 57.090271 1.436353 -7.880862 -10.541525 -1.856384 1.182832 -4.572473 -0.001550 0.000421 1.001949
4.331332 101.695549 -2.193269 -176.759462 -61.281055 -178.885731 -6.704421 -2.145387 10.692905 1.668932 5.835823 -7.592684 -4.017137 0.109562 7.584785 7.113030 -2.309320 -0.465983 -2.567254 2.942674 -14.386099 6.655512 26.764911 0.857016 0.000434 -0.000301 -0.001049 -1.411151 -0.202363 -2.860854 -0.905996 -5.786270 3.865873 -1.180004 -4.022550 3.874369 4.240120 -9.377842 14.239339 -59.789396 -29.916979 -30.506063 175.857208 -57.642348 -166.358933 42.555298 -12.719851 -12.128292 0.053739 0.233649 13.509745 -7.049107 -11.036449 -0.414308 -2.345973 -4.359735 -12.953768 -0.000758 -0.000120 0.000177 3.651336 -4.088700 1.551579 -10.684611 1.244056 7.053837 -7.205787 0.961091 -0.783420 1.857909 -3.770875 4.493269 -0.000587 0.000525 -0.000653 4.023866 -3.941223 1.388735 -13.007065 7.772514 4.712758 -7.937697 1.512707 -0.119711 6.085402 -1.376735 4.932145 0.000839 -0.000629 0.000673 7.574183 -2.114249 -14.711671 -15.957198 11.290813 19.580563 -10.164520 1.585958 0.544344 -12.318187 0.907434 -2.936474 0.000750 -0.000220 -0.000379 9.474250 -0.435750 -12.380450 -19.492397 11.774712 15.367931 -11.071853 1.982589 0.723270 -2.661807 2.868351 -1.632969 -0.000605 0.000350 0.000178 -11.592800 15.308651 9.207005 59.379613 55.717719 -27.440539 -166.439282 54.831845 -154.822853 -32.127279 7.471186 -4.539234 10.769899 0.523028 14.111542 6.034651 13.057083 -3.525863 1.290093 3.400504 -3.386546 -0.000281 0.000895 -0.000128 6.111684 6.798115 1.312909 5.302087 -3.203898 8.100331 -1.881034 -0.977223 -0.551145 -4.526578 2.361312 -3.553592 0.000142 -0.000147 0.000237 5.096371 7.321382 0.400901 5.994041 -7.724203 4.799563 2.391364 -1.488741 -0.695335 -7.756208 1.581307 3.990910 0.000894 0.000413 -0.000313 1.061333 6.862684 -15.973830 8.230901 -9.248599 20.148332 5.246692 -1.144284 -0.403618 11.567528 0.585060 -5.276618 0.001035 0.000944 -0.001038 -2.745554 5.820402 -13.257510 14.613471 -9.116579 15.367743 7.573066 -1.209082 0.116767 2.133352 -2.321207 -2.025724 -0.003216 0.001000 -0.000599 1.622299 -6.488329 -1.397263 4.383004 -7.536810 18.288143 -1.980553 -1.521691 -12.900596 4.269098 -2.980504 -7.152495 0.000707 -0.000805 1.000075 4.163156 -10.619477 -17.643622 2.844657 -3.776861 57.087965 1.384605 -7.820173 -10.513357 -1.850399 1.167277 -4.530134 -0.001552 0.000429 1.001892
4.187429 101.692223 -2.213934 -176.816312 -61.235990 -178.787047 -6.720089 -2.159599 10.695981 1.667838 5.847403 -7.614982 -4.046305 0.096365 7.616486 7.128384 -2.295801 -0.436910 -2.583655 2.905824 -14.399742 6.651004 26.830054 0.796948 0.000435 -0.000312 -0.001040 -1.418102 -0.207659 -2.887732 -0.907111 -5.787035 3.888927 -1.180447 -4.023404 3.897653 4.273371 -9.301837 14.253074 -59.842946 -29.922587 -30.620239 175.839579 -57.561162 -166.319170 42.733414 -12.741135 -12.219270 0.086134 0.226040 13.480560 -7.053804 -11.039386 -0.386655 -2.347343 -4.433548 -13.028002 -0.000764 -0.000127 0.000173 3.645203 -4.019242 1.562798 -10.629393 1.217059 7.076873 -7.232742 0.959276 -0.790606 1.851314 -3.772505 4.451006 -0.000595 0.000522 -0.000648 4.008842 -3.874603 1.388520 -12.979528 7.770976 4.745524 -7.961521 1.500053 -0.116005 6.062656 -1.381183 4.926819 0.000846 -0.000636 0.000678 7.548575 -2.061110 -14.699279 -15.962354 11.320167 19.591404 -10.197723 1.571694 0.548272 -12.308008 0.913285 -2.898803 0.000756 -0.000229 -0.000388 9.451992 -0.391881 -12.368823 -19.512307 11.795670 15.365536 -11.078385 1.972745 0.725097 -2.658904 2.861896 -1.598699 -0.000608 0.000349 0.000176 -11.631325 15.275537 9.169844 59.493723 55.842600 -27.316130 -166.534799 54.780845 -154.917900 -32.146183 7.415261 -4.574163 10.721720 0.571793 14.065949 6.066245 13.096738 -3.483576 1.285801 3.453882 -3.413340 -0.000278 0.000875 -0.000133 6.138799 6.751408 1.310893 5.275411 -3.174984 8.111966 -1.887271 -0.974603 -0.560289 -4.527383 2.340148 -3.682096 0.000141 -0.000145 0.000238 5.116549 7.279355 0.400835 5.979366 -7.707697 4.811716 2.394054 -1.462294 -0.695476 -7.725741 1.583568 3.984644 0.000898 0.000427 -0.000322 1.086292 6.833797 -15.980203 8.223245 -9.263664 20.174769 5.249998 -1.106810 -0.400607 11.571428 0.589027 -5.272042 0.001014 0.001007 -0.001026 -2.740038 5.796770 -13.248820 14.618975 -9.125355 15.376711 7.553630 -1.166447 0.125231 2.160755 -2.301970 -2.006143 -0.003267 0.001058 -0.000601 1.623151 -6.431173 -1.429357 4.373103 -7.512732 18.266742 -1.966088 -1.447960 -12.946289 4.261615 -2.986901 -7.111504 0.000707 -0.000810 1.000080 4.157885 -10.600803 -17.646516 2.858295 -3.767038 57.017735 1.340972 -7.790269 -10.548344 -1.862005 1.147225 -4.482236 -0.001560 0.000433 1.001829
4.030194 101.705742 -2.231116 -176.826214 -61.255343 -178.780132 -6.730340 -2.169762 10.682066 1.674365 5.855845 -7.607757 -4.069507 0.065420 7.623193 7.151009 -2.300097 -0.392379 -2.587460 2.890639 -14.387773 6.626041 26.835400 0.759811 0.000426 -0.000326 -0.001044 -1.418438 -0.208016 -2.902736 -0.907814 -5.798194 3.883172 -1.181329 -4.034561 3.891594 4.295474 -9.258942 14.286012 -59.900401 -29.945646 -30.631319 175.829501 -57.600427 -166.311155 42.877725 -12.640484 -12.341803 0.131621 0.232743 13.458158 -7.040925 -11.039216 -0.407127 -2.340176 -4.415662 -13.020577 -0.000769 -0.000140 0.000158 3.680283 -4.002840 1.575174 -10.720083 1.221361 7.073144 -7.308433 0.939516 -0.787252 1.834023 -3.776466 4.422654 -0.000601 0.000520 -0.000638 4.027893 -3.860056 1.393705 -13.071769 7.772798 4.736737 -8.034107 1.479038 -0.114762 6.039962 -1.379704 4.897238 0.000851 -0.000648 0.000673 7.548105 -2.051604 -14.696418 -16.014562 11.335426 19.574192 -10.273216 1.558878 0.549713 -12.337436 0.911329 -2.906890 0.000757 -0.000248 -0.000388 9.443899 -0.393557 -12.386405 -19.551268 11.806751 15.363884 -11.140840 1.954471 0.725817 -2.688054 2.865271 -1.620310 -0.000606 0.000340 0.000174 -11.631356 15.229557 9.212778 59.547799 55.859446 -27.224617 -166.597696 54.825115 -155.043672 -32.233965 7.431982 -4.553398 10.704281 0.558576 14.044283 6.058638 13.095884 -3.490375 1.280961 3.432507 -3.404619 -0.000300 0.000880 -0.000124 6.127886 6.741071 1.307082 5.338664 -3.176384 8.122943 -1.831802 -0.970494 -0.559614 -4.507941 2.341959 -3.687200 0.000141 -0.000137 0.000253 5.104374 7.274480 0.406166 6.038509 -7.710897 4.801175 2.453637 -1.457300 -0.686474 -7.691774 1.587759 3.981926 0.000916 0.000426 -0.000327 1.069828 6.824372 -15.981288 8.271971 -9.273528 20.169943 5.309256 -1.108098 -0.393794 11.603764 0.588226 -5.268617 0.001016 0.000980 -0.001036 -2.767894 5.791883 -13.239460 14.659327 -9.131715 15.387517 7.616499 -1.158432 0.122415 2.205013 -2.295985 -2.021876 -0.003252 0.001042 -0.000611 1.620122 -6.456296 -1.414304 4.383575 -7.529963 18.236961 -1.926610 -1.392109 -12.946313 4.251070 -2.994426 -7.039965 0.000715 -0.000806 1.000088 4.178868 -10.564193 -17.589063 2.879218 -3.751046 56.910433 1.348763 -7.800335 -10.577416 -1.882381 1.146407 -4.442476 -0.001579 0.000426 1.001848
3.858995 101.695213 -2.244613 -176.936271 -61.241126 -178.742691 -6.711569 -2.157898 10.681515 1.652015 5.831308 -7.613242 -4.064469 0.066889 7.584039 7.167472 -2.321955 -0.432063 -2.561529 2.925412 -14.337895 6.661379 26.844172 0.836165 0.000417 -0.000327 -0.001049 -1.419389 -0.209053 -2.891146 -0.903271 -5.808894 3.811945 -1.179001 -4.045456 3.820646 4.326595 -9.246465 14.341744 -59.937683 -29.871371 -30.682093 175.830729 -57.772962 -166.370666 42.876772 -12.664978 -12.397982 0.084859 0.220534 13.495534 -7.007467 -11.025520 -0.412858 -2.329048 -4.422303 -13.010057 -0.000765 -0.000143 0.000151 3.703742 -4.020063 1.568854 -10.696268 1.207692 7.085579 -7.347538 0.940204 -0.772720 1.830188 -3.765029 4.415046 -0.000599 0.000521 -0.000632 4.062757 -3.884188 1.393193 -13.047723 7.770585 4.740939 -8.059890 1.482660 -0.105638 6.024563 -1.374838 4.901611 0.000845 -0.000644 0.000665 7.593160 -2.062130 -14.693103 -16.006531 11.316503 19.555763 -10.295914 1.560605 0.551269 -12.360321 0.919240 -2.903531 0.000755 -0.000251 -0.000381 9.492629 -0.389338 -12.371557 -19.515146 11.778229 15.348932 -11.160369 1.942525 0.726572 -2.728889 2.866444 -1.626744 -0.000602 0.000330 0.000173 -11.663518 15.312835 9.273115 59.515572 55.860204 -27.174992 -166.633919 54.942031 -155.126979 -32.142248 7.470472 -4.507095 10.765796 0.513678 14.088056 6.054724 13.054383 -3.495308 1.268646 3.451702 -3.405785 -0.000311 0.000894 -0.000115 6.158603 6.711642 1.309133 5.321599 -3.209305 8.138387 -1.814199 -0.964919 -0.538341 -4.478879 2.340939 -3.682464 0.000146 -0.000135 0.000257 5.121360 7.232339 0.414640 6.019507 -7.715507 4.814732 2.460505 -1.472343 -0.678944 -7.674866 1.580566 3.988199 0.000927 0.000417 -0.000320 1.070005 6.781229 -15.957592 8.271697 -9.287107 20.174923 5.319612 -1.122617 -0.390180 11.606509 0.577563 -5.255136 0.001029 0.000934 -0.001048 -2.761781 5.744190 -13.198148 14.637200 -9.137340 15.402197 7.646013 -1.169926 0.113876 2.205337 -2.307764 -2.002279 -0.003215 0.001003 -0.000611 1.587371 -6.442831 -1.379326 4.353913 -7.474971 18.292913 -1.927265 -1.269509 -12.987273 4.247006 -2.990680 -7.005865 0.000725 -0.000799 1.000088 4.161122 -10.479869 -17.500588 2.841977 -3.732439 56.873135 1.356287 -7.845220 -10.598613 -1.905150 1.153347 -4.492268 -0.001591 0.000420 1.001890
3.673203 101.687073 -2.254225 -176.913828 -61.289263 -178.819261 -6.711799 -2.154196 10.668633 1.647309 5.822410 -7.604921 -4.052077 0.058929 7.519699 7.192701 -2.349765 -0.451088 -2.543047 2.968905 -14.302473 6.677309 26.799501 0.912074 0.000417 -0.000327 -0.001049 -1.417454 -0.207442 -2.876583 -0.903241 -5.827833 3.759767 -1.180601 -4.064778 3.768797 4.344005 -9.291962 14.379539 -59.910371 -29.849805 -30.626061 175.863495 -57.926364 -166.461951 42.790227 -12.642088 -12.412414 0.058233 0.178141 13.500890 -6.979686 -11.036524 -0.415770 -2.319846 -4.444500 -13.007728 -0.000765 -0.000143 0.000150 3.729744 -4.067892 1.567282 -10.610191 1.192146 7.079343 -7.322962 0.935915 -0.775398 1.842862 -3.759552 4.407909 -0.000600 0.000525 -0.000634 4.097525 -3.929714 1.392445 -12.977145 7.768414 4.745771 -8.027671 1.482258 -0.115343 6.027745 -1.372193 4.908615 0.000846 -0.000644 0.000665 7.626267 -2.091464 -14.694061 -15.945372 11.285967 19.559857 -10.261050 1.562249 0.547797 -12.364587 0.923322 -2.894660 0.000755 -0.000250 -0.000384 9.526498 -0.401841 -12.374512 -19.441896 11.751668 15.355437 -11.132015 1.946374 0.726319 -2.747247 2.863946 -1.606762 -0.000606 0.000333 0.000174 -11.600578 15.318360 9.366272 59.437377 55.803367 -27.185989 -166.557054 55.104932 -155.125500 -32.169118 7.489679 -4.437566 10.802375 0.477314 14.131460 6.041762 13.037955 -3.499959 1.256010 3.502186 -3.415406 -0.000313 0.000897 -0.000115 6.160718 6.711005 1.323180 5.266614 -3.237734 8.154986 -1.815670 -0.947208 -0.530215 -4.452524 2.336828 -3.687255 0.000150 -0.000142 0.000259 5.116182 7.230504 0.431447 5.970740 -7.730120 4.832670 2.448645 -1.478414 -0.680840 -7.662154 1.572979 3.986861 0.000928 0.000415 -0.000321 1.048897 6.762817 -15.937984 8.250637 -9.277519 20.174177 5.305919 -1.128993 -0.390058 11.603452 0.568913 -5.248123 0.001032 0.000933 -0.001052 -2.781532 5.722059 -13.189664 14.593853 -9.136119 15.417970 7.645935 -1.176072 0.105641 2.200952 -2.315516 -1.976780 -0.003206 0.001007 -0.000614 1.599955 -6.454798 -1.314240 4.362716 -7.466268 18.273394 -1.913074 -1.197939 -13.010170 4.240487 -2.996262 -7.025378 0.000728 -0.000801 1.000088 4.180678 -10.417180 -17.419154 2.841371 -3.747318 56.840862 1.398435 -7.820122 -10.602199 -1.904473 1.178736 -4.551053 -0.001594 0.000420 1.001894
3.472193 101.676285 -2.259747 -176.890404 -61.355390 -178.857165 -6.717662 -2.158781 10.669590 1.650978 5.812639 -7.595430 -4.048256 0.062053 7.459894 7.208809 -2.354721 -0.463406 -2.547683 2.980818 -14.305930 6.668758 26.751904 0.942324 0.000431 -0.000326 -0.001029 -1.414761 -0.207403 -2.865630 -0.905882 -5.840849 3.754216 -1.183476 -4.078317 3.764136 4.353568 -9.353620 14.381782 -59.811655 -29.810628 -30.578193 175.923729 -57.991862 -166.567203 42.764328 -12.663767 -12.462068 0.048342 0.132371 13.478234 -6.951941 -11.053167 -0.408785 -2.310557 -4.485342 -13.037632 -0.000765 -0.000134 0.000159 3.745785 -4.092947 1.560499 -10.501706 1.167808 7.082546 -7.276318 0.927422 -0.784210 1.860935 -3.756995 4.392444 -0.000599 0.000522 -0.000639 4.119705 -3.950620 1.380367 -12.887864 7.756996 4.768906 -7.977865 1.477430 -0.126433 6.038207 -1.371036 4.914173 0.000851 -0.000642 0.000676 7.645257 -2.108687 -14.697759 -15.882647 11.266611 19.578694 -10.205443 1.556402 0.537065 -12.355168 0.926703 -2.879780 0.000761 -0.000242 -0.000398 9.545077 -0.405512 -12.385902 -19.388762 11.733210 15.364671 -11.080070 1.955434 0.723374 -2.747155 2.859716 -1.573225 -0.000616 0.000349 0.000172 -11.526442 15.243839 9.427901 59.396128 55.811321 -27.178270 -166.472152 55.218751 -155.119119 -32.267036 7.490482 -4.385940 10.795320 0.452665 14.164788 6.028649 13.059097 -3.503686 1.235414 3.575838 -3.434843 -0.000291 0.000865 -0.000130 6.161648 6.714031 1.345175 5.174212 -3.241494 8.165618 -1.854147 -0.925880 -0.531476 -4.443830 2.325560 -3.714287 0.000154 -0.000158 0.000248 5.106434 7.244217 0.449509 5.903583 -7.739293 4.854242 2.401542 -1.478616 -0.686000 -7.665449 1.565538 3.985116 0.000909 0.000434 -0.000329 1.025992 6.767185 -15.936197 8.200660 -9.259622 20.182635 5.262775 -1.121146 -0.387556 11.584587 0.561151 -5.245425 0.001003 0.001052 -0.001032 -2.813719 5.729329 -13.217459 14.535305 -9.137801 15.438578 7.606090 -1.170374 0.104123 2.182053 -2.320748 -1.949078 -0.003287 0.001123 -0.000609 1.619561 -6.429136 -1.265401 4.382777 -7.451223 18.187742 -1.882375 -1.123744 -13.032278 4.235970 -3.004276 -7.097077 0.000725 -0.000813 1.000089 4.208640 -10.334531 -17.373466 2.855182 -3.754483 56.793084 1.418305 -7.707267 -10.637011 -1.909322 1.196208 -4.614846 -0.001585 0.000430 1.001788
3.255341 101.683449 -2.260974 -176.898623 -61.347649 -178.828910 -6.727641 -2.177161 10.677273 1.660105 5.805434 -7.596373 -4.061136 0.081882 7.457705 7.204612 -2.336951 -0.450276 -2.564392 2.957693 -14.313502 6.641571 26.740865 0.890456 0.000447 -0.000327 -0.000999 -1.420816 -0.212388 -2.878433 -0.908637 -5.842961 3.780907 -1.185486 -4.080849 3.791908 4.314890 -9.389300 14.373391 -59.691114 -29.751452 -30.616952 175.925073 -57.938866 -166.546044 42.893067 -12.721741 -12.555044 0.069221 0.075877 13.410151 -6.927368 -11.080368 -0.372593 -2.300453 -4.590306 -13.137814 -0.000764 -0.000122 0.000171 3.752119 -4.068724 1.558797 -10.354204 1.130045 7.100584 -7.233478 0.916383 -0.802327 1.889296 -3.754414 4.348316 -0.000596 0.000513 -0.000641 4.125224 -3.922303 1.360323 -12.775734 7.743030 4.826419 -7.940640 1.465942 -0.134592 6.048779 -1.373931 4.919969 0.000856 -0.000640 0.000689 7.639199 -2.087272 -14.705432 -15.823918 11.271227 19.622467 -10.162033 1.541557 0.531510 -12.313071 0.937502 -2.827844 0.000766 -0.000233 -0.000414 9.547120 -0.383009 -12.397161 -19.364304 11.734758 15.378024 -11.017460 1.971345 0.723997 -2.715465 2.852096 -1.498997 -0.000622 0.000367 0.000171 -11.461868 15.142234 9.429126 59.455693 55.912921 -27.060812 -166.450983 55.276160 -155.173888 -32.400067 7.482265 -4.371063 10.737439 0.504520 14.133181 6.033661 13.136026 -3.475231 1.208394 3.691097 -3.479764 -0.000260 0.000813 -0.000153 6.186635 6.707782 1.356138 5.067770 -3.216902 8.169961 -1.916396 -0.906144 -0.548140 -4.464146 2.294212 -3.846977 0.000151 -0.000172 0.000231 5.116912 7.256764 0.450410 5.834660 -7.733490 4.872357 2.341071 -1.458153 -0.693063 -7.669837 1.560306 3.986999 0.000875 0.000464 -0.000339 1.037596 6.778613 -15.966479 8.140553 -9.242805 20.201483 5.204733 -1.083889 -0.381839 11.543704 0.556381 -5.237825 0.000955 0.001242 -0.000999 -2.830252 5.754915 -13.274920 14.489691 -9.141368 15.451209 7.516350 -1.128905 0.113133 2.158867 -2.310837 -1.900863 -0.003422 0.001304 -0.000597 1.617078 -6.349807 -1.226911 4.409961 -7.424622 18.043173 -1.831626 -1.092981 -13.007903 4.226427 -3.013209 -7.179352 0.000724 -0.000823 1.000088 4.212731 -10.283164 -17.366081 2.865610 -3.740439 56.719346 1.394231 -7.542630 -10.630153 -1.935856 1.195166 -4.656239 -0.001573 0.000443 1.001619
3.022033 101.708260 -2.257699 -176.761899 -61.343558 -178.876432 -6.765069 -2.201856 10.673278 1.672041 5.826373 -7.602662 -4.065263 0.079021 7.526238 7.172247 -2.289757 -0.397331 -2.566543 2.878423 -14.331711 6.596827 26.570595 0.844191 0.000451 -0.000326 -0.000985 -1.419494 -0.212268 -2.911596 -0.910110 -5.809910 3.869336 -1.184238 -4.047503 3.880124 4.266635 -9.462464 14.343439 -59.629535 -29.804890 -30.619753 175.874284 -57.681859 -166.358127 42.847318 -12.676721 -12.617788 0.119419 0.004690 13.331525 -6.968819 -11.120785 -0.311785 -2.314781 -4.735253 -13.255900 -0.000761 -0.000125 0.000171 3.726615 -4.016129 1.570138 -10.158825 1.084960 7.099348 -7.157083 0.920789 -0.826206 1.933226 -3.753576 4.298338 -0.000598 0.000497 -0.000637 4.082385 -3.862023 1.341195 -12.622928 7.739542 4.882128 -7.870789 1.456040 -0.142021 6.075504 -1.376560 4.927832 0.000855 -0.000639 0.000685 7.565323 -2.042903 -14.719012 -15.713478 11.296692 19.694887 -10.086837 1.525710 0.540211 -12.225801 0.947976 -2.755074 0.000759 -0.000236 -0.000416 9.494206 -0.354946 -12.418270 -19.329912 11.785849 15.406150 -10.901867 1.997236 0.731707 -2.617729 2.842576 -1.398576 -0.000622 0.000368 0.000176 -11.342023 15.026819 9.358804 59.528237 55.949592 -27.032172 -166.387295 55.194680 -155.090830 -32.352414 7.425079 -4.372306 10.657939 0.598395 14.047219 6.120465 13.227246 -3.395994 1.217532 3.796744 -3.524921 -0.000252 0.000788 -0.000165 6.221023 6.682447 1.351608 4.990407 -3.170797 8.180451 -1.978266 -0.911890 -0.575895 -4.522015 2.246194 -4.041201 0.000137 -0.000172 0.000227 5.152724 7.249216 0.431127 5.770444 -7.732835 4.888219 2.297372 -1.423910 -0.698509 -7.672077 1.559664 3.984611 0.000855 0.000478 -0.000345 1.088631 6.777363 -15.989599 8.081868 -9.257844 20.240017 5.146383 -1.034511 -0.381826 11.500163 0.562698 -5.224524 0.000938 0.001328 -0.000988 -2.821763 5.752545 -13.296635 14.483583 -9.163311 15.455797 7.398735 -1.066054 0.131181 2.146751 -2.275429 -1.854250 -0.003490 0.001388 -0.000591 1.667087 -6.276993 -1.263129 4.446425 -7.459137 17.928777 -1.833166 -1.179128 -12.969356 4.224346 -3.035841 -7.172545 0.000727 -0.000822 1.000090 4.226864 -10.395146 -17.421236 2.909017 -3.761760 56.651064 1.391726 -7.354710 -10.651479 -1.936294 1.170774 -4.575005 -0.001576 0.000438 1.001537
2.771656 101.728424 -2.249711 -176.754271 -61.237536 -178.834962 -6.779410 -2.204937 10.678470 1.638105 5.837925 -7.647021 -4.043044 0.107486 7.646275 7.119413 -2.257810 -0.401902 -2.500784 2.843625 -14.270337 6.590327 26.308281 0.880591 0.000436 -0.000318 -0.000988 -1.419966 -0.209500 -2.952656 -0.903317 -5.753394 3.915238 -1.176020 -3.990448 3.925506 4.241389 -9.554935 14.327251 -59.707470 -29.797638 -30.735032 175.787737 -57.432775 -166.094160 42.541296 -12.714209 -12.662129 0.103466 -0.136386 13.274756 -7.056772 -11.154064 -0.176983 -2.350785 -5.017059 -13.453818 -0.000752 -0.000138 0.000163 3.628732 -3.931434 1.568622 -9.712013 0.988019 7.108649 -7.017439 0.974194 -0.849431 2.022160 -3.745159 4.244959 -0.000602 0.000482 -0.000623 3.970933 -3.770086 1.320491 -12.233816 7.729646 4.960147 -7.720410 1.474510 -0.142631 6.111676 -1.384734 4.992776 0.000838 -0.000628 0.000660 7.442636 -1.952240 -14.731610 -15.483761 11.303202 19.775481 -9.931352 1.517880 0.562156 -12.055693 0.975340 -2.607205 0.000740 -0.000239 -0.000399 9.417063 -0.264773 -12.388134 -19.193221 11.815840 15.423049 -10.681259 2.023648 0.737077 -2.452359 2.818908 -1.222758 -0.000606 0.000348 0.000182 -11.305573 15.109067 9.229694 59.568587 55.969449 -27.074653 -166.371178 55.040703 -154.931495 -31.877110 7.338570 -4.457137 10.632161 0.796885 13.928418 6.295199 13.283716 -3.222972 1.241071 3.971380 -3.609404 -0.000258 0.000795 -0.000162 6.350402 6.596470 1.333992 4.822201 -3.137739 8.215657 -2.072860 -0.946009 -0.588236 -4.594483 2.162777 -4.401976 0.000122 -0.000163 0.000222 5.277114 7.146308 0.401317 5.601540 -7.705080 4.939340 2.225209 -1.393307 -0.708594 -7.666743 1.552349 4.000089 0.000850 0.000471 -0.000334 1.231206 6.696383 -15.970501 7.975741 -9.302275 20.299553 5.036132 -0.970627 -0.391806 11.405308 0.563385 -5.179115 0.000955 0.001294 -0.000997 -2.725821 5.656023 -13.220142 14.447024 -9.185184 15.439168 7.206226 -0.982649 0.152120 2.093129 -2.227079 -1.723518 -0.003470 0.001356 -0.000581 1.664831 -6.170206 -1.328252 4.421459 -7.433296 17.936590 -1.910567 -1.208594 -12.954948 4.216404 -3.029681 -7.026261 0.000741 -0.000803 1.000084 4.160010 -10.597192 -17.507218 2.868092 -3.775493 56.689726 1.387562 -7.301842 -10.630583 -1.922914 1.115235 -4.458134 -0.001594 0.000418 1.001564
2.503600 101.787735 -2.236798 -176.594808 -61.269203 -179.012006 -6.804420 -2.204282 10.673522 1.626023 5.871475 -7.631168 -4.013955 0.093030 7.737951 7.091824 -2.287051 -0.368443 -2.413666 2.854644 -14.218533 6.542891 26.081574 0.881339 0.000398 -0.000320 -0.001023 -1.411825 -0.201341 -2.985785 -0.899668 -5.728127 3.931375 -1.171781 -3.964176 3.939961 4.241621 -9.655018 14.309050 -59.910828 -29.925325 -30.579893 175.796188 -57.356101 -165.962934 42.210744 -12.580501 -12.619459 0.146523 -0.219729 13.240936 -7.134771 -11.186601 -0.120101 -2.380036 -5.115714 -13.504151 -0.000747 -0.000172 0.000129 3.592135 -3.923747 1.592855 -9.528342 0.971234 7.072950 -6.948256 1.014250 -0.866370 2.062544 -3.749559 4.248573 -0.000610 0.000470 -0.000597 3.906253 -3.753229 1.332627 -12.063516 7.748151 4.951985 -7.644489 1.497899 -0.158998 6.126457 -1.393204 5.032385 0.000816 -0.000629 0.000615 7.357305 -1.924853 -14.755221 -15.331160 11.303326 19.792352 -9.854947 1.529666 0.579229 -11.973186 0.986720 -2.540002 0.000712 -0.000267 -0.000362 9.362153 -0.243012 -12.407378 -19.092993 11.843799 15.431966 -10.572249 2.038860 0.738931 -2.348548 2.814369 -1.156337 -0.000580 0.000304 0.000190 -11.213983 15.127288 9.236733 59.615209 55.788551 -27.181740 -166.246141 54.963097 -154.718951 -31.541563 7.397981 -4.379953 10.636352 0.885990 13.848284 6.399515 13.248269 -3.129520 1.279023 3.968355 -3.613588 -0.000320 0.000860 -0.000128 6.387524 6.567918 1.322800 4.863232 -3.165164 8.256064 -2.001148 -0.966619 -0.593852 -4.579938 2.134644 -4.566798 0.000109 -0.000132 0.000250 5.313279 7.101268 0.387024 5.611072 -7.717583 4.946632 2.336345 -1.370207 -0.710794 -7.583815 1.555093 3.985679 0.000890 0.000431 -0.000317 1.275855 6.638661 -15.931730 8.018338 -9.347099 20.301282 5.107790 -0.949511 -0.408409 11.444594 0.572090 -5.173665 0.001027 0.001053 -0.001055 -2.714330 5.582468 -13.105390 14.534136 -9.197099 15.399283 7.230079 -0.930948 0.145085 2.157340 -2.190432 -1.717931 -0.003299 0.001139 -0.000592 1.691157 -6.219379 -1.384199 4.401778 -7.512861 18.057503 -1.959100 -1.361836 -12.883621 4.197054 -3.033858 -6.775994 0.000762 -0.000767 1.000085 4.168340 -10.816807 -17.504056 2.824080 -3.781535 56.675702 1.407911 -7.413531 -10.527919 -1.898723 1.077958 -4.309376 -0.001637 0.000375 1.001775
2.217263 101.836250 -2.218745 -176.432754 -61.239437 -179.238206 -6.802085 -2.206791 10.676300 1.621244 5.886807 -7.609135 -4.013463 0.083908 7.797207 7.073061 -2.345684 -0.377661 -2.354718 2.897850 -14.173716 6.476995 26.060040 0.820001 0.000364 -0.000327 -0.001047 -1.408906 -0.198204 -2.999328 -0.896110 -5.728473 3.898273 -1.169200 -3.963886 3.906072 4.292839 -9.669345 14.308779 -60.203461 -30.017015 -30.459710 175.898429 -57.345408 -165.982454 42.148154 -12.569904 -12.749125 0.201251 -0.239354 13.218108 -7.147760 -11.176051 -0.111933 -2.382085 -5.086284 -13.479775 -0.000746 -0.000197 0.000096 3.619279 -3.916937 1.604607 -9.532006 0.995774 7.051394 -7.001682 1.033779 -0.857501 2.044438 -3.745095 4.263939 -0.000612 0.000455 -0.000568 3.913187 -3.754109 1.350376 -12.039238 7.785169 4.915837 -7.694270 1.525419 -0.171503 6.086915 -1.396842 5.045961 0.000794 -0.000632 0.000579 7.361874 -1.909591 -14.780631 -15.277833 11.307754 19.750468 -9.907528 1.557141 0.582325 -11.996880 0.999774 -2.526623 0.000695 -0.000288 -0.000331 9.376294 -0.228082 -12.428994 -19.036616 11.844935 15.410021 -10.612769 2.038693 0.739858 -2.361178 2.827782 -1.174317 -0.000551 0.000269 0.000194 -11.183804 15.131841 9.309749 59.840589 55.691526 -27.142695 -166.147371 54.995464 -154.598623 -31.391417 7.535000 -4.315792 10.660149 0.860284 13.824562 6.416967 13.151268 -3.113305 1.289323 3.862882 -3.582650 -0.000371 0.000911 -0.000100 6.411221 6.525948 1.326584 4.989399 -3.233695 8.296695 -1.835243 -0.966487 -0.575644 -4.483180 2.149292 -4.597897 0.000101 -0.000105 0.000269 5.322020 7.043963 0.400354 5.719003 -7.745652 4.947214 2.535757 -1.366920 -0.698380 -7.450653 1.556827 3.965971 0.000922 0.000401 -0.000301 1.277279 6.572611 -15.878909 8.137297 -9.402561 20.289399 5.283200 -0.961985 -0.414999 11.549125 0.569876 -5.180583 0.001076 0.000869 -0.001103 -2.727820 5.512950 -12.999329 14.658843 -9.214796 15.377567 7.401253 -0.916385 0.129617 2.270393 -2.184390 -1.765419 -0.003162 0.000975 -0.000596 1.668302 -6.281426 -1.390230 4.446401 -7.553367 18.227845 -1.930188 -1.306711 -12.829580 4.176239 -3.030166 -6.592461 0.000784 -0.000732 1.000081 4.195955 -10.851196 -17.458432 2.771586 -3.779364 56.679324 1.427997 -7.549209 -10.394225 -1.909479 1.052637 -4.259849 -0.001672 0.000341 1.001934
1.912043 101.844368 -2.195333 -176.269413 -61.210650 -179.430651 -6.811336 -2.214769 10.670586 1.633042 5.901423 -7.609906 -4.021277 0.071198 7.802969 7.094587 -2.382023 -0.401629 -2.343916 2.930206 -14.201165 6.426302 26.097518 0.774723 0.000361 -0.000333 -0.001042 -1.407481 -0.195269 -2.992212 -0.894748 -5.749114 3.853455 -1.169241 -3.984809 3.861533 4.375651 -9.648429 14.320177 -60.459905 -30.107008 -30.320725 176.012773 -57.309769 -166.069470 42.266613 -12.589066 -12.831323 0.197405 -0.142810 13.242833 -7.104206 -11.133068 -0.173344 -2.366346 -4.947937 -13.379902 -0.000748 -0.000202 0.000087 3.654266 -3.904312 1.595467 -9.755227 1.051147 7.037976 -7.099233 0.999322 -0.835095 1.988892 -3.735533 4.276242 -0.000615 0.000448 -0.000559 3.940241 -3.762362 1.366301 -12.218628 7.814272 4.864274 -7.799926 1.511342 -0.176072 6.043597 -1.391300 5.011110 0.000791 -0.000634 0.000575 7.402276 -1.911201 -14.779859 -15.396744 11.319585 19.687097 -10.011505 1.569257 0.576684 -12.098412 0.993654 -2.590696 0.000696 -0.000293 -0.000332 9.399935 -0.232550 -12.441907 -19.120399 11.838001 15.384179 -10.733623 2.025347 0.739723 -2.457010 2.842103 -1.250877 -0.000548 0.000268 0.000192 -11.154021 15.095181 9.399394 59.994161 55.641785 -27.119742 -166.020723 55.055290 -154.504851 -31.542607 7.621861 -4.198663 10.703735 0.694980 13.910576 6.326314 13.071727 -3.193990 1.275767 3.752958 -3.531235 -0.000376 0.000907 -0.000099 6.373415 6.513259 1.337000 5.131704 -3.288497 8.316539 -1.720529 -0.946553 -0.556967 -4.406504 2.186966 -4.456760 0.000105 -0.000108 0.000270 5.269739 7.040902 0.439384 5.867543 -7.775225 4.942903 2.656923 -1.372814 -0.685275 -7.398746 1.553513 3.941009 0.000924 0.000404 -0.000303 1.207603 6.561317 -15.854191 8.255962 -9.414945 20.275515 5.412226 -0.996807 -0.404918 11.640973 0.563235 -5.211252 0.001070 0.000883 -0.001106 -2.791567 5.520334 -12.974662 14.747120 -9.225145 15.391098 7.567550 -0.944187 0.127353 2.350677 -2.208368 -1.842591 -0.003163 0.000990 -0.000596 1.649289 -6.346181 -1.355575 4.509053 -7.590474 18.306998 -1.863951 -1.171768 -12.904997 4.152160 -3.025515 -6.585387 0.000788 -0.000729 1.000080 4.251585 -10.718208 -17.375064 2.772870 -3.769772 56.610655 1.446356 -7.624111 -10.387683 -1.929649 1.054035 -4.276277 -0.001677 0.000338 1.001920
1.587341 101.804016 -2.166338 -176.201124 -61.250563 -179.460652 -6.799014 -2.224425 10.679994 1.623764 5.888837 -7.630826 -4.010278 0.059366 7.744711 7.111609 -2.348400 -0.474629 -2.379366 2.918433 -14.268333 6.392041 26.019036 0.792278 0.000389 -0.000339 -0.001014 -1.399125 -0.188805 -2.953144 -0.892283 -5.749413 3.842383 -1.167203 -3.985828 3.851652 4.448268 -9.635442 14.316147 -60.576058 -30.108971 -30.247003 176.155422 -57.193457 -166.245966 42.281233 -12.714478 -12.845673 0.095870 -0.035192 13.303510 -7.048567 -11.093164 -0.228990 -2.342787 -4.861821 -13.319665 -0.000754 -0.000190 0.000099 3.639434 -3.881232 1.554624 -9.883521 1.064993 7.058381 -7.090709 0.961701 -0.812379 1.973764 -3.724409 4.293579 -0.000620 0.000448 -0.000568 3.945520 -3.759256 1.356977 -12.330984 7.807267 4.856174 -7.796254 1.492352 -0.170886 6.061904 -1.384078 4.991734 0.000806 -0.000634 0.000600 7.436120 -1.913525 -14.757992 -15.511816 11.321271 19.663393 -9.999726 1.563247 0.569495 -12.145322 0.980520 -2.653100 0.000714 -0.000280 -0.000363 9.413063 -0.217788 -12.422061 -19.228246 11.808623 15.371045 -10.750708 2.018839 0.737421 -2.507152 2.843263 -1.291071 -0.000571 0.000296 0.000178 -11.149928 15.012778 9.431320 59.980050 55.652895 -27.184772 -165.986896 55.025432 -154.530102 -31.714429 7.605573 -4.039446 10.778187 0.467561 14.094112 6.230479 13.052489 -3.278701 1.250218 3.775402 -3.515543 -0.000341 0.000859 -0.000121 6.347921 6.489410 1.386632 5.099615 -3.313744 8.329023 -1.795684 -0.926208 -0.542941 -4.430067 2.207915 -4.278558 0.000122 -0.000139 0.000256 5.215174 7.041267 0.492943 5.871259 -7.800547 4.974239 2.558132 -1.403733 -0.675260 -7.497093 1.538665 3.944397 0.000907 0.000433 -0.000320 1.119150 6.560695 -15.839262 8.236554 -9.400853 20.299788 5.340096 -1.030522 -0.380840 11.602010 0.546370 -5.220372 0.001019 0.001062 -0.001068 -2.870573 5.533024 -13.001141 14.703787 -9.241701 15.443660 7.548975 -0.998873 0.149653 2.286036 -2.248715 -1.843484 -0.003283 0.001153 -0.000593 1.655568 -6.288399 -1.314966 4.547804 -7.573218 18.221850 -1.819448 -0.929575 -13.061602 4.142800 -3.022141 -6.741702 0.000770 -0.000755 1.000085 4.287362 -10.477780 -17.304209 2.818003 -3.779561 56.497875 1.458264 -7.524585 -10.532729 -1.945248 1.073114 -4.340619 -0.001653 0.000365 1.001764
1.242561 101.773216 -2.131534 -176.112745 -61.324676 -179.465326 -6.799790 -2.247741 10.681314 1.614919 5.885571 -7.650736 -3.999464 0.031645 7.687510 7.123534 -2.296466 -0.504292 -2.426731 2.874462 -14.326044 6.340501 25.894958 0.775551 0.000422 -0.000337 -0.000987 -1.385502 -0.181825 -2.920018 -0.893373 -5.747583 3.871150 -1.167464 -3.984433 3.881209 4.494357 -9.603845 14.314564 -60.641450 -30.127793 -30.134511 176.249066 -57.017449 -166.360943 42.354436 -12.731263 -12.796739 0.021793 0.086851 13.350135 -6.999384 -11.067242 -0.285147 -2.320647 -4.787864 -13.279599 -0.000754 -0.000183 0.000116 3.617503 -3.843690 1.534149 -10.053530 1.090939 7.083507 -7.079441 0.921597 -0.799670 1.952836 -3.716027 4.289231 -0.000631 0.000443 -0.000582 3.942430 -3.728931 1.353553 -12.505165 7.801857 4.854378 -7.803280 1.461935 -0.164167 6.072873 -1.374294 4.953611 0.000828 -0.000628 0.000622 7.449451 -1.903795 -14.718688 -15.668772 11.353956 19.658630 -10.011106 1.553333 0.565733 -12.199435 0.964330 -2.716714 0.000722 -0.000268 -0.000401 9.409865 -0.204455 -12.392055 -19.395820 11.814745 15.371861 -10.787498 2.023079 0.736073 -2.556681 2.840722 -1.319636 -0.000604 0.000328 0.000168 -11.143150 14.861480 9.463552 59.974192 55.647436 -27.224867 -166.018457 54.939627 -154.652683 -31.982958 7.543825 -3.844225 10.824586 0.254134 14.252657 6.137970 13.076557 -3.354331 1.224904 3.812401 -3.504690 -0.000306 0.000806 -0.000146 6.302211 6.471042 1.436609 5.101591 -3.313272 8.345120 -1.874693 -0.902610 -0.543237 -4.462856 2.221155 -4.135147 0.000141 -0.000174 0.000246 5.144830 7.061236 0.548745 5.911166 -7.825210 5.003314 2.461628 -1.411396 -0.666675 -7.591926 1.532346 3.939427 0.000895 0.000461 -0.000337 1.013448 6.576009 -15.840203 8.247884 -9.388631 20.333276 5.277741 -1.044884 -0.354016 11.571123 0.537161 -5.239460 0.000979 0.001253 -0.001032 -2.975661 5.557673 -13.038531 14.702029 -9.254556 15.496791 7.523203 -1.027458 0.178878 2.239153 -2.274296 -1.854545 -0.003409 0.001325 -0.000599 1.705315 -6.199515 -1.269381 4.560803 -7.573178 18.035050 -1.790842 -0.761228 -13.173196 4.135212 -3.027450 -6.922510 0.000750 -0.000789 1.000095 4.339650 -10.286636 -17.216141 2.886787 -3.775077 56.290480 1.451416 -7.349821 -10.666175 -1.947040 1.088666 -4.372088 -0.001630 0.000387 1.001602
0.877103 101.772980 -2.090689 -175.972392 -61.381345 -179.547896 -6.804511 -2.273097 10.674416 1.605073 5.896627 -7.656815 -3.984991 -0.007980 7.679242 7.112523 -2.254073 -0.496201 -2.458349 2.827300 -14.334380 6.294794 25.738162 0.793699 0.000432 -0.000337 -0.000976 -1.369778 -0.176395 -2.900866 -0.895140 -5.737908 3.922433 -1.167641 -3.974631 3.932202 4.483447 -9.586825 14.313831 -60.663369 -30.135134 -30.011066 176.263467 -56.829362 -166.360598 42.382177 -12.666256 -12.799260 0.024494 0.089820 13.328296 -6.986722 -11.090855 -0.294298 -2.306793 -4.787260 -13.304274 -0.000755 -0.000196 0.000114 3.597621 -3.847074 1.536904 -10.065353 1.097388 7.090049 -7.037440 0.916424 -0.801655 1.940691 -3.711782 4.285545 -0.000649 0.000434 -0.000589 3.929974 -3.722918 1.345163 -12.543404 7.808244 4.862570 -7.774445 1.459861 -0.168631 6.075517 -1.368402 4.946530 0.000844 -0.000631 0.000622 7.428868 -1.907176 -14.709042 -15.678530 11.370344 19.670762 -9.990234 1.559393 0.567329 -12.219098 0.962260 -2.728273 0.000715 -0.000279 -0.000418 9.387882 -0.214682 -12.398801 -19.435866 11.838389 15.388201 -10.777262 2.045870 0.735270 -2.563735 2.842759 -1.309469 -0.000626 0.000337 0.000167 -11.096780 14.735656 9.489990 59.992312 55.603613 -27.213476 -166.050711 54.845968 -154.753551 -32.125086 7.517094 -3.717837 10.817923 0.184718 14.294424 6.121185 13.128506 -3.361697 1.216612 3.852774 -3.511603 -0.000306 0.000781 -0.000153 6.278138 6.478123 1.465876 5.072973 -3.300699 8.372603 -1.917693 -0.888721 -0.553247 -4.461791 2.216169 -4.106842 0.000141 -0.000184 0.000254 5.103335 7.094399 0.570564 5.905188 -7.843468 5.033917 2.417936 -1.404585 -0.657841 -7.609621 1.529054 3.935033 0.000898 0.000471 -0.000351 0.951180 6.602119 -15.850583 8.229292 -9.387393 20.369801 5.243999 -1.040289 -0.339902 11.568601 0.532117 -5.244471 0.000973 0.001332 -0.001026 -3.051890 5.580379 -13.060662 14.684489 -9.269797 15.538581 7.500101 -1.022651 0.195388 2.234778 -2.276331 -1.856205 -0.003460 0.001404 -0.000613 1.771783 -6.114001 -1.224843 4.568394 -7.581620 17.906046 -1.789806 -0.678601 -13.174316 4.129896 -3.038412 -7.020663 0.000743 -0.000806 1.000108 4.381713 -10.207930 -17.151965 2.949633 -3.780299 56.157739 1.485688 -7.192076 -10.756188 -1.936623 1.102013 -4.360512 -0.001637 0.000385 1.001536
0.490368 101.781067 -2.043566 -175.939753 -61.348258 -179.609479 -6.804175 -2.297468 10.689790 1.574938 5.894989 -7.674854 -3.929948 -0.019360 7.680052 7.075614 -2.227476 -0.505571 -2.436569 2.805745 -14.287005 6.262434 25.525772 0.887690 0.000421 -0.000332 -0.000980 -1.354836 -0.169629 -2.897374 -0.893177 -5.719483 3.934818 -1.165272 -3.955928 3.943977 4.464210 -9.567639 14.336305 -60.737328 -30.015734 -29.958890 176.209321 -56.755426 -166.297085 42.274139 -12.641287 -12.967025 0.085661 -0.078139 13.218908 -7.009809 -11.142919 -0.223916 -2.308141 -4.962284 -13.446218 -0.000754 -0.000218 0.000101 3.591040 -3.860519 1.501432 -9.726237 1.030946 7.080655 -6.927397 0.941750 -0.833052 2.002812 -3.708093 4.243251 -0.000666 0.000429 -0.000583 3.903481 -3.721054 1.305554 -12.261925 7.803220 4.891612 -7.646341 1.466089 -0.193444 6.102669 -1.373401 4.980628 0.000844 -0.000632 0.000602 7.377717 -1.897263 -14.746969 -15.471177 11.339905 19.698526 -9.861066 1.556743 0.569041 -12.120806 0.977039 -2.649210 0.000698 -0.000296 -0.000411 9.340604 -0.205730 -12.432721 -19.261670 11.826117 15.410721 -10.629331 2.065127 0.726433 -2.473400 2.828311 -1.213021 -0.000626 0.000325 0.000170 -11.072388 14.814671 9.486537 59.952690 55.547264 -27.166265 -166.087702 54.781003 -154.807971 -31.935877 7.578032 -3.652400 10.842223 0.306143 14.246197 6.237404 13.186135 -3.247828 1.214428 3.999067 -3.568302 -0.000327 0.000788 -0.000146 6.384673 6.482098 1.500375 4.898268 -3.287778 8.414671 -2.019555 -0.906192 -0.560616 -4.499128 2.164053 -4.283254 0.000132 -0.000174 0.000266 5.161765 7.097827 0.562323 5.742921 -7.837965 5.091102 2.332793 -1.418730 -0.652624 -7.618943 1.520551 3.968388 0.000914 0.000464 -0.000350 0.988477 6.591720 -15.846153 8.109293 -9.394880 20.419215 5.139357 -1.023590 -0.333382 11.488227 0.518260 -5.189214 0.000998 0.001305 -0.001046 -3.062274 5.544017 -13.017978 14.578561 -9.280006 15.563813 7.377141 -0.999903 0.204315 2.174983 -2.258970 -1.741111 -0.003435 0.001388 -0.000624 1.792819 -6.003096 -1.154630 4.529286 -7.539848 17.880337 -1.817916 -0.665005 -13.139427 4.122897 -3.043249 -7.056261 0.000749 -0.000802 1.000116 4.339515 -10.200704 -17.129226 2.948368 -3.802216 56.217706 1.511175 -7.052458 -10.691938 -1.919441 1.111142 -4.370123 -0.001660 0.000364 1.001566
0.081752 101.788208 -1.989923 -175.960908 -61.315737 -179.676698 -6.790864 -2.316369 10.703358 1.541735 5.899153 -7.665414 -3.889173 -0.042739 7.675813 7.030930 -2.220569 -0.537751 -2.410662 2.796593 -14.235995 6.284718 25.335675 1.053399 0.000396 -0.000333 -0.000993 -1.344317 -0.164438 -2.891475 -0.885458 -5.694019 3.903977 -1.158471 -3.930197 3.912536 4.405896 -9.551030 14.352437 -60.754536 -29.890598 -29.917637 176.141082 -56.776427 -166.240100 42.075773 -12.619821 -13.099279 0.145180 -0.354447 13.080704 -7.054862 -11.226538 -0.101486 -2.317377 -5.229938 -13.648012 -0.000753 -0.000240 0.000079 3.576235 -3.898180 1.489408 -9.158228 0.922163 7.066671 -6.736888 1.010890 -0.873758 2.125758 -3.714457 4.224469 -0.000675 0.000423 -0.000570 3.869642 -3.744951 1.276563 -11.783651 7.805572 4.948931 -7.411530 1.506113 -0.226135 6.180689 -1.395034 5.073736 0.000835 -0.000635 0.000576 7.307193 -1.884056 -14.804696 -15.107857 11.273775 19.746768 -9.616756 1.562991 0.579077 -11.917057 1.003742 -2.494209 0.000683 -0.000316 -0.000392 9.288789 -0.187795 -12.484282 -18.949944 11.806323 15.438149 -10.352259 2.094804 0.722614 -2.283109 2.813370 -1.053173 -0.000613 0.000300 0.000176 -11.037009 14.930811 9.491630 59.921697 55.503543 -27.098915 -166.107416 54.781353 -154.819209 -31.655898 7.613433 -3.663954 10.831568 0.518028 14.134496 6.405744 13.244100 -3.082124 1.219971 4.198628 -3.656462 -0.000364 0.000813 -0.000129 6.511847 6.446979 1.525436 4.654882 -3.259317 8.462668 -2.124854 -0.921420 -0.566995 -4.543172 2.098193 -4.572292 0.000122 -0.000154 0.000284 5.256512 7.057725 0.548327 5.495341 -7.827824 5.153467 2.253867 -1.420560 -0.657212 -7.606519 1.519862 4.013711 0.000936 0.000448 -0.000344 1.074364 6.528055 -15.823931 7.955091 -9.396357 20.458678 5.013814 -0.989842 -0.340515 11.377873 0.506212 -5.101556 0.001031 0.001215 -0.001078 -3.020451 5.458815 -12.946821 14.438329 -9.282783 15.573777 7.224114 -0.958529 0.198424 2.100342 -2.223632 -1.575865 -0.003367 0.001321 -0.000632 1.783393 -5.899616 -1.111795 4.470751 -7.473343 17.998823 -1.832462 -0.610946 -13.148082 4.113592 -3.057055 -7.004363 0.000761 -0.000784 1.000121 4.286397 -10.196936 -17.107441 2.911862 -3.793898 56.353137 1.536227 -6.956129 -10.606784 -1.910547 1.112293 -4.403153 -0.001688 0.000339 1.001647
-0.349357 101.790962 -1.929512 -175.933537 -61.266880 -179.792474 -6.777046 -2.335946 10.724177 1.510452 5.894553 -7.665531 -3.859312 -0.040957 7.669644 7.018074 -2.234865 -0.594917 -2.375813 2.820747 -14.180366 6.284529 25.242168 1.175928 0.000390 -0.000334 -0.000979 -1.340665 -0.162303 -2.891231 -0.879848 -5.686014 3.862477 -1.154198 -3.922537 3.871930 4.414323 -9.555168 14.368702 -60.863384 -29.787275 -29.892313 176.151763 -56.782539 -166.252036 41.956166 -12.673914 -13.273129 0.189328 -0.537332 12.985586 -7.075773 -11.269457 -0.004032 -2.322702 -5.449867 -13.818037 -0.000753 -0.000246 0.000071 3.568323 -3.876943 1.459124 -8.700238 0.816437 7.060638 -6.595836 1.047645 -0.907601 2.202859 -3.717804 4.194308 -0.000679 0.000420 -0.000559 3.840068 -3.723851 1.247533 -11.385132 7.792939 4.996989 -7.231002 1.516298 -0.259777 6.216427 -1.415904 5.141891 0.000827 -0.000633 0.000568 7.257496 -1.836562 -14.854416 -14.831878 11.212697 19.772736 -9.430689 1.558167 0.577043 -11.781870 1.023521 -2.374669 0.000681 -0.000319 -0.000387 9.246024 -0.139410 -12.516343 -18.716707 11.769872 15.448684 -10.131155 2.110822 0.712421 -2.164499 2.792244 -0.920676 -0.000603 0.000295 0.000174 -10.997100 15.024747 9.523394 59.988919 55.503443 -27.029638 -166.102570 54.804936 -154.827762 -31.441959 7.631532 -3.683617 10.827949 0.623634 14.090606 6.515700 13.268436 -2.966717 1.207403 4.367228 -3.728374 -0.000362 0.000796 -0.000134 6.629932 6.374841 1.546905 4.432462 -3.244206 8.515156 -2.217303 -0.927656 -0.563199 -4.553244 2.044423 -4.822478 0.000115 -0.000152 0.000276 5.338521 6.978079 0.555697 5.291550 -7.816670 5.218209 2.179817 -1.416478 -0.659984 -7.586647 1.512489 4.039242 0.000925 0.000458 -0.000343 1.141473 6.442613 -15.793960 7.831990 -9.402006 20.505375 4.906778 -0.951480 -0.342447 11.298110 0.493065 -5.048063 0.001017 0.001278 -0.001075 -2.988863 5.367566 -12.880350 14.330611 -9.284711 15.591564 7.091297 -0.917584 0.197109 2.043687 -2.202355 -1.443168 -0.003404 0.001387 -0.000625 1.759268 -5.804944 -1.071631 4.483325 -7.381229 18.145166 -1.813808 -0.426351 -13.223633 4.094269 -3.049383 -6.967114 0.000771 -0.000775 1.000119 4.266436 -10.089221 -17.067166 2.878919 -3.797945 56.452644 1.528880 -6.842703 -10.528906 -1.913886 1.093756 -4.436531 -0.001699 0.000332 1.001585
-0.803579 101.808418 -1.862081 -175.697722 -61.347916 179.971099 -6.792346 -2.383607 10.718852 1.510642 5.914340 -7.642693 -3.862460 -0.081866 7.667835 7.058515 -2.235353 -0.598345 -2.378536 2.821646 -14.170550 6.231045 25.185289 1.220116 0.000401 -0.000340 -0.000947 -1.341156 -0.159140 -2.897847 -0.883017 -5.703943 3.875634 -1.157030 -3.940954 3.886173 4.445711 -9.616617 14.372341 -60.967123 -29.822062 -29.759678 176.219253 -56.648429 -166.294620 41.944484 -12.644370 -13.400435 0.239566 -0.621190 12.917724 -7.091221 -11.305844 0.036689 -2.327143 -5.561707 -13.913178 -0.000760 -0.000251 0.000071 3.567252 -3.846959 1.458449 -8.467772 0.751652 7.053200 -6.494028 1.057365 -0.942077 2.235195 -3.730295 4.173504 -0.000690 0.000419 -0.000555 3.819143 -3.695686 1.244590 -11.197844 7.785692 5.029116 -7.115101 1.502488 -0.295324 6.242018 -1.431952 5.168363 0.000834 -0.000638 0.000573 7.209943 -1.798173 -14.877962 -14.677852 11.187014 19.800586 -9.313941 1.549426 0.572905 -11.714781 1.029492 -2.310557 0.000685 -0.000324 -0.000401 9.198591 -0.108646 -12.553356 -18.616077 11.763886 15.474625 -9.992781 2.127211 0.708385 -2.094394 2.781952 -0.834457 -0.000610 0.000307 0.000168 -10.882440 14.895903 9.606927 60.144959 55.482872 -26.970501 -166.048473 54.809747 -154.873481 -31.609030 7.662038 -3.692287 10.765644 0.621640 14.092134 6.544037 13.310008 -2.931796 1.191246 4.486344 -3.769775 -0.000343 0.000746 -0.000153 6.639759 6.329239 1.561218 4.304433 -3.206361 8.563356 -2.271796 -0.907448 -0.575636 -4.549419 2.018481 -4.955601 0.000109 -0.000163 0.000266 5.333717 6.956036 0.572908 5.190292 -7.822267 5.258572 2.138828 -1.389916 -0.658570 -7.576051 1.510879 4.036679 0.000904 0.000490 -0.000358 1.129346 6.408078 -15.796395 7.760454 -9.381946 20.539592 4.845569 -0.911159 -0.336183 11.266602 0.485668 -5.032928 0.000971 0.001452 -0.001051 -3.030918 5.344298 -12.891956 14.273890 -9.288053 15.619712 7.014160 -0.879677 0.200531 2.027650 -2.187675 -1.384257 -0.003525 0.001556 -0.000622 1.802815 -5.752053 -1.047337 4.584956 -7.376821 18.166911 -1.721083 -0.226086 -13.242134 4.049475 -3.055266 -6.947302 0.000770 -0.000784 1.000124 4.357957 -9.934709 -17.022858 2.935504 -3.809491 56.408834 1.537460 -6.616424 -10.500269 -1.932679 1.083517 -4.404846 -0.001701 0.000337 1.001426
-1.281545 101.811363 -1.787370 -175.467012 -61.480643 179.790335 -6.795357 -2.445535 10.711543 1.499658 5.921789 -7.641594 -3.864003 -0.110778 7.666878 7.099417 -2.204884 -0.626654 -2.391598 2.799549 -14.161065 6.190339 25.159960 1.285044 0.000430 -0.000337 -0.000895 -1.345889 -0.158689 -2.902099 -0.887196 -5.728594 3.901799 -1.160517 -3.966306 3.914264 4.508564 -9.695638 14.374508 -61.125519 -29.868283 -29.665604 176.312008 -56.462993 -166.362168 42.005045 -12.690334 -13.448783 0.201787 -0.603524 12.914906 -7.072555 -11.312326 0.049026 -2.320538 -5.624570 -13.979158 -0.000763 -0.000244 0.000091 3.540002 -3.773788 1.454412 -8.381429 0.700347 7.075224 -6.431564 1.049267 -0.957860 2.236427 -3.734109 4.151100 -0.000701 0.000418 -0.000563 3.791180 -3.628836 1.244425 -11.141561 7.767743 5.072736 -7.055111 1.472029 -0.313729 6.252079 -1.440837 5.172207 0.000846 -0.000633 0.000591 7.179488 -1.736365 -14.866214 -14.663344 11.196639 19.822080 -9.258910 1.533870 0.570353 -11.698633 1.029932 -2.281836 0.000695 -0.000310 -0.000429 9.170510 -0.047704 -12.541949 -18.664216 11.765024 15.488046 -9.920050 2.137270 0.706024 -2.073942 2.768913 -0.771751 -0.000629 0.000335 0.000160 -10.793331 14.732822 9.679259 60.269135 55.511499 -26.936857 -166.052961 54.742005 -155.005519 -31.859293 7.677336 -3.574517 10.758019 0.494253 14.194685 6.516224 13.351487 -2.939973 1.157089 4.603821 -3.796150 -0.000289 0.000666 -0.000191 6.645402 6.273865 1.595546 4.206732 -3.182007 8.612387 -2.358185 -0.885923 -0.578531 -4.563338 1.994460 -5.020113 0.000110 -0.000190 0.000237 5.300400 6.929008 0.605661 5.145412 -7.831435 5.305078 2.057223 -1.373180 -0.645674 -7.609975 1.502398 4.028010 0.000862 0.000536 -0.000377 1.074084 6.384986 -15.802942 7.711928 -9.379082 20.595789 4.773911 -0.880783 -0.313374 11.233212 0.474743 -5.036065 0.000897 0.001738 -0.001000 -3.122920 5.324807 -12.919452 14.249210 -9.304708 15.665277 6.931529 -0.853794 0.222785 1.997246 -2.188605 -1.345131 -0.003725 0.001821 -0.000612 1.856048 -5.649080 -1.044464 4.716367 -7.358125 18.122292 -1.629739 0.049767 -13.280020 4.008206 -3.050361 -7.007801 0.000762 -0.000808 1.000123 4.468755 -9.712826 -16.963286 3.009436 -3.834339 56.266987 1.527256 -6.331788 -10.557617 -1.970167 1.068289 -4.367051 -0.001688 0.000358 1.001166
-1.783901 101.811562 -1.705115 -175.228013 -61.624428 179.580810 -6.801610 -2.501905 10.683744 1.477154 5.922221 -7.633378 -3.847662 -0.149026 7.662233 7.138763 -2.158692 -0.666309 -2.378764 2.777616 -14.097033 6.147169 25.052799 1.403755 0.000450 -0.000328 -0.000854 -1.350187 -0.153591 -2.899600 -0.886642 -5.745465 3.898883 -1.160148 -3.983675 3.913116 4.565747 -9.776010 14.398360 -61.284048 -29.898724 -29.573160 176.361305 -56.324805 -166.393543 41.926777 -12.686645 -13.433598 0.111288 -0.589132 12.937094 -7.066711 -11.313156 0.068372 -2.320766 -5.697877 -14.037786 -0.000763 -0.000249 0.000105 3.490512 -3.705468 1.460571 -8.282598 0.645791 7.101612 -6.355195 1.058846 -0.965751 2.259842 -3.735845 4.135965 -0.000719 0.000419 -0.000568 3.748121 -3.564358 1.251663 -11.076813 7.752597 5.127985 -6.980270 1.451692 -0.321340 6.280509 -1.450189 5.186769 0.000855 -0.000623 0.000594 7.137506 -1.674566 -14.837218 -14.652535 11.214194 19.849433 -9.187443 1.522534 0.578475 -11.657333 1.031670 -2.242415 0.000691 -0.000305 -0.000447 9.142807 0.020519 -12.505922 -18.727275 11.774960 15.506332 -9.826448 2.144323 0.707947 -2.026093 2.753994 -0.699763 -0.000648 0.000352 0.000155 -10.732291 14.635041 9.749997 60.375886 55.493664 -26.891317 -166.115326 54.664603 -155.171081 -32.031931 7.697773 -3.490845 10.776921 0.380100 14.289800 6.505720 13.391919 -2.935221 1.130776 4.740032 -3.824565 -0.000251 0.000602 -0.000219 6.651346 6.226646 1.606315 4.119856 -3.153412 8.664615 -2.452058 -0.866025 -0.578788 -4.602771 1.965148 -5.096818 0.000106 -0.000213 0.000216 5.267562 6.908418 0.621297 5.099923 -7.833123 5.347565 1.973867 -1.353792 -0.632940 -7.662520 1.497182 4.024574 0.000830 0.000571 -0.000389 1.021919 6.365358 -15.818669 7.671942 -9.369396 20.650265 4.694232 -0.856560 -0.295538 11.180791 0.464354 -5.027665 0.000850 0.001959 -0.000966 -3.213185 5.305878 -12.945265 14.233907 -9.320577 15.702083 6.837305 -0.825512 0.243246 1.948732 -2.184612 -1.293835 -0.003877 0.002028 -0.000608 1.929343 -5.520966 -1.041119 4.817889 -7.350802 18.131153 -1.581481 0.319091 -13.313596 3.953236 -3.045233 -7.030729 0.000759 -0.000825 1.000127 4.582642 -9.506350 -16.888255 3.086288 -3.851128 56.149174 1.526244 -5.997719 -10.592423 -2.013209 1.041428 -4.314760 -0.001688 0.000362 1.000961
-2.311307 101.796410 -1.615045 -175.083723 -61.699697 179.397178 -6.804882 -2.549023 10.651812 1.440350 5.913785 -7.608414 -3.812722 -0.186473 7.628486 7.171594 -2.119588 -0.723592 -2.332726 2.766371 -13.961751 6.143619 24.846627 1.646631 0.000455 -0.000317 -0.000821 -1.350767 -0.145183 -2.908236 -0.882997 -5.756904 3.866448 -1.157604 -3.995655 3.882375 4.575683 -9.803856 14.443801 -61.377432 -29.815358 -29.552604 176.304380 -56.281780 -166.338979 41.663764 -12.637861 -13.563681 0.030859 -0.712214 12.888547 -7.076384 -11.337361 0.133810 -2.326968 -5.870754 -14.150102 -0.000761 -0.000259 0.000113 3.468827 -3.681297 1.447823 -8.007775 0.545414 7.098933 -6.239477 1.067173 -0.980642 2.341828 -3.737260 4.095940 -0.000734 0.000424 -0.000566 3.717249 -3.528236 1.241523 -10.849631 7.712804 5.191162 -6.844828 1.422015 -0.338932 6.336085 -1.466772 5.221994 0.000856 -0.000615 0.000588 7.084133 -1.628175 -14.832006 -14.518929 11.197029 19.885005 -9.040754 1.488423 0.584511 -11.536741 1.036889 -2.143765 0.000685 -0.000305 -0.000453 9.096028 0.087479 -12.486010 -18.660541 11.753095 15.529796 -9.632946 2.128008 0.706334 -1.910808 2.725357 -0.578193 -0.000654 0.000354 0.000152 -10.690718 14.645932 9.790413 60.396466 55.518153 -26.746965 -166.288863 54.631994 -155.416674 -31.952504 7.683116 -3.433754 10.819515 0.380302 14.313613 6.572412 13.443938 -2.861444 1.110398 4.952128 -3.881233 -0.000229 0.000559 -0.000237 6.716559 6.185335 1.599537 3.967163 -3.132699 8.716670 -2.560041 -0.852279 -0.579984 -4.662334 1.903991 -5.297988 0.000098 -0.000222 0.000202 5.286781 6.871110 0.616173 4.984602 -7.824445 5.388597 1.884354 -1.335366 -0.629395 -7.698169 1.490253 4.041019 0.000806 0.000595 -0.000396 1.021490 6.319972 -15.826071 7.611140 -9.369419 20.698675 4.588311 -0.822132 -0.291107 11.093429 0.452228 -4.979129 0.000820 0.002121 -0.000948 -3.256461 5.246092 -12.939968 14.182906 -9.338117 15.727660 6.708340 -0.773202 0.251694 1.887620 -2.163445 -1.182788 -0.003980 0.002183 -0.000604 1.975638 -5.381744 -1.020881 4.849406 -7.339331 18.278688 -1.554312 0.547913 -13.387108 3.889108 -3.041263 -6.980175 0.000766 -0.000830 1.000131 4.624895 -9.351899 -16.892399 3.127450 -3.877202 56.299922 1.576351 -5.699356 -10.611523 -2.056349 1.016278 -4.245290 -0.001702 0.000358 1.000812
-2.864445 101.766571 -1.516886 -174.981986 -61.780829 179.150044 -6.810376 -2.586602 10.620249 1.394902 5.897696 -7.552513 -3.745272 -0.234276 7.571906 7.197373 -2.088697 -0.785558 -2.265350 2.773125 -13.783439 6.109251 24.582725 1.872166 0.000450 -0.000298 -0.000792 -1.349181 -0.138833 -2.918369 -0.873980 -5.764077 3.781185 -1.151296 -4.003457 3.798942 4.540162 -9.796951 14.487183 -61.445889 -29.659067 -29.541197 176.182402 -56.392784 -166.224777 41.269998 -12.505723 -13.940553 0.010597 -0.998039 12.739012 -7.125084 -11.381612 0.258241 -2.345159 -6.162615 -14.341700 -0.000756 -0.000269 0.000117 3.468912 -3.673501 1.423869 -7.495156 0.397796 7.074378 -6.064297 1.093737 -1.017729 2.492229 -3.742929 4.024316 -0.000746 0.000433 -0.000564 3.680156 -3.497538 1.223117 -10.412352 7.667384 5.272213 -6.623186 1.388882 -0.377299 6.419904 -1.495115 5.283570 0.000849 -0.000604 0.000573 6.994302 -1.580349 -14.855072 -14.224742 11.164861 19.948353 -8.797813 1.439815 0.578655 -11.315414 1.046068 -1.971990 0.000672 -0.000307 -0.000447 8.996837 0.154781 -12.481806 -18.435274 11.721797 15.561865 -9.323582 2.106495 0.697041 -1.710890 2.683464 -0.394407 -0.000652 0.000346 0.000154 -10.646566 14.705491 9.810569 60.399696 55.565494 -26.489093 -166.575886 54.661347 -155.756060 -31.688138 7.656461 -3.455372 10.843723 0.515311 14.249486 6.731101 13.507461 -2.708539 1.091148 5.252325 -3.978857 -0.000218 0.000528 -0.000248 6.835317 6.117215 1.593528 3.741225 -3.102070 8.778722 -2.680791 -0.829082 -0.582830 -4.736898 1.816463 -5.666148 0.000084 -0.000221 0.000194 5.354223 6.799828 0.611888 4.791775 -7.798039 5.446440 1.801118 -1.298227 -0.636133 -7.703114 1.490238 4.076100 0.000785 0.000611 -0.000395 1.067515 6.230710 -15.811705 7.537789 -9.375485 20.748046 4.469803 -0.760280 -0.300769 10.964367 0.442477 -4.882745 0.000806 0.002248 -0.000945 -3.255046 5.134529 -12.888518 14.105427 -9.350234 15.734266 6.554483 -0.685458 0.244722 1.817577 -2.116781 -0.998271 -0.004054 0.002312 -0.000602 2.029304 -5.213259 -1.014736 4.804796 -7.304061 18.692563 -1.563483 0.773025 -13.488469 3.823293 -3.040860 -6.874790 0.000777 -0.000825 1.000133 4.628835 -9.202165 -16.987141 3.139855 -3.915383 56.795652 1.620437 -5.445145 -10.562335 -2.085954 0.994246 -4.181355 -0.001718 0.000347 1.000693
-3.444014 101.717247 -1.410357 -174.897556 -61.870953 178.926194 -6.833333 -2.626648 10.622328 1.352648 5.872220 -7.512253 -3.650250 -0.281088 7.503941 7.185039 -2.035768 -0.824082 -2.215163 2.750551 -13.593940 6.023589 24.305549 1.990921 0.000448 -0.000272 -0.000765 -1.339133 -0.132559 -2.939704 -0.864964 -5.761432 3.713358 -1.144421 -4.001298 3.732707 4.504823 -9.639584 14.501075 -61.566084 -29.459919 -29.512713 176.103058 -56.555857 -166.203463 40.881533 -12.279858 -14.438092 0.089114 -1.354657 12.494000 -7.192049 -11.426477 0.415427 -2.365853 -6.514895 -14.594481 -0.000746 -0.000269 0.000129 3.500490 -3.631976 1.394597 -6.886919 0.249824 7.041196 -5.852344 1.115771 -1.073546 2.681554 -3.747285 3.906159 -0.000749 0.000434 -0.000567 3.645801 -3.408825 1.207425 -9.892582 7.619217 5.354460 -6.358580 1.337413 -0.428508 6.515748 -1.524819 5.330006 0.000835 -0.000588 0.000563 6.881446 -1.495490 -14.871966 -13.864170 11.164387 20.032684 -8.519354 1.371962 0.559720 -11.040085 1.049953 -1.778908 0.000661 -0.000295 -0.000439 8.849053 0.258573 -12.459453 -18.151171 11.702852 15.594707 -8.967383 2.082300 0.682279 -1.467282 2.630485 -0.188846 -0.000649 0.000343 0.000163 -10.631043 14.711500 9.750285 60.432313 55.744292 -26.054369 -167.052287 54.605370 -156.239895 -31.357650 7.588189 -3.519905 10.823787 0.738330 14.122081 6.955805 13.606676 -2.496097 1.076212 5.606957 -4.103697 -0.000203 0.000502 -0.000258 6.990033 6.034599 1.618376 3.487035 -3.054592 8.838303 -2.838206 -0.797748 -0.600356 -4.851129 1.718565 -6.123486 0.000083 -0.000218 0.000184 5.446099 6.718921 0.616938 4.574871 -7.752320 5.511860 1.695025 -1.250559 -0.649748 -7.712942 1.499789 4.127816 0.000770 0.000623 -0.000388 1.134784 6.126865 -15.793799 7.460254 -9.389939 20.808435 4.327150 -0.673748 -0.312093 10.792259 0.440041 -4.758123 0.000797 0.002368 -0.000943 -3.241281 4.993589 -12.821401 14.015113 -9.350530 15.730017 6.361176 -0.582520 0.239629 1.730913 -2.050437 -0.770923 -0.004124 0.002435 -0.000598 2.111302 -4.992912 -1.053404 4.699326 -7.281097 19.236864 -1.578354 1.003243 -13.651245 3.762799 -3.048631 -6.771387 0.000784 -0.000818 1.000126 4.607376 -9.054685 -17.230433 3.149510 -3.975166 57.533347 1.643991 -5.144416 -10.483827 -2.107318 0.996424 -4.098943 -0.001723 0.000340 1.000581
-4.050737 101.661263 -1.295176 -174.820252 -61.995013 178.775133 -6.874985 -2.683387 10.648286 1.316732 5.842914 -7.499488 -3.554533 -0.324052 7.416061 7.146926 -1.979047 -0.832735 -2.180672 2.706734 -13.388605 5.889844 24.036095 1.955942 0.000454 -0.000242 -0.000734 -1.321469 -0.123551 -2.976536 -0.857605 -5.751300 3.684078 -1.138000 -3.991425 3.704980 4.428137 -9.361391 14.542828 -61.747394 -29.270646 -29.468581 176.079018 -56.790421 -166.264157 40.731819 -11.940811 -14.997616 0.229757 -1.594527 12.248830 -7.230919 -11.427401 0.529563 -2.374378 -6.779692 -14.814285 -0.000730 -0.000255 0.000152 3.563996 -3.498797 1.387248 -6.483695 0.155331 7.025156 -5.715838 1.104538 -1.115903 2.832940 -3.749133 3.772611 -0.000740 0.000428 -0.000574 3.628210 -3.223404 1.219635 -9.561526 7.576956 5.410605 -6.185226 1.259464 -0.469445 6.579853 -1.545480 5.328858 0.000813 -0.000566 0.000563 6.793320 -1.357815 -14.852646 -13.657865 11.245794 20.088819 -8.354991 1.301271 0.531450 -10.825212 1.045356 -1.637947 0.000657 -0.000268 -0.000432 8.693939 0.408111 -12.400781 -17.993156 11.708154 15.603713 -8.740512 2.049824 0.663936 -1.284813 2.585390 -0.048269 -0.000645 0.000346 0.000175 -10.681165 14.635948 9.663331 60.620171 56.067400 -25.344380 -167.736508 54.440341 -156.938120 -31.140274 7.544318 -3.588266 10.758743 0.938686 13.983910 7.145945 13.725405 -2.313692 1.061176 5.910750 -4.214086 -0.000175 0.000475 -0.000270 7.098219 5.956103 1.653581 3.348817 -3.002160 8.880973 -2.958431 -0.742891 -0.624776 -4.972903 1.655815 -6.497948 0.000096 -0.000217 0.000168 5.492283 6.658101 0.628792 4.477189 -7.690054 5.552363 1.622438 -1.186896 -0.657606 -7.733147 1.523649 4.183107 0.000754 0.000637 -0.000376 1.159784 6.050542 -15.804256 7.455512 -9.403728 20.853564 4.242208 -0.581868 -0.322500 10.639953 0.445841 -4.646593 0.000780 0.002503 -0.000935 -3.258770 4.889040 -12.787979 13.983077 -9.340689 15.707484 6.224253 -0.485539 0.231925 1.662690 -1.987515 -0.588335 -0.004207 0.002571 -0.000588 2.219896 -4.722788 -1.108333 4.574715 -7.272126 19.741077 -1.586304 1.197353 -13.787339 3.696295 -3.047872 -6.725272 0.000787 -0.000811 1.000107 4.558784 -8.957055 -17.592498 3.157827 -4.052266 58.310706 1.648792 -4.799193 -10.372315 -2.140770 1.022803 -3.969505 -0.001713 0.000345 1.000444
-4.685360 101.585304 -1.171057 -174.694353 -62.282084 178.710684 -6.934147 -2.761485 10.706796 1.298144 5.800104 -7.509483 -3.452615 -0.377813 7.330308 7.086006 -1.902047 -0.843806 -2.130150 2.633861 -13.247393 5.703413 23.718375 1.839994 0.000464 -0.000211 -0.000704 -1.297908 -0.107563 -3.023050 -0.851920 -5.731539 3.698810 -1.131883 -3.971689 3.721055 4.334441 -9.105322 14.609883 -62.012505 -29.228332 -29.393439 176.110379 -57.091785 -166.401057 40.704776 -11.485177 -15.416947 0.390315 -1.778658 12.023366 -7.263097 -11.392294 0.658225 -2.363237 -7.053306 -15.092912 -0.000707 -0.000226 0.000181 3.586196 -3.237229 1.433427 -6.066010 0.067993 7.030072 -5.586769 1.119429 -1.134849 2.998909 -3.751722 3.627197 -0.000713 0.000412 -0.000582 3.573719 -2.905807 1.272478 -9.236272 7.541006 5.475648 -6.015987 1.205473 -0.483060 6.650389 -1.561131 5.324673 0.000784 -0.000536 0.000570 6.683576 -1.110693 -14.776552 -13.475585 11.393555 20.124070 -8.217825 1.241265 0.521082 -10.584254 1.045087 -1.492716 0.000659 -0.000230 -0.000423 8.522171 0.672333 -12.267061 -17.873688 11.733103 15.602914 -8.539615 2.029820 0.650896 -1.072301 2.544471 0.091510 -0.000638 0.000349 0.000185 -10.822121 14.475438 9.554349 60.961375 56.531063 -24.495955 -168.605409 54.131825 -157.851805 -31.003992 7.543244 -3.583114 10.673668 1.209994 13.814920 7.355192 13.890060 -2.084686 1.038542 6.224127 -4.346665 -0.000141 0.000453 -0.000280 7.234003 5.874092 1.732449 3.203396 -2.924090 8.908508 -3.119431 -0.706429 -0.654195 -5.146633 1.589246 -6.882254 0.000120 -0.000218 0.000146 5.546207 6.612131 0.642939 4.383461 -7.611996 5.593843 1.515269 -1.149529 -0.657644 -7.792195 1.562194 4.280807 0.000733 0.000649 -0.000357 1.193117 5.991008 -15.839093 7.421529 -9.425157 20.892628 4.128016 -0.504366 -0.326269 10.437346 0.448680 -4.500997 0.000756 0.002626 -0.000924 -3.299908 4.784066 -12.767306 13.949860 -9.328716 15.667916 6.041848 -0.405088 0.229140 1.544438 -1.916058 -0.370869 -0.004289 0.002694 -0.000569 2.362310 -4.435659 -1.204553 4.485355 -7.325745 20.102763 -1.586296 1.400554 -13.978522 3.643407 -3.047369 -6.754161 0.000789 -0.000799 1.000081 4.504894 -8.884391 -18.182379 3.183303 -4.154388 59.147752 1.628590 -4.467977 -10.355835 -2.203569 1.065799 -3.804014 -0.001689 0.000360 1.000313
-5.348653 101.496826 -1.037713 -174.513968 -62.754994 178.763024 -6.953255 -2.858437 10.792711 1.261610 5.718124 -7.540772 -3.349525 -0.443958 7.269597 6.977124 -1.817071 -0.865379 -2.095662 2.553374 -13.147330 5.458589 23.443653 1.622577 0.000464 -0.000184 -0.000670 -1.277792 -0.087876 -3.062062 -0.843793 -5.695481 3.743520 -1.122399 -3.935634 3.766907 4.261552 -9.067839 14.631010 -62.288567 -29.447568 -29.323394 176.021567 -57.546230 -166.388171 40.625606 -11.051626 -15.735092 0.524674 -1.942439 11.866141 -7.293513 -11.342426 0.815432 -2.335313 -7.336629 -15.421140 -0.000678 -0.000183 0.000204 3.533632 -2.897023 1.526418 -5.626621 -0.004603 7.053782 -5.500143 1.187430 -1.123521 3.161111 -3.742840 3.490842 -0.000664 0.000394 -0.000579 3.469236 -2.514509 1.332148 -8.893445 7.538379 5.556896 -5.868099 1.205479 -0.467816 6.712986 -1.564374 5.340163 0.000747 -0.000507 0.000580 6.546367 -0.793471 -14.677086 -13.275425 11.592598 20.123963 -8.120389 1.219280 0.532273 -10.334092 1.062638 -1.332354 0.000668 -0.000190 -0.000405 8.356045 1.025679 -12.086827 -17.751220 11.769771 15.578945 -8.371054 2.033766 0.644177 -0.850251 2.517848 0.234197 -0.000619 0.000348 0.000191 -11.049606 14.310663 9.455055 61.571381 57.151225 -23.478084 -169.550533 53.770626 -158.820377 -30.836576 7.584215 -3.560535 10.578615 1.499572 13.625217 7.564736 14.060946 -1.820149 1.005143 6.497936 -4.496114 -0.000109 0.000428 -0.000289 7.407175 5.743732 1.833345 3.063995 -2.870629 8.921158 -3.245977 -0.690154 -0.674968 -5.306438 1.523232 -7.298110 0.000133 -0.000212 0.000120 5.631613 6.518953 0.674412 4.311172 -7.538153 5.635702 1.441565 -1.134270 -0.663029 -7.832057 1.605570 4.396792 0.000691 0.000664 -0.000335 1.253968 5.895506 -15.877219 7.390979 -9.482386 20.922773 4.043649 -0.452229 -0.331017 10.232663 0.444679 -4.335911 0.000717 0.002746 -0.000913 -3.337783 4.628464 -12.741962 13.958325 -9.329431 15.616871 5.882991 -0.340565 0.218969 1.410743 -1.844085 -0.134713 -0.004373 0.002817 -0.000538 2.532341 -4.112685 -1.299446 4.483189 -7.394961 20.150117 -1.612706 1.683909 -14.178249 3.613046 -3.033204 -6.852671 0.000809 -0.000774 1.000055 4.477818 -8.748479 -18.900185 3.167780 -4.226349 59.836808 1.565161 -4.364717 -10.629872 -2.307451 1.111079 -3.639648 -0.001662 0.000379 1.000181
-6.041408 101.436409 -0.894856 -174.179879 -63.430689 178.834718 -6.949951 -2.954372 10.939043 1.220931 5.620887 -7.563912 -3.253831 -0.608156 7.142932 6.899296 -1.800322 -0.803669 -2.027529 2.567507 -13.032926 5.147481 23.166424 1.343596 0.000451 -0.000160 -0.000647 -1.270363 -0.066193 -3.085993 -0.829139 -5.665445 3.734386 -1.107937 -3.905398 3.758040 4.396732 -9.432908 14.529056 -62.355321 -30.221512 -29.271249 175.554916 -58.325450 -165.926597 40.427624 -10.481783 -16.074927 0.723875 -2.218933 11.711695 -7.376021 -11.360324 1.024141 -2.296123 -7.663113 -15.805423 -0.000641 -0.000155 0.000209 3.400583 -2.627308 1.671086 -5.034528 -0.068530 7.037033 -5.367356 1.351475 -1.114545 3.341020 -3.742424 3.406824 -0.000618 0.000388 -0.000559 3.308417 -2.205545 1.375922 -8.414517 7.586882 5.646416 -5.652632 1.290646 -0.464286 6.781277 -1.575460 5.422891 0.000709 -0.000478 0.000577 6.350448 -0.530501 -14.610813 -12.881773 11.747765 20.097209 -7.983303 1.252985 0.557908 -10.045773 1.091959 -1.118947 0.000667 -0.000170 -0.000376 8.208631 1.328535 -11.949171 -17.459935 11.802805 15.558219 -8.173580 2.062371 0.634010 -0.580259 2.505961 0.414079 -0.000589 0.000338 0.000190 -11.355912 14.237803 9.501284 62.431446 57.803851 -22.388477 -170.462395 53.470310 -159.762706 -30.827867 7.793938 -3.750163 10.422585 1.867887 13.330018 7.735364 14.163528 -1.541433 0.965669 6.673726 -4.651315 -0.000101 0.000416 -0.000289 7.566489 5.548159 1.899560 2.967049 -2.837281 8.934441 -3.193339 -0.653158 -0.696890 -5.355019 1.472181 -7.810894 0.000141 -0.000197 0.000099 5.742578 6.395794 0.739892 4.282675 -7.485258 5.664406 1.572226 -1.088097 -0.713439 -7.728939 1.669258 4.496566 0.000666 0.000667 -0.000303 1.345097 5.755529 -15.896531 7.440479 -9.546631 20.875840 4.129034 -0.395614 -0.368334 10.121416 0.448478 -4.173415 0.000708 0.002817 -0.000921 -3.356518 4.472557 -12.673536 14.069759 -9.334964 15.498354 5.879508 -0.229356 0.163156 1.380413 -1.750746 0.071649 -0.004419 0.002901 -0.000512 2.764030 -3.841119 -1.294262 4.570061 -7.472444 19.672965 -1.753739 2.007681 -14.192301 3.597966 -2.999252 -6.934442 0.000861 -0.000738 1.000035 4.580972 -8.363505 -19.566259 3.105214 -4.167052 60.074006 1.470270 -4.570056 -11.136851 -2.416581 1.140124 -3.461926 -0.001661 0.000383 1.000098
-6.764442 101.418114 -0.742202 -174.482428 -64.218485 179.332591 -6.947465 -3.080443 11.088789 1.109296 5.486863 -7.508139 -3.145825 -0.900432 6.954772 6.881124 -1.960649 -0.766505 -1.869690 2.647366 -12.932772 4.764099 22.979617 0.999550 0.000432 -0.000112 -0.000620 -1.295480 -0.065759 -3.050443 -0.806886 -5.662320 3.616584 -1.089134 -3.902421 3.640777 4.945838 -10.326474 14.116517 -62.013274 -31.616752 -29.462730 174.273264 -59.196577 -164.453861 39.807180 -9.323810 -16.456001 1.018316 -2.363484 11.630452 -7.502933 -11.444678 1.137664 -2.283466 -7.730716 -15.982634 -0.000585 -0.000143 0.000219 3.281757 -2.419410 1.780461 -4.844896 -0.106447 6.945067 -5.303576 1.484728 -1.097547 3.413208 -3.783113 3.480685 -0.000591 0.000403 -0.000526 3.112998 -2.035068 1.392354 -8.248343 7.659470 5.661287 -5.465547 1.346452 -0.469456 6.802418 -1.609712 5.523781 0.000677 -0.000434 0.000552 6.113936 -0.398768 -14.597442 -12.683279 11.830727 20.005338 -7.861313 1.250950 0.558821 -9.875801 1.077372 -1.031514 0.000636 -0.000158 -0.000351 7.977734 1.414565 -11.836485 -17.282768 11.784391 15.491371 -8.063015 2.027620 0.597516 -0.390673 2.508743 0.406593 -0.000559 0.000329 0.000192 -11.771502 14.264987 9.657080 63.633599 58.368283 -21.198804 -171.551680 53.276354 -160.905489 -30.482572 7.760160 -3.874050 10.301571 1.958975 13.115710 7.893571 14.024127 -1.383894 0.999680 6.463591 -4.674158 -0.000089 0.000376 -0.000302 7.697193 5.201911 1.957473 3.174115 -2.853216 8.918666 -2.937745 -0.609157 -0.669045 -5.276200 1.512891 -8.017892 0.000138 -0.000178 0.000080 5.890753 6.131156 0.901727 4.527364 -7.498732 5.673934 1.935871 -1.055412 -0.770987 -7.530146 1.754173 4.550157 0.000652 0.000673 -0.000259 1.426501 5.487250 -15.804517 7.827393 -9.682435 20.799627 4.435705 -0.395696 -0.403418 10.211326 0.472952 -4.099019 0.000718 0.003037 -0.000920 -3.283513 4.215470 -12.455079 14.471975 -9.332261 15.380047 6.212301 -0.147396 0.080157 1.527125 -1.705016 0.063206 -0.004537 0.003101 -0.000498 2.844708 -3.502753 -0.987655 4.451018 -7.381039 18.815773 -1.856434 2.192668 -13.705436 3.518969 -2.950393 -6.892141 0.000927 -0.000702 1.000028 4.704366 -7.639415 -20.058447 3.007909 -3.951163 59.654979 1.278919 -4.744466 -11.706607 -2.473260 1.175881 -3.327105 -0.001661 0.000366 0.999914
-7.518598 101.440224 -0.579468 -174.497042 -65.414494 179.448076 -6.953629 -3.049663 11.419562 1.006466 5.306825 -7.489157 -2.873352 -1.263570 6.807793 6.919074 -2.198804 -0.705157 -1.513959 2.796118 -12.813046 4.242299 22.927424 0.900771 0.000394 -0.000078 -0.000635 -1.275491 -0.061486 -3.035503 -0.797782 -5.752032 3.415820 -1.086012 -3.992205 3.441098 5.791031 -11.587096 13.194129 -61.171851 -34.270875 -30.219428 172.326649 -59.719229 -161.972878 39.452293 -8.405157 -17.668391 1.321269 -2.669898 11.562533 -7.684265 -11.693745 1.276560 -2.251131 -7.956710 -16.154542 -0.000508 -0.000093 0.000192 3.153143 -2.500752 1.859170 -4.253427 -0.326795 6.755001 -5.047686 1.672578 -1.174847 3.683366 -3.856027 3.590466 -0.000513 0.000402 -0.000434 2.911629 -2.189472 1.245679 -7.675992 7.570098 5.689683 -5.025914 1.405829 -0.482843 7.066431 -1.686379 5.694155 0.000648 -0.000393 0.000539 5.797840 -0.605687 -14.754173 -12.084409 11.578512 19.968601 -7.336639 1.233077 0.597976 -9.424990 1.050037 -0.842263 0.000598 -0.000163 -0.000327 7.758061 1.094714 -12.027807 -16.649249 11.609263 15.552126 -7.495896 2.026804 0.603419 0.106650 2.488025 0.571968 -0.000484 0.000320 0.000176 -12.122207 14.182148 9.800457 65.082534 59.222767 -20.724956 -172.234718 52.545068 -161.149824 -30.254202 7.535545 -4.257435 10.153604 2.036846 12.909758 8.194502 13.939725 -1.144328 1.001554 6.339046 -4.738604 -0.000137 0.000356 -0.000286 7.974767 4.866016 2.018642 3.056627 -2.922104 8.912820 -2.961361 -0.737832 -0.621881 -5.360987 1.506305 -8.215533 0.000126 -0.000135 0.000093 6.072472 5.914844 1.001529 4.523496 -7.555858 5.721155 1.997827 -1.212858 -0.823474 -7.584957 1.820130 4.779400 0.000669 0.000648 -0.000196 1.502349 5.293771 -15.782638 7.968595 -9.846904 20.788139 4.396562 -0.553582 -0.404541 9.954926 0.455875 -3.869025 0.000787 0.003203 -0.000955 -3.280439 4.115109 -12.259103 14.699491 -9.370351 15.321336 6.213161 -0.288368 0.004086 1.276669 -1.686635 0.337298 -0.004540 0.003208 -0.000493 3.082058 -3.164031 -0.620367 4.312466 -7.286207 17.924798 -2.288178 2.092117 -13.388638 3.495437 -2.958422 -7.044184 0.001032 -0.000641 1.000058 5.192011 -7.022678 -20.289097 2.868616 -3.647652 58.164599 0.742964 -5.561529 -12.263636 -2.643258 1.177370 -3.322012 -0.001631 0.000355 0.999841
-8.304734 101.685036 -0.406378 -173.767320 -67.207134 178.307320 -7.082913 -2.677079 11.908434 0.986636 4.951201 -7.219181 -2.325964 -1.749559 6.435539 7.008159 -2.396346 -0.392137 -1.086302 2.839774 -12.096193 3.528985 21.910476 0.836951 0.000312 -0.000052 -0.000640 -1.186786 -0.045992 -3.009931 -0.768074 -5.678004 3.417283 -1.055880 -3.919737 3.438733 7.431473 -13.183203 12.101735 -59.022091 -38.935820 -30.770521 170.977620 -59.718231 -160.691734 39.371553 -6.412833 -18.958528 2.322753 -3.076044 11.593875 -8.038722 -11.852454 1.612581 -2.388373 -8.574283 -16.603885 -0.000487 -0.000077 0.000111 3.419608 -2.207439 2.218190 -2.106587 -0.838508 6.729668 -3.950510 2.329900 -1.326407 4.216873 -4.111709 4.263839 -0.000469 0.000449 -0.000397 3.159015 -1.982513 1.314890 -5.857983 7.484204 6.051899 -3.732545 1.754810 -0.508819 7.531581 -1.892765 6.581823 0.000764 -0.000450 0.000521 5.895609 -0.515441 -14.757071 -10.492198 11.338808 20.236611 -6.019343 1.440789 0.649562 -8.539804 1.072687 -0.073928 0.000520 -0.000297 -0.000319 7.962047 0.917075 -11.972389 -15.241100 11.709732 15.697481 -6.266990 2.254306 0.640964 1.084538 2.487664 1.237767 -0.000500 0.000338 0.000179 -12.188426 14.559564 9.424277 64.804608 59.947938 -22.040826 -173.168726 50.683088 -161.661180 -31.070078 7.511101 -7.444526 9.128446 2.493191 12.159345 8.706379 13.539260 -0.929266 1.221730 6.317306 -4.944235 -0.000276 0.000331 -0.000268 7.701812 4.019948 1.770097 2.759928 -2.694339 8.921407 -2.692730 -0.472977 -0.754696 -4.917587 1.610214 -9.257853 -0.000032 -0.000026 0.000194 6.189201 5.232967 1.193036 4.349009 -7.668778 5.540520 2.488673 -0.828886 -1.146023 -6.979534 2.148673 4.769504 0.000589 0.000646 -0.000212 1.823287 4.642005 -15.739117 8.149451 -9.902895 20.511094 4.632842 -0.262598 -0.641459 10.146129 0.612841 -3.798833 0.000892 0.003317 -0.001041 -2.681173 3.888345 -12.037119 14.836340 -9.368330 14.969578 6.280960 0.049237 -0.184641 1.556916 -1.451156 0.443143 -0.004497 0.003337 -0.000580 3.503661 -3.031064 -0.193024 4.211452 -7.049617 17.647460 -2.381928 1.789332 -12.834991 3.483952 -3.112225 -6.163621 0.001170 -0.000642 1.000211 5.816661 -5.912358 -19.983974 2.878520 -3.046093 53.103762 0.309987 -5.036125 -13.524376 -2.889654 1.113546 -3.025603 -0.001658 0.000280 0.999813
-9.123734 101.855553 -0.222664 -174.414929 -69.231497 178.446358 -7.234943 -2.623652 12.205162 0.901273 4.843503 -7.046034 -2.147857 -2.042947 6.373799 7.157353 -2.689776 0.029323 -0.780776 2.884955 -12.069739 2.777327 21.557468 0.078270 0.000263 0.000016 -0.000651 -1.203769 -0.054594 -3.104255 -0.762765 -5.736583 3.381461 -1.051374 -3.979305 3.400693 9.276525 -15.018199 10.694734 -56.973494 -43.118900 -32.034885 168.344831 -59.424565 -157.491203 38.435347 -3.940255 -21.608478 3.039421 -2.503378 11.832094 -8.296726 -11.984860 1.385389 -2.659746 -8.072970 -16.179200 -0.000409 -0.000044 0.000092 3.565278 -2.051153 2.347151 -2.763742 -0.835022 6.804103 -3.794936 2.656516 -1.431779 4.200364 -4.293544 4.952116 -0.000394 0.000460 -0.000364 3.136883 -1.999304 1.421641 -6.470902 7.609069 6.059149 -3.517452 1.950922 -0.509843 7.684101 -1.984809 6.927820 0.000756 -0.000389 0.000462 5.687388 -0.707669 -14.568157 -10.736477 11.351026 20.295761 -5.836964 1.653048 0.596914 -8.538182 1.020024 -0.152504 0.000423 -0.000313 -0.000265 7.732256 0.463681 -11.926470 -15.490764 11.836633 15.759853 -6.355077 2.402450 0.666438 1.266662 2.586052 1.125631 -0.000468 0.000317 0.000204 -12.704354 14.982028 8.921021 65.113237 61.483452 -22.831490 -174.095983 48.945500 -162.376344 -32.146807 6.821874 -10.932464 8.386174 1.954087 12.059688 8.487258 12.949361 -1.458849 1.381962 5.323911 -4.736980 -0.000311 0.000328 -0.000279 6.908237 3.646447 1.567621 3.856087 -2.748490 8.988987 -2.078485 -0.370243 -0.744010 -4.504563 1.968474 -8.751757 -0.000133 0.000012 0.000183 5.840723 4.909024 1.392415 5.528544 -7.728056 5.353379 3.246611 -0.709619 -1.304395 -6.666058 2.384812 4.605274 0.000445 0.000620 -0.000159 1.679412 4.418207 -15.714095 9.257461 -9.920829 20.330883 5.433185 -0.414418 -0.705566 10.698267 0.754238 -4.082880 0.001010 0.003340 -0.001103 -2.417479 4.042070 -12.008292 15.772774 -9.303317 14.800700 7.177167 -0.081584 -0.256948 2.051602 -1.431875 -0.062722 -0.004382 0.003302 -0.000544 3.612790 -2.634251 0.526815 3.672107 -6.726319 16.628297 -2.396153 0.751687 -11.911225 3.412357 -3.267376 -5.409110 0.001189 -0.000597 1.000255 6.178314 -5.546056 -19.026429 2.943681 -2.577674 46.682157 0.036409 -4.183947 -13.792616 -3.164111 1.146583 -2.904404 -0.001598 0.000191 0.999915
-9.976494 101.903954 -0.028068 -174.796093 -70.622850 179.445757 -7.045179 -2.799251 12.695473 0.705921 4.794610 -7.040059 -1.911490 -2.224254 6.166631 6.947900 -2.677218 0.032822 -0.642419 2.555577 -12.444774 2.443658 21.503777 0.126795 0.000230 0.000021 -0.000626 -1.177418 -0.090660 -3.096512 -0.736871 -5.680799 3.379577 -1.025621 -3.924441 3.401516 10.122446 -16.413444 9.441158 -54.814991 -45.653405 -33.167030 166.615052 -59.392430 -155.565154 38.261329 -3.310084 -23.141982 3.715933 -3.192667 11.457751 -8.622144 -12.505378 1.816273 -2.737912 -8.522168 -16.569026 -0.000425 -0.000081 0.000019 3.359393 -2.410028 2.402806 -1.620904 -1.298866 6.499515 -3.252601 3.105350 -1.556570 4.372760 -4.425468 5.343899 -0.000411 0.000511 -0.000381 2.926275 -2.455134 1.237853 -5.363242 7.411492 6.107222 -2.736150 2.325801 -0.588362 7.861681 -2.096607 7.388796 0.000825 -0.000424 0.000462 5.344764 -1.156380 -14.924967 -9.568328 10.867128 20.355389 -4.988756 1.872102 0.593641 -8.076646 1.049829 0.172564 0.000384 -0.000379 -0.000301 7.607338 -0.164354 -12.295609 -14.376326 11.671530 15.854921 -5.637932 2.629671 0.691810 1.875546 2.586898 1.409526 -0.000518 0.000328 0.000202 -13.256558 15.267009 8.432334 65.801443 62.244567 -22.638488 -174.634708 47.723478 -162.526625 -31.933128 6.190670 -12.387919 7.838532 2.144398 11.638085 8.828398 12.783775 -1.284172 1.441997 5.004743 -4.786363 -0.000354 0.000235 -0.000302 7.069639 3.195851 1.535478 3.682071 -2.601140 9.044894 -2.006850 -0.451793 -0.714704 -4.242617 1.975850 -9.149068 -0.000201 0.000029 0.000209 6.082090 4.467733 1.467227 5.419190 -7.720806 5.463913 3.475972 -0.678773 -1.350563 -6.331859 2.446313 4.634065 0.000413 0.000647 -0.000191 1.982532 4.074418 -15.658318 9.276216 -9.964482 20.495817 5.633730 -0.465231 -0.729531 10.862532 0.779585 -4.036821 0.001016 0.003642 -0.001094 -2.038823 3.861699 -11.732422 15.885494 -9.324187 14.877936 7.337704 -0.044499 -0.322204 2.202424 -1.361255 -0.040994 -0.004496 0.003503 -0.000582 3.499616 -2.445789 0.823278 3.694331 -6.521977 14.907012 -2.696888 0.382091 -10.632307 3.360823 -3.328116 -5.724433 0.001152 -0.000639 1.000346 6.431622 -4.788470 -18.834700 2.897588 -2.208999 43.051275 -0.546594 -3.739387 -13.410540 -3.367908 1.160162 -3.289950 -0.001596 0.000158 0.999748
-10.863930 102.035072 0.177656 -174.285890 -72.558693 179.003127 -7.102821 -2.908859 12.679025 0.568021 4.721033 -7.106307 -1.707694 -2.497658 6.383541 6.828325 -2.544533 0.146947 -0.259677 2.236450 -12.524100 2.401429 21.417249 0.359932 0.000196 0.000128 -0.000610 -1.160660 -0.101196 -3.118357 -0.728229 -5.623830 3.449298 -1.014737 -3.868309 3.469276 11.317272 -17.612699 8.315984 -54.123570 -49.366336 -33.004095 165.522700 -59.292190 -154.351320 36.881456 -3.387099 -22.347787 3.479599 -3.364927 11.568129 -9.094889 -12.676041 2.061134 -2.991233 -8.818937 -16.593810 -0.000351 -0.000114 0.000045 2.713435 -2.502090 2.514301 -1.102599 -1.365641 6.407982 -2.774826 3.644813 -1.690101 4.626048 -4.530046 5.635438 -0.000415 0.000447 -0.000364 2.337279 -2.600729 1.194872 -4.888253 7.511289 6.237906 -2.183434 2.682691 -0.560314 8.182821 -2.154800 7.720460 0.000774 -0.000333 0.000340 4.675889 -1.265768 -14.921364 -8.991278 10.824438 20.505815 -4.309633 2.085745 0.647837 -7.499748 1.055268 0.424612 0.000233 -0.000365 -0.000235 7.203795 -0.304275 -12.284459 -13.986247 11.834825 15.986567 -4.921688 2.937178 0.774728 2.580416 2.584483 1.726110 -0.000491 0.000307 0.000270 -13.160793 15.470217 8.464978 67.979395 62.439963 -20.945869 -174.736785 47.327371 -162.296695 -31.859350 6.058364 -13.054692 7.389930 2.317625 11.442554 8.940877 12.855255 -1.285456 1.454377 5.069946 -4.789908 -0.000369 0.000218 -0.000335 6.846537 3.359922 1.282840 3.665834 -2.277593 9.021897 -2.134176 -0.460273 -0.813082 -4.451115 1.943354 -9.410596 -0.000238 0.000044 0.000180 5.960440 4.689731 1.201334 5.324991 -7.570819 5.465744 3.493218 -0.595300 -1.470770 -6.456298 2.533709 4.524084 0.000366 0.000606 -0.000123 2.051188 4.234926 -15.877571 9.068007 -9.706313 20.397382 5.639558 -0.429659 -0.782583 10.743312 0.853938 -4.093367 0.001138 0.003720 -0.001134 -2.043560 4.009720 -11.941880 15.865468 -9.120130 14.688675 7.127485 -0.075646 -0.334765 2.053886 -1.258651 0.009596 -0.004441 0.003454 -0.000562 3.650793 -2.028455 1.715031 3.804159 -6.326945 13.135369 -3.120563 0.358091 -9.379856 3.322578 -3.401241 -5.949524 0.001171 -0.000589 1.000310 6.686507 -4.189329 -18.147187 2.904051 -1.603037 38.986109 -1.184678 -3.010885 -12.769696 -3.698150 1.137810 -3.769050 -0.001594 0.000019 0.999778
-11.786964 102.184692 0.394741 -171.586194 -74.576052 175.980664 -7.019607 -3.006058 12.438043 0.475306 4.616369 -7.328342 -1.321141 -2.880283 6.310368 6.791810 -2.507654 0.407929 0.080754 2.102560 -12.270335 2.575322 21.278222 1.196760 0.000042 0.000136 -0.000625 -1.102173 -0.091921 -3.146317 -0.752387 -5.687317 3.556973 -1.035603 -3.931878 3.575112 11.461756 -18.142117 8.151053 -54.369746 -52.464332 -31.512196 167.765118 -58.478196 -157.614627 35.630886 -4.644083 -20.821565 2.954065 -4.090633 11.588241 -9.360089 -12.739859 2.401115 -3.122566 -9.456068 -16.887655 -0.000403 -0.000311 -0.000092 2.181832 -2.639309 2.655378 -0.215926 -1.603910 6.158584 -2.474313 4.104260 -1.763137 4.899465 -4.568682 5.657831 -0.000565 0.000478 -0.000380 1.846623 -2.655546 1.197418 -4.117244 7.408839 6.343462 -1.831233 2.893688 -0.602619 8.397053 -2.227805 7.975847 0.000804 -0.000423 0.000197 4.089477 -1.269369 -14.852742 -8.374937 10.684540 20.594161 -3.695041 2.201404 0.738683 -6.946474 1.074235 0.890506 0.000122 -0.000602 -0.000149 6.792581 -0.242261 -12.162853 -13.326243 11.819530 16.046899 -4.166454 3.193827 0.879861 3.131156 2.457466 2.270058 -0.000489 0.000136 0.000301 -12.593717 15.878253 8.832590 69.606894 62.107766 -18.502404 -175.079834 48.282682 -162.521058 -31.536352 5.735914 -11.894494 7.463472 2.845336 11.293141 9.173118 13.229969 -0.963873 1.315106 5.800678 -4.965853 -0.000551 0.000266 -0.000298 7.164116 3.551676 1.243652 3.030700 -1.933869 9.175702 -2.764185 -0.624312 -0.949226 -4.729781 1.691044 -10.191408 -0.000461 0.000194 0.000289 6.124875 4.944014 1.052774 4.575302 -7.435497 5.688973 2.991733 -0.673608 -1.509452 -6.581927 2.467741 4.518904 0.000358 0.000603 -0.000179 2.208210 4.439044 -16.029980 8.396829 -9.698158 20.655779 5.106234 -0.405808 -0.766239 10.367514 0.864707 -3.948499 0.001262 0.003556 -0.001261 -2.151861 3.944302 -12.040557 15.372398 -9.070325 14.831494 6.429299 -0.120195 -0.260656 1.734249 -1.128815 0.414324 -0.004231 0.003214 -0.000622 4.119084 -1.494581 2.415830 3.935045 -6.716533 12.725544 -3.398793 0.440740 -8.915366 3.239678 -3.444674 -6.403111 0.001072 -0.000559 1.000417 7.372369 -3.373968 -17.480027 3.217417 -1.119771 37.168781 -2.241234 -3.172313 -11.994574 -3.962017 1.192268 -4.374657 -0.001735 -0.000157 0.999993
-12.746531 102.262390 0.623401 -168.650631 -76.325513 172.402689 -7.226083 -3.237425 12.065921 0.534079 4.471449 -7.482463 -1.258925 -3.232923 6.401868 7.113059 -2.408642 -0.055114 0.456335 1.648412 -12.075884 3.280007 21.756909 2.259408 -0.000063 0.000000 -0.000604 -1.208850 -0.151567 -3.149274 -0.807487 -5.826127 3.921716 -1.079163 -4.067287 3.931913 11.464036 -18.521558 8.215243 -55.454993 -54.240610 -28.776862 171.740227 -56.517668 -163.412450 31.087730 -7.403305 -17.836082 1.885389 -4.865998 11.154323 -9.695821 -12.668670 2.563452 -3.180535 -9.899030 -16.993343 -0.000562 -0.000645 -0.000148 1.779495 -3.106877 2.065945 -1.091941 -1.741886 6.075161 -3.159449 3.709597 -2.029432 4.747776 -4.340196 4.721123 -0.000806 0.000322 -0.000411 1.352370 -2.790117 0.767221 -4.577230 7.173492 6.179155 -2.608260 2.265540 -0.656778 8.005974 -2.144345 7.360930 0.000798 -0.000578 0.000050 3.474161 -1.208402 -14.944113 -9.012468 10.640612 20.633117 -4.138098 1.485526 0.602284 -7.189964 1.005014 0.891072 0.000077 -0.000765 -0.000128 6.103317 0.182701 -12.070406 -13.769847 11.626256 15.652517 -4.159419 2.667575 0.872887 2.758289 2.303154 2.181312 -0.000579 -0.000008 0.000400 -11.308639 15.227926 9.676900 70.623209 60.696914 -15.311750 -175.035119 51.816194 -163.078240 -29.319652 5.876668 -8.729357 7.791968 3.371306 11.393841 9.413650 13.615469 -0.768924 1.067333 6.832525 -5.097087 -0.000671 0.000304 -0.000266 7.479420 3.957007 1.390359 3.067739 -1.829584 9.256924 -2.877099 -0.435200 -1.219459 -5.024503 1.307697 -11.350267 -0.000516 0.000298 0.000377 6.211000 5.165682 0.805754 4.701058 -7.269978 5.754164 2.695513 -0.305916 -1.438609 -6.556465 2.315505 4.192498 0.000548 0.000621 -0.000290 2.379246 4.589404 -15.912438 8.214827 -9.980771 20.897611 5.083976 0.302402 -0.833184 10.259127 1.006764 -4.138350 0.001235 0.003378 -0.001295 -2.299987 3.335583 -12.166058 15.346881 -9.021203 14.920471 6.121211 0.609094 -0.218178 2.083462 -0.946489 0.312621 -0.004225 0.003018 -0.000678 4.630396 -0.557243 2.914134 3.915558 -6.673112 13.401229 -3.886793 1.417730 -8.254931 3.681226 -3.494660 -7.343491 0.001022 -0.000554 1.000324 8.226444 -3.608626 -18.016126 3.118893 -1.505380 38.100815 -2.700748 -2.733182 -12.077210 -4.059658 1.228662 -4.268931 -0.002051 -0.000312 1.000133
-13.743570 102.483223 0.863836 -161.252069 -78.802568 163.567174 -7.150580 -3.761772 11.794313 0.256082 4.414924 -7.822670 -1.051220 -3.748790 5.884620 7.150144 -2.462678 0.764022 0.775930 0.973025 -10.982595 3.013163 21.673485 1.815870 -0.000109 -0.000045 -0.000481 -1.253760 -0.182408 -3.487479 -0.860996 -6.139381 3.915585 -1.133197 -4.383603 3.930217 10.998849 -18.457710 9.033093 -57.881415 -55.574769 -23.721444 176.269682 -55.956197 -170.245069 32.061717 -9.639029 -16.833186 1.933404 -5.259374 10.926544 -9.338774 -12.355095 2.565910 -3.123962 -10.036407 -17.125334 -0.000536 -0.000619 -0.000123 2.248084 -3.086794 2.285961 -2.240241 -1.914176 6.174061 -4.584417 3.372937 -1.893887 4.476066 -4.120881 3.701137 -0.000725 0.000210 -0.000354 1.764774 -2.652346 0.828298 -5.226566 6.861841 6.129489 -4.324819 1.948774 -0.482370 7.230462 -1.918544 6.619753 0.000665 -0.000541 0.000027 4.040834 -1.328205 -14.891723 -9.853900 11.098536 20.596913 -5.838110 1.374868 0.631247 -8.005612 1.157511 0.823879 0.000111 -0.000667 -0.000079 6.729233 0.253472 -11.938697 -14.397162 11.689048 15.189957 -5.649615 2.581815 1.027907 1.718127 2.348914 2.073444 -0.000537 -0.000061 0.000439 -9.581856 14.515963 11.127849 72.645901 58.431712 -11.299831 -176.470253 56.065009 -164.713801 -29.963801 4.143530 -8.035792 6.976978 3.327380 10.738145 9.374770 13.629322 -0.739283 0.842828 7.220267 -5.270753 -0.000538 0.000195 -0.000321 7.470707 2.861130 1.567108 3.327147 -1.786333 9.247082 -2.538195 -0.299233 -1.309790 -4.767638 1.364964 -12.159285 -0.000531 0.000338 0.000277 6.402068 4.145185 0.967436 4.947270 -7.334483 5.764356 3.021296 -0.140527 -1.371635 -5.923158 2.302799 4.180962 0.000502 0.000751 -0.000264 2.492931 3.732863 -15.765724 8.604098 -10.589282 21.151629 5.743925 0.658109 -0.937013 10.454311 1.099521 -4.068833 0.001004 0.003925 -0.001208 -2.058470 2.302786 -11.917224 15.714569 -9.155668 14.929886 6.665819 0.899814 -0.328220 2.516556 -0.754136 0.364257 -0.004644 0.003527 -0.000565 5.497890 -0.146189 4.302873 3.949920 -7.049529 13.354900 -4.685510 1.553999 -8.393349 4.142406 -3.638620 -7.927217 0.001067 -0.000475 1.000170 8.304069 -3.126881 -19.661739 3.356659 -1.728498 41.977417 -2.913710 -3.325841 -12.183487 -4.282359 1.374078 -4.511679 -0.002068 -0.000313 0.999551
-14.777083 102.203789 1.115987 -156.163246 -81.140707 158.296975 -7.074614 -3.920703 11.659141 0.178823 4.424315 -7.586160 -1.058829 -4.078313 5.642141 6.685368 -2.174330 0.800992 0.739026 0.570788 -10.602348 3.040244 20.706375 2.043843 -0.000203 -0.000129 -0.000501 -1.167836 -0.118265 -3.529240 -0.814275 -5.963711 3.853114 -1.088482 -4.208277 3.866999 10.085255 -18.152785 9.676008 -59.546610 -54.922308 -21.670726 177.226907 -56.368645 -171.431887 31.627119 -10.205655 -15.496510 1.510051 -4.990234 11.147093 -9.088585 -12.213698 2.386349 -3.092275 -10.106924 -17.014052 -0.000564 -0.000592 -0.000174 2.432027 -2.796462 2.192220 -2.740119 -1.917932 6.218980 -4.814875 2.967673 -2.020751 4.407900 -4.107720 3.239230 -0.000666 0.000226 -0.000307 1.863779 -2.378105 0.885497 -5.704554 6.849183 6.078297 -4.636255 1.537442 -0.598903 7.041564 -1.946205 6.248767 0.000626 -0.000598 0.000029 4.184164 -1.121097 -14.784612 -10.542985 11.408060 20.607685 -6.210276 1.099217 0.542363 -8.272871 1.074502 0.706602 0.000180 -0.000664 -0.000021 6.678939 0.474361 -11.870562 -15.067073 11.908765 15.139809 -5.918535 2.362393 0.978623 1.374571 2.235194 1.985432 -0.000475 -0.000152 0.000476 -8.693971 14.147861 11.802033 72.468252 56.754009 -11.530951 -177.004533 56.840241 -165.485436 -29.426813 3.974283 -7.020875 7.361671 2.991112 10.974503 9.425777 13.778430 -0.690147 0.834419 7.673779 -5.299335 -0.000596 0.000297 -0.000262 7.516483 2.664452 1.619114 3.451640 -1.822890 9.190574 -2.593182 -0.110268 -1.414921 -4.830353 1.331358 -12.482926 -0.000558 0.000431 0.000316 6.454202 4.021320 0.986384 5.016410 -7.461018 5.698440 2.933176 0.038838 -1.452462 -5.857881 2.310305 4.007419 0.000575 0.000755 -0.000264 2.415230 3.569852 -15.667318 8.880166 -10.779651 21.183461 5.741047 0.872143 -1.082789 10.539188 1.161786 -4.202604 0.000938 0.003687 -0.001238 -2.119538 2.006135 -11.854216 15.922594 -9.256231 14.897199 6.562153 1.109906 -0.365089 2.664085 -0.663872 0.244615 -0.004482 0.003333 -0.000563 5.475754 -0.423882 4.555434 3.730270 -7.335944 13.771702 -5.008650 1.724395 -9.426494 4.269157 -3.479551 -8.451015 0.001104 -0.000409 1.000132 8.522416 -3.015729 -21.460810 3.333956 -2.009500 45.223648 -2.963722 -4.132486 -12.183173 -4.272829 1.307827 -4.119736 -0.002075 -0.000306 0.999725
-15.844128 101.633095 1.379544 -150.470104 -83.890888 153.236240 -6.973966 -3.981884 11.678436 -0.274645 4.364890 -7.344563 -0.732857 -4.385186 5.859586 6.691746 -2.145565 -0.206824 1.146805 0.701264 -11.737309 3.025580 20.078493 2.312215 -0.000212 0.000063 -0.000543 -1.048196 -0.111227 -3.470863 -0.768864 -5.939932 3.478503 -1.054391 -4.184971 3.491382 9.341142 -17.888350 9.898774 -61.171708 -52.768231 -21.527935 175.354108 -57.560936 -168.129719 30.939680 -9.924496 -17.310862 2.230434 -5.794343 10.428217 -9.038881 -12.270013 2.991308 -2.832486 -11.323301 -18.363597 -0.000453 -0.000639 -0.000146 2.245167 -1.934939 2.035930 -0.452081 -2.175688 6.122786 -4.529511 2.977673 -2.170309 4.845349 -4.091749 2.661536 -0.000767 0.000305 -0.000328 1.469918 -1.532885 0.997764 -4.007332 6.977003 6.231453 -3.864828 1.297010 -0.912469 7.114690 -2.067569 6.337166 0.000692 -0.000505 -0.000060 3.791542 -0.087793 -14.754455 -9.760720 11.501882 20.318112 -5.620419 0.818524 0.466234 -7.461115 0.964666 1.257678 0.000022 -0.000664 0.000001 6.050743 1.500088 -11.567879 -14.472629 11.816430 15.031052 -5.172173 2.035532 0.765333 2.038334 2.039148 2.395201 -0.000535 -0.000179 0.000448 -7.850837 13.098231 11.640112 71.623334 55.032471 -14.411818 -176.627911 54.408675 -164.394273 -27.773553 5.772089 -6.212705 7.597218 4.070095 10.359310 10.529568 14.359817 0.718914 0.777798 8.462901 -5.834760 -0.000609 0.000371 -0.000275 8.595270 2.648686 1.592911 2.550049 -1.670744 9.107833 -2.945724 -0.388898 -1.260958 -4.812098 0.880047 -14.158598 -0.000693 0.000389 0.000343 7.173342 3.905993 0.763498 4.052629 -7.307370 5.823959 2.658639 -0.079241 -1.373314 -5.758125 2.280908 4.496635 0.000524 0.000643 -0.000282 3.005251 3.298965 -15.749824 8.279730 -10.626934 21.314653 5.116695 0.902238 -1.091660 9.926795 0.953789 -3.567987 0.001122 0.003360 -0.001289 -1.965056 1.481145 -11.530440 15.450828 -9.062736 14.678899 5.719363 1.112438 -0.419716 2.071990 -0.571878 1.400323 -0.004244 0.003042 -0.000646 5.676300 -0.166337 4.521936 3.242399 -7.285362 13.729300 -5.344388 -0.030770 -10.722115 4.405597 -3.436672 -9.046563 0.001204 -0.000435 1.000243 8.547209 -3.672496 -24.746130 3.563725 -2.392462 51.092255 -3.234342 -4.795485 -12.695626 -4.061644 1.229691 -3.136910 -0.002093 -0.000381 1.000069
-16.941761 100.934891 1.654173 -138.643704 -86.557881 142.178568 -6.635121 -3.900090 11.919145 -0.494509 4.187389 -7.165678 -0.868048 -4.385718 6.304326 6.164508 -1.796750 -0.954192 1.115181 0.594430 -12.622980 2.778652 19.400234 2.302730 -0.000172 0.000163 -0.000584 -0.885828 -0.080030 -3.396492 -0.681365 -5.574570 3.550382 -0.964770 -3.817790 3.562625 7.910866 -17.825512 10.094608 -60.761221 -48.624425 -22.588267 171.486242 -59.721113 -162.413515 30.217961 -8.653263 -19.034452 2.493168 -5.824452 10.236584 -8.804377 -12.274173 2.922826 -2.861644 -11.300531 -18.387151 -0.000353 -0.000662 -0.000157 2.503825 -1.528693 1.597483 0.102912 -2.079563 5.944025 -4.370777 2.624280 -2.136761 4.866959 -4.173622 2.666821 -0.000795 0.000344 -0.000280 1.427016 -1.249907 0.797294 -3.790809 7.307151 6.254539 -3.416711 0.938270 -1.060324 7.252908 -2.176351 6.261632 0.000760 -0.000419 -0.000098 3.691480 0.448637 -15.023138 -9.813279 11.645661 20.011400 -5.244236 0.452006 0.325922 -7.325940 0.786653 1.060269 -0.000087 -0.000661 -0.000058 5.573434 2.011354 -11.806248 -14.786752 11.877638 14.962712 -4.755041 1.582839 0.548668 2.262328 2.007919 2.088199 -0.000580 -0.000130 0.000338 -8.350538 11.934240 11.734078 71.736317 53.696439 -16.961853 -176.045281 51.787832 -163.285173 -26.567735 7.181462 -4.716713 8.460354 3.756902 10.838564 10.674686 14.322213 0.983483 0.929181 8.199205 -5.787010 -0.000653 0.000381 -0.000273 8.838275 2.666688 1.591068 2.592633 -1.911728 8.990017 -2.905349 -0.581083 -0.956605 -4.873591 0.859461 -13.729740 -0.000708 0.000280 0.000392 7.272924 3.912111 0.713452 4.174862 -7.631288 5.796374 2.779859 -0.378370 -1.305395 -5.920415 2.307501 4.615183 0.000523 0.000555 -0.000290 3.076751 3.136035 -15.567160 8.268915 -10.604912 21.199632 5.141141 0.663158 -1.078867 9.912290 0.811434 -3.442990 0.001256 0.003132 -0.001323 -2.054632 1.315817 -11.014347 15.704232 -9.181151 14.385061 5.877786 0.998960 -0.481925 1.935633 -0.699157 1.402021 -0.004131 0.002959 -0.000733 5.571650 -0.729552 3.903910 2.999666 -7.288830 14.623992 -5.724255 -1.214579 -12.482376 4.670005 -3.449684 -9.021757 0.001370 -0.000467 1.000371 8.515324 -3.688177 -27.330071 3.243975 -2.422716 54.119570 -2.998292 -4.980459 -13.462710 -3.939042 0.896022 -2.322988 -0.002113 -0.000399 1.000247
-18.067043 100.523911 1.939519 -73.659436 -88.022346 77.094176 -6.122798 -3.706120 12.475279 -0.893411 4.105292 -6.793002 -1.086289 -4.631787 6.547342 5.778724 -1.247264 -1.729074 1.188683 0.410361 -13.540041 2.309147 19.011656 2.643014 -0.000192 0.000232 -0.000668 -0.738603 -0.002819 -3.304945 -0.541615 -5.256586 3.107428 -0.838738 -3.498951 3.119662 6.675557 -18.643987 10.188144 -60.155634 -45.048322 -23.377751 166.469298 -63.157412 -155.702316 30.323543 -6.306245 -22.740853 2.533217 -5.679966 10.465353 -8.770280 -12.452475 2.730063 -2.955194 -11.326014 -18.332683 -0.000219 -0.000644 -0.000219 2.660140 -1.343932 1.452637 0.486177 -2.316220 5.825438 -3.901209 2.459649 -2.046680 5.033970 -4.308858 2.999227 -0.000725 0.000268 -0.000148 1.375159 -1.196770 0.698037 -3.615364 7.139840 6.318267 -2.670280 0.902861 -1.039091 7.650207 -2.238646 6.415304 0.000678 -0.000308 -0.000184 3.533117 0.480800 -15.107667 -9.653050 11.501529 20.012747 -4.594991 0.341058 0.296597 -7.084576 0.681784 0.835087 -0.000195 -0.000606 -0.000022 5.116082 1.965286 -11.998513 -14.733325 11.836918 15.137414 -4.124061 1.488322 0.518250 2.668406 2.021134 1.910337 -0.000505 -0.000135 0.000282 -8.458127 10.646205 12.062714 73.020162 52.545997 -18.619772 -176.862163 49.642290 -163.658429 -26.778438 7.390342 -4.437612 9.169161 2.896401 11.669517 10.670301 14.239636 1.052807 1.097490 8.153911 -5.743793 -0.000720 0.000471 -0.000208 8.769848 2.489032 1.568119 2.228051 -2.102209 8.932165 -3.448952 -0.864650 -0.662232 -5.173089 0.916718 -12.769444 -0.000692 0.000227 0.000400 7.085375 3.730569 0.606320 3.803161 -7.638133 5.862607 2.269806 -0.874509 -1.256402 -6.472969 2.234593 4.875225 0.000524 0.000412 -0.000215 2.754959 3.022377 -15.448491 7.936734 -10.491314 21.150377 4.662586 0.204261 -1.067352 9.602522 0.677345 -3.292472 0.001450 0.002604 -0.001425 -2.375009 1.340314 -10.795912 15.535285 -9.330581 14.225587 5.669527 0.479453 -0.517007 1.382165 -0.887135 1.534700 -0.003826 0.002673 -0.000713 5.681197 -1.410041 3.576593 2.863757 -7.432246 16.153115 -5.854276 -1.773800 -14.393738 4.847383 -3.620604 -8.907019 0.001497 -0.000381 1.000419 8.057524 -3.259819 -29.433987 2.897229 -2.365626 55.460352 -2.356175 -5.132026 -12.821776 -3.894914 0.764348 -2.216842 -0.002084 -0.000429 1.000636
-19.217024 100.300049 2.235201 -26.799548 -86.957700 29.985326 -5.631772 -3.902651 12.794133 -1.080565 3.973672 -6.525326 -1.239642 -4.533062 6.857224 5.062996 -0.776147 -2.089895 0.183572 -0.218514 -14.402901 2.122250 19.459204 1.922363 -0.000336 0.000155 -0.000698 -0.595450 0.008038 -3.350800 -0.460767 -4.854273 3.547739 -0.744588 -3.094600 3.559390 5.329476 -18.963713 9.896269 -59.879541 -43.084959 -23.992210 162.222017 -65.344482 -150.237579 29.749635 -4.552001 -24.593136 3.513217 -5.494329 9.797941 -8.825801 -13.038200 2.818170 -3.030998 -11.093869 -18.373024 -0.000200 -0.000593 -0.000372 2.933113 -1.507874 1.167003 0.223712 -2.146845 5.793705 -3.452743 2.576473 -2.041994 4.946649 -4.498954 3.807335 -0.000581 0.000158 0.000043 1.516297 -1.451159 0.490207 -3.996421 7.329454 6.322188 -2.248576 1.105811 -1.137041 7.825982 -2.412648 6.936519 0.000656 -0.000370 -0.000201 3.369291 0.112870 -15.402000 -9.418142 11.490047 20.081553 -4.256317 0.443716 0.215229 -6.931067 0.641866 0.864008 -0.000184 -0.000677 0.000050 4.826018 1.409769 -12.441928 -14.580370 11.796730 15.305876 -3.856518 1.660699 0.509117 3.043793 2.165639 1.801458 -0.000312 -0.000246 0.000265 -9.397493 10.552627 12.022786 75.143692 52.981009 -18.562230 -176.744002 48.426478 -162.285938 -26.755817 6.965376 -5.570703 9.048747 2.292734 11.759773 10.449500 14.208156 0.907051 1.188457 7.290721 -5.518469 -0.000881 0.000455 -0.000137 8.542760 2.266137 1.535987 3.041138 -2.480803 9.032554 -2.752615 -0.768366 -0.605588 -4.674130 1.187018 -12.477036 -0.000861 0.000391 0.000450 6.899980 3.557193 0.783791 4.581813 -7.839747 5.816357 3.340282 -0.724005 -1.311595 -5.823959 2.303043 4.781329 0.000422 0.000430 -0.000219 2.468619 2.963829 -15.251045 8.909702 -10.692984 21.148008 5.694325 0.171343 -1.217978 10.349649 0.707424 -3.519378 0.001380 0.002514 -0.001487 -2.493685 1.521382 -10.397586 16.445729 -9.320136 13.979930 6.767291 0.646454 -0.486643 2.154000 -0.951032 0.983444 -0.003798 0.002678 -0.000671 5.609514 -1.486513 3.952375 2.678344 -7.258084 16.683247 -6.283172 -2.211303 -14.817425 4.999875 -3.684185 -9.285677 0.001637 -0.000242 1.000489 8.116933 -3.488793 -30.174311 2.382503 -2.476627 53.108670 -2.022144 -5.139609 -12.847274 -4.003468 0.692680 -2.239911 -0.002101 -0.000443 1.000694
-20.388762 100.128403 2.540817 -15.388228 -85.338912 18.572091 -5.201140 -3.990467 13.123976 -1.248370 3.931416 -6.369528 -1.327752 -4.650040 6.796627 4.544798 -0.332095 -2.326581 -0.478868 -0.908387 -14.828926 2.037576 19.939974 1.924658 -0.000440 0.000085 -0.000667 -0.500777 0.007598 -3.433545 -0.403287 -4.639015 3.738040 -0.681457 -2.880089 3.749580 4.257843 -19.239361 9.791030 -59.308358 -42.028558 -24.287106 159.589358 -66.652625 -147.115835 29.969130 -3.243658 -27.163475 4.425288 -5.959581 9.124483 -9.025368 -13.590937 3.041148 -3.064665 -11.655684 -18.834370 -0.000229 -0.000515 -0.000429 3.283173 -1.637174 1.004511 0.831557 -2.462515 5.583778 -3.032260 2.667295 -2.150919 5.060817 -4.672494 4.071918 -0.000445 0.000112 0.000122 1.643303 -1.565394 0.257291 -3.509470 7.149038 6.305251 -1.775050 1.118391 -1.241870 7.992060 -2.575283 7.308222 0.000580 -0.000422 -0.000201 3.173734 -0.136407 -15.766283 -8.866774 11.297801 20.254310 -3.760175 0.425857 0.174388 -6.584789 0.600995 1.205441 -0.000129 -0.000672 0.000149 4.535824 0.955355 -12.948810 -14.016197 11.820316 15.412961 -3.363464 1.765580 0.545393 3.484621 2.130544 2.098348 -0.000151 -0.000348 0.000271 -9.442440 10.703192 12.197675 76.045526 52.594143 -18.821204 -176.756514 47.948350 -161.461097 -27.029303 6.004484 -7.225036 8.534698 2.607160 11.412659 10.590773 14.278510 1.042949 1.205794 7.336057 -5.687728 -0.000909 0.000414 -0.000115 8.454268 1.977845 1.362647 2.871205 -2.532775 9.125324 -2.674020 -0.606745 -0.726761 -4.364192 1.245044 -12.962638 -0.000981 0.000519 0.000424 6.961632 3.231846 0.809253 4.469203 -7.809318 5.848517 3.515043 -0.523212 -1.489858 -5.436874 2.336037 4.822900 0.000264 0.000486 -0.000227 2.569855 2.724698 -15.238632 9.015159 -10.777271 21.153983 5.873730 0.295077 -1.395704 10.483461 0.727834 -3.458278 0.001246 0.002586 -0.001502 -2.145776 1.476058 -10.264581 16.468695 -9.332078 13.795104 6.893465 0.824575 -0.536757 2.376953 -0.916635 1.065030 -0.003904 0.002834 -0.000560 5.576707 -1.859094 4.700521 2.750125 -7.417887 16.207206 -6.484861 -2.578672 -15.118699 5.033030 -3.699675 -9.793076 0.001669 -0.000114 1.000497 8.095388 -3.468601 -30.510050 1.983825 -2.775154 50.023587 -1.977385 -4.944155 -12.345781 -3.908234 0.722495 -2.310508 -0.002077 -0.000435 1.000581
-21.579302 99.979187 2.855942 -14.206252 -84.115354 17.732063 -4.977266 -4.143409 13.207009 -1.274749 3.886931 -6.362449 -1.305506 -4.829585 6.839849 4.291630 0.064560 -2.331008 -0.905226 -1.385634 -14.956943 1.744170 20.420458 1.674447 -0.000509 0.000078 -0.000543 -0.505511 -0.002058 -3.523334 -0.393606 -4.585521 3.893956 -0.667133 -2.827386 3.908923 4.029358 -19.453446 9.617716 -59.347448 -41.554523 -24.473951 158.537702 -66.782436 -145.837829 29.578888 -2.657054 -29.330029 5.053266 -6.361836 8.535922 -9.363874 -13.766278 3.132784 -3.143956 -11.990573 -19.182503 -0.000189 -0.000424 -0.000381 3.291613 -1.537373 0.782693 1.149367 -2.641390 5.394341 -2.951347 2.738114 -2.224515 5.167043 -4.815763 4.132978 -0.000297 0.000011 0.000213 1.397078 -1.421250 0.002171 -3.321004 7.100720 6.167125 -1.615739 1.057125 -1.226486 8.128532 -2.686616 7.434179 0.000438 -0.000352 -0.000247 2.649456 -0.067574 -16.062039 -8.726861 11.257239 20.284885 -3.426101 0.335836 0.091558 -6.291042 0.503988 1.379990 -0.000121 -0.000546 0.000244 3.934206 0.895072 -13.309069 -13.929815 11.908104 15.294864 -3.016647 1.782424 0.497195 3.883127 2.073901 2.220768 -0.000020 -0.000425 0.000325 -9.333727 11.137108 12.479161 76.962303 51.903325 -17.953778 -176.846165 47.991066 -161.168350 -27.458201 5.541916 -7.658277 8.254204 3.117711 11.186007 10.681396 14.460978 1.158309 1.124475 7.413929 -5.864531 -0.000772 0.000282 -0.000191 8.433529 1.993205 1.273983 2.622042 -2.262383 9.196466 -2.910954 -0.632521 -0.767086 -4.359548 1.224302 -13.143236 -0.001015 0.000571 0.000298 7.002591 3.298232 0.781102 4.198513 -7.749532 5.980790 3.332501 -0.534064 -1.507495 -5.451598 2.348538 4.959058 0.000045 0.000589 -0.000177 2.650848 2.718993 -15.424186 8.750635 -10.662044 21.185128 5.722535 0.298645 -1.362734 10.298922 0.694396 -3.308028 0.001030 0.003128 -0.001419 -2.054346 1.505051 -10.364088 16.339045 -9.315532 13.740196 6.666998 0.824543 -0.529737 2.214933 -0.918827 1.238384 -0.004302 0.003348 -0.000393 5.770411 -2.024503 5.292464 2.854212 -7.526361 15.648170 -6.814143 -2.973061 -14.837612 5.145790 -3.633708 -10.545447 0.001729 0.000021 1.000383 8.285836 -3.402952 -30.193847 1.838243 -2.760806 47.381035 -2.246532 -4.448307 -11.878266 -3.932325 0.577277 -2.521246 -0.002018 -0.000464 1.000068
-22.785694 100.196747 3.180129 -17.313112 -81.992046 20.066496 -4.771670 -4.363330 12.989336 -1.151136 3.856473 -6.319460 -1.274195 -4.914665 6.720626 4.590230 0.202905 -2.410492 -1.454041 -1.614357 -15.219924 1.972269 22.602268 1.707059 -0.000635 0.000018 -0.000589 -0.691661 -0.108076 -3.701552 -0.433048 -4.915387 3.550675 -0.717050 -3.156974 3.565851 3.699771 -19.420381 9.855036 -59.732681 -41.827169 -24.329404 159.323256 -66.173295 -146.642034 29.294601 -1.763802 -29.101485 4.854307 -5.812208 8.831973 -9.079158 -13.591249 2.686581 -3.164569 -11.322356 -18.705461 -0.000210 -0.000498 -0.000431 3.262945 -1.506625 0.899207 -0.163379 -2.699134 5.541256 -3.762002 2.694348 -2.178192 4.730461 -4.935818 4.434100 -0.000277 0.000053 0.000317 1.312863 -1.594514 0.220867 -4.484659 7.081306 5.921375 -2.503752 1.126973 -1.175429 7.867476 -2.737230 7.383353 0.000315 -0.000335 -0.000350 2.688904 -0.247473 -16.149252 -9.783193 11.274270 20.156259 -4.199188 0.460938 0.137471 -6.839368 0.545500 1.191930 -0.000129 -0.000576 0.000349 3.904236 0.438733 -13.370333 -14.603250 11.946385 15.124344 -4.002460 1.894660 0.523181 3.415774 2.214971 2.008543 0.000115 -0.000580 0.000353 -8.772320 11.933365 12.964093 77.934831 50.797858 -16.535308 -177.198596 48.522752 -161.308933 -27.501949 4.646649 -8.234454 7.963919 3.258059 10.837058 9.921499 14.478728 0.586940 1.017790 6.871894 -5.791136 -0.000817 0.000408 -0.000155 7.906026 2.205230 1.021002 3.349516 -2.096889 9.253102 -2.497701 -0.459343 -0.891052 -4.026867 1.570852 -12.350376 -0.001049 0.000674 0.000270 6.858276 3.461349 0.623271 4.862860 -7.621981 5.855223 3.449719 -0.428860 -1.565928 -5.350778 2.458016 4.958510 0.000084 0.000544 -0.000132 2.693177 2.943899 -15.697132 9.146407 -10.516406 21.063591 6.052229 0.251861 -1.465410 10.517772 0.784017 -3.410584 0.001054 0.002631 -0.001468 -1.633625 1.816302 -10.653342 16.536449 -9.013193 13.647400 6.961073 0.637837 -0.597737 2.268948 -0.960144 0.964312 -0.004010 0.002916 -0.000295 6.029394 -2.837164 6.613637 3.808672 -7.864736 15.272031 -7.389958 -3.289664 -14.864978 5.401668 -3.348987 -11.902044 0.001713 0.000140 1.000290 8.416603 -2.866135 -28.994525 2.166713 -2.867039 44.525675 -2.702212 -4.114754 -10.977659 -3.875494 0.460552 -2.438390 -0.002073 -0.000560 1.000460
-24.004986 100.427055 3.512907 -21.393974 -80.184845 23.794884 -4.555316 -4.524067 12.684362 -1.063114 3.892477 -6.470966 -1.133046 -5.075411 6.558964 4.843614 0.474512 -2.292686 -2.042922 -1.965930 -15.260865 2.449642 24.206687 2.146681 -0.000692 -0.000020 -0.000522 -0.893501 -0.148112 -3.825674 -0.483677 -5.121236 3.403391 -0.772095 -3.363869 3.419006 3.690807 -19.348508 10.414064 -59.656278 -42.698443 -23.694612 162.289261 -64.653325 -150.673563 29.666201 -3.563564 -24.763369 3.390188 -5.379210 9.662357 -8.767018 -13.175627 2.279413 -2.932710 -10.726134 -18.147081 -0.000259 -0.000632 -0.000455 2.451067 -1.861386 1.331965 -1.547103 -2.446238 5.830666 -4.769245 2.645578 -2.060516 4.209380 -4.782039 4.261667 -0.000365 0.000063 0.000367 0.857725 -2.146714 0.432917 -5.625642 7.292368 5.935785 -3.702841 1.208444 -0.899619 7.274857 -2.599717 7.063514 0.000262 -0.000356 -0.000430 2.636123 -0.608041 -16.020538 -10.942540 11.441841 20.061836 -5.338748 0.554975 0.323255 -7.727402 0.674225 0.905685 -0.000155 -0.000644 0.000389 4.256352 0.064675 -13.247611 -15.638031 12.119068 14.934422 -5.261691 1.900668 0.566991 2.495553 2.320730 1.765305 0.000161 -0.000657 0.000385 -7.523892 12.709465 13.444043 77.469987 49.319197 -15.432602 -177.487254 49.936026 -162.134230 -28.045240 4.621019 -8.015844 7.552758 3.353229 10.324562 9.192254 14.542478 0.043003 0.830275 6.724547 -5.769974 -0.000757 0.000329 -0.000226 7.448333 2.378221 0.841380 3.746681 -1.773052 9.253607 -2.244639 -0.205560 -1.048069 -3.902595 1.786171 -11.883884 -0.001088 0.000732 0.000236 6.766890 3.604597 0.421896 5.407131 -7.343561 5.813878 3.298612 -0.195197 -1.607641 -5.340737 2.531597 4.801707 0.000127 0.000614 -0.000157 2.922002 3.114626 -16.071293 9.187640 -10.204883 21.059370 6.162789 0.472678 -1.587397 10.680341 0.943285 -3.657889 0.000966 0.002881 -0.001389 -1.292221 1.916517 -11.313152 16.619985 -8.695779 13.768128 6.958459 0.800824 -0.679492 2.362890 -0.905186 0.608272 -0.004326 0.003173 -0.000248 6.463955 -3.010213 7.364345 4.439155 -8.002174 15.365920 -7.819445 -3.171785 -14.129640 5.651217 -3.329803 -13.276707 0.001717 0.000183 1.000229 8.828036 -2.625310 -27.439270 2.502426 -2.730281 41.918051 -3.362056 -4.755685 -11.617980 -3.778245 0.301033 -2.347748 -0.002233 -0.000654 1.000118
-25.234222 100.408592 3.853788 -24.376255 -79.118635 26.927508 -4.438557 -4.382029 12.397599 -0.759024 3.784433 -6.511823 -0.952384 -4.968035 6.356225 4.731431 0.968059 -2.260622 -2.469156 -2.203150 -15.018290 2.972986 25.166974 2.668966 -0.000831 -0.000147 -0.000567 -0.973927 -0.111529 -3.868009 -0.502745 -5.080928 3.452148 -0.789764 -3.321404 3.466540 3.509324 -18.496400 10.880460 -59.287060 -42.641816 -23.306733 165.368819 -63.753511 -154.690990 28.895764 -4.928846 -22.048620 2.620240 -4.914641 10.168136 -8.414905 -12.714657 1.837705 -2.821013 -10.383501 -17.816874 -0.000335 -0.000808 -0.000591 2.291597 -1.491852 1.384392 -2.471241 -2.310814 6.057161 -5.402633 2.464528 -1.988643 4.043998 -4.758381 4.105650 -0.000458 0.000026 0.000471 0.721264 -1.853470 0.618563 -6.522839 7.430731 5.868570 -4.363802 1.080306 -0.786695 7.149315 -2.559979 6.787488 0.000237 -0.000451 -0.000530 2.619324 -0.327364 -15.876453 -11.899069 11.775326 20.000221 -5.888018 0.537938 0.336903 -8.035226 0.658778 0.680620 -0.000161 -0.000796 0.000427 4.182597 0.458650 -13.143738 -16.610032 12.358263 14.709851 -5.743201 1.804681 0.563237 2.196963 2.322751 1.568672 0.000203 -0.000801 0.000418 -6.386550 13.369908 13.773735 76.590768 48.090213 -14.944709 -177.072437 51.293310 -161.974054 -27.441240 4.318085 -7.268801 8.116781 3.314206 10.558703 8.976892 14.735974 -0.128414 0.759293 6.854857 -5.734351 -0.000885 0.000421 -0.000168 7.624845 2.573596 1.006480 3.847837 -1.621387 9.269563 -2.501656 -0.266934 -1.042931 -4.259036 1.811836 -11.312299 -0.001129 0.000822 0.000322 6.931888 3.768422 0.376463 5.416698 -7.218497 5.940147 2.799642 -0.350735 -1.517794 -5.810592 2.497289 4.820985 0.000266 0.000594 -0.000200 3.076628 3.278422 -16.098764 8.953150 -10.117321 21.201512 5.740127 0.351826 -1.510967 10.385744 0.951272 -3.665379 0.000987 0.002531 -0.001446 -1.179775 1.889888 -11.476304 16.458962 -8.686978 13.981999 6.463791 0.623844 -0.586037 1.935200 -0.939331 0.568174 -0.004143 0.002882 -0.000279 6.703220 -3.322975 7.089929 4.210921 -8.150215 17.397175 -8.053768 -2.380936 -14.173250 5.723579 -3.048218 -14.539332 0.001743 0.000251 1.000221 9.470579 -2.782374 -26.308157 2.473672 -2.510000 40.645620 -4.089611 -5.169374 -12.251552 -3.740354 0.186466 -2.531876 -0.002435 -0.000758 1.000339
-26.468355 100.280533 4.202017 -29.238413 -77.677226 31.166377 -4.487795 -4.058044 11.963817 -0.564012 3.833648 -6.664878 -0.606318 -4.963529 6.335393 5.545837 1.188461 -2.308752 -2.288177 -1.819024 -15.682547 3.818392 26.875936 4.108487 -0.000907 -0.000068 -0.000754 -1.145131 -0.142844 -3.796914 -0.588800 -5.462577 3.121191 -0.885473 -3.697797 3.132865 3.622587 -17.996068 11.462928 -61.522406 -41.696397 -21.823862 167.174513 -61.629800 -156.186265 29.849817 -8.132382 -22.524914 1.300700 -4.512381 10.880310 -8.597945 -12.403804 1.478686 -2.620922 -10.467674 -17.864094 -0.000355 -0.000977 -0.000592 1.435105 -1.473625 1.294975 -2.647620 -2.597116 6.163212 -5.812594 2.142423 -2.028779 4.128359 -4.532654 3.420830 -0.000599 0.000008 0.000466 0.084751 -2.129210 0.525106 -6.721545 7.228617 5.895860 -4.655002 0.821862 -0.858370 7.329044 -2.381593 6.160449 0.000208 -0.000399 -0.000642 2.220053 -0.593656 -15.952046 -12.422285 11.559353 19.709729 -6.049877 0.474924 0.391137 -8.219044 0.735493 0.158978 -0.000231 -0.000842 0.000459 3.827513 0.192075 -13.412672 -16.978346 12.190699 14.439402 -5.944015 1.769993 0.545809 1.840193 2.385551 1.239958 0.000167 -0.000863 0.000517 -5.172112 13.603959 14.219524 75.098926 46.116277 -14.913979 -176.712323 51.955696 -162.245747 -26.354448 6.080422 -4.842353 8.740343 3.212199 11.658743 9.103584 15.269625 -0.043428 0.567017 8.035189 -5.918531 -0.000940 0.000760 -0.000133 7.974746 3.564945 1.310058 1.896146 -1.370539 9.469123 -4.451628 -0.796965 -0.963283 -5.209047 1.533990 -10.501549 -0.001044 0.000847 0.000335 6.769027 4.763878 0.183371 3.449171 -6.825983 6.401162 0.291264 -1.079047 -1.332353 -7.571062 2.248695 5.200436 0.000524 0.000307 -0.000129 2.647913 4.302981 -16.412653 6.655177 -9.392620 21.646399 3.251624 -0.202749 -1.318359 8.825755 0.753460 -3.380126 0.001382 0.001271 -0.001525 -1.973295 2.823816 -12.092619 14.018137 -8.693442 14.476392 4.453862 -0.452951 -0.476148 -0.016493 -1.199690 1.441496 -0.003271 0.001607 -0.000351 7.311076 -4.158915 6.186634 3.544242 -8.609105 22.150811 -8.014762 -3.183448 -14.374641 5.864577 -2.630114 -15.995328 0.001743 0.000256 1.000090 10.000781 -2.308308 -24.636614 3.600833 -2.086417 40.300677 -5.238252 -7.047051 -14.293206 -3.964718 0.237637 -3.055434 -0.002637 -0.000871 1.001435
-27.700228 100.585350 4.556570 -28.971240 -76.936027 30.754943 -4.498144 -3.873111 11.619926 -0.257201 3.922230 -6.613132 -0.336498 -4.629963 6.341710 4.844337 1.581155 -1.727352 -2.851644 -2.117769 -15.392745 4.356244 27.884182 3.855254 -0.000877 -0.000133 -0.000853 -1.258945 -0.152338 -3.709811 -0.588783 -5.275158 3.113466 -0.885488 -3.509702 3.122228 3.749383 -17.051885 11.470410 -60.577571 -41.827478 -20.854481 170.413506 -61.557119 -160.910111 31.345298 -11.412799 -21.376552 0.774945 -4.773509 10.634415 -8.635262 -12.613808 1.606274 -2.356585 -10.568787 -18.154220 -0.000423 -0.000998 -0.000597 0.760564 -1.807051 1.175987 -2.905658 -2.465115 6.340369 -5.847111 2.145134 -2.076038 4.420360 -4.664067 3.402006 -0.000639 0.000158 0.000409 -0.421162 -2.426957 0.142085 -6.849182 7.254909 6.057166 -4.671209 0.832124 -0.819655 7.443391 -2.477477 6.172759 0.000313 -0.000462 -0.000568 1.820041 -0.849925 -16.100913 -12.612783 11.545226 19.425601 -5.937313 0.481299 0.261599 -7.876546 0.649655 0.167926 -0.000195 -0.000943 0.000424 3.765565 0.175843 -13.703750 -17.289068 12.123488 14.128317 -5.788922 1.710651 0.450535 2.259773 2.298215 1.237411 0.000087 -0.000847 0.000494 -4.312200 14.301779 14.009554 74.976000 45.510082 -13.747845 -176.139538 51.934583 -161.896887 -27.006302 8.230095 -4.940450 9.205558 3.470239 11.441759 9.042628 15.311891 0.176838 0.362186 7.764522 -5.861567 -0.000941 0.000779 -0.000109 8.390654 3.579484 1.697109 2.002095 -1.191805 9.704369 -4.114491 -0.975906 -0.711485 -5.308203 1.457310 -10.782432 -0.000969 0.000876 0.000369 6.816044 5.005357 0.421450 3.747322 -6.866109 6.733247 0.825498 -1.198459 -1.158175 -7.466606 2.315420 5.170708 0.000728 0.000318 -0.000144 2.635492 4.502390 -16.086777 7.014678 -9.589063 21.748297 3.777782 -0.356533 -1.275019 8.819062 0.800436 -3.341127 0.001484 0.001127 -0.001518 -2.420345 2.696633 -11.899115 14.737907 -8.525769 14.506573 4.920009 -0.512705 -0.331103 0.052832 -1.108262 1.499123 -0.003165 0.001377 -0.000426 7.845463 -3.646559 4.442547 2.784571 -8.329640 27.402242 -8.084669 -2.332880 -14.760855 5.581232 -2.706447 -15.988725 0.001606 0.000178 1.000093 10.602671 -3.062625 -22.543841 3.227493 -1.150787 38.331398 -6.012192 -7.929912 -14.222048 -3.832177 -0.089890 -3.633789 -0.002612 -0.000875 1.001556
-28.922695 100.891876 4.916410 -29.890198 -76.100821 31.459680 -4.328853 -3.602392 11.044107 0.059427 3.783602 -5.802835 -0.241556 -4.278843 6.141150 4.991515 1.857284 -1.803821 -3.273376 -1.766032 -15.670855 4.289153 27.992630 3.744306 -0.000809 -0.000205 -0.000801 -1.227991 -0.109064 -3.576306 -0.557532 -5.140844 2.850229 -0.862737 -3.381157 2.861471 4.133468 -15.704100 11.910033 -61.512431 -40.557837 -19.580864 171.913420 -61.464811 -162.584743 33.611570 -11.530060 -21.883422 0.094529 -3.279609 11.650991 -8.135362 -12.221371 0.574577 -2.355687 -8.721994 -16.796923 -0.000495 -0.001027 -0.000615 1.027873 -1.841245 1.017898 -5.953156 -2.313335 6.722575 -6.712478 1.457378 -1.996166 3.939596 -4.733552 3.880171 -0.000653 0.000115 0.000444 -0.225051 -2.524095 0.093916 -9.099358 6.795688 5.721741 -5.426408 0.562652 -0.723417 7.462678 -2.378052 5.761716 0.000348 -0.000510 -0.000537 2.128447 -1.143982 -15.983087 -14.043567 11.100780 18.935291 -6.542355 0.457292 0.146447 -8.820167 0.554582 -1.011431 -0.000192 -0.000979 0.000325 3.743090 -0.355311 -13.882719 -18.084264 11.790367 13.952041 -6.580343 1.447201 0.500806 1.514869 2.524380 0.046895 0.000049 -0.000767 0.000457 -4.260398 13.905703 14.098964 75.680382 44.509772 -12.035870 -176.898995 52.384064 -163.674523 -27.491113 9.047313 -2.967953 10.540520 1.213762 13.244847 8.035521 14.827916 -0.943645 0.442892 6.638402 -5.079052 -0.000881 0.000672 -0.000182 8.023247 4.308309 1.942812 3.367061 -1.576186 9.813584 -4.015456 -1.126100 -0.307488 -5.646068 1.952051 -7.823092 -0.000945 0.000772 0.000322 6.143639 5.484978 0.686577 4.991178 -6.583630 6.504548 0.863438 -1.776328 -0.764459 -8.409629 2.309438 5.262360 0.000596 0.000374 -0.000219 1.753038 5.211907 -15.841800 7.568787 -9.273388 21.620880 3.887423 -1.041537 -0.904336 9.049843 0.670521 -3.624152 0.001422 0.001397 -0.001442 -3.474554 3.312702 -12.022217 15.028061 -8.399608 14.687764 5.748602 -1.321780 -0.197540 -0.133574 -1.572007 0.723715 -0.003391 0.001665 -0.000377 7.925034 -3.754525 1.083539 2.320448 -8.158515 36.544631 -7.174547 -1.066410 -14.530839 5.202565 -2.880063 -15.324432 0.001538 0.000129 1.000092 11.507088 -3.568444 -20.128881 3.028875 -0.363541 36.103139 -7.269285 -8.698177 -14.474431 -4.273876 0.199556 -4.158600 -0.002584 -0.000877 1.001163
-30.128605 101.193390 5.280479 -28.285639 -75.764639 30.013045 -4.235437 -3.308044 10.714457 0.407265 3.908001 -5.356506 -0.337292 -3.825802 6.197253 4.354499 2.013197 -1.301875 -3.398921 -1.533151 -15.032526 3.978823 27.688573 3.304670 -0.000740 -0.000218 -0.000802 -1.158330 -0.033593 -3.436589 -0.506756 -4.837417 2.876327 -0.811581 -3.079446 2.892410 4.022433 -14.816985 12.373276 -61.792219 -39.298825 -19.469908 172.699540 -61.610075 -163.424619 34.891908 -12.627973 -21.881833 -0.353491 -2.463933 12.081172 -8.092005 -12.147236 0.193812 -2.281460 -7.592191 -15.841673 -0.000495 -0.000905 -0.000545 0.845883 -2.256393 1.055110 -8.052941 -1.744188 6.956150 -7.672584 1.260633 -1.948155 3.298917 -4.636571 3.952110 -0.000535 0.000169 0.000336 -0.161932 -2.976941 0.033518 -10.784626 6.972104 5.743344 -6.506366 0.464575 -0.682457 7.005979 -2.235304 5.410649 0.000358 -0.000498 -0.000428 2.417383 -1.669211 -15.880971 -15.031771 11.247879 18.767213 -7.398260 0.625269 0.094169 -9.683232 0.530059 -1.580132 -0.000146 -0.000881 0.000263 4.253256 -0.794897 -13.915623 -18.825984 11.911678 14.041966 -7.576905 1.328046 0.581232 0.781904 2.669384 -0.666827 -0.000047 -0.000678 0.000478 -4.854767 14.254955 14.129218 76.569647 44.428590 -10.513177 -176.771891 52.574819 -163.743227 -27.922616 9.692505 -2.025773 11.034774 0.202933 14.079895 7.801915 14.588218 -1.359983 0.474770 5.589749 -4.585582 -0.000793 0.000639 -0.000210 8.132070 4.673477 2.140994 4.593390 -2.044863 9.830250 -3.170915 -1.287258 -0.133959 -5.188266 2.183900 -6.710715 -0.000845 0.000698 0.000287 6.048565 5.855769 0.973935 6.131974 -6.818700 6.412497 1.860625 -2.035206 -0.650962 -8.063370 2.235410 5.100445 0.000548 0.000376 -0.000202 1.400411 5.613062 -15.688742 8.466448 -9.578359 21.703707 4.889983 -1.356044 -0.773044 9.797229 0.567528 -3.890238 0.001416 0.001535 -0.001397 -4.079397 3.603696 -12.023053 15.902846 -8.738227 14.937613 7.046069 -1.602640 -0.140367 0.496604 -1.834907 0.020203 -0.003421 0.001680 -0.000361 7.795353 -4.196011 -2.070481 2.123631 -7.976491 43.103604 -6.447156 -0.265784 -13.489925 4.811631 -2.732972 -14.303350 0.001433 0.000061 1.000063 12.006681 -4.147825 -18.033970 2.197130 0.107528 34.006294 -8.348587 -9.930426 -14.520967 -4.340434 0.287057 -3.995095 -0.002436 -0.000800 1.001027
-31.310827 101.446274 5.647708 -26.931238 -74.063565 28.677062 -4.123073 -3.075024 10.415218 0.599395 3.955296 -4.895141 -0.431111 -3.239122 6.600028 4.436748 1.960708 -1.018799 -3.773397 -1.207472 -14.325553 3.875282 28.825412 3.049292 -0.000761 -0.000223 -0.000902 -1.244874 -0.038813 -3.303486 -0.509457 -4.992360 2.669865 -0.820314 -3.229161 2.680928 4.216764 -13.904890 12.819751 -63.180594 -36.137093 -19.683361 173.576097 -61.105642 -164.140632 36.910867 -13.884547 -21.855811 -1.180591 -1.743744 12.371273 -7.990158 -11.843361 -0.242340 -2.111055 -6.571445 -14.996867 -0.000424 -0.000943 -0.000555 0.719834 -2.669752 1.250119 -10.389389 -1.063942 7.341750 -8.778246 1.122962 -1.804132 2.521250 -4.400625 3.814954 -0.000463 0.000106 0.000339 0.099476 -3.427056 0.245993 -12.904942 7.333980 5.893083 -7.945050 0.414529 -0.622443 6.343599 -1.999819 5.037760 0.000200 -0.000402 -0.000499 3.030801 -2.121736 -15.500312 -16.659242 11.770666 18.665203 -8.694818 0.874826 0.050871 -10.793071 0.583575 -1.977037 -0.000203 -0.000730 0.000286 4.993999 -1.085989 -13.455043 -20.099866 12.268095 14.109723 -9.102013 1.261137 0.659287 -0.386111 2.834855 -1.260970 -0.000097 -0.000668 0.000559 -5.547985 14.457093 13.925421 77.102758 43.776591 -8.783039 -177.182286 53.588811 -164.720764 -28.862433 10.070538 -0.246274 11.546009 -0.808297 15.130040 7.353142 14.046269 -1.870575 0.476589 4.871320 -4.146632 -0.000885 0.000818 -0.000106 7.792669 4.861578 2.326127 5.851916 -2.537375 10.029791 -1.997410 -1.086942 -0.089232 -4.334335 2.294490 -6.147146 -0.000582 0.000672 0.000361 5.340761 6.243630 1.327680 7.567318 -7.024229 6.579683 3.039581 -1.881376 -0.683630 -7.299820 2.072128 4.614323 0.000861 0.000160 -0.000041 0.420644 5.979534 -15.354197 9.610279 -9.997995 21.630511 6.256085 -1.339689 -0.728499 10.881807 0.505414 -4.362786 0.001690 0.000962 -0.001550 -5.180939 3.877254 -11.955289 16.853910 -9.100673 15.162058 8.602819 -1.418087 -0.147885 1.648656 -2.065523 -0.881816 -0.002980 0.001198 -0.000403 7.436777 -5.553089 -4.813516 1.984825 -8.224846 47.700778 -5.446227 0.494505 -12.078464 4.902112 -2.258096 -13.806930 0.001470 0.000128 0.999929 12.622377 -4.616133 -15.703233 2.174980 -0.047266 31.559483 -8.742308 -12.157346 -14.857132 -4.353942 0.407491 -4.010290 -0.002441 -0.000831 1.001443
-32.462227 101.747047 6.017006 -22.314038 -72.217613 23.548114 -3.832534 -2.992453 10.022608 0.935949 3.694120 -3.957196 -0.572288 -2.353280 7.332411 4.197471 2.387561 -0.880930 -4.726843 -0.873050 -14.165690 2.238700 29.615261 -0.102992 -0.000679 -0.000265 -0.000880 -1.407301 -0.033505 -3.429425 -0.383026 -4.710475 2.295421 -0.705345 -2.953539 2.305243 4.245264 -12.882128 13.349021 -62.611395 -35.171253 -20.257330 173.483875 -62.754453 -163.917157 36.942740 -12.428358 -22.587749 -0.887402 1.091489 12.862326 -7.291334 -10.808133 -1.883695 -1.976591 -2.627009 -12.046696 -0.000454 -0.000690 -0.000463 1.881743 -2.503351 0.454917 -17.793199 0.369546 7.496603 -11.327650 0.281927 -1.578032 0.843046 -4.553888 4.625342 -0.000247 0.000116 0.000248 0.965061 -3.234791 0.218257 -18.735375 7.061707 4.882778 -10.506021 -0.234782 -0.492744 5.487939 -1.997992 4.264274 0.000230 -0.000438 -0.000289 3.915330 -2.248818 -15.614848 -20.300111 11.822585 17.920162 -11.030288 0.594236 -0.328348 -12.917216 0.162608 -3.786455 -0.000065 -0.000565 0.000213 4.925868 -1.420520 -13.414800 -22.622713 11.709410 13.544935 -11.579710 0.720252 0.553782 -2.150334 3.051132 -3.446176 -0.000128 -0.000499 0.000578 -6.495487 14.521030 13.919185 78.730325 44.698924 -7.424240 -178.401401 53.274245 -166.317866 -31.756192 10.570981 -1.791392 11.794622 -4.590807 16.504473 5.314160 12.343983 -4.112158 0.578718 1.354876 -2.613104 -0.000812 0.000784 -0.000129 6.334088 4.570973 1.924066 11.234002 -3.470897 9.642910 0.892814 -0.641960 0.207459 -3.447801 3.251080 -2.058744 -0.000511 0.000588 0.000310 4.251086 5.774473 1.328030 12.591957 -6.825311 6.028987 6.086107 -1.732921 -0.529488 -6.744759 2.226055 4.007992 0.000815 0.000231 -0.000048 -0.595847 5.763392 -15.270926 13.714509 -10.114471 20.719589 9.598009 -1.707058 -0.614906 13.018621 0.656446 -5.402604 0.001529 0.001077 -0.001461 -5.458100 4.091069 -11.970378 20.567726 -8.826970 14.785275 12.251729 -1.559659 -0.238146 3.639986 -2.392013 -3.342716 -0.003136 0.001398 -0.000347 7.304739 -6.454086 -9.357875 2.447152 -7.900008 53.941433 -3.785912 1.660573 -12.109126 4.455439 -1.929605 -11.982315 0.001433 0.000061 0.999844 12.754939 -5.545008 -13.507566 1.160421 -0.471377 30.280291 -9.311477 -11.163396 -13.998349 -4.409100 0.317542 -3.397649 -0.002228 -0.000650 1.001187
-33.575684 102.089668 6.387272 -18.444097 -70.923232 19.854995 -3.567890 -2.389023 10.269319 1.437095 3.485326 -3.639189 -0.778890 -1.009720 7.441386 3.894340 2.065826 -0.758263 -5.566917 -0.216980 -12.304292 1.999262 30.677448 -0.997017 -0.000779 -0.000425 -0.000966 -1.388601 -0.036736 -3.326784 -0.328051 -4.591584 1.818028 -0.664918 -2.834621 1.825367 3.658459 -10.833691 14.297245 -61.258661 -31.125043 -20.521951 173.317747 -65.670294 -163.670455 38.992288 -12.575418 -23.791105 -0.925173 2.780838 12.893707 -6.536133 -10.227750 -2.773163 -1.557920 -0.321705 -10.347931 -0.000489 -0.000613 -0.000575 2.645821 -2.540002 0.166095 -23.244992 1.557771 7.519160 -13.295379 -0.439310 -1.291452 -0.542758 -4.402210 4.660065 -0.000109 -0.000021 0.000316 1.717361 -3.497549 0.313154 -23.178528 7.364590 4.523136 -12.773916 -0.915812 -0.398903 4.323344 -2.019968 3.568989 0.000181 -0.000533 -0.000255 4.688667 -2.441070 -15.541681 -23.203691 11.838214 17.424135 -13.382022 0.455592 -0.578005 -14.925238 -0.106668 -4.856051 -0.000011 -0.000569 0.000254 5.310397 -1.773053 -13.424277 -24.717137 11.479687 13.330762 -14.097865 0.322951 0.543752 -4.210590 3.087873 -4.815574 -0.000065 -0.000564 0.000663 -7.417560 14.925616 13.659425 78.806896 44.196639 -5.471289 -178.242828 55.164983 -166.575463 -32.051741 11.450082 -1.423551 12.381766 -6.577646 17.396424 4.243157 11.104857 -5.149780 0.413994 -1.045997 -1.631632 -0.000956 0.000919 -0.000008 5.384164 4.462596 1.867064 14.931848 -4.639757 9.637843 3.389196 -0.507766 0.554609 -1.997271 3.564979 -0.316288 -0.000505 0.000712 0.000387 3.253462 5.679808 1.716937 15.967936 -7.298675 6.170775 8.647606 -1.570097 -0.297162 -5.477782 2.185058 3.405689 0.000877 0.000223 -0.000014 -1.748765 5.642580 -14.654038 16.626368 -10.740757 20.573649 12.376183 -1.778472 -0.535888 14.867408 0.729868 -6.211124 0.001528 0.000626 -0.001537 -6.121038 3.864859 -11.203051 22.861618 -8.699703 14.966038 15.239939 -1.380447 -0.281106 5.548613 -2.510304 -4.991490 -0.002883 0.001101 -0.000350 6.840067 -7.582375 -14.445254 2.881659 -7.878833 58.471481 -3.280448 1.984073 -11.997611 4.143103 -1.588362 -10.167451 0.001439 0.000144 0.999784 12.729730 -6.869744 -10.811183 0.210786 -0.893523 26.940688 -8.969433 -12.036099 -13.999000 -4.035603 -0.118011 -2.952921 -0.002174 -0.000613 1.001436
-34.644081 102.439514 6.757381 -16.216592 -68.693651 18.011832 -3.288085 -1.913377 10.760257 1.660345 3.469908 -3.781964 -1.190138 -0.011750 8.318261 3.526764 2.239507 -0.970258 -6.399646 0.057480 -9.902301 2.925590 28.218358 0.320722 -0.000811 -0.000577 -0.000879 -1.275130 0.046446 -3.151303 -0.199953 -4.099312 0.994915 -0.561796 -2.349378 0.992966 2.925742 -8.440854 15.312612 -59.973654 -27.443487 -20.480133 172.716857 -68.204583 -163.209307 42.291378 -14.091321 -23.746250 -3.115397 4.989528 13.646842 -5.760250 -9.169801 -3.666488 -0.846550 2.197270 -8.480899 -0.000410 -0.000344 -0.000660 2.461536 -2.984480 0.170972 -29.465413 2.483629 7.574765 -14.560865 -0.870026 -0.806573 -1.225354 -4.371152 5.000125 0.000250 -0.000286 0.000513 1.923021 -4.294189 0.280905 -27.634801 7.008114 4.806608 -14.372554 -1.197114 -0.097551 4.000689 -1.968460 3.005197 -0.000014 -0.000500 -0.000219 5.444767 -3.183784 -15.408321 -26.430714 11.413459 17.107549 -15.203665 0.446348 -0.608951 -16.168838 -0.322402 -6.061218 0.000075 -0.000341 0.000370 5.926071 -2.460010 -13.366934 -26.930891 10.725264 13.159595 -16.244742 0.155170 0.703516 -5.608296 3.197007 -6.011952 0.000103 -0.000548 0.000680 -7.958478 15.168634 13.649812 78.930366 43.935421 -3.752166 -178.654940 56.746591 -167.820159 -34.711235 13.189644 -4.857194 12.687159 -9.159046 17.984045 2.453666 9.485862 -6.706807 0.158513 -2.942867 -0.818019 -0.000874 0.000888 0.000021 3.711818 4.131519 1.104573 18.787396 -5.229986 9.567808 5.120017 -0.025217 0.816814 -1.639880 4.131639 2.221954 -0.000417 0.000749 0.000294 1.870552 5.434189 1.555522 19.421638 -6.839272 6.126673 10.034262 -1.189028 -0.198476 -5.728307 2.297855 3.157798 0.000715 0.000333 0.000090 -2.985435 5.574811 -14.484791 19.329748 -10.190360 19.595063 14.121848 -1.780492 -0.556986 15.512559 0.832969 -6.680311 0.001245 0.000687 -0.001538 -6.475828 3.996445 -11.356262 24.729500 -7.618192 14.336259 17.202219 -1.472432 -0.447820 6.060485 -2.678696 -5.910333 -0.003156 0.001481 -0.000161 5.336207 -8.314275 -18.078113 3.029656 -8.031468 56.949902 -3.001018 1.880341 -13.583169 3.963722 -1.388821 -7.981516 0.001614 0.000349 0.999594 12.530796 -8.145094 -9.105461 0.606051 -1.394518 24.877189 -7.328936 -11.939579 -14.166226 -3.867310 -0.366879 -2.849383 -0.001965 -0.000530 1.001127
-35.660305 102.532349 7.126194 -11.629194 -66.261804 13.847652 -2.577333 -1.410135 10.612411 1.976991 3.389254 -3.540577 -1.497339 1.633008 9.596444 2.862716 2.382684 -1.048227 -7.644910 0.367771 -8.185009 3.573668 27.350254 0.905045 -0.000779 -0.000294 -0.000891 -1.209795 0.113510 -3.068141 -0.192017 -3.839657 0.912986 -0.555831 -2.085808 0.903795 2.251469 -6.101671 16.352115 -59.781293 -21.550695 -21.787417 167.815912 -70.027311 -156.915987 42.804776 -14.046460 -22.885614 -4.734342 6.721197 13.927009 -5.036239 -8.257459 -4.534253 -0.116691 3.861929 -7.014126 0.000001 0.000227 -0.000363 2.663602 -2.730438 0.196960 -35.743395 3.727537 7.470087 -16.329841 -1.127933 -0.365187 -1.875270 -4.184431 5.009718 0.000836 -0.000566 0.000516 2.073474 -4.258417 0.952432 -32.665124 7.277398 4.845922 -16.582845 -1.703516 0.311645 3.490636 -1.895548 2.490957 -0.000344 -0.000093 -0.000174 5.820167 -3.120503 -14.783735 -30.396619 12.046395 16.752332 -17.478053 0.307338 -0.552083 -17.308750 -0.466205 -6.605000 -0.000001 0.000334 0.000550 6.154547 -2.246218 -12.826826 -30.465321 10.634595 13.258958 -18.441862 -0.158640 0.981497 -6.898369 3.131765 -6.758387 0.000199 -0.000371 0.001032 -9.434953 16.286141 13.598518 79.171610 42.938829 -2.089249 -177.242324 60.142468 -166.508342 -34.580013 12.299685 -6.476787 12.779723 -10.973541 18.103164 1.543442 8.081702 -7.811354 0.131388 -4.453384 -0.144268 -0.000470 0.001039 -0.000005 2.578890 2.964811 0.500218 23.483398 -6.217955 9.253782 7.669664 0.509506 1.039127 -0.888411 4.372163 3.096531 -0.000223 0.000696 0.000001 1.065025 4.141829 1.591256 23.938194 -6.706931 5.989385 12.514499 -0.468754 -0.017138 -4.920983 2.363001 2.691377 0.000426 0.000219 0.000451 -3.530927 4.485924 -14.071032 23.429276 -10.640317 18.998698 16.614023 -1.482521 -0.534504 16.834874 0.986044 -7.198522 0.001263 0.000162 -0.001512 -6.172290 3.362352 -10.841285 28.167465 -7.577964 14.170708 19.578971 -0.868405 -0.378339 7.545309 -2.509189 -7.108998 -0.003029 0.001167 0.000131 3.331444 -9.552770 -22.254117 2.817094 -7.861712 54.985673 -1.718329 1.021368 -13.711969 3.542967 -0.797654 -6.224815 0.001864 0.000532 0.999163 11.831446 -9.664698 -7.236653 0.215185 -1.494486 23.031657 -6.990065 -12.904284 -14.343845 -3.966866 -0.722169 -3.530528 -0.001455 -0.000450 1.001380
-36.617256 102.932777 7.492544 -10.129565 -63.684918 12.147187 -1.615234 -0.829640 10.883466 2.107279 3.313850 -3.346733 -1.241173 3.351278 11.395810 0.774642 3.048968 -1.810612 -10.820575 0.548711 -5.524832 3.789942 30.207318 0.820917 -0.000551 0.000039 -0.001346 -1.054412 0.030084 -2.864290 -0.100853 -3.333154 -0.671995 -0.513227 -1.577215 -0.697316 1.661162 -5.135428 17.170991 -59.965053 -13.619111 -24.496904 160.340187 -73.016407 -148.052571 47.543149 -10.277667 -22.203344 -6.091669 9.440311 15.605581 -4.544042 -8.154098 -5.416263 0.649480 4.313591 -6.245968 0.000170 0.000403 -0.000323 1.963273 -1.840635 1.051691 -41.250486 4.523162 7.615342 -18.273654 -2.282580 0.370040 -2.924618 -3.702953 4.065849 0.000871 -0.000651 0.000379 1.584319 -4.223797 1.592420 -37.810676 8.287055 4.886744 -19.272299 -2.864736 0.856053 2.294877 -1.934455 1.418881 -0.000189 0.000127 -0.000159 5.804589 -2.798606 -14.417761 -35.092458 12.802920 16.538240 -20.489323 -0.288023 -0.178337 -19.482754 -0.735437 -7.384192 -0.000230 0.000451 0.000422 6.608013 -2.131279 -12.236138 -35.297071 10.901250 13.269908 -21.669247 -0.826543 1.302110 -9.577848 2.700797 -7.786509 -0.000093 -0.000080 0.000841 -11.221547 18.728670 12.743154 76.554931 39.208093 0.443638 -173.167975 67.294329 -163.288950 -31.043461 12.440475 -1.413464 13.126379 -12.316927 19.070804 1.361080 7.900358 -8.065124 -0.095941 -5.129977 0.087127 -0.000667 0.001703 0.000253 1.725910 2.526419 1.255654 25.775497 -7.311284 9.387315 9.187844 0.604923 1.417979 0.233304 4.079020 3.188705 0.000012 0.000507 0.000139 -0.062055 4.103258 1.953589 26.098733 -8.030089 6.940674 13.617940 -0.331381 0.499421 -4.114239 1.926929 2.138518 0.000703 -0.000284 0.000606 -4.673041 4.023698 -13.563369 24.791364 -11.444651 19.924858 17.804019 -1.520937 -0.311996 17.717452 0.803866 -7.841552 0.002082 -0.002327 -0.001885 -7.108051 3.223154 -9.813054 29.539812 -8.569400 15.058432 20.548900 -0.601876 -0.134288 8.349712 -2.774648 -7.806199 -0.001101 -0.001192 -0.000191 2.126967 -11.347181 -26.236398 1.876265 -7.366105 46.847308 -0.652049 -0.682227 -11.196548 2.623717 0.231584 -4.298946 0.001838 0.000350 0.999390 11.469318 -9.802984 -3.931389 1.041482 -0.924203 19.600089 -8.108776 -15.028551 -11.230249 -3.508309 -1.631528 -5.463342 -0.001203 -0.000394 1.003700
-37.507828 102.512131 7.855243 -7.363697 -63.016269 9.874906 -1.995180 -0.223699 11.868738 1.986249 4.042902 -4.937273 -0.551916 3.585369 15.701078 -0.092071 3.226654 -0.320199 -11.029065 1.662855 -0.380030 2.318166 25.402111 -2.294374 -0.000076 0.000194 -0.000884 -0.746492 -0.149623 -2.714875 -0.094512 -2.960033 -0.704065 -0.507682 -1.210398 -0.738257 1.864355 -6.194697 18.044869 -59.910731 -6.465336 -26.825342 128.217540 -76.731186 -114.116854 48.283484 -6.144417 -25.644529 -8.822623 10.413540 15.475508 -3.500987 -7.621788 -5.598989 1.375300 3.910580 -6.059519 0.000352 0.000656 0.000086 2.203352 -1.196465 1.393339 -46.652758 5.718923 7.944750 -19.914302 -2.500305 1.313198 -2.465050 -3.294824 2.472089 0.000834 -0.000946 0.000303 1.862258 -3.824311 2.348616 -43.072853 9.761995 5.679611 -21.635481 -4.048943 1.621435 1.970916 -1.736110 0.279035 -0.000178 0.000510 -0.000018 6.103594 -2.711881 -13.132328 -40.759937 15.582238 16.493678 -23.045680 -0.757456 0.207914 -19.752045 -0.532760 -7.280405 -0.000242 0.000991 0.000066 6.696825 -1.709349 -10.335990 -40.572185 11.864828 12.885801 -24.176022 -1.045831 1.490244 -10.310777 2.634086 -7.150331 -0.000311 0.000284 0.000715 -10.273559 20.388663 12.871678 74.969951 35.746452 1.806795 -160.864542 73.163260 -149.474519 -26.692078 7.794797 -6.760316 14.409146 -12.809616 18.397961 1.244588 7.831486 -8.243021 -0.294302 -4.715918 -0.446079 0.000107 0.000983 -0.000209 1.669288 0.248666 1.122672 30.438193 -8.354512 9.588336 10.574821 0.666781 2.055674 -0.162634 3.941458 1.666960 0.000076 -0.000041 -0.000442 0.319446 1.809639 2.906224 30.368307 -8.618914 7.116982 15.045767 0.351677 1.105223 -3.993482 1.769034 2.401435 0.000206 0.000029 0.000549 -4.059782 1.954944 -12.352594 29.265401 -13.175352 20.069647 19.107783 -1.369955 0.112444 17.188987 0.435233 -7.256494 0.001428 0.000377 -0.001296 -5.435491 1.592345 -7.802097 33.141121 -9.433688 15.073624 21.673611 -0.348251 0.363553 7.995030 -2.893405 -6.794902 -0.003112 0.001669 0.000099 1.428730 -7.561448 -28.206295 -0.317393 -6.803666 39.118589 -2.452037 -7.212642 -9.343113 2.119833 -0.074025 -3.075139 0.002195 0.000153 0.999014 10.242273 -11.060068 -5.477680 0.984837 -0.718248 24.612003 -6.572486 -12.390604 -13.650410 -2.525054 -0.730084 -6.075590 -0.001089 -0.000129 1.001201
-38.324909 102.439499 8.213071 -3.003727 -57.497044 7.915381 -2.337337 0.592955 13.046856 2.833889 4.930267 -5.044004 -1.238775 3.937475 18.502900 -1.124428 2.049493 -1.892615 -10.372439 3.494545 2.179460 4.593920 20.762233 -2.886793 0.000200 0.000586 -0.001008 -0.111450 -0.239583 -3.055629 -0.131580 -2.465186 -0.551432 -0.540948 -0.721662 -0.592871 2.773935 -3.358334 17.841585 -59.833698 -2.627389 -28.411798 82.923825 -77.075351 -68.732133 63.229125 5.485089 -22.981738 -12.207192 20.184125 18.987431 -1.697076 -4.453195 -7.997368 3.067006 6.832010 -2.427792 0.000463 0.000925 0.000481 2.518556 3.807205 2.942675 -63.207223 8.350132 6.995561 -24.064166 -3.373405 2.957059 -3.552994 -3.352057 2.184187 0.000904 -0.000523 0.000196 2.249111 -0.281515 4.852785 -58.618026 10.527104 5.025879 -27.123862 -4.857034 2.774976 1.311724 -1.648741 -1.163789 -0.000081 0.000671 0.000174 7.237393 -0.132588 -10.162208 -55.571715 18.571196 13.523007 -29.195332 -0.819042 0.765988 -22.545982 -1.258088 -8.515293 -0.000158 0.001175 -0.000002 7.234121 1.190635 -7.836575 -53.419292 12.867828 11.543781 -31.404536 -1.442764 2.234107 -13.866978 2.138383 -8.633379 -0.000264 0.000521 0.000620 -12.075994 20.006392 13.845418 75.776560 27.214540 5.960530 -163.645305 81.690035 -155.187451 -39.984470 4.714083 -3.736050 16.974704 -22.147196 22.453210 -1.747240 5.265747 -10.214899 -1.360779 -6.590454 0.740100 0.000237 0.001110 -0.000198 -0.140260 -2.714694 2.804597 41.294288 -11.556889 8.841803 13.127056 1.105457 3.350519 0.334159 4.436883 5.458279 0.000148 -0.000139 -0.000487 -2.360278 -0.688396 4.984949 41.054726 -9.716672 6.864212 17.001623 0.372833 2.149154 -4.839773 1.576134 2.799423 0.000421 -0.000037 0.000668 -7.447811 -0.867683 -10.541386 38.599703 -14.073770 18.663132 21.912140 -2.639006 0.849701 18.099619 -0.072614 -7.304659 0.001634 0.000020 -0.001250 -8.178112 -0.747453 -5.277639 39.984072 -9.421605 14.683891 25.493290 -1.500054 0.594187 8.860912 -3.688024 -7.522857 -0.002626 0.001287 -0.000028 -0.027264 -8.731741 -26.981218 -0.718089 -7.120686 26.113872 -4.888874 -10.432109 -4.158464 1.141530 0.565555 -2.038192 0.002292 0.000064 0.999026 8.932031 -11.720692 -7.287364 1.685740 -0.049219 26.785304 -5.015236 -13.739437 -14.278544 -3.365248 -0.127326 -6.564168 -0.000975 0.000082 1.001720
-39.061390 101.897308 8.564776 -2.161804 -52.806907 11.338538 -1.753583 2.011150 16.635119 2.569926 4.377356 -4.660425 -1.903448 4.056559 18.975653 -1.473314 2.987914 0.929185 -11.083353 2.901768 5.664116 3.098643 18.650904 -5.587451 0.000021 -0.000128 -0.000517 0.151261 -0.062845 -3.265072 -0.086781 -2.210106 -1.447843 -0.522853 -0.477309 -1.469148 2.824146 -4.624650 14.522042 -55.353425 -3.100206 -31.857556 30.823746 -53.823426 -16.649891 48.489428 24.255293 -36.996703 -5.810544 13.948483 14.336681 -3.160780 -7.117093 -7.518427 1.721773 7.051247 -3.232999 0.000013 0.000728 0.000138 3.768522 0.940614 0.573123 -57.121511 5.788358 6.871151 -23.373561 -5.305995 2.296274 -4.358327 -3.761581 0.783817 0.000899 -0.000095 0.000251 1.499211 -2.483166 3.106126 -52.227773 8.298582 4.288451 -26.135597 -6.186025 2.799379 0.446072 -1.928861 -2.605763 -0.000053 0.000038 0.000411 4.052002 -2.028713 -13.004962 -46.119363 15.722170 15.592852 -28.228389 -1.964598 0.251250 -22.791913 -2.123909 -9.308020 0.000369 0.000710 0.000029 3.300577 -1.861260 -11.500312 -45.057466 11.935812 12.816119 -29.565447 -1.618128 1.691601 -13.551258 1.491118 -9.300097 -0.000044 0.000277 0.000267 -13.732804 20.838991 12.799410 74.820440 22.703168 12.915463 -6.146886 76.773098 2.159926 -27.702972 -1.346099 -3.093436 14.006108 -20.254747 21.343976 -1.906582 5.618303 -10.019204 -1.205817 -7.950037 1.054432 0.000263 0.000573 -0.000301 -1.562715 -1.701935 2.752259 40.177845 -11.445937 8.526971 13.828834 1.234709 3.063578 0.959627 4.917014 5.587895 -0.000326 0.000134 -0.000376 -3.448124 0.463112 5.208222 41.067838 -10.756410 6.556480 17.567321 1.118474 2.219530 -4.229463 1.754432 2.528239 -0.000272 0.000639 0.000178 -8.201902 -0.268389 -10.129357 38.495153 -13.480725 19.227317 22.806333 -1.998617 0.875426 18.730416 0.523555 -7.719176 0.000301 0.002341 -0.000914 -8.752685 -0.473598 -5.134343 39.532942 -8.668418 15.195988 26.217056 -0.401053 0.687255 10.068920 -2.913607 -8.324126 -0.004740 0.004018 0.000245 -0.449505 -6.695865 -31.129170 -2.237034 -6.628873 27.584283 -2.243211 -10.534664 -6.412571 1.908926 -0.402487 -3.210978 0.001882 0.000150 0.999327 9.840443 -18.126837 -14.387770 1.518927 -1.999312 33.952728 -3.122196 -17.935924 -13.374307 -1.799480 -0.337155 -5.298423 -0.000798 0.000363 0.999251
-39.710163 102.097229 8.909068 -2.186683 -50.053345 13.523431 -0.884166 2.137964 18.581409 1.975164 3.403505 -4.334068 -1.469196 3.290525 18.578729 -0.897295 2.891668 1.399193 -11.868323 2.522866 3.570937 2.356200 17.266167 -6.801678 -0.000452 -0.000251 -0.001246 0.257235 -0.017237 -3.371014 -0.050655 -2.055561 -1.527771 -0.490876 -0.309199 -1.570507 3.056571 -3.409428 14.661045 -55.493410 -1.979621 -31.809028 29.498836 -52.339909 -15.158480 50.610973 23.560114 -36.266822 -6.032829 13.841603 15.240937 -2.654707 -7.324654 -8.222723 1.706902 7.370813 -2.252002 -0.000148 0.000216 -0.000315 4.679534 -0.445877 0.389237 -58.864044 5.619033 6.487297 -26.135464 -6.599616 3.143606 -6.263852 -3.653253 0.188325 0.000599 0.000094 0.000187 2.696559 -3.785046 2.606068 -54.478766 8.402949 3.920413 -28.687584 -7.433182 3.557357 -1.004974 -2.045554 -3.359049 0.000183 -0.000298 0.000100 5.122887 -3.557560 -14.009336 -46.922863 16.659001 15.382574 -30.815277 -2.103483 0.545729 -25.422018 -2.535396 -9.599532 0.000172 0.000138 0.000244 4.310114 -3.386500 -12.427877 -45.302773 12.849475 12.427681 -32.062314 -1.827464 1.913498 -16.262108 0.892132 -9.682819 -0.000157 -0.000006 0.000429 -13.593090 21.032419 12.623810 75.067722 22.417944 13.684216 -8.301218 74.089241 0.789910 -23.607144 -1.464488 -1.963819 14.271369 -21.207383 21.310461 -1.917901 6.134520 -10.558398 -0.957189 -8.011554 1.449670 -0.000792 0.001766 0.000353 -2.357529 -0.559443 1.985546 40.738971 -11.337338 7.904091 16.081526 2.049171 2.746170 2.544516 4.551134 5.415135 -0.000394 0.000574 0.000410 -3.895430 1.595865 4.794330 41.557285 -11.157931 5.714210 19.780104 2.273340 2.177948 -2.556022 1.677260 0.749442 0.000614 -0.000024 0.000220 -8.634158 0.661456 -10.980010 38.406118 -14.448878 19.001864 25.063863 -0.819699 0.663819 21.403833 1.340139 -9.326070 0.001462 -0.002108 -0.001797 -8.896578 0.710804 -5.555234 39.468580 -9.963741 15.138771 28.058154 1.211324 0.789325 12.696546 -2.107170 -10.736190 -0.001453 -0.000027 -0.000298 -1.127054 -6.414336 -30.394195 -0.294923 -6.192844 23.703515 -3.381886 -9.501402 -3.276367 2.166992 0.004440 -2.797745 0.001850 0.000157 0.999791 10.550896 -15.617699 -15.930164 2.000723 -1.376189 34.636137 -4.148701 -19.549217 -13.307337 -2.170003 -0.919144 -4.613901 -0.001273 -0.000049 1.003269
-40.264099 100.667465 9.244614 -4.439612 -46.737633 15.370737 -1.228478 2.513188 21.315831 2.806552 2.695679 -2.607952 -1.976125 4.022975 17.934761 -0.942698 2.393997 1.233096 -12.605162 2.078837 2.215969 3.464337 16.916126 -5.492396 -0.000272 -0.000333 -0.000871 0.345654 -0.054276 -3.248589 -0.041719 -1.789607 -0.833549 -0.460330 -0.049904 -0.856269 2.469959 -2.779945 12.726317 -52.228431 -2.735306 -33.587939 26.418741 -51.035337 -13.898627 39.365803 20.546104 -34.766644 -2.667422 12.502744 14.318717 -4.083830 -8.416283 -7.606888 1.616665 7.517861 -1.859059 -0.000368 0.000130 -0.000219 5.613098 -2.221671 0.434503 -54.644935 6.155152 4.787118 -27.796814 -7.693970 3.644242 -8.441570 -3.121709 -1.053310 0.000293 0.000361 0.000086 4.026296 -4.838113 2.125747 -50.477934 9.040976 2.276683 -31.564687 -7.570120 3.988628 -4.279811 -1.978981 -4.459159 0.000196 -0.000477 0.000209 6.524590 -4.351335 -14.567271 -41.912168 16.712798 15.741869 -33.597307 -1.936297 0.644328 -28.874422 -3.213661 -10.273652 0.000347 -0.000014 0.000192 5.754297 -4.121350 -12.300320 -39.794404 13.384394 13.455506 -34.568466 -1.730556 2.050593 -20.223581 -0.117764 -10.749202 -0.000012 -0.000067 0.000205 -14.137649 21.559062 9.561054 76.264207 22.836661 13.508411 -10.238349 67.549052 -0.277084 -24.985493 -2.125626 -7.929091 11.564228 -19.588032 20.370509 -0.349223 6.180546 -10.455586 -0.510234 -8.792049 1.736397 -0.000449 0.001161 0.000102 -3.145494 -0.026240 2.042970 39.481461 -9.750112 6.817673 19.705436 3.600423 2.132469 5.294029 4.353518 4.708227 -0.000578 0.000556 0.000254 -4.011370 1.892574 4.003493 40.533952 -10.839257 3.977177 23.685461 3.695996 2.460616 1.039977 1.847605 -1.028509 0.000140 0.000502 -0.000078 -8.458475 1.091022 -11.204006 37.674007 -13.961661 18.173836 28.966126 0.951626 0.600492 25.479865 2.547605 -11.080234 0.000716 0.000195 -0.001440 -8.303151 1.137190 -6.191608 38.578269 -10.071553 15.005846 31.206434 3.572362 1.156335 17.434800 -0.437001 -13.675558 -0.003247 0.002085 -0.000147 0.371234 -6.812313 -34.031625 -1.710405 -7.562669 27.314981 -3.647773 -11.312999 0.696426 0.554266 -0.627512 -2.394286 0.001482 0.000077 0.999928 12.050080 -17.575286 -22.981309 2.503985 -2.402781 47.152685 -1.264856 -22.189175 -14.646794 -1.158505 -0.331027 -4.355515 -0.001128 0.000094 1.001168
-40.716045 100.522247 9.570034 -3.723183 -47.629657 17.254458 -1.564085 2.270150 22.225027 2.634439 2.872710 -2.272893 -2.358264 3.783634 17.326147 -0.622049 2.595047 0.163679 -12.493815 1.780112 1.578737 4.018007 17.564890 -3.395088 -0.000401 -0.000536 -0.000750 0.261568 -0.096603 -3.097000 -0.132544 -2.115053 -0.702335 -0.547095 -0.377702 -0.724570 2.305384 -3.578524 12.633627 -53.114529 -3.264939 -33.682362 28.412658 -53.440975 -15.548054 40.491468 21.889136 -34.367286 -3.061681 14.160089 15.450079 -3.882344 -7.877096 -8.157083 1.934999 7.337744 -1.046284 -0.000439 0.000082 -0.000380 6.217127 -2.034812 0.719420 -58.407036 6.405608 4.470613 -32.955409 -9.728789 5.657680 -10.466793 -3.023890 -3.809677 0.000346 0.000356 0.000213 4.966311 -4.655925 2.516340 -54.741478 8.820099 1.994086 -37.447154 -9.335489 5.980889 -7.022200 -2.405301 -6.816995 0.000146 -0.000588 0.000146 7.803694 -4.293788 -14.299989 -46.091638 18.059856 14.966874 -39.411442 -2.833426 1.503511 -32.752877 -4.157993 -10.950051 0.000356 -0.000132 0.000237 7.077282 -3.831099 -11.646893 -43.343200 14.219369 13.024106 -40.050108 -2.571977 3.054296 -25.012538 -1.600585 -11.356029 0.000060 -0.000173 0.000190 -13.572637 21.812284 9.201633 75.901522 22.610435 11.746870 -12.856743 67.352149 -2.269817 -26.952399 -2.772306 -11.268891 11.821673 -20.104906 20.352068 -0.257053 5.992309 -11.256178 -0.635333 -8.424837 1.992645 -0.000480 0.000976 0.000085 -3.545965 -0.093662 1.481458 42.453183 -9.341426 6.428165 23.564985 5.483479 2.351204 7.254753 4.154342 2.854244 -0.000795 0.000635 0.000257 -3.986500 1.563258 3.554916 43.576894 -10.190028 3.484203 27.609557 5.887664 3.321670 3.661380 2.231606 -3.422042 -0.000101 0.000656 -0.000176 -8.166962 0.745865 -11.503481 40.773255 -14.108541 17.377192 33.320199 3.278629 1.228605 28.814273 4.092520 -13.082441 0.000467 0.000674 -0.001421 -7.316693 0.929489 -6.294360 40.999947 -10.225871 14.556748 34.754810 6.435975 2.377605 21.426897 1.703904 -16.308444 -0.003579 0.002531 -0.000017 1.066815 -7.777494 -36.020714 -2.015761 -8.072536 28.205335 -4.347073 -12.509093 0.382138 0.372622 -0.766369 -2.374644 0.001706 0.000179 0.999979 11.334603 -16.962848 -24.789295 2.532442 -2.955047 48.737833 -0.247770 -21.256409 -15.861421 -1.166821 -0.334507 -4.610135 -0.001368 0.000033 1.000749
-41.058838 100.555740 9.883892 -2.083523 -47.184528 16.754188 -2.195674 2.026375 22.045642 2.783032 3.141381 -2.042719 -3.222168 3.080349 17.402755 0.254635 2.706545 0.050160 -13.023059 1.635914 -0.462977 5.159741 19.949142 -0.857994 -0.000551 -0.000638 -0.000585 -0.033866 -0.058202 -3.639240 -0.103673 -2.262796 -0.841242 -0.522322 -0.535737 -0.864545 0.920655 -3.990240 12.074452 -52.153686 -4.109421 -31.856389 26.510230 -57.382956 -14.606840 39.469568 19.627735 -32.508353 -4.299586 13.233649 15.425243 -3.648269 -7.513091 -7.626112 1.561850 6.677156 -1.331117 -0.000473 0.000035 -0.000502 6.882314 -1.508431 0.473413 -59.040646 7.413450 4.632975 -34.321010 -9.361906 5.892358 -9.620594 -2.958547 -4.269253 0.000370 0.000313 0.000419 5.574598 -3.972749 2.882361 -56.074254 9.460600 1.642336 -38.309829 -9.127616 6.214145 -6.739874 -2.412032 -6.654313 0.000007 -0.000630 0.000048 8.465356 -3.304997 -14.285586 -47.976759 19.568227 13.931066 -40.032527 -3.033291 1.776646 -31.956375 -3.585738 -10.128839 0.000345 -0.000224 0.000425 7.620956 -2.321646 -11.334170 -44.789129 14.967589 12.221561 -40.467225 -3.066717 3.146337 -24.387847 -1.268598 -10.988796 0.000315 -0.000376 0.000226 -11.129517 22.743109 8.033784 78.233345 23.175602 10.631658 -19.031635 63.302274 -6.487322 -27.299310 -3.829261 -19.273750 13.018841 -17.314733 18.010599 0.382810 6.682119 -10.745081 -0.327604 -7.878483 1.641169 -0.000447 0.000671 -0.000053 -2.581506 -0.699658 0.008919 43.293967 -7.989191 6.781533 25.075784 5.773841 2.422477 6.913809 4.519240 0.456017 -0.001057 0.000742 0.000179 -2.385992 0.981696 2.663483 44.453223 -9.084836 3.039307 29.963488 6.600064 3.814945 4.759748 2.908990 -3.695705 -0.000437 0.000911 -0.000214 -5.964235 0.278340 -12.373216 42.352658 -14.173519 16.386701 35.247948 4.334736 1.179527 29.363716 4.358247 -12.735070 0.000157 0.001568 -0.001305 -4.808492 0.272761 -6.693520 42.672880 -9.422829 13.558343 35.961901 7.556172 2.683884 22.492522 2.662672 -16.230340 -0.004281 0.003331 0.000152 1.955126 -9.038154 -39.004909 -2.404611 -7.746474 34.496604 -4.830070 -12.252920 3.083571 0.066830 -0.504880 -1.146281 0.001801 0.000361 0.999875 10.958244 -18.465814 -24.358081 2.414550 -2.955467 47.689214 0.068658 -21.005944 -15.935919 -1.496960 -0.865478 -2.528723 -0.001522 -0.000094 0.999739
-41.285301 99.510422 10.184701 -1.546482 -50.494804 17.056409 -2.520047 1.596230 21.572929 2.235995 3.645776 -2.267012 -3.248896 2.774165 17.967172 0.100714 3.233547 -0.850013 -12.861840 1.205799 0.161710 5.818557 22.091045 2.063919 -0.000558 -0.000248 -0.000682 -0.111172 -0.006577 -3.444439 -0.079416 -2.215771 -0.766538 -0.495901 -0.484428 -0.808327 -0.678588 -6.176865 12.638079 -52.121526 -4.135736 -29.185782 23.092913 -60.690934 -12.837130 40.515485 14.891944 -29.817538 -6.886956 14.066007 17.216827 -3.372514 -6.790119 -7.494589 1.506562 6.023268 -1.522761 -0.000127 0.000074 -0.000274 6.226917 -0.724771 1.372350 -60.675136 7.652773 5.461103 -34.057850 -8.502183 6.392605 -8.752576 -2.586445 -3.899953 0.000474 0.000207 0.000524 5.496189 -3.510201 3.683116 -57.919648 10.069450 2.553618 -37.701279 -8.078588 6.320639 -6.041080 -2.177201 -5.901511 -0.000309 -0.000139 -0.000213 8.886040 -2.662678 -13.150603 -50.692902 20.322006 13.645770 -39.519466 -2.497122 1.997211 -31.415346 -2.882423 -9.443643 0.000033 0.000105 0.000676 8.373539 -1.131206 -9.970004 -47.129467 15.269444 11.692230 -40.531767 -2.777324 3.290277 -24.018415 -0.664818 -10.141372 0.000393 -0.000322 0.000422 -9.714765 23.971683 8.179158 78.836694 24.217684 8.793316 -23.136626 61.872550 -9.881666 -28.498229 -4.442893 -21.533222 15.033787 -15.782978 17.517227 0.215363 6.788192 -10.724716 -0.141469 -6.980599 1.193379 -0.000208 0.000751 -0.000102 -1.652408 -0.967760 -0.784119 44.522970 -7.048176 7.036836 24.866101 6.142760 2.476340 6.654057 4.626642 -0.833185 -0.000881 0.000612 -0.000093 -0.980496 0.675366 1.950392 44.685017 -8.111665 3.193533 29.756717 7.083388 3.855504 4.965197 3.083788 -3.878173 -0.000413 0.000754 0.000172 -4.301069 -0.005903 -13.217493 42.805453 -13.799426 16.018767 35.262448 4.766198 1.109999 29.330901 4.508348 -12.517133 0.000635 0.001051 -0.001385 -2.874065 0.262567 -6.873216 43.184775 -9.159743 12.688137 35.725758 7.927044 2.641163 22.351936 2.951021 -15.892236 -0.003850 0.002915 0.000332 3.216709 -9.549744 -40.071856 -1.475252 -7.313855 39.215226 -3.928974 -9.976732 -0.833120 1.028693 -1.019668 -1.340037 0.001888 0.000510 0.999573 10.398232 -19.572542 -26.106857 1.572862 -3.915983 51.632437 2.679255 -23.712070 -18.802567 -1.726425 -0.887804 -2.457887 -0.001472 -0.000324 1.000257
-41.388218 99.272415 10.470907 -2.260414 -52.920769 16.950462 -1.971664 0.787995 20.070239 1.513689 3.022857 -3.474978 -2.139073 2.884746 18.624154 -0.904810 4.226439 -1.986910 -12.430539 0.816942 2.920355 5.975643 21.896366 2.887920 -0.000264 -0.000071 -0.000690 -0.342493 -0.039949 -3.553007 -0.170702 -2.443019 -0.822054 -0.588660 -0.713325 -0.858006 0.826070 -6.996152 14.482052 -58.693828 -7.157439 -24.848548 23.002842 -62.153288 -12.120939 45.697861 13.183347 -20.654799 -9.180248 17.424064 19.628291 -2.063659 -5.501112 -7.996825 2.066170 5.048728 -1.991511 0.000055 0.000274 -0.000055 5.680183 1.065596 2.511944 -64.615603 8.832770 5.502219 -36.025454 -8.562548 7.148415 -9.417925 -2.265719 -5.276769 0.000480 -0.000049 0.000538 5.425425 -2.036406 4.825825 -61.778752 11.000681 2.859882 -40.300820 -8.317704 7.073918 -7.402736 -2.312171 -6.588069 -0.000358 0.000114 -0.000090 9.458116 -0.933244 -11.491294 -55.361977 21.088759 12.755906 -42.998868 -2.377810 2.403609 -33.339119 -2.708679 -9.401246 0.000017 0.000373 0.000513 9.473666 0.506975 -7.427726 -51.980405 15.588234 11.163556 -43.921204 -2.771652 3.717395 -26.624862 -0.992840 -9.682057 0.000444 -0.000093 0.000427 -9.418657 24.581530 9.988934 78.289854 23.478960 10.167378 -19.975953 61.419785 -8.184993 -33.170087 -4.208833 -16.010961 16.755377 -19.089468 19.233342 -0.934049 6.263011 -11.610072 -0.952715 -6.105652 1.418942 0.000135 0.000721 -0.000263 -1.566334 -1.942618 -0.569522 48.855788 -8.080590 7.422655 28.655224 7.613377 3.536896 8.121929 4.780251 -4.130018 -0.000687 0.000287 -0.000378 -1.574861 -0.375582 2.457123 49.360066 -7.846463 4.376007 34.142109 8.639741 5.216723 7.252197 3.725335 -6.028422 -0.000546 0.000695 0.000249 -5.104767 -1.064372 -12.556416 47.844300 -14.685036 15.827605 40.044198 6.436734 2.478788 32.082852 6.006459 -14.050889 0.000612 0.001201 -0.001101 -4.288580 -1.485074 -5.895236 48.034422 -8.639726 13.031933 39.988271 10.430854 4.930508 25.698574 5.092653 -17.226916 -0.004138 0.002974 0.000445 2.772599 -8.648898 -36.538482 0.669826 -7.264604 38.881943 -1.862586 -6.688449 -8.332969 1.360963 -1.313794 -1.546404 0.001888 0.000460 0.999404 8.171017 -16.894179 -22.715145 1.263131 -4.578300 49.883013 3.140849 -17.256169 -20.812332 -1.512151 -0.770899 -2.810682 -0.001340 -0.000134 1.000121
-41.360355 98.764969 10.740897 -1.852376 -55.527723 13.597508 -1.943037 0.255079 17.776382 1.201032 3.356636 -3.917661 -2.429832 2.824572 19.420595 -0.604589 4.103660 -2.510407 -12.213921 1.077136 4.545084 6.114912 23.235272 2.638150 -0.000172 -0.000368 -0.000815 -0.349731 -0.072402 -3.700255 -0.164076 -2.699542 -1.177250 -0.592964 -0.972009 -1.206781 0.344010 -7.469443 15.441006 -61.342175 -7.894628 -20.418967 21.714658 -65.430962 -10.973694 48.066386 10.730325 -19.012181 -10.200473 19.558210 20.506763 -1.709472 -4.472583 -8.684362 2.378995 5.288473 -1.825709 -0.000125 0.000193 -0.000167 5.767712 2.903675 2.577268 -68.579372 9.121101 5.096569 -36.828774 -9.018449 7.678862 -9.129609 -2.350133 -5.261110 0.000370 -0.000092 0.000622 5.332691 -0.480806 5.076877 -65.865367 10.780702 2.730405 -40.770063 -9.056629 7.467951 -6.907506 -2.380464 -6.668914 -0.000223 -0.000095 0.000042 9.520161 0.345659 -10.935595 -60.449568 21.437090 11.354513 -43.331230 -2.907821 2.435099 -33.172313 -2.873206 -9.451745 0.000206 0.000220 0.000314 9.031491 1.903888 -6.874091 -56.732172 15.094279 10.063208 -44.288541 -3.236276 3.806271 -26.485015 -1.075737 -9.515675 0.000390 -0.000059 0.000250 -9.707350 23.199028 11.382731 79.785981 22.180955 11.540324 -18.221611 63.255985 -7.062849 -36.127086 -4.591315 -13.626849 17.984609 -22.302042 21.057700 -1.664262 5.385475 -12.315532 -1.272445 -5.603161 1.558550 -0.000085 0.000847 -0.000133 -1.485640 -3.306099 -0.275400 52.188029 -9.247402 7.392904 29.045780 7.991874 4.024785 7.581846 4.646085 -3.600385 -0.000446 0.000210 -0.000148 -1.677049 -1.657397 3.400241 52.502160 -7.580125 4.598744 34.224563 9.073592 5.499648 6.519467 3.551378 -6.061583 -0.000167 0.000647 0.000106 -5.428043 -2.143868 -11.565365 51.095414 -14.978479 15.282796 40.410820 6.795128 2.717786 31.811578 6.030874 -14.179937 0.000595 0.000744 -0.001131 -4.421446 -2.841895 -5.028114 50.649166 -8.128498 12.891453 40.713657 11.066024 5.378222 25.494195 5.101608 -17.380723 -0.003863 0.002505 0.000265 2.141765 -8.886113 -33.920115 1.354008 -6.461502 42.514335 -1.826898 -6.112746 -9.923191 1.303826 -1.149694 -1.449354 0.001702 0.000366 0.999585 5.802650 -16.249233 -20.555551 0.487085 -3.970435 51.199564 4.339285 -16.570726 -21.390306 -1.767006 -0.922912 -3.036224 -0.001350 0.000008 1.000502
-41.194447 98.692741 10.992989 -0.268457 -52.611645 7.938072 -1.815020 -0.694565 16.114597 0.051108 3.422283 -5.530429 -1.478800 1.783580 20.828903 -1.140582 3.722413 -3.891566 -11.220938 0.859643 6.745405 6.833223 21.017434 4.571703 -0.000124 -0.000365 -0.000708 -0.405020 -0.070183 -3.476949 -0.150834 -2.556656 -0.912083 -0.571618 -0.833482 -0.934251 -0.247332 -9.742964 15.690028 -61.853211 -7.034194 -16.303599 17.140724 -67.793172 -8.742359 45.233920 8.977443 -16.522585 -11.552372 19.925255 21.376439 -0.850469 -4.725037 -8.357775 2.814159 5.196188 -2.606767 -0.000206 0.000041 -0.000126 4.960341 2.868767 2.893454 -67.563260 9.504127 6.036706 -32.398068 -7.785116 6.145913 -7.828156 -2.308475 -2.630686 0.000126 0.000176 0.000442 4.785311 -0.426032 5.551807 -64.202291 10.455815 3.853459 -36.140747 -7.837807 5.433223 -5.082205 -1.939385 -4.363177 -0.000108 -0.000144 0.000181 9.562117 0.117493 -10.254538 -59.174450 20.366560 12.070543 -39.469309 -1.842019 1.352094 -30.994595 -1.980008 -8.767995 0.000412 0.000100 0.000192 8.665992 1.941693 -5.813438 -54.035258 13.176854 10.777125 -41.373553 -2.596748 2.913210 -24.012151 0.026204 -8.857618 0.000204 -0.000186 0.000232 -8.108266 21.388439 12.591503 79.948669 20.742634 12.713257 -17.914679 64.479950 -7.198344 -31.161858 -4.426433 -12.416485 18.884950 -21.779649 21.432000 -1.832441 5.258854 -11.812806 -1.188062 -5.461205 1.074723 -0.000019 0.000680 -0.000223 -0.824794 -4.096050 -0.117408 50.294325 -8.881047 8.476769 25.656706 7.004255 3.660881 6.399515 4.876258 -1.657840 -0.000386 0.000186 -0.000178 -0.885712 -2.775495 3.388734 49.144676 -7.082440 5.956310 30.181716 7.697990 4.506585 4.698665 2.985070 -3.942148 0.000048 0.000852 -0.000006 -5.059351 -2.943075 -11.196008 48.309871 -14.109762 16.194207 35.908512 5.213311 1.688473 29.253304 4.451236 -12.459849 0.000273 0.001626 -0.000923 -3.753954 -3.776589 -4.538523 47.027515 -7.069308 13.282558 36.690366 8.737389 3.474435 22.351628 2.784191 -14.984737 -0.004340 0.003210 0.000129 0.814227 -8.544362 -29.444648 2.133914 -6.001405 41.831083 -2.462621 -3.829023 -9.835231 1.003876 -0.457733 -0.379897 0.001329 0.000194 0.999614 4.716312 -15.662254 -20.795261 -0.274278 -4.331366 53.684408 4.186209 -18.098747 -19.996697 -1.999035 -0.436593 -2.423079 -0.001375 0.000138 0.999793
-40.883194 98.598457 11.225430 -0.444326 -52.852250 4.925568 -1.459477 -1.217688 13.932044 -0.407368 3.599454 -6.020593 -1.672389 1.745107 21.494104 -1.257416 3.707822 -3.913511 -11.574597 0.895942 8.594194 6.466410 22.003424 4.312512 0.000073 -0.000156 -0.000806 -0.356417 -0.077518 -3.503659 -0.161413 -2.787195 -0.966899 -0.583924 -1.058671 -0.988400 -0.735946 -10.270865 16.362714 -62.763394 -7.579705 -13.072625 15.099954 -67.586944 -7.245697 45.234104 9.321952 -16.102552 -11.734172 21.403125 21.974042 -0.505275 -4.273498 -8.802583 3.256823 5.739413 -2.321957 -0.000029 0.000096 0.000110 5.024242 3.866198 3.224217 -69.018662 9.834732 5.830151 -31.280889 -7.337476 5.796850 -7.599772 -2.347462 -1.548992 0.000095 -0.000008 0.000342 4.651075 0.452126 6.086926 -65.186036 10.328502 3.908636 -35.053644 -7.504805 5.008988 -4.536863 -1.895243 -3.634414 -0.000223 0.000109 0.000179 9.470794 0.947785 -9.745699 -60.292152 20.109954 11.901681 -38.474496 -1.594789 1.132946 -30.415804 -1.944828 -8.640536 0.000349 0.000358 0.000128 8.182821 2.651437 -5.063972 -55.110359 12.671965 10.705882 -40.714290 -2.476869 2.692514 -23.206238 0.193699 -8.726595 0.000100 -0.000083 0.000381 -9.310742 20.434870 13.701722 81.022187 20.418335 15.228279 -14.707651 64.138852 -4.911472 -30.278392 -5.805969 -10.965273 19.287190 -23.185918 22.183146 -2.303808 4.404679 -12.189968 -1.286715 -5.877934 1.217481 0.000111 0.000836 -0.000244 -1.019664 -4.896622 0.156822 52.023400 -9.732561 8.316795 25.106363 6.866586 3.654614 6.156619 4.947995 -0.375826 0.000039 -0.000006 -0.000243 -1.028978 -3.642696 3.626356 50.388209 -7.105559 6.085800 29.393320 7.255730 4.284970 4.096671 2.880866 -3.373073 0.000445 0.000636 0.000178 -5.235114 -3.716981 -10.639927 49.429179 -14.030541 16.057424 35.187785 4.761752 1.472265 28.718206 4.246991 -12.138210 0.000566 0.001280 -0.000900 -3.656051 -4.660609 -4.076240 47.876396 -6.696086 13.302749 36.184914 8.210706 3.150442 21.597208 2.430104 -14.683306 -0.004061 0.002819 0.000067 0.507952 -8.164140 -26.704707 2.414107 -5.565201 42.096899 -2.694556 -3.089161 -10.491626 1.039665 -0.303703 -0.649916 0.001156 0.000134 0.999387 3.397437 -15.238783 -19.822978 -0.408530 -4.283342 53.805247 4.406726 -17.687724 -19.120711 -2.286467 -0.247890 -2.629054 -0.001214 0.000190 1.000163
-40.419281 98.192963 11.436406 3.341067 -45.129416 -1.437083 -0.178490 -0.599523 11.273913 -0.734747 2.849126 -7.618348 -0.440321 1.409461 23.109581 -1.759201 3.668341 -2.381664 -11.298819 2.245969 12.660526 3.673218 21.394369 -0.241366 0.000432 0.000727 -0.001307 -0.488122 -0.181056 -4.115947 -0.220628 -3.047428 -0.483954 -0.628417 -1.280443 -0.540754 0.300953 -8.093970 18.707354 -65.892836 -8.068006 -10.878591 13.696052 -62.854992 -5.741525 56.127746 14.219916 -13.426523 -13.512820 24.461150 23.622329 1.223041 -3.367632 -9.327852 4.123643 5.947822 -2.100954 0.000622 -0.000262 0.000353 5.816174 5.876107 4.147810 -75.121389 10.355479 5.882501 -31.632950 -7.952276 6.649401 -7.333646 -2.177209 -0.865250 -0.000260 0.000187 0.000243 5.580132 1.544724 7.724190 -70.893572 9.748505 4.164477 -35.955996 -7.969945 5.280330 -4.007904 -1.737691 -3.353440 -0.000539 0.000921 -0.000410 10.288005 1.578008 -8.456233 -66.083722 20.650439 10.618970 -40.303801 -1.873207 1.325982 -30.963744 -1.927385 -8.687017 -0.000496 0.000403 0.000359 9.433750 3.471452 -4.138749 -61.587446 12.869264 9.900836 -43.198052 -2.666806 2.871827 -23.752400 0.056615 -9.023963 -0.000038 0.000036 -0.000074 -12.018019 21.217957 16.939305 84.058472 19.841969 17.704029 -11.591479 61.284567 -2.377428 -37.424846 -14.631949 -6.696278 19.651874 -29.646875 24.027864 -4.347810 2.889620 -13.521770 -1.728150 -5.969754 1.650056 -0.000185 0.001752 0.000051 -2.408199 -8.910944 1.911722 58.887708 -12.263799 7.330694 26.910575 7.868722 4.393106 6.315826 5.384084 0.019658 0.000229 -0.000409 -0.000279 -2.428965 -6.687672 5.256186 57.632773 -7.796959 5.693650 31.067757 8.595624 5.005582 4.007290 3.135625 -3.528964 0.001267 -0.000327 0.000885 -6.548479 -6.043669 -8.506378 56.530918 -15.763477 15.036779 37.505234 5.751854 1.661732 29.283194 5.004980 -12.307917 0.002434 -0.002050 -0.001606 -4.545861 -7.205399 -1.525080 54.274574 -6.234005 12.849116 38.746124 9.978415 3.953637 22.498479 3.325746 -15.551716 -0.001778 0.000170 -0.000136 -1.377522 -8.215558 -22.734000 1.789853 -3.969697 38.654706 -2.485166 -4.493902 -12.625631 1.078599 -0.498766 0.500770 0.001273 0.000181 0.999314 1.503970 -15.143034 -16.677777 0.240219 -1.896669 50.081433 6.743042 -13.936143 -23.179775 -2.324426 -0.213880 -2.976621 -0.001426 -0.000189 1.002980
-39.795368 97.754471 11.624027 1.957593 -50.239940 -0.994609 -0.490483 -1.415821 10.425234 -0.628636 3.934259 -7.129070 -1.166558 0.746798 21.819457 -1.324716 3.520407 -1.928230 -10.636913 1.940104 12.162818 4.177075 20.353651 2.326396 0.000688 0.000508 -0.001161 -0.241680 0.016544 -4.254722 -0.146967 -3.092751 -1.410669 -0.583674 -1.339591 -1.443847 -0.370981 -9.106454 19.051776 -67.444805 -9.318213 -6.952834 16.754745 -63.303489 -7.322002 52.065347 15.367415 -11.652698 -12.480289 28.404460 25.571839 0.562530 -2.626985 -10.104942 4.178444 6.112228 -1.663906 0.000446 0.000024 0.000588 5.778950 7.928585 5.646150 -75.607117 10.981622 5.812612 -31.900817 -8.635479 6.890846 -7.872897 -2.391387 -1.318063 -0.000172 -0.000294 0.000110 5.390687 2.902669 8.416831 -71.558352 10.485396 4.343563 -36.216201 -8.655621 5.484934 -4.165240 -1.951283 -3.861783 -0.000556 0.000829 -0.000129 10.087275 2.549957 -7.570343 -66.898044 21.131083 10.780098 -40.979522 -1.922633 1.261991 -31.622907 -2.297787 -9.144810 -0.000139 0.000728 0.000092 8.936385 4.136671 -3.382650 -62.589251 13.187482 10.264455 -43.293941 -2.667092 2.849473 -24.678858 -0.351999 -9.085956 -0.000123 0.000107 0.000124 -11.271580 20.135039 17.631556 83.217004 19.911620 18.043412 -8.205620 63.745633 0.092138 -36.958540 -16.004876 -8.618005 17.082692 -29.781500 25.552880 -3.998500 3.328193 -13.789871 -1.166552 -4.908830 1.170805 0.000090 0.001396 -0.000097 -3.796023 -8.891215 2.034925 57.033939 -11.972940 8.016277 24.381645 8.760325 3.925169 5.671557 5.266802 1.442922 0.000759 -0.000578 -0.000311 -3.124313 -6.560633 5.176034 55.196890 -7.605669 6.104080 27.189718 8.772779 4.292184 2.318510 2.871001 -3.259770 0.001435 -0.000156 0.000719 -7.075315 -5.883064 -8.896493 53.211531 -14.948249 16.015050 33.749090 5.847445 1.149753 27.583256 4.735439 -12.474770 0.001940 -0.000779 -0.001260 -4.151591 -6.818414 -2.793160 50.112871 -6.535776 13.200105 34.956134 9.317920 3.097017 20.384599 2.287063 -15.279817 -0.002691 0.001274 -0.000080 -1.274760 -8.581385 -23.285802 3.200228 -4.495361 42.401103 -3.410234 -2.036215 -13.678343 1.578210 0.002714 -1.400266 0.000920 0.000042 0.999145 1.585305 -13.045739 -16.755712 -0.134249 -2.467264 50.488684 6.819056 -15.694602 -22.837377 -3.203759 -0.552071 -2.680840 -0.001063 0.000152 1.001736
-39.004089 98.374367 11.786342 2.014022 -53.868825 -1.409695 -0.157572 -1.618504 9.385700 -0.810083 3.647411 -8.203847 -0.480688 1.250986 21.942070 -2.346642 3.802128 -3.247447 -12.348380 2.007714 13.256278 4.673464 21.291365 3.173057 0.001011 0.000646 -0.001242 -0.109561 0.107462 -4.578354 -0.165310 -3.117152 -1.892266 -0.617534 -1.358087 -1.923719 0.514458 -8.495398 20.826247 -70.350602 -9.253909 -4.516745 16.520441 -68.530615 -5.555111 57.495117 16.246330 -9.392451 -12.691816 34.284971 28.327997 1.890292 -0.584657 -11.235822 5.107656 6.883411 -0.955992 0.000477 -0.000030 0.000749 6.427780 11.903502 6.860142 -82.460368 12.634804 5.071883 -33.884051 -9.072448 7.623475 -7.760572 -2.591045 -1.372517 -0.000373 -0.000439 0.000130 5.849692 5.522995 9.520252 -78.712877 10.852062 4.409624 -38.122340 -9.286094 6.036401 -3.919694 -2.228337 -4.228027 -0.000555 0.000983 -0.000153 10.565462 4.668883 -6.399808 -75.237475 22.232026 8.590442 -43.474192 -2.460535 1.597258 -31.802445 -2.568217 -9.286758 -0.000225 0.000859 -0.000092 9.110466 6.072551 -1.774266 -71.011264 13.068667 9.264172 -46.259114 -3.432547 3.079211 -25.119678 -0.662668 -9.279326 -0.000213 0.000322 -0.000040 -11.963194 20.447948 18.749100 85.725961 18.328358 19.638696 -8.213475 66.153070 -0.115554 -38.257701 -18.038144 -7.905277 17.657741 -33.916492 26.991922 -5.096694 2.009656 -14.603174 -1.508843 -5.440376 1.319805 0.000241 0.001510 -0.000116 -4.587730 -11.435231 2.422536 63.520834 -14.101850 7.483487 25.510313 9.262861 4.468672 5.200128 5.306388 2.364985 0.001056 -0.000885 -0.000400 -3.615863 -8.591676 6.045672 60.622340 -7.508257 6.155849 27.922039 9.130361 4.595872 1.550365 2.969379 -2.875132 0.001788 -0.000329 0.000765 -7.534449 -7.684484 -7.709077 58.570931 -15.255584 15.267988 34.621546 5.992640 1.071947 27.054641 4.637892 -12.301986 0.002258 -0.001231 -0.001229 -3.993553 -8.749585 -1.333983 54.478094 -5.510060 13.143524 35.928384 9.532833 3.146587 19.870994 2.195575 -15.159576 -0.002404 0.000887 -0.000121 -1.776251 -8.364164 -21.362644 3.625091 -4.040485 40.375712 -3.652241 -2.628445 -13.352336 1.693324 0.631504 -0.921272 0.000977 -0.000076 0.999106 0.825736 -12.569988 -15.177031 -0.803690 -2.837178 46.927909 7.084189 -14.163335 -21.816672 -3.704971 -0.887121 -2.501782 -0.001180 0.000259 1.002109
-38.042671 98.844238 11.920205 2.118436 -55.161368 -3.526039 0.383579 -0.870297 7.282193 -0.824687 2.778515 -9.668877 -0.065357 2.053150 22.610152 -2.484464 4.887652 -4.356246 -14.464636 2.425552 16.159839 5.585315 23.960933 4.754201 0.001166 0.000574 -0.000814 -0.232271 0.080800 -5.497048 -0.092336 -3.200161 -3.509539 -0.592978 -1.464066 -3.534099 0.306571 -6.426192 22.457563 -73.154174 -8.371264 0.700170 13.719926 -70.142111 -2.531018 62.273823 10.022505 -5.204989 -12.736979 39.050990 31.992659 3.767612 1.898396 -11.993010 5.833795 6.925896 -0.746670 0.000326 0.000259 0.000927 7.034302 14.964015 7.625947 -88.529813 14.615629 3.758550 -37.613618 -9.351001 8.951844 -8.237851 -2.575656 -2.329277 -0.000293 -0.000380 -0.000093 6.600799 7.832609 10.093212 -84.772374 10.871590 4.449334 -41.417267 -9.891104 6.964411 -4.582490 -2.452578 -4.803995 -0.000251 0.000809 0.000102 11.434011 6.743346 -5.743261 -82.078153 22.851710 6.721991 -47.650998 -3.235895 2.076696 -33.191609 -2.705813 -9.292773 -0.000149 0.000908 -0.000307 10.125027 8.189880 -0.601864 -77.457445 12.183956 8.673725 -50.034991 -4.432111 3.789059 -27.368343 -1.275482 -9.573020 -0.000386 0.000559 -0.000056 -11.119858 20.178670 20.666451 89.599802 16.629484 22.078855 -7.954334 66.201800 0.957150 -40.129186 -17.968583 -6.750496 19.358122 -40.669964 29.592118 -5.921602 0.282928 -15.277390 -2.165011 -5.570997 1.592751 0.000704 0.000978 -0.000502 -3.327692 -14.502499 2.707052 71.591292 -18.562311 5.807841 28.861040 8.938380 5.573724 5.565011 5.091522 1.922830 0.000760 -0.001012 -0.000599 -2.956862 -11.126008 7.384228 68.187391 -7.896712 5.943554 30.984765 9.051254 5.603063 2.225230 3.087163 -3.166838 0.001026 0.000112 0.000439 -7.249375 -9.854273 -6.263560 65.974419 -17.428531 13.966082 38.199845 6.700414 1.659176 28.135136 4.819683 -12.734671 0.001548 0.000681 -0.000785 -3.964992 -11.330108 1.156241 60.210363 -4.237379 13.118033 39.903295 10.623234 3.970229 21.730879 2.758684 -15.603093 -0.004048 0.002701 0.000013 -3.045318 -7.127491 -17.260622 4.393695 -3.455116 37.059991 -4.567766 -2.758334 -14.697411 1.207675 1.810601 0.345400 0.000983 -0.000283 0.999226 0.929913 -10.411274 -12.257205 -1.238587 -1.689091 43.522262 7.789589 -12.076774 -22.790742 -3.901546 -2.387146 -0.262094 -0.001050 0.000440 0.999998
-36.912979 99.944427 12.021284 1.854883 -57.450284 -3.119301 0.132859 -0.658089 6.193112 -0.253174 3.662201 -9.837987 0.206644 2.408020 21.836455 -3.901290 4.227169 -3.822782 -15.001295 3.582638 15.680713 5.982702 26.866453 1.119615 0.000592 0.000778 -0.000990 -0.253154 -0.025202 -4.824323 -0.141946 -2.854920 -1.359905 -0.577156 -1.099143 -1.382887 3.823840 -6.478980 22.293985 -74.829157 -7.427748 0.782009 6.183280 -67.037404 4.111230 68.689910 19.329637 -0.868308 -10.737073 37.778536 31.773622 4.081925 0.463021 -12.004789 5.730253 6.560603 -0.830795 0.000445 0.000260 0.000622 8.894508 15.201133 7.420711 -86.974372 13.166490 4.907002 -35.483328 -10.316102 8.432943 -7.712728 -3.167703 -1.602979 0.000061 0.000112 0.000081 7.342621 7.548315 10.412431 -82.986136 10.180722 4.448704 -39.475666 -10.900080 6.797576 -3.715649 -2.494717 -4.526186 -0.000400 0.000789 -0.000184 11.859212 6.445741 -6.042952 -80.152285 22.312436 7.538367 -44.837059 -3.741901 1.775856 -32.077520 -3.004892 -9.308670 -0.000323 0.000495 0.000406 9.645826 7.580101 -1.250892 -75.806717 11.959856 8.411458 -47.393544 -4.438940 3.289055 -25.622932 -1.226595 -9.619326 0.000132 0.000182 -0.000068 -13.149257 19.998731 19.444207 88.138334 14.695468 22.943078 -5.397501 59.121410 1.995396 -40.815136 -21.783901 -1.277521 16.397223 -38.224573 29.988551 -6.494129 1.569367 -15.057246 -2.440231 -4.716769 1.291854 0.000207 0.001496 -0.000288 -5.566882 -13.591563 4.011094 65.800532 -17.693072 7.075471 24.267881 8.667319 5.021328 4.766614 5.112005 3.670615 0.000085 -0.000381 -0.000496 -5.108543 -10.049680 8.402385 62.156016 -9.299653 6.053612 25.724937 8.546688 4.706556 0.124571 2.520740 -2.117576 0.000731 0.000047 0.000745 -8.887272 -9.092872 -5.678327 59.050665 -17.029367 15.074370 31.858690 5.460407 1.253273 25.868939 3.841110 -11.869278 0.002092 -0.000933 -0.001337 -5.950435 -10.809836 1.027760 54.477781 -5.596760 13.691798 33.639260 9.055533 2.661011 18.117611 1.035704 -14.451581 -0.002690 0.001428 0.000074 -4.473202 -9.374287 -14.090236 3.769621 -5.060277 30.887825 -3.222623 -5.651806 -12.446999 1.491889 2.246356 0.772176 0.000916 0.000204 0.999371 -0.085548 -14.907564 -8.766148 -0.883132 -2.132954 36.796785 9.020988 -15.265195 -21.789745 -4.778705 -1.494604 -3.613586 -0.000924 -0.000030 1.001527
-35.616856 99.704002 12.085185 -2.116189 -47.985916 0.003461 1.793484 1.027924 7.234752 -0.013878 1.745924 -10.195443 -0.157696 4.547420 21.082218 -5.282738 5.266664 -7.021814 -15.545551 2.382231 14.875500 6.676348 21.217083 4.664123 0.000417 0.000704 -0.001491 0.019367 0.252285 -4.962503 -0.075703 -1.793409 -1.827139 -0.529173 -0.003975 -1.903136 3.884843 -4.002717 25.273381 -77.729566 -9.440676 0.736979 10.782018 -76.710557 1.333251 73.104392 15.983959 2.591484 -11.393490 39.550527 31.446520 4.566818 2.071953 -12.464783 7.087657 8.712947 0.332531 0.000876 -0.000515 0.000005 8.547368 16.678154 7.043440 -90.311130 14.020533 2.890719 -35.567998 -8.695552 8.238467 -6.896801 -2.840610 -0.128080 -0.000145 -0.000523 0.000762 7.183581 9.095720 10.402547 -86.524682 9.680872 4.046125 -38.893926 -9.591598 6.161794 -2.430990 -2.016010 -3.860025 -0.000984 0.001273 -0.000945 11.904659 8.230285 -5.759862 -83.839200 20.466276 7.089352 -44.705595 -2.898613 1.806542 -30.179293 -2.602167 -9.446039 -0.000889 0.000543 0.000520 9.670091 9.020410 -0.133655 -80.037022 10.775164 8.083272 -47.467251 -4.661279 3.086260 -22.835527 -0.632776 -10.060948 0.000175 -0.000002 -0.000271 -14.027825 21.856149 21.873055 93.343004 14.350204 23.506725 -9.688343 65.165561 -0.677170 -47.623070 -22.319934 4.310387 17.240151 -42.918656 31.268974 -6.930797 -1.559256 -15.891104 -2.812819 -7.860858 2.360942 -0.000467 0.002536 0.000177 -4.901013 -16.212448 4.872162 71.752988 -20.087848 4.337796 26.109898 7.408339 4.986153 3.996301 5.329448 4.880409 0.000866 -0.000712 -0.000216 -4.495898 -12.150135 8.871211 68.278814 -9.149435 5.853836 29.063379 7.181334 4.611303 -0.049010 2.614745 -1.434322 0.001791 -0.000930 0.001236 -9.003117 -10.021427 -3.860922 67.106312 -18.371635 12.756134 36.040709 4.389493 1.461520 26.034616 3.810917 -11.417092 0.003228 -0.005061 -0.002063 -6.056128 -11.704018 3.926837 62.577694 -4.528701 12.681203 38.061228 9.071366 3.203502 18.695399 1.436586 -14.730826 -0.000061 -0.002106 -0.000013 -4.452649 -9.932781 -14.284613 4.903432 -5.279649 29.548049 -2.502313 -5.924488 -12.408044 0.894240 3.513019 1.015518 0.001554 0.000648 0.999164 0.253095 -11.813506 -10.554961 1.452357 -2.561375 40.285916 9.025332 -11.497340 -23.523604 -4.443297 -2.950903 -3.880171 -0.001698 -0.000526 1.005072
-34.183006 99.495422 12.109051 0.936409 -48.054608 -2.731970 2.047498 1.477773 6.378958 0.788828 1.938934 -10.855606 -0.389736 4.834961 20.974101 -4.593325 6.476712 -5.605300 -18.190387 2.939251 15.037480 6.989342 28.191177 3.033732 0.000626 0.000621 -0.001070 0.014835 0.138540 -5.843202 -0.021756 -2.047562 -2.249766 -0.486611 -0.280048 -2.305536 3.185229 -2.223485 25.371018 -77.518571 -7.288021 -2.529654 10.255375 -72.651824 2.397044 78.157034 18.898531 -0.491038 -10.560551 37.998606 31.551024 4.100091 1.979720 -12.394824 5.794369 7.410705 -0.274805 0.000542 -0.000164 0.000296 8.617876 16.331158 6.597521 -88.185023 12.801291 4.362839 -36.671330 -9.995945 8.490971 -7.394577 -2.804792 -1.479066 -0.000127 -0.000140 0.000171 7.018738 8.656322 9.933131 -84.416010 8.770318 4.613883 -38.973403 -10.791849 6.727299 -3.261507 -2.079290 -4.581130 -0.000558 0.000852 -0.000352 11.427423 7.802877 -6.618862 -81.829007 20.223589 7.791886 -44.339109 -3.973680 1.835075 -31.214035 -2.741954 -9.430437 -0.000500 0.000594 0.000273 9.027329 8.049379 -1.378186 -77.133786 10.827243 8.359066 -46.166693 -5.018998 3.334194 -24.415800 -1.056253 -10.089605 -0.000074 0.000330 -0.000133 -13.691868 23.153745 21.021600 93.313299 13.212506 26.162477 -8.889308 62.272045 0.199514 -49.718160 -25.441604 5.777061 16.534457 -42.786126 31.836227 -6.869354 -0.562632 -16.050278 -2.967794 -6.436120 2.440970 0.000056 0.001937 -0.000230 -4.738232 -15.152072 4.279906 71.341168 -19.193472 4.757061 27.618955 8.534176 5.126202 4.599018 5.137799 2.679171 0.000549 -0.000671 -0.000321 -4.696404 -10.779381 8.808503 68.718968 -8.723642 5.896655 31.029766 8.696885 5.232704 1.104195 2.823863 -3.101087 0.001006 -0.000479 0.000786 -9.320062 -9.196003 -4.435545 67.587956 -17.758257 13.195553 37.846229 6.294520 2.065753 27.680475 4.707707 -12.774425 0.002435 -0.002741 -0.001437 -6.964893 -10.564367 2.903511 62.446270 -4.282852 13.438608 39.547358 10.930711 4.192024 21.157604 2.769883 -15.970542 -0.001839 -0.000215 0.000001 -7.996501 -9.476270 -13.519143 4.745847 -4.016529 28.038233 -1.057704 -5.320089 -13.656261 1.483155 4.249587 2.078473 0.001107 0.000186 0.999349 -0.302641 -12.849055 -7.011474 -0.289696 0.331350 34.937628 7.981382 -12.700155 -24.851205 -5.483123 -3.453105 -2.396009 -0.001243 -0.000089 1.002902
-32.666962 100.003525 12.091562 4.224099 -51.477867 -8.499022 0.986408 1.344849 4.597573 1.067819 2.368415 -9.876750 0.197810 5.664371 19.643115 -4.125526 5.278399 -7.327623 -17.770825 3.030388 13.182495 10.480151 29.107119 9.194322 0.000518 0.000698 -0.001139 0.173261 0.284052 -5.497200 -0.070578 -2.832383 -2.163097 -0.530824 -1.077468 -2.206281 5.333715 -0.786407 25.531520 -79.119061 -6.033152 3.797252 -6.475815 -78.134524 19.071812 75.952169 12.478776 4.725794 -7.080405 45.880518 37.567707 4.215177 3.492946 -12.833541 6.371084 7.562855 0.562398 0.000302 -0.000083 0.000397 9.318343 20.080586 9.590143 -92.363902 15.734984 4.530627 -36.961593 -10.402198 9.242967 -7.517822 -3.425802 -1.305431 -0.000262 -0.000028 0.000149 7.799014 10.264085 11.966227 -88.473096 10.155162 6.009037 -39.543899 -11.106433 7.228965 -3.056841 -2.485321 -4.407233 -0.000037 0.000586 -0.000363 12.686265 8.914679 -4.303331 -86.780872 21.350965 7.957838 -45.641573 -4.130870 1.920121 -31.330446 -2.995951 -9.508282 -0.000644 0.000167 0.000215 10.679792 8.784494 1.203729 -82.029177 10.774235 8.593245 -47.520190 -5.485495 3.453856 -25.161905 -1.323167 -10.078836 -0.000124 0.000393 -0.000044 -12.091961 19.997643 20.847638 93.572915 11.260521 28.410307 -6.615876 60.338296 1.578364 -45.404648 -25.294681 4.063943 13.638911 -44.949378 34.671104 -6.677429 -0.839080 -15.877070 -2.881320 -5.193278 2.288300 -0.000114 0.001790 -0.000301 -5.452108 -15.319380 4.242070 71.969517 -21.791911 5.931174 25.576191 8.532967 5.773516 4.085460 4.693250 3.945258 0.000160 -0.000395 -0.000209 -5.469426 -10.845964 9.239633 67.589033 -7.962547 7.252948 27.480243 8.847738 4.958816 -0.422277 2.508784 -2.707749 0.001016 -0.000318 0.000620 -10.095795 -9.132110 -4.512829 64.745007 -16.626063 14.710323 34.210989 6.040161 1.820505 26.214867 4.118413 -12.685171 0.002805 -0.002804 -0.001531 -7.651579 -10.164447 2.559350 58.254987 -3.839376 13.661683 36.041499 10.362854 3.031233 19.078129 1.375290 -15.177485 -0.001443 -0.000253 -0.000272 -9.247234 -10.916416 -10.762086 1.258150 -3.605727 27.013933 -3.120009 -6.026731 -10.341621 2.020353 6.666039 4.427532 0.001021 0.000014 0.999694 -0.785431 -14.381467 -3.253220 -4.041460 -0.034109 30.391324 8.485158 -16.007922 -20.734629 -6.018874 -5.292384 -2.449571 -0.001321 -0.000379 1.002919
-31.124275 99.688622 12.031359 -0.133041 -53.943876 -3.470267 1.864134 1.053441 4.638294 0.917249 2.711805 -11.486233 -0.690671 6.864315 18.483997 -4.961886 6.639037 -6.883204 -18.828478 1.323901 12.297385 9.198879 29.264308 5.659930 0.000377 0.000473 -0.001501 0.065331 0.203251 -5.302869 -0.144446 -2.464315 -1.108314 -0.574143 -0.679135 -1.187273 2.603194 1.166826 27.497547 -77.173121 -3.357870 2.664183 -37.970407 -86.988382 50.260739 73.517394 9.431096 -1.110134 -10.733092 42.337163 32.051540 3.464673 4.231110 -13.118753 7.294536 8.958155 1.583027 0.000736 -0.000547 -0.000105 8.465744 17.740638 7.111242 -92.911526 15.163281 2.325675 -38.559764 -8.643935 8.541205 -7.148492 -2.928122 -1.424635 -0.000217 -0.000642 0.000680 7.130936 9.844240 10.332999 -90.037665 9.692884 4.338172 -40.918296 -9.855322 7.089891 -2.947474 -2.116601 -5.007911 -0.000642 0.000986 -0.000820 11.992973 8.997639 -5.325234 -88.280561 19.896929 7.073880 -46.218128 -3.748157 2.276209 -30.860386 -3.117102 -10.122419 -0.000862 0.000532 0.000173 9.149341 9.553165 0.595543 -82.864415 9.510693 8.777574 -48.305067 -6.050266 3.954698 -24.571554 -1.281438 -11.138894 -0.000188 0.000427 0.000042 -10.721791 19.301894 23.128555 92.657539 8.931980 25.881263 -8.782175 69.165898 -0.937849 -40.952575 -18.723939 -0.027075 17.504729 -42.314212 30.687156 -6.790141 -2.186972 -16.125354 -3.016911 -7.564956 2.346837 -0.000523 0.002502 0.000009 -5.128937 -15.036470 4.068994 72.489753 -20.364159 4.412677 25.795661 7.131987 5.058231 3.346479 4.891827 5.271430 0.001159 -0.000760 -0.000023 -4.572195 -11.255302 8.668605 68.299617 -8.071482 6.407196 28.476234 7.112093 4.694475 -0.999505 2.253112 -1.561349 0.002164 -0.000998 0.001077 -9.241580 -9.230160 -4.261026 67.141486 -17.436637 13.548287 35.359512 4.395255 1.616129 25.110631 3.395994 -11.652966 0.003210 -0.004890 -0.001907 -5.779525 -10.534219 2.773516 60.937609 -4.259008 13.403012 37.469111 8.311811 2.597248 18.244142 0.787429 -14.500202 -0.000217 -0.002083 -0.000274 -8.207111 -9.651470 -11.507127 2.683492 -4.002849 24.140387 -1.800257 -6.905201 -10.763090 2.289288 4.963145 3.728915 0.001648 0.000296 0.999228 -0.151181 -11.972434 -4.607829 -0.820082 -1.488427 30.480041 7.832872 -14.545107 -20.342503 -5.704123 -3.678178 -3.128331 -0.001797 -0.000650 1.005054
-29.610497 99.989334 11.927041 2.724297 -68.728545 -7.717911 1.331012 1.442913 4.704804 0.856195 3.492363 -10.758778 -0.718525 6.140165 15.342694 -3.877358 6.044559 -8.462810 -19.174271 2.699231 10.924637 13.741949 30.319300 11.083061 0.000536 0.001066 -0.000849 0.321476 0.242665 -5.663459 -0.058925 -2.367755 -1.092150 -0.485855 -0.612970 -1.130523 2.186672 3.907837 26.157993 -76.339701 -2.897178 9.143374 -13.653873 -80.342739 25.876279 82.145165 5.543562 3.129031 -9.226937 47.257714 36.771988 5.291082 5.873334 -13.406178 7.308312 8.354599 1.572322 0.000365 0.000010 0.000730 10.073690 19.866722 8.953612 -96.147582 17.863182 1.779944 -37.908212 -9.709441 8.771195 -6.596166 -3.174251 -0.862753 -0.000292 -0.000181 0.000076 8.600837 10.477549 11.906203 -92.088052 9.432571 5.511038 -40.445275 -10.175499 6.943804 -1.795440 -2.312347 -4.268078 -0.000157 0.000892 -0.000416 13.270620 9.503705 -4.978759 -91.913263 21.644569 7.060584 -46.152178 -3.636271 1.877459 -30.369304 -2.981767 -9.740632 -0.000848 0.000450 0.000271 10.580662 9.644927 1.006797 -85.802516 9.592904 8.748227 -47.906259 -5.538910 3.635408 -24.685371 -1.067693 -10.436494 -0.000038 0.000491 0.000405 -10.435655 18.197639 21.982108 95.150950 7.416874 29.051848 -4.088725 64.616968 3.636214 -54.505355 -23.988587 6.198108 13.102322 -48.356338 37.121213 -7.415286 -2.595853 -16.118530 -3.036049 -5.507377 1.997523 0.000702 0.001289 -0.000861 -5.961532 -16.643449 5.344457 75.288093 -25.297491 4.984658 23.479436 7.280353 5.757614 2.341368 4.736006 7.143799 0.000305 -0.000315 -0.000809 -5.976284 -12.062719 10.211764 70.030626 -9.142781 7.340502 24.610877 6.436516 4.780644 -3.512938 1.963131 -0.501493 0.000487 -0.000031 0.000729 -10.654775 -10.224655 -3.534065 66.473770 -18.117040 15.133183 31.697194 3.490925 1.550348 22.938397 2.541097 -10.957879 0.002565 -0.001376 -0.000972 -7.614726 -11.803683 3.577914 57.738307 -3.976484 14.075039 34.659581 7.000727 2.154622 15.917630 -0.931102 -12.980275 -0.002532 0.000803 0.000074 -9.604508 -10.160779 -9.895867 3.214376 -3.980682 22.379693 -1.405171 -7.553907 -8.594538 2.425658 6.535681 4.995217 0.000879 0.000021 0.999256 -0.503521 -13.889485 -2.281445 -2.848531 -0.770924 26.160091 8.070395 -15.290801 -19.640772 -7.300512 -4.448249 -1.673836 -0.001114 -0.000654 1.001761
-28.181192 98.474648 11.777181 -3.642579 -41.911857 -5.669654 2.478818 4.761002 4.421931 4.239480 2.539862 -11.006891 -2.761741 9.756996 18.319903 -5.286520 7.939832 -10.111450 -21.695232 2.418553 11.977944 15.352602 34.299649 12.259229 0.000047 0.000525 -0.001431 0.581582 0.527664 -7.044535 0.085343 -1.823635 -2.212308 -0.379979 -0.050442 -2.307228 3.195310 8.289654 29.314685 -80.809140 -4.530327 4.471261 -115.103064 -82.570857 128.556945 87.967026 12.135600 6.958699 -8.474322 46.767632 38.014020 4.879369 5.936063 -12.852555 5.999614 8.352629 0.086971 0.000487 -0.000157 0.000107 9.617045 23.295496 8.837779 -96.267224 17.899110 3.155163 -35.425809 -7.808015 7.268277 -4.650839 -3.463600 0.873188 0.000265 -0.000463 0.000439 7.113501 13.201800 12.115308 -91.130248 8.007192 6.258477 -36.185856 -9.144078 5.707711 0.716306 -2.275568 -2.408411 -0.000643 0.000693 -0.000792 11.330932 12.162520 -4.728820 -90.634604 19.348345 8.276567 -41.176278 -4.282301 1.526490 -26.065342 -1.879163 -8.446366 -0.000949 0.000478 0.000670 8.736959 11.868308 1.287042 -85.708806 6.249390 9.600087 -42.311025 -5.669068 2.826095 -18.943958 0.353472 -9.689181 0.000237 0.000235 0.000404 -15.304023 23.758403 23.433040 102.511608 8.228004 32.626702 0.168274 74.677389 8.699009 -65.772129 -32.890425 18.958704 12.168772 -52.094269 40.009101 -7.802320 -3.362065 -15.714211 -3.131192 -6.597994 1.925502 -0.000454 0.002870 0.000012 -4.336778 -21.172736 5.861824 78.456565 -27.786957 3.690364 23.130206 5.386299 5.440857 1.047821 5.542310 6.147119 0.000515 -0.000019 -0.000029 -5.060862 -14.307909 10.258172 74.346324 -8.847719 8.051336 26.030484 4.807786 4.423112 -3.828967 2.280209 1.286104 0.001102 -0.001081 0.000934 -10.807002 -11.551613 -2.380052 73.069552 -18.602985 13.280507 32.596694 1.929262 1.596513 21.540487 1.485549 -8.984817 0.003376 -0.006933 -0.002167 -8.987222 -12.345794 5.644964 64.997115 -2.104891 13.824235 35.616728 5.992696 2.031967 14.754574 -1.246720 -10.879523 0.000939 -0.003900 0.000034 -12.106360 -12.788554 -11.020234 3.396623 -4.341478 25.128866 1.487938 -7.119894 -10.237991 1.978776 9.903093 6.054795 0.001296 0.000591 0.999388 2.627548 -14.633445 2.146953 -1.774211 0.550310 24.318581 6.847483 -16.766460 -19.955951 -8.848923 -8.225230 -3.054691 -0.001283 -0.000933 1.006396
-26.891935 100.137924 11.580327 -4.818843 -3.265404 -6.383137 2.893653 1.811310 3.221161 2.424247 1.956792 -11.241563 0.586111 7.180041 16.878452 -4.390523 6.281584 -10.097183 -18.882038 3.552259 11.217078 12.982447 31.287357 11.923939 0.000641 0.000359 -0.000824 0.680539 0.440795 -6.880347 0.111028 -1.977726 -1.456799 -0.328693 -0.220336 -1.549672 0.806937 5.021072 28.284136 -78.978576 -5.034444 9.248177 -119.960241 -82.847994 131.794014 92.902393 18.580846 5.220034 -6.240546 49.076033 40.116629 4.809295 7.994470 -12.586264 6.683933 9.259308 0.465695 0.000516 0.000857 0.001023 11.162005 26.116440 10.394669 -99.426061 22.461176 -0.786981 -37.117980 -6.555940 7.569511 -5.349675 -2.667312 -0.226106 0.000718 -0.000484 0.000139 8.732133 15.074843 13.648437 -95.198888 11.679888 2.943508 -38.622107 -7.969566 5.695604 -1.249482 -2.065515 -2.917439 -0.000694 0.000966 0.000115 12.543848 14.264228 -3.429293 -94.648683 22.397042 4.434237 -45.527707 -3.142949 1.642633 -28.101626 -1.501641 -8.345523 -0.000155 0.001420 0.000173 10.200110 14.130058 3.254976 -90.275006 7.444078 8.096197 -47.282561 -5.244143 3.395386 -21.482059 0.421271 -9.808559 -0.000004 0.000754 0.000518 -12.592483 18.688140 25.043605 101.504005 7.878196 33.361825 -6.550941 66.265392 0.322479 -70.038496 -35.557114 10.274055 14.952562 -52.060770 38.910724 -7.593711 -4.414883 -16.139959 -3.779419 -7.223696 1.819276 0.000852 0.001919 -0.000521 -2.560941 -22.811186 6.061242 82.988228 -30.209430 1.563564 26.533778 5.424080 5.577636 2.382699 5.280009 4.726271 0.001098 -0.000545 -0.000834 -3.443245 -15.711411 10.178739 79.267797 -12.001935 6.282846 29.289146 4.913790 4.468856 -1.852907 3.020163 1.109520 0.001051 -0.000362 0.000871 -9.120760 -13.484572 -2.264545 78.119255 -20.755215 11.085333 37.071589 2.750229 1.469519 23.232837 1.829809 -8.998308 0.001776 -0.002758 -0.001058 -7.075239 -14.723263 6.433599 71.039331 -1.486157 14.086243 39.609115 7.924750 2.237640 16.770249 -0.245199 -11.271123 -0.002094 -0.000110 0.000424 -11.552426 -7.419147 -7.113516 -1.091859 -1.401635 20.713822 -0.546215 -8.130700 -5.864603 3.369970 10.653252 5.432510 0.000790 0.000252 0.998453 0.017688 -19.627882 4.055058 0.248135 -4.363158 21.903783 8.347343 -18.071451 -10.981168 -8.200346 -6.951478 -1.281820 -0.000022 0.000092 1.002338
-25.798298 90.204971 11.335018 13.111756 -85.507315 -42.439405 3.444342 2.745987 2.481762 1.443342 2.703977 -11.783554 -1.108950 9.319531 18.746109 -5.458673 7.324142 -12.251523 -21.967413 1.778480 9.915682 16.374948 36.386330 13.935109 0.000357 0.000978 -0.001548 0.209279 0.616264 -7.146860 0.070029 -2.323567 -2.071407 -0.389937 -0.540506 -2.151946 -0.078373 6.359164 29.746890 -81.409417 -3.738358 12.621214 -136.421764 -81.715716 148.946590 82.183313 10.571822 3.226574 -5.210556 51.130539 40.832775 5.241764 8.828820 -13.857039 7.355374 9.126711 0.755669 0.000866 0.000123 0.000345 12.111197 26.142308 9.522887 -100.788368 21.442637 -0.003950 -37.097382 -8.196350 7.655643 -5.164993 -3.390030 0.839670 0.000265 -0.000975 0.000392 9.021932 15.281464 12.363710 -95.612275 8.529823 6.228630 -38.099393 -9.457876 5.700713 -0.259644 -2.355503 -2.444816 -0.000813 0.001233 -0.000733 12.947705 14.101903 -4.508105 -96.098035 20.938692 6.215749 -43.813537 -4.837920 1.600301 -27.627780 -2.190298 -8.681743 -0.001122 0.001283 0.000431 9.617912 13.658363 2.591703 -90.175186 5.414656 9.560432 -45.143206 -6.390491 3.096836 -21.024157 -0.072351 -10.023067 -0.000035 0.000655 0.000894 -11.155474 20.797343 22.577276 101.065471 5.899548 31.152277 -9.144613 74.980510 -0.919140 -61.038006 -26.523383 9.277822 13.450882 -53.713057 39.513044 -7.661513 -4.882785 -16.103908 -3.243251 -6.815463 2.091260 -0.000118 0.003015 -0.000106 -5.234656 -20.991482 6.031630 83.441641 -31.787747 1.752539 25.136982 6.679349 5.851896 1.733941 5.281701 6.140091 0.001598 -0.000501 -0.000257 -5.211800 -14.950139 9.526735 77.656463 -8.251620 8.287132 27.134073 5.552309 4.988247 -3.144778 2.493093 0.532604 0.002129 -0.001479 0.001404 -10.416190 -12.361811 -2.830968 75.596577 -18.398620 13.484232 34.381826 3.405239 1.529644 22.672271 2.297167 -9.834172 0.003909 -0.007004 -0.002038 -7.300342 -13.301799 4.566911 65.582143 -1.814774 14.249645 37.095932 7.108693 2.235796 16.201012 -0.422728 -12.049063 0.001050 -0.004019 -0.000154 -12.317657 -11.000496 -5.809092 4.542793 -3.816998 38.996711 2.822645 -5.411004 -9.345663 2.162422 13.111558 7.414724 0.001213 0.000399 0.998761 -2.028332 -14.745664 6.333130 -5.790143 -0.068608 32.039670 9.874752 -16.456623 -19.135631 -10.007885 -8.618622 -0.886790 -0.000948 -0.000817 1.006471
-24.955866 98.062790 11.039784 164.216885 2.363624 175.241957 3.149177 1.607756 3.369500 0.587834 2.738184 -11.643101 0.020822 9.766001 17.074638 -5.815636 7.672520 -11.755100 -22.773109 1.017322 9.522443 16.498890 37.717047 12.363988 0.000202 0.000909 -0.001367 0.277597 0.254541 -6.713303 0.091417 -2.127890 -1.174170 -0.340765 -0.353409 -1.235228 -4.091848 4.990913 29.821178 -79.405827 -2.547708 14.689140 -80.411162 -87.468568 92.739577 59.385716 10.836773 0.586185 -8.100357 46.750419 35.728182 4.609934 7.499577 -12.810581 7.153396 9.652981 0.611882 0.000537 0.000330 0.000271 11.257466 23.847503 7.935452 -95.095703 20.350787 1.158879 -32.939206 -6.012788 5.877837 -3.847125 -3.661097 3.092999 0.000316 -0.000663 0.000205 9.114792 14.379830 12.055274 -89.278366 7.609803 6.516275 -34.176401 -6.997858 4.030673 1.660502 -2.229078 -0.403962 -0.000484 0.000830 -0.000420 13.153721 13.115146 -4.059245 -88.613342 19.215479 8.888332 -39.128175 -3.965690 0.831309 -25.014727 -1.697101 -8.259788 -0.000841 0.000979 0.000399 9.472923 13.731936 3.238103 -79.930791 4.806673 10.401057 -41.032112 -5.842015 2.395238 -18.338751 0.752891 -10.172742 0.000020 0.000643 0.000959 -8.280785 20.446293 24.093981 97.616162 4.508559 27.234885 -0.249306 77.102947 8.367557 -49.917161 -20.457024 -1.030840 15.770587 -49.499281 36.551607 -7.266982 -3.951177 -15.264683 -3.308828 -8.162225 1.372471 0.000054 0.002848 -0.000237 -4.692931 -20.033915 4.985435 77.719469 -29.412321 4.202273 20.442026 4.542007 5.304465 0.388840 5.683648 8.981930 0.000841 -0.000278 -0.000469 -4.196509 -15.274302 8.848048 70.833145 -7.191504 8.404355 21.619776 3.037878 4.414214 -5.795323 2.254548 3.692521 0.001111 -0.001094 0.000905 -9.278566 -12.022530 -3.497309 67.646680 -17.316662 15.351364 27.923799 -0.055758 0.840429 18.705640 0.347801 -7.225969 0.003218 -0.006426 -0.001740 -5.203570 -13.240419 3.082030 56.335796 -2.875333 14.019141 32.534924 1.571591 0.604089 11.221595 -3.042312 -8.597357 0.000668 -0.003488 0.000015 -10.588221 -10.484540 -8.599708 3.489359 -3.513964 29.850126 1.980651 -9.379306 -9.402094 1.181950 9.788367 6.410787 0.001119 0.000313 0.999094 0.730450 -14.881037 -0.021194 -1.345253 -1.928322 21.372824 11.226756 -18.141990 -19.638438 -8.624538 -5.773866 -0.994408 -0.000892 -0.000582 1.006140
-24.420218 91.756882 10.693163 -24.056692 52.413738 -6.993637 3.807439 3.370191 3.840976 1.569413 2.155739 -12.360439 1.249436 8.930736 18.530323 -5.544559 6.503381 -13.078453 -21.157470 0.517119 6.017675 17.316325 39.257154 14.360329 0.000541 0.000129 -0.001379 0.023882 0.513713 -7.688971 0.122365 -2.357113 -1.033661 -0.305597 -0.589877 -1.101716 -4.730114 2.854789 29.177826 -82.920475 -7.253713 13.838377 -90.599446 -87.602081 101.884606 63.731384 13.823501 0.165963 -6.961172 47.000084 37.611210 3.510482 8.604874 -12.692893 6.454102 9.286823 -0.336633 0.000282 0.000797 0.000384 9.855546 25.919623 8.597656 -93.614576 21.304057 0.849378 -32.901886 -6.672814 6.225863 -3.771533 -3.240508 1.577764 0.000723 -0.000171 0.000029 6.479342 16.366363 11.449774 -88.158822 10.137247 4.861858 -33.491873 -7.549714 4.397676 0.905251 -1.991101 -1.748195 -0.000503 0.000522 0.000253 10.388469 15.802975 -4.398577 -86.438575 18.660980 8.286892 -39.114859 -4.219620 1.186701 -24.990822 -1.630408 -8.534703 -0.000008 0.001110 0.000213 6.382635 15.763124 1.918906 -80.218982 5.388704 10.079529 -40.015651 -5.353922 2.461133 -17.744480 0.775989 -9.935123 0.000125 0.000646 0.000406 -8.239517 20.683317 25.490053 97.251766 7.910881 28.021550 -6.711071 77.906953 1.869379 -56.668684 -21.548417 4.120754 13.878079 -52.421658 38.795472 -6.924895 -4.404392 -16.220594 -3.639380 -7.683519 2.036675 0.000174 0.003104 -0.000025 -3.229707 -21.364715 6.254109 78.458464 -28.251723 3.778325 22.977890 5.270305 4.881571 0.407148 5.542361 5.636465 0.001146 -0.000504 -0.000403 -3.398476 -14.606769 8.978243 73.806657 -8.815421 7.710226 25.561759 3.856849 4.250931 -4.189880 2.654306 1.363443 0.001147 -0.001037 0.000693 -8.759359 -11.860787 -3.370624 71.939703 -18.086817 13.829956 33.192949 2.150090 1.280069 21.603578 1.736023 -9.123343 0.002465 -0.007455 -0.001526 -5.947462 -13.035353 2.726871 64.084208 -1.489085 15.224541 35.998747 5.809063 1.806350 15.424374 -0.891348 -11.027374 0.000722 -0.004181 0.000165 -10.387927 -8.536374 -11.934349 4.442012 -2.598704 30.303590 3.739359 -6.316954 -14.213465 1.582509 12.032733 5.862517 0.000935 0.000204 0.999004 0.511680 -17.460503 -0.194224 1.007639 -4.301672 25.770186 10.750193 -14.727377 -19.749631 -9.020510 -7.817299 -1.700120 -0.000484 0.000208 1.006351
-24.186680 48.229588 10.295386 87.499616 81.363703 153.573791 4.649136 2.715343 3.851148 -0.542851 2.331301 -11.850647 0.854152 7.626851 17.724203 -7.272659 7.136182 -14.076470 -21.159900 -1.981672 2.341265 16.384025 38.103491 12.414714 0.000655 -0.000215 -0.001038 0.368406 0.407795 -6.046325 -0.036784 -2.202020 0.446054 -0.418179 -0.441889 0.385603 -4.933982 3.811490 31.399604 -78.229079 -1.054732 13.266197 6.368736 -89.316528 6.404035 65.270469 7.459612 -2.423296 -8.206573 42.094075 34.650224 3.456232 5.614417 -11.621345 5.976685 9.515252 -1.891409 -0.000388 0.000381 0.000277 8.881807 22.567276 7.719619 -88.967494 19.492217 3.496645 -29.452412 -5.171040 5.052043 -4.133420 -4.040402 3.377436 -0.000102 0.000203 -0.000199 6.166043 13.537609 10.487189 -83.674101 11.003303 5.216103 -30.763345 -6.300261 3.307585 1.000620 -2.630013 -0.182300 0.000341 -0.000220 0.000564 10.292355 13.066476 -5.385684 -81.148306 18.679679 9.495885 -36.772961 -2.571088 0.687766 -24.787297 -1.500960 -8.215025 0.000319 0.000308 -0.000277 6.607076 13.524303 0.193227 -74.833550 5.422504 10.232142 -38.981167 -3.453134 1.845993 -16.690417 1.400813 -9.612274 -0.000363 0.000671 -0.000126 -7.285812 19.939649 26.688835 97.155231 5.735153 26.091277 -0.108782 81.085212 8.980515 -56.153856 -17.299103 3.202883 16.908093 -49.181171 34.101649 -6.813388 -2.933973 -15.030755 -3.357279 -8.491838 1.560796 0.000099 0.001987 -0.000213 -2.748963 -20.555569 5.043773 74.897229 -27.427986 5.875145 21.582953 4.124391 5.073196 1.797253 5.597554 6.906941 0.000278 -0.000281 -0.000113 -3.335695 -14.374011 8.883929 69.297041 -9.506772 7.701468 24.398351 2.589323 4.350004 -3.543705 2.542984 2.691107 0.000871 -0.000090 -0.000073 -8.536354 -11.709027 -3.668838 67.452702 -18.166008 14.700252 31.021931 0.010835 0.996889 21.087158 0.869200 -7.816485 0.001401 -0.003281 -0.001105 -6.013901 -13.070574 2.590050 60.473175 -2.962784 14.619052 34.777985 3.057249 1.341863 13.348995 -1.889332 -9.364539 -0.001847 -0.000648 -0.000325 -14.898040 -10.066413 -20.791137 -9.418600 5.641456 39.572768 1.437802 -4.456083 -11.126747 0.826667 9.720996 6.697378 0.000565 -0.000378 0.999692 1.532928 -16.070705 -5.838949 0.885009 -4.515838 39.495106 10.941710 -15.417575 -18.250227 -7.455021 -5.353430 -2.006579 -0.000743 0.000501 1.003056
-24.190342 95.162560 9.848388 149.143443 52.626476 167.468076 4.897279 2.677154 4.142161 -0.567728 2.706934 -10.613761 0.741365 8.490557 15.487187 -7.055580 7.222344 -13.921111 -21.195594 -1.581763 2.250876 15.459088 38.121147 11.875605 0.000303 -0.000352 -0.000712 0.526216 0.469769 -6.608125 0.063226 -2.191183 0.746869 -0.310258 -0.431532 0.685957 -11.799077 0.794966 24.655772 -79.341736 -5.412264 14.313694 12.388784 -72.669133 0.550366 48.887742 8.333251 -1.349952 -9.368768 41.839313 34.057090 2.581273 6.276817 -11.285049 6.118777 10.370690 -0.542976 -0.000380 -0.000291 -0.000202 7.725943 22.780685 7.762108 -86.264855 19.206141 3.378379 -27.760856 -3.775019 4.262279 -3.159908 -4.039082 4.382422 -0.000429 -0.000302 0.000240 5.564041 14.240256 10.748063 -79.914275 10.723941 4.957385 -29.092473 -4.602575 2.809563 2.121094 -2.259263 0.440597 0.000003 -0.000238 -0.000126 9.851012 14.073576 -4.742033 -76.212947 17.311651 11.122509 -34.827094 -1.831978 0.528098 -23.728467 -1.325028 -8.137232 -0.000192 -0.000078 0.000033 6.324059 14.543291 1.424942 -69.193403 5.570394 10.569466 -36.773781 -3.115208 1.987256 -15.642507 1.843267 -9.749937 -0.000059 0.000257 0.000069 -8.888069 19.786688 23.756661 94.417866 8.094065 24.082427 -13.261946 72.161602 -3.146764 -48.229156 -21.384987 3.772759 15.254015 -50.477880 36.082635 -6.131246 -3.964054 -14.915889 -3.147459 -9.613878 1.802342 -0.000224 0.001872 -0.000256 -2.504078 -20.998429 5.913054 74.452380 -28.793687 5.324163 19.937779 2.513607 5.297637 0.646133 5.751626 8.761453 -0.000147 -0.000121 -0.000134 -3.242282 -15.025181 9.221165 69.316025 -11.276627 7.200838 22.286403 0.774846 4.600129 -5.457938 2.506393 3.764651 0.000568 0.000018 -0.000153 -8.776825 -12.340822 -2.926131 66.400049 -18.581267 15.412772 29.207091 -2.000232 1.275223 19.472398 0.371816 -6.917280 0.001441 -0.003321 -0.001370 -6.145504 -13.879952 3.115416 58.440163 -3.692011 15.395340 33.817552 0.950312 1.169586 11.896270 -2.657321 -8.531859 -0.002104 -0.000144 -0.000038 -12.532847 -9.237827 -13.284187 1.517126 0.450142 40.560036 3.406349 -2.490314 -12.063713 0.042908 9.587883 5.949425 0.000986 0.000033 0.999679 0.007662 -18.115565 5.223523 -1.774804 -3.722042 30.564811 12.181662 -14.955160 -20.870115 -9.251129 -5.276044 -1.933097 -0.001632 -0.000164 1.002671
-24.366287 97.756119 9.354144 166.437552 39.320983 173.857503 4.326356 2.549153 6.261477 0.161009 3.161291 -9.844119 -1.594962 8.670844 10.602004 -6.669843 7.316175 -12.272986 -21.551209 -0.694860 1.959690 17.536017 38.669629 11.506622 -0.000455 -0.000249 -0.000650 0.244640 0.601394 -6.843757 0.214123 -1.404850 0.898766 -0.156346 0.359389 0.851730 -9.492612 4.278523 24.842147 -77.022861 -1.629026 15.003826 16.062340 -75.092339 -4.346288 42.208932 8.838624 -0.547655 -9.988647 39.062032 31.410399 1.961879 6.138183 -11.053559 4.658625 10.008802 -0.565387 -0.000086 -0.000590 -0.000612 9.071610 21.646571 6.624956 -80.450072 17.526443 4.814603 -24.593356 -3.022103 3.436202 -1.175834 -4.543450 5.987389 -0.000164 -0.000954 0.000767 6.566363 14.109055 9.934545 -73.723201 9.337773 5.663249 -25.419565 -4.073534 2.360293 4.724969 -2.278244 2.016974 -0.000619 -0.000033 -0.000850 10.374474 13.553681 -5.356799 -69.992450 17.168609 12.411697 -29.670664 -1.595916 0.067514 -20.345801 -0.831854 -6.795559 -0.000657 -0.000037 0.000577 6.076149 14.251384 0.103452 -61.770860 6.283861 10.956576 -30.925252 -2.733896 1.721576 -11.921339 2.554988 -8.151733 0.000496 -0.000313 0.000890 -9.182450 19.328100 24.878106 94.673301 8.775822 24.477629 0.353077 83.071390 9.468925 -47.269487 -18.081608 5.165835 13.850414 -47.693985 35.795871 -4.711385 -3.044918 -14.369156 -1.921980 -8.437531 1.469202 -0.000615 0.002091 -0.000170 -4.177490 -19.438434 6.003393 68.253122 -24.745318 7.466033 17.723191 3.104120 4.734225 -0.847418 5.931209 8.903117 -0.000105 0.000377 -0.000090 -4.266187 -14.285899 8.984248 64.172008 -9.793367 7.763118 20.088261 1.070994 4.044858 -7.100224 2.676836 4.059522 0.000388 -0.000158 0.000230 -9.500693 -11.646461 -3.104573 60.551975 -16.689893 16.724932 26.071063 -1.857246 1.118938 17.768365 0.361361 -6.301199 0.001885 -0.003902 -0.001827 -6.530880 -13.059307 2.584186 51.625992 -4.257873 15.465344 30.425092 0.473457 1.031057 10.045258 -3.003112 -7.897645 -0.001566 -0.000540 0.000206 -10.655263 -12.969633 -16.966866 5.850360 -2.591113 48.225298 6.262325 1.145975 -12.640201 -0.216268 8.037964 5.776568 0.001443 0.000683 0.999454 0.938980 -17.282064 7.674180 0.930256 -5.384301 30.607067 11.288564 -13.886750 -19.383421 -9.520147 -4.358371 -2.201693 -0.002053 -0.000985 1.003173
-24.649601 98.820457 8.814680 168.800001 27.031461 175.016486 3.973293 1.845174 5.788306 0.373231 3.627019 -9.196683 -2.629773 8.682135 10.264320 -5.633212 7.181956 -9.591880 -21.263254 -0.442690 0.725402 15.329075 40.683408 7.367202 -0.000453 -0.000353 -0.000816 -0.047538 0.425969 -6.444209 0.099855 -1.858658 1.369203 -0.255196 -0.090328 1.345389 -9.708307 4.179699 23.759454 -74.815664 -0.606866 13.848288 17.276262 -73.806426 -6.143566 40.186780 9.798158 1.925083 -10.862556 36.961133 29.086355 1.885551 5.606296 -11.064053 4.543736 9.274743 -0.232540 -0.000021 -0.000393 -0.000812 9.455534 19.865746 5.919364 -79.459523 17.693121 4.194863 -25.640445 -3.125884 3.992739 -1.443103 -4.225188 5.290986 0.000033 -0.000815 0.000677 6.834916 12.742345 9.590358 -73.595365 10.757164 4.936772 -26.926288 -4.136580 2.715357 3.780601 -2.103917 1.654373 -0.000393 -0.000204 -0.000624 10.803022 12.360050 -5.772118 -70.791691 19.292414 11.490837 -30.884172 -1.330426 0.257405 -21.325032 -0.646249 -6.488994 -0.000528 -0.000275 0.000414 6.315972 13.271298 -0.115131 -62.471403 7.649556 10.777649 -32.090680 -2.710060 1.912703 -13.260984 2.474483 -7.650928 0.000416 -0.000393 0.000728 -10.786373 18.456823 23.693784 95.158621 8.605590 22.755331 18.674160 85.592865 28.256030 -47.349980 -16.375745 7.908126 15.366491 -44.434591 33.626737 -4.482394 -2.862887 -14.332866 -1.990849 -7.585517 1.454907 -0.000994 0.002083 -0.000024 -4.798827 -17.622959 5.906043 67.426280 -23.738302 6.976207 19.769298 4.125276 4.734843 0.340577 5.216763 7.649097 -0.000122 0.000363 0.000241 -4.733628 -13.316801 9.253839 63.796818 -9.127202 7.106570 22.378816 1.867490 4.054386 -5.205431 2.424357 3.107155 0.000377 -0.000282 0.000160 -9.539757 -10.816135 -3.267070 60.385438 -16.974497 15.919095 28.592403 -0.772597 1.185186 19.664219 0.448702 -6.933491 0.002011 -0.003852 -0.001974 -6.716938 -11.977407 2.429116 52.258113 -6.241012 15.042958 32.384274 1.765606 1.200572 12.351297 -2.464530 -8.760178 -0.001537 -0.000528 0.000007 -12.020017 -13.347748 -15.952238 4.973590 -2.080274 40.467169 7.388593 -2.668060 -12.288752 0.946459 5.687743 4.835475 0.001396 0.000512 1.000009 -1.327056 -16.632313 6.397948 -0.838221 -4.800878 29.570273 12.590837 -14.036916 -20.536979 -9.486409 -2.896807 -2.697873 -0.001965 -0.000739 1.003319
-24.975386 97.882584 8.232084 167.619028 29.721505 175.339311 4.202759 2.592552 5.768064 0.816451 3.575700 -8.819037 -2.559899 9.079722 10.902463 -6.270982 6.978711 -10.439691 -21.936348 -0.254406 0.665025 16.402478 39.959374 8.235433 -0.000623 -0.000877 -0.000544 0.004966 0.475439 -6.726677 0.171550 -1.468148 1.472536 -0.180670 0.292927 1.447613 -9.337992 4.195838 23.463497 -75.062941 -0.106163 13.809780 13.947595 -70.322318 -3.078763 45.126327 12.244299 2.528531 -9.959052 37.950752 30.057228 2.096884 5.533590 -11.039312 4.602165 9.755464 -0.519289 -0.000482 -0.000630 -0.000985 9.101008 20.984637 6.131756 -80.808911 17.125367 4.769510 -24.203200 -2.586550 3.724909 -1.056788 -4.907735 6.401652 -0.000128 -0.000720 0.000907 6.197270 13.325096 9.926091 -74.374805 9.838133 5.458047 -25.078365 -3.801717 2.486101 4.904402 -2.507369 2.346078 -0.000433 -0.000667 -0.000516 10.221552 12.913524 -5.733801 -71.842165 18.295323 11.809051 -28.904761 -1.372705 0.135837 -19.679662 -0.778409 -6.275444 -0.000112 -0.000595 0.000447 5.624194 13.537217 -0.192179 -64.077319 6.815346 10.624512 -30.339089 -2.490487 1.614954 -10.808775 2.648252 -7.283066 0.000702 -0.000488 0.000642 -11.357279 20.425208 22.753724 94.940045 8.949183 24.174191 -6.555389 81.803533 3.361520 -46.819261 -20.353983 8.376645 13.712208 -44.167343 34.131061 -4.010766 -2.618441 -13.924514 -1.460567 -8.215351 1.322985 -0.001027 0.001662 -0.000004 -4.655342 -18.520908 6.360531 65.537708 -23.490212 7.330440 17.124715 3.068212 4.528486 -0.871896 5.762240 8.746981 -0.000316 0.000718 0.000298 -4.368632 -13.426265 9.423438 61.453809 -10.270667 7.358299 19.779315 0.525152 3.675464 -6.859347 2.654571 3.899197 0.000542 0.000277 -0.000069 -9.279102 -10.881827 -3.140001 58.441365 -17.742589 16.260220 25.316693 -1.980983 1.121882 17.725364 0.399774 -6.174846 0.001253 -0.002481 -0.001803 -6.434572 -11.951682 2.476786 51.123712 -6.649888 15.524533 29.341398 -0.005459 1.186032 9.728218 -2.920634 -7.888899 -0.002789 0.000887 0.000082 -13.379454 -14.513729 -19.885036 3.631305 -1.153353 43.275677 6.968117 -1.715698 -13.952000 1.258141 6.963607 3.772418 0.001218 0.000674 0.999939 -2.021897 -16.515377 8.872384 -2.721905 -4.210178 24.415531 10.893022 -14.636597 -20.462704 -9.151335 -3.665798 -2.113650 -0.002113 -0.000683 1.001794
-25.278748 98.735085 7.608513 170.541333 32.952227 177.237159 4.195078 2.621215 5.727150 1.272362 3.459462 -8.791027 -2.407008 10.492440 10.735005 -6.074901 7.257576 -10.034267 -23.462273 0.653165 2.638034 17.454617 41.727238 8.862187 -0.000910 -0.000823 -0.000894 -0.237769 0.366230 -6.698152 0.093312 -1.691809 1.213449 -0.267071 0.079687 1.182240 -9.083330 4.579215 24.130671 -75.009713 1.017456 11.874980 13.224942 -68.328537 -2.316952 44.134262 13.600150 1.256806 -11.243701 36.288219 28.813156 2.532835 5.186549 -10.871093 4.427718 9.321482 -0.600539 -0.000356 -0.000635 -0.001220 9.523546 19.545087 5.400816 -80.680922 17.486643 4.587893 -23.963640 -2.123357 3.571297 -0.410614 -4.889053 6.760850 0.000089 -0.000675 0.001041 6.671455 12.453877 9.876038 -73.700973 9.278847 5.295250 -24.958136 -3.496866 2.400460 5.621345 -2.428846 2.781239 -0.000613 -0.000612 -0.000689 10.606390 12.266921 -6.094434 -71.353296 18.123345 11.909724 -28.506077 -1.249327 0.076910 -18.729209 -0.589344 -5.879322 -0.000225 -0.000661 0.000726 6.175986 12.976592 -0.615181 -63.895645 7.120789 10.238826 -30.054137 -2.584824 1.390905 -9.752730 2.862083 -6.859749 0.000917 -0.000662 0.000844 -11.840399 22.112367 22.655247 95.131905 9.718529 24.578945 -9.746829 79.713588 -0.161479 -44.641988 -21.594348 3.189329 15.292408 -42.201785 32.415196 -3.630910 -2.867642 -14.061237 -1.317017 -8.356989 1.269528 -0.001420 0.002380 0.000287 -4.692602 -18.207003 5.359468 65.480515 -23.020754 7.653473 17.813145 3.359418 4.486220 -1.202806 5.941093 8.412760 -0.000256 0.000898 0.000442 -3.940305 -13.818665 8.855311 61.609473 -9.081050 7.628021 20.421366 1.292966 3.500793 -6.609109 2.846724 3.864006 0.000765 -0.000182 0.000142 -8.377793 -11.099446 -3.547253 58.858448 -17.296129 16.397849 26.003771 -1.415455 0.837949 17.769726 0.580544 -5.996149 0.001886 -0.005211 -0.002247 -4.683961 -12.096471 1.894155 51.260817 -6.064693 15.281471 29.757783 0.481186 1.128449 10.067397 -2.545192 -7.998665 -0.000858 -0.001637 0.000128 -12.418625 -14.187136 -18.753023 3.585143 -1.541929 38.338111 7.259293 -4.273854 -13.289282 1.713247 6.061335 3.473459 0.001246 0.000925 0.999940 -2.029029 -17.345479 10.437956 -2.066654 -4.799771 22.306021 9.910896 -16.917510 -19.245031 -8.461627 -4.036336 -2.816579 -0.002115 -0.000917 1.004338
-25.494789 98.990364 6.946212 169.137831 39.122693 176.906597 3.983688 3.080598 6.916736 1.063365 3.470415 -8.496302 -2.459332 10.475516 7.393851 -5.700176 7.040917 -8.480867 -24.804826 2.131262 3.627118 15.520478 44.215408 6.558212 -0.000682 -0.000570 -0.000807 0.087704 0.383333 -6.498682 0.066620 -1.796153 0.027764 -0.329861 -0.028167 0.001733 -10.263268 6.213754 23.371422 -72.908493 1.218942 11.511778 14.853008 -59.665963 -4.138380 36.605343 11.660984 -2.983589 -11.838406 30.268758 26.127898 1.046899 3.605766 -9.557075 3.402255 8.259481 -1.402422 -0.000257 -0.000382 -0.000866 8.185347 16.505966 4.524265 -70.311984 15.007336 6.728271 -21.949657 -1.500108 2.796755 0.288278 -4.711234 6.558655 0.000180 -0.000954 0.000699 5.990737 10.720932 8.776011 -63.695177 8.634335 5.607914 -22.805116 -2.562196 2.206129 5.973704 -2.133949 3.104313 -0.000518 -0.000395 -0.000593 9.560695 10.636242 -7.622749 -60.326942 17.689282 14.220614 -26.041677 -0.674411 0.246016 -17.586074 -0.113376 -5.409961 -0.000358 -0.000284 0.000540 5.643319 11.342007 -2.440527 -53.387911 8.532352 11.067947 -27.215278 -1.830952 1.663205 -8.821239 3.219163 -6.400923 0.000578 -0.000474 0.001113 -11.447247 21.925505 22.977878 93.858382 10.434808 25.779117 -10.923184 72.237700 -1.889730 -35.404756 -20.687566 0.149402 15.257626 -37.461736 29.536982 -1.569480 -1.749828 -13.128562 -0.783425 -7.611797 0.915030 -0.000990 0.002410 0.000000 -3.248474 -17.545843 4.546471 56.915305 -18.974934 8.967295 16.545591 2.933730 3.883414 -1.391503 5.674646 7.324284 -0.000105 0.000682 0.000223 -2.662780 -13.431152 7.682531 54.323793 -9.209513 7.518824 19.190897 0.980780 3.408292 -6.423078 2.868249 4.115025 0.000449 -0.000363 0.000132 -7.037483 -11.103941 -4.866948 51.911130 -16.496733 17.757973 24.031969 -1.534259 0.787253 17.214991 0.382457 -5.819892 0.001845 -0.004977 -0.001949 -3.613435 -11.695513 1.243613 45.037977 -6.840301 15.513292 27.924332 0.437180 0.793547 9.634505 -2.661842 -7.668976 -0.001194 -0.001508 0.000173 -12.575836 -14.296786 -20.856904 2.217949 -0.934086 39.429513 5.955148 -7.458705 -8.026912 0.758445 5.281561 3.095590 0.001253 0.000682 0.999648 -3.177493 -18.585528 10.623105 -2.965075 -3.599017 24.215396 8.865097 -15.877181 -14.738154 -8.520023 -3.338972 -5.010581 -0.001869 -0.000858 1.004005
-25.596369 99.313667 6.248658 169.623369 27.105112 176.906139 3.237540 1.398796 5.217687 0.381679 3.280640 -10.390798 -1.072553 10.163293 11.638518 -5.858492 6.787531 -9.912329 -22.889348 1.994577 6.758662 15.185883 38.891316 8.813510 -0.000456 0.000374 -0.001393 0.207742 0.395911 -6.275920 -0.001361 -1.953387 0.358715 -0.388113 -0.157530 0.330259 -8.139239 3.683076 24.939441 -79.352783 0.027517 11.091517 20.715175 -57.334475 -7.238934 45.826982 16.393239 -2.025895 -10.229654 38.664632 29.638506 4.000455 5.671467 -11.207167 5.092485 8.719135 -1.183714 0.000363 -0.000535 -0.000399 11.140407 20.932344 6.355135 -82.947588 19.030220 3.839433 -26.027846 -2.925928 3.983316 -1.150980 -4.275991 6.126091 0.000091 -0.001358 0.000771 8.404069 12.912912 10.832751 -75.906652 8.672025 5.705803 -27.377373 -3.859189 2.203466 4.490688 -2.346922 2.695645 -0.001028 0.000673 -0.001082 11.670127 12.300340 -6.192198 -73.371390 19.995934 11.398559 -31.666850 -1.470447 -0.013190 -20.091080 -0.369065 -5.724823 -0.000959 0.000628 0.000569 7.935063 12.796443 -0.126408 -66.462235 8.069344 10.112348 -33.716062 -2.846599 1.451296 -11.797835 2.800472 -7.265752 0.000537 -0.000168 0.001502 -10.133093 20.716974 22.415462 94.026448 9.895736 24.143214 -9.765405 77.226445 -0.785512 -48.812564 -25.592216 -0.101203 18.204970 -42.422844 30.561458 -4.880453 -3.073769 -13.908653 -2.121616 -8.333246 0.863675 -0.000654 0.003162 0.000038 -4.465814 -19.349972 4.405368 69.316897 -25.876719 7.319628 19.827972 4.280435 5.033061 0.257470 5.924983 7.775533 0.001066 0.000041 -0.000179 -3.857849 -15.217381 8.305662 64.630106 -8.180333 8.319733 21.531643 2.346325 3.751498 -5.050542 3.049073 4.152232 0.001433 -0.001406 0.000890 -8.196126 -12.534682 -3.816561 62.219609 -16.893397 16.863252 27.202306 -0.782114 0.337887 18.453518 0.588770 -6.068617 0.003239 -0.007897 -0.002076 -4.027595 -13.502804 2.386413 53.200283 -4.052671 14.524242 31.145339 1.064904 0.618462 10.768920 -2.363473 -7.713749 0.001593 -0.004655 0.000150 -12.462196 -12.309841 -17.281716 1.707983 -0.568198 35.720191 6.811054 -2.094040 -8.619688 1.646955 6.091426 4.627559 0.001299 0.000847 0.998804 -1.563766 -15.889897 9.823663 -2.054050 -3.263222 25.414860 9.517262 -14.839434 -16.835664 -8.286928 -5.339173 -3.371730 -0.001660 -0.001174 1.007361
-25.594616 100.728432 5.520659 168.521542 31.074602 174.256997 2.177655 1.023713 3.768004 -0.166160 3.350398 -9.542760 -0.146240 8.195683 12.603303 -5.228717 6.908762 -10.238024 -21.332755 1.493726 6.977199 14.809869 37.882461 8.961881 0.000109 0.000336 -0.000468 0.440254 0.200696 -6.066523 -0.145571 -2.450261 1.004275 -0.510427 -0.685566 1.020398 -8.647214 2.449075 23.337824 -77.508387 -0.494182 14.470604 18.038993 -51.162349 -5.770777 39.726092 12.614138 -8.511894 -7.786516 34.649956 28.470248 4.007504 4.354463 -10.797508 4.605834 8.600859 -1.793769 0.000009 0.000301 0.000333 11.811526 19.502530 4.410482 -79.324015 16.428928 5.443690 -27.536014 -4.898099 3.530038 -2.681918 -4.166454 4.530065 0.000283 -0.000901 0.000111 8.704180 12.062321 9.346960 -72.042846 6.114817 6.366743 -28.688799 -5.779907 2.118880 2.787616 -2.496041 1.444880 -0.000673 0.000375 -0.000153 11.337041 11.131747 -7.848236 -69.638540 18.040144 12.233412 -32.521854 -2.861155 -0.298772 -21.774640 -1.079200 -6.603009 -0.000257 0.000861 0.000227 7.013881 11.603998 -2.030205 -62.081322 6.363261 10.337744 -34.275664 -3.822775 1.342799 -13.672153 2.144181 -8.150381 0.000464 0.000301 0.001304 -9.201138 19.047616 22.063034 93.444845 11.626961 21.554516 -18.204893 79.397378 -7.960212 -40.078031 -21.102909 -2.655240 17.989617 -41.591397 30.454684 -4.328181 -2.527703 -13.682621 -2.611263 -8.257293 0.828028 0.000580 0.001684 -0.000672 -3.014275 -19.055264 3.300498 66.199223 -23.289985 8.272529 19.679942 4.079102 4.954493 0.688372 5.505418 7.791953 0.000716 -0.000112 -0.000888 -2.687638 -15.084257 7.810484 60.875255 -7.907206 8.305083 20.930350 2.333327 3.864339 -4.551552 2.874888 4.103136 0.000085 -0.000260 0.000309 -6.854306 -12.790147 -4.921812 58.361939 -16.061171 17.456121 26.300804 -0.584966 0.582676 18.517585 0.438899 -6.353746 0.001554 -0.001863 -0.001056 -3.421219 -13.747204 1.858737 51.663075 -4.011830 14.170905 30.508480 1.100247 0.636949 10.505380 -2.643085 -7.581310 -0.002393 0.000471 0.000612 -11.582898 -10.242703 -11.232241 0.430116 -1.022200 27.437064 3.407079 -6.761666 -7.280519 1.301179 6.641772 5.192345 0.000837 0.000317 0.999030 -1.397567 -13.866055 8.429904 -3.295668 -2.240914 25.108527 9.779658 -14.872944 -13.055133 -7.303470 -5.031856 -2.375259 -0.001096 -0.000290 1.001954
-25.501251 100.292877 4.767209 166.959786 38.281712 171.382848 1.756990 0.982646 3.536810 -0.377486 2.666715 -10.142157 1.159349 7.903226 13.432088 -5.065871 6.557163 -9.820420 -20.711889 1.740377 10.275672 12.287503 36.081390 8.176525 -0.000091 0.000689 -0.000661 0.278882 0.147091 -6.039368 -0.132631 -2.773383 -0.176455 -0.533552 -1.003081 -0.178997 -8.908403 1.646175 22.722830 -78.810022 -1.134773 14.144551 15.742238 -48.088772 -4.683560 37.342510 10.963081 -11.388919 -5.529159 35.516586 30.737833 3.197773 4.339496 -10.271057 4.197403 7.957403 -2.492480 0.000506 0.000536 0.000447 10.985755 20.561659 5.965483 -77.049692 16.674777 6.184922 -27.984981 -4.602097 4.082403 -4.171732 -3.929346 4.738821 0.000782 -0.001056 0.000364 8.773924 12.770286 10.593130 -70.594413 7.083919 6.550009 -29.340791 -5.315382 2.424226 0.560255 -2.265908 1.769315 -0.001253 0.000893 -0.000512 11.894854 11.695133 -6.585295 -67.219040 19.324669 12.257615 -34.198158 -2.637641 -0.512613 -24.253009 -1.075104 -6.610585 -0.000583 0.001241 0.000756 8.550817 12.173649 -0.103363 -60.111043 7.850343 9.938754 -36.283742 -4.022441 1.613585 -16.774371 1.759168 -8.735250 0.000758 -0.000027 0.001494 -9.412163 18.199610 20.866681 92.998553 9.391178 22.418252 -17.425021 69.213125 -6.649176 -37.893344 -20.629649 -9.936916 19.352620 -41.388419 29.602800 -3.804192 -2.857650 -13.531676 -2.433661 -8.765998 1.014525 0.000677 0.002229 -0.000501 -1.920851 -20.250208 2.753346 69.531709 -22.360958 8.116257 24.300140 5.595828 5.554001 3.840023 5.285869 5.977456 0.000729 0.000097 -0.001104 -1.547422 -15.690668 8.089579 64.506952 -6.859098 8.445890 25.791338 4.776184 4.314160 -0.565620 3.307784 2.151821 0.000045 -0.000615 0.000911 -5.520665 -13.259532 -5.283738 62.468293 -16.860396 16.328357 31.605485 2.155389 0.379139 22.925091 1.678732 -8.464071 0.002158 -0.003787 -0.001367 -1.835291 -14.139997 1.282820 54.850885 -3.261457 13.834996 35.446856 4.553087 1.157557 15.955441 -1.023918 -10.460132 -0.001140 -0.001253 0.000953 -10.874527 -7.763677 -8.971758 1.149790 -0.593762 26.289721 1.637052 -3.886509 -10.054206 1.308251 6.644471 6.675137 0.001372 0.000837 0.998631 -2.301658 -13.357385 8.875121 -3.673903 -1.639084 24.083759 11.676035 -10.279190 -18.963990 -8.004323 -5.611894 -0.809752 -0.001081 -0.000513 1.003483
-25.327951 100.884521 3.993426 169.280825 34.703310 174.213106 2.391060 3.087172 4.081631 0.702618 2.429667 -9.670274 -0.492618 8.383310 12.570875 -5.464358 6.824974 -6.361879 -21.613683 2.600988 8.798912 8.973784 44.162267 0.190176 0.000170 0.000275 -0.000021 0.152720 -0.116088 -5.890883 -0.099520 -2.632791 -0.394122 -0.506305 -0.882523 -0.373055 -8.767800 2.384068 21.239433 -74.155632 0.034393 14.158648 12.337712 -46.918914 -2.374740 29.091526 10.316038 -12.701914 -8.347917 26.418381 24.751561 0.827314 0.546546 -9.173837 2.420114 6.531215 -2.208935 0.000016 0.000510 0.000612 9.356705 15.047371 2.834330 -68.199448 12.723406 7.249779 -25.276838 -4.086432 2.911915 -1.715243 -4.010266 4.095354 0.000296 -0.000411 -0.000353 7.025018 9.364029 7.948578 -62.458915 7.123906 5.679526 -26.884565 -5.071500 2.751896 2.928253 -2.191025 1.331043 -0.000401 0.000133 0.000101 9.684034 7.891045 -8.590674 -59.981583 20.378391 12.945522 -28.958115 -2.628751 -0.189505 -20.487478 -0.944781 -5.850170 -0.000026 0.000602 0.000203 6.512152 8.970378 -3.598483 -53.967836 9.887016 10.658992 -30.404200 -3.506480 1.428877 -12.167741 2.149059 -7.595108 0.000073 0.000026 0.001161 -11.913478 19.497262 20.937232 89.774185 10.078998 19.974205 -13.785720 64.967842 -4.421365 -25.394258 -13.669450 -7.945573 18.468021 -32.122447 25.915282 -1.384616 0.029849 -12.497236 -1.479300 -6.708402 0.673511 0.000839 0.001113 -0.000870 -0.740492 -16.167682 1.320244 56.274232 -15.797261 8.816104 19.044540 4.144700 4.092433 -0.523645 5.387879 4.966000 0.000026 0.000048 -0.000784 -0.638366 -12.943272 6.221278 53.113430 -7.044706 7.349813 21.384985 3.319169 3.407967 -3.929411 3.098358 3.144977 -0.000728 0.000312 0.000027 -4.471052 -11.078833 -7.215976 52.246093 -15.264867 17.113239 25.496583 0.525861 0.333731 18.851294 0.862040 -6.840448 0.000725 0.000970 -0.000704 -2.197591 -11.196800 -0.525951 48.953128 -6.215643 13.596038 29.154494 2.558028 0.825684 11.572996 -1.867868 -8.490543 -0.004709 0.003144 0.000606 -10.183343 -9.323957 -9.449774 1.664905 -2.062594 25.790248 2.002972 -12.770226 -6.894829 0.405092 4.425141 3.852194 0.000673 0.000018 0.999362 -2.660015 -14.570515 6.556902 -1.078145 -2.257814 28.449209 10.046422 -15.950840 -11.196620 -5.394857 -2.609133 -2.054620 -0.000983 0.000039 0.999176
-25.086403 100.936508 3.204561 161.978467 53.277709 167.234586 2.434410 0.704949 2.544394 -0.549793 2.031176 -9.540064 1.674730 7.026228 13.546536 -6.104272 6.129610 -13.532436 -19.278362 1.504341 7.479110 19.828780 33.054674 18.321335 0.000127 0.000932 -0.001815 0.879848 0.585847 -7.561481 0.028711 -1.914995 -0.554879 -0.385880 -0.109323 -0.595507 -3.318640 0.440790 25.219457 -83.141972 -2.338977 22.022595 12.070813 -52.164676 -0.102936 54.094187 19.650737 0.272059 6.435775 51.298354 44.937853 5.767177 8.827944 -13.086313 7.110473 10.186985 -0.646017 0.000884 0.000385 0.000229 17.011445 30.767592 11.076140 -92.726200 25.098694 1.137330 -28.014774 -5.911447 4.193301 -3.834763 -4.674944 6.127601 0.000675 -0.000942 0.000466 11.029706 18.085779 13.100776 -85.033101 6.790573 7.334244 -28.582769 -5.909977 1.876012 2.491745 -2.836271 2.267205 -0.001074 0.001157 -0.000544 13.479651 15.988158 -4.714480 -84.902070 19.513504 9.151483 -34.060330 -3.389294 -0.875785 -22.759590 -1.181038 -6.917207 -0.000846 0.001143 0.000577 8.772365 14.530003 2.791857 -77.637231 4.353870 9.362098 -36.111865 -4.079970 0.489443 -13.886729 2.116197 -8.536496 0.000420 0.000418 0.001323 -8.715619 19.038824 22.090435 99.346180 9.201510 26.837625 -17.503205 63.348333 -6.477992 -43.120587 -27.724292 3.961918 12.301011 -51.371069 39.012004 -6.094897 -4.993869 -14.459650 -2.460929 -9.097008 0.729362 -0.000335 0.004022 0.000349 -5.577593 -24.135693 6.984593 77.538195 -35.146417 4.681629 18.921951 5.074508 5.154326 1.084167 6.157822 9.866516 0.002056 -0.000253 -0.000321 -4.322191 -17.590594 10.733732 68.479823 -8.719052 8.326906 19.249984 2.335060 3.942652 -6.011005 3.440378 4.464100 0.002476 -0.002030 0.001405 -8.665567 -15.053682 -1.935371 64.583097 -17.226328 16.372557 24.933392 0.109684 0.688836 17.718739 0.978691 -6.709427 0.004593 -0.010358 -0.002486 -4.925908 -15.047601 5.883562 56.397992 -1.630913 14.628701 27.892235 0.919083 0.226725 8.559901 -2.646778 -7.884869 0.003824 -0.007077 0.000013 -13.718256 -9.808594 -5.960338 3.066172 -1.975173 22.836775 3.097630 -1.409821 -7.545428 5.379674 21.148501 9.758423 0.001070 0.000609 0.998885 -2.363476 -14.742517 3.766440 -4.245020 -2.834903 29.902726 10.887978 -12.949681 -14.584997 -11.231676 -10.020972 1.261495 -0.000926 -0.000565 1.009137
-24.788275 100.967201 2.406004 157.599213 61.277026 168.616326 2.119828 -0.039501 3.570887 -0.867275 2.591904 -9.884638 1.199225 6.341275 11.444752 -5.147309 4.619698 -12.569833 -16.189175 1.635243 5.219074 17.131121 30.809063 16.500592 0.000514 0.000833 -0.001272 0.839737 0.566658 -7.385964 -0.002309 -2.146163 -0.064313 -0.399932 -0.354386 -0.091109 -4.822996 1.311778 24.067209 -81.928724 -3.856566 21.895322 10.168634 -48.514477 -0.762912 48.018755 14.804140 -3.184010 1.762311 46.590828 39.327232 4.284807 7.628134 -12.281407 6.316332 9.299377 -0.674194 0.000617 0.000581 0.000373 14.271871 27.071749 9.571996 -85.860546 21.139044 3.302007 -29.144257 -7.105716 4.568287 -5.290942 -3.860581 4.513154 0.000568 -0.000740 0.000197 9.438410 16.364087 11.816667 -79.094874 6.583070 6.809250 -29.906191 -6.725899 2.431668 0.384331 -2.382331 0.915152 -0.000587 0.000836 -0.000075 12.250110 14.871269 -6.095675 -77.740706 17.941923 10.822297 -34.942237 -3.688940 -0.549642 -24.858852 -1.260134 -7.666951 -0.000612 0.001114 0.000195 7.679410 13.600639 0.576570 -70.943543 4.689127 10.107072 -36.196378 -3.517861 0.893332 -16.410670 1.616046 -8.606887 0.000159 0.000837 0.001086 -9.652008 16.070506 23.314079 98.329174 9.400517 25.426103 -9.538148 61.156965 -1.710875 -45.327713 -24.464155 7.234384 11.555324 -48.167995 37.321526 -5.149870 -4.030864 -14.406032 -2.496428 -7.819650 1.339780 0.000055 0.002987 -0.000148 -4.642452 -20.971068 7.142812 71.163511 -28.259548 6.516157 20.500497 6.802481 4.537420 2.829859 5.342682 7.876151 0.001832 -0.000319 -0.000446 -3.629184 -15.086167 9.227924 63.957649 -7.768576 8.451865 21.493372 3.037013 4.041217 -3.209072 3.029134 1.893206 0.002014 -0.001256 0.001037 -8.163594 -12.898729 -3.679640 59.992908 -16.159081 17.260204 27.643593 1.871765 0.611062 21.014278 1.965403 -9.029065 0.003473 -0.006559 -0.001789 -5.390609 -12.758617 3.923745 54.219357 -2.651840 15.043257 29.311511 3.343170 0.352742 12.342699 -1.406250 -10.449661 0.000866 -0.003604 -0.000096 -13.263848 -9.129625 -5.268416 3.562092 -2.609857 18.911713 4.105891 -0.683998 -5.109985 2.864334 20.199977 9.071711 0.000955 0.000192 0.998996 -0.404194 -13.972419 -0.108043 -2.746636 -2.569675 30.397737 10.015887 -12.651120 -11.101996 -11.683870 -8.263396 1.559434 -0.000716 -0.000191 1.005598
-24.445244 93.856949 1.603292 -22.874254 89.141305 2.161690 1.777496 -0.283686 3.073391 -0.481951 2.952745 -10.592296 1.149689 6.149171 12.915016 -5.009403 4.111267 -12.905754 -14.714762 1.986287 4.791247 16.299795 27.987767 17.209639 0.000619 0.000842 -0.001525 0.754872 0.576369 -7.660912 0.001837 -2.103949 -0.100659 -0.397251 -0.306064 -0.140558 -3.763267 0.886219 25.303789 -82.020253 -4.896008 22.189637 8.449919 -51.772740 0.050077 50.638251 14.655749 -1.739985 1.045340 46.145924 39.038824 4.433812 7.454274 -12.258461 6.374790 9.159271 -1.288797 0.000703 0.000623 0.000430 13.649986 26.943798 9.523974 -86.669304 21.219671 3.140154 -29.866748 -7.488899 4.824459 -6.329537 -3.637878 4.080099 0.000640 -0.000707 0.000187 8.970387 16.389610 11.905288 -79.792347 6.376793 6.464153 -30.766495 -7.197553 2.499100 -0.903526 -2.378843 0.639279 -0.000615 0.000904 -0.000001 11.977181 14.973591 -5.797439 -78.240847 17.113430 10.443260 -36.334683 -4.196208 -0.380199 -26.400836 -1.363319 -8.007157 -0.000547 0.001235 0.000128 7.411157 13.808293 0.391260 -71.528862 4.088855 10.347930 -37.443754 -3.793044 0.985554 -18.109590 1.281935 -8.927438 0.000082 0.000957 0.001014 -10.949506 15.777324 24.060807 99.898177 9.726282 25.621212 -8.251549 62.305269 -1.164743 -49.529138 -24.776038 9.327921 11.064615 -48.861882 37.805372 -5.359428 -4.266927 -14.530618 -2.546786 -7.431084 1.446386 -0.000082 0.003269 0.000023 -4.552510 -21.363628 7.569539 72.548490 -28.933755 6.015370 22.415601 7.782618 4.721649 4.407896 5.103325 6.680528 0.002093 -0.000433 -0.000328 -3.656651 -14.882462 9.123555 65.720221 -8.350145 8.393765 23.528180 3.809182 4.225048 -1.329081 3.068233 0.896167 0.002486 -0.001489 0.001168 -8.526810 -12.678566 -3.674323 61.813641 -16.773105 16.873825 30.224699 2.988843 0.689782 23.041925 2.514330 -10.010349 0.003761 -0.007594 -0.001959 -6.100565 -12.515057 4.357889 56.198784 -2.418719 15.075554 31.117516 5.114837 0.581058 14.614522 -0.573804 -11.681723 0.001609 -0.004620 -0.000241 -11.654780 -9.200722 -6.907217 6.584698 -3.340969 14.426830 3.523263 -0.520087 -4.494958 3.510823 20.301737 9.399904 0.001003 0.000168 0.998897 0.653024 -14.385831 -1.799464 -0.806291 -2.998004 25.736067 10.400563 -12.459939 -11.241115 -12.171359 -8.799464 1.642498 -0.000641 -0.000064 1.006571
-24.069006 93.954971 0.802108 -38.638460 65.906276 -16.937099 0.791818 0.572557 3.830138 1.631663 2.822931 -11.965585 1.218096 5.624866 12.907529 -5.513579 4.839105 -12.942107 -14.431281 1.674043 5.706985 16.969092 26.897556 19.120269 0.000539 0.000706 -0.001704 0.463703 0.564423 -8.423931 0.153919 -1.522018 0.396584 -0.230891 0.276073 0.326446 -1.413514 -0.471753 25.748052 -85.737117 -5.809995 23.863538 7.281583 -50.669722 0.889996 51.058406 15.138024 3.585022 -2.583997 44.574184 37.641292 4.293033 6.565781 -12.201623 5.466381 7.100508 -1.736814 0.001004 0.000982 0.000344 11.522997 25.199150 8.186694 -84.203495 20.567289 3.871747 -31.674028 -9.761817 5.271170 -6.205580 -3.364599 1.361682 0.001341 -0.000641 0.000556 7.704745 15.825622 11.120027 -78.414337 5.852539 6.462951 -32.122402 -9.382986 3.483460 -1.032631 -2.030122 -1.434736 -0.001027 0.001126 -0.000057 11.029094 14.336694 -5.555053 -77.355971 16.416307 10.206878 -37.444932 -6.078775 0.412521 -26.636610 -1.708494 -8.414759 -0.000532 0.001423 0.000396 7.013416 13.544325 -0.034903 -71.742230 4.474678 10.076646 -36.937685 -5.231410 1.371350 -19.062137 0.605783 -8.807001 0.000538 0.001017 0.000789 -12.091122 16.232983 26.275450 101.015714 9.895714 25.685006 -6.269195 63.089374 0.546882 -49.852091 -26.993479 13.156801 10.977884 -49.226279 38.605015 -4.904598 -2.917057 -14.832219 -2.049562 -4.219623 1.157624 -0.000177 0.003801 0.000259 -3.543401 -21.309799 7.626733 69.222092 -25.450907 6.980599 22.177321 8.600915 4.231307 2.714872 5.028487 4.265798 0.002126 -0.000438 -0.000455 -3.114137 -14.199345 9.000115 65.015353 -7.938891 8.579699 23.289290 5.069240 3.823190 -2.292763 2.894238 -0.256808 0.002195 -0.001748 0.001522 -8.472435 -12.005058 -3.836562 61.710316 -17.064408 16.993573 30.434097 4.862518 1.129315 22.816212 3.044760 -10.776285 0.003888 -0.009084 -0.002257 -6.799590 -11.998884 4.357091 57.123452 -1.932321 15.244897 30.370262 7.789482 1.496195 15.346636 0.063110 -12.421880 0.002676 -0.005827 0.000183 -9.569908 -8.288003 -3.792361 6.988514 -2.913797 19.072398 4.664332 -1.161292 -5.055897 5.283227 18.757108 7.654476 0.001483 0.000572 0.998879 1.653229 -11.880468 1.995976 0.524445 -2.134372 25.912783 8.573708 -12.330855 -11.781524 -11.954693 -8.692208 0.849878 -0.000482 -0.000067 1.007977
-23.671280 95.593361 0.008276 145.992162 58.729809 168.871452 0.781616 -0.350743 2.499516 1.156138 3.597106 -11.719372 0.521601 6.434388 14.544321 -4.572953 4.537860 -11.583424 -15.768847 1.624826 6.872604 15.102155 29.328661 15.304362 0.000458 0.001013 -0.001966 0.447062 0.517737 -7.868563 0.028362 -1.994327 0.826291 -0.342083 -0.179212 0.757410 -3.655607 -1.761618 22.945342 -83.460928 -7.462858 23.917173 8.352592 -48.247816 -0.440002 48.049692 14.853746 1.920148 -3.301626 45.038273 36.538129 4.072686 6.693919 -13.166513 6.078070 6.936818 -0.383358 0.001271 0.000871 0.000294 11.948849 24.048307 7.736491 -88.138851 19.612999 2.723557 -36.325749 -11.920253 7.218472 -8.101197 -3.054008 -0.974420 0.001186 -0.000940 0.000445 8.401506 14.622184 11.113231 -82.630815 6.600519 5.864819 -37.139156 -11.737569 5.329349 -3.618434 -2.144689 -3.670505 -0.001294 0.001393 -0.000422 12.029153 13.334706 -5.126436 -81.721715 17.320678 9.575994 -42.352425 -7.470965 1.353482 -30.818706 -2.887264 -9.591130 -0.000893 0.001530 0.000656 8.192090 12.351090 0.835385 -76.111453 5.909122 9.690474 -41.760575 -6.927631 2.501105 -24.462742 -1.055866 -9.761967 0.000514 0.000744 0.000925 -12.744209 16.588862 25.717324 101.557281 7.721572 24.964401 -7.475475 67.192133 -0.576743 -51.400067 -27.248303 13.339769 10.210890 -49.408121 39.046745 -4.332074 -3.034743 -15.263625 -2.200617 -3.906102 1.674652 -0.000477 0.004131 0.000476 -4.844556 -19.597350 7.897316 71.985957 -25.120195 6.080249 24.754453 10.113275 5.331398 4.751824 4.227125 4.094025 0.002207 -0.000478 -0.000298 -4.607714 -12.988939 9.137082 67.516749 -8.556280 8.039545 25.074603 6.296767 4.906824 -0.624719 2.401535 -1.688393 0.002509 -0.002091 0.001765 -9.880487 -11.099588 -3.357294 62.901027 -16.805308 16.785354 32.962283 6.387382 1.948176 25.109488 3.743235 -12.493211 0.004627 -0.010301 -0.002674 -8.280774 -11.131286 4.810669 56.711901 -2.969864 15.352897 32.915184 9.502989 2.236178 18.100547 0.655379 -14.348960 0.003751 -0.006953 0.000138 -13.664627 -10.774460 -4.459821 2.419260 -1.911768 21.291535 3.964307 -1.769551 -5.290825 6.205327 17.473041 5.612000 0.001559 0.000701 0.998951 0.491003 -15.068689 2.676852 -0.437196 -1.892743 26.078282 9.453563 -14.418247 -14.495086 -11.202909 -8.431122 -0.396497 -0.000714 -0.000297 1.009194
-23.263813 103.406349 -0.772241 165.487001 18.148189 168.117424 0.366957 -0.592228 2.289273 1.149448 3.544299 -11.955547 0.916932 6.858035 15.978019 -4.539567 4.842582 -11.599756 -16.325174 1.016845 6.802062 13.785987 31.024053 13.855358 0.000353 0.000875 -0.002133 0.306983 0.539503 -7.834461 0.001462 -2.227424 0.684100 -0.373302 -0.407251 0.616080 -4.261149 -2.330856 22.417777 -83.303523 -7.698719 24.112751 9.474850 -46.352908 -0.504378 47.192103 13.044778 -0.666442 -3.641600 44.237392 35.882027 4.302988 6.693441 -12.908036 5.806823 7.015390 -0.835130 0.001255 0.000794 0.000082 12.194452 24.098647 7.413548 -87.919915 19.676976 3.241632 -35.053910 -10.585048 6.304298 -7.946245 -3.085452 0.254016 0.001176 -0.001146 0.000560 8.706804 14.680386 11.157811 -81.941696 6.685103 5.957030 -35.666947 -11.070871 4.486701 -3.445670 -2.150600 -2.425266 -0.001362 0.001329 -0.000517 12.021056 13.389537 -5.261363 -80.289792 17.718199 9.430988 -41.115131 -7.121395 0.975727 -30.365415 -2.514136 -9.026540 -0.000931 0.001502 0.000687 8.268815 12.623585 0.957177 -73.805124 5.841164 9.580958 -40.652917 -7.070339 2.423088 -23.970816 -0.699785 -9.796289 0.000587 0.000657 0.000933 -13.254569 16.955290 24.713944 101.674355 6.547801 24.894538 -8.013713 70.938638 -0.893720 -56.608970 -25.986826 13.489571 11.549338 -49.992162 38.863282 -4.445340 -3.201308 -14.671835 -2.371919 -4.487054 1.775940 -0.000698 0.004356 0.000625 -4.391958 -19.281047 7.652731 74.060102 -27.027923 5.669866 26.088777 9.762809 5.895110 5.475285 4.215220 4.060156 0.002191 -0.000450 -0.000160 -4.878975 -12.830055 9.015831 69.827347 -9.027483 8.186943 26.662370 6.147854 5.395319 0.304214 2.454198 -1.284501 0.002569 -0.002278 0.001774 -10.376703 -10.958478 -3.234732 65.309918 -17.097139 16.389968 34.477149 5.920714 2.027846 25.752115 3.466844 -12.049490 0.004804 -0.011094 -0.002853 -9.019227 -11.215500 4.985910 57.677623 -2.840664 15.058923 34.904472 9.248069 2.260282 18.966447 0.564727 -14.072238 0.004399 -0.007739 0.000158 -9.594319 -11.421797 -3.128044 7.789082 -4.604804 29.489059 3.064395 -3.126423 -6.845787 5.909045 17.451071 5.251865 0.001642 0.000782 0.999049 5.798487 -17.260028 4.909779 6.467424 -5.792779 30.568213 10.445113 -13.916094 -18.369112 -11.337340 -8.573509 0.454366 -0.000816 -0.000357 1.010094
-22.858385 103.871849 -1.533354 174.637556 -12.220257 167.792153 -0.246714 -1.122007 3.096321 1.182111 4.318185 -11.827808 0.057227 6.083580 15.538493 -3.903654 4.534101 -12.573706 -16.140202 0.428260 4.393654 14.144704 31.698348 14.589705 0.000477 0.000711 -0.001844 0.261868 0.671084 -7.816736 -0.057284 -2.472375 1.507414 -0.405435 -0.659200 1.455256 -2.901561 -2.947893 22.493203 -82.681502 -7.627544 22.817911 9.576738 -50.764875 -0.291164 50.438017 14.250168 1.047206 -2.979041 45.050454 37.060058 4.642946 7.024935 -13.013221 5.673404 6.512333 -1.140520 0.001038 0.000892 0.000092 12.560820 25.388324 7.849838 -88.437385 19.403213 3.849232 -36.656271 -11.166841 6.993809 -8.401098 -3.189249 -0.924545 0.001096 -0.000993 0.000440 8.689632 15.026761 11.231723 -82.833337 7.183668 5.893878 -37.257507 -11.818766 5.281719 -4.395387 -2.296500 -3.147749 -0.001105 0.001063 -0.000245 12.180990 13.660194 -5.553784 -82.262379 18.917214 8.494188 -42.623584 -7.426586 1.513036 -31.517915 -2.521519 -9.020810 -0.000675 0.001358 0.000507 8.520379 12.883427 0.814923 -75.208164 5.858942 9.383760 -41.999784 -7.526030 2.978240 -25.593504 -1.029074 -9.688764 0.000592 0.000720 0.000676 -13.962875 16.502694 24.696437 102.807736 6.337928 23.223754 0.678763 80.743455 7.596838 -62.197512 -29.246394 18.562970 11.050366 -51.657043 39.561907 -4.561965 -3.423118 -14.781061 -2.504415 -3.818404 1.869706 -0.000626 0.003750 0.000457 -4.444477 -20.685894 7.894215 77.181721 -27.383672 5.344150 29.112805 10.993196 6.591261 6.887361 4.188660 2.287604 0.001981 -0.000457 -0.000175 -4.920004 -13.661171 9.122006 72.811085 -8.585099 8.441122 30.002571 7.460845 6.048948 2.191404 2.820231 -2.332599 0.002323 -0.001815 0.001475 -10.454849 -11.451965 -2.754044 68.704771 -17.383481 15.463980 37.988774 7.683606 2.602586 27.783075 4.305599 -12.831866 0.004170 -0.009032 -0.002550 -9.515809 -11.597272 5.718346 60.944631 -2.441523 14.814632 37.855767 11.773135 3.163332 21.474317 1.919564 -14.991259 0.002922 -0.005903 0.000143 -8.678731 -12.400534 -5.806995 10.260998 -5.971197 26.325103 3.343977 -3.755454 -7.433490 5.944512 18.268541 5.208826 0.001498 0.000595 0.999291 8.469460 -17.731035 1.569251 11.103576 -6.938677 25.875195 11.384363 -13.313369 -19.177433 -12.670685 -8.884239 -0.030355 -0.000702 -0.000112 1.008241
-22.466814 103.801285 -2.268859 173.990586 -15.702667 167.136551 -0.309892 -1.282475 3.694378 1.570788 4.229431 -12.623848 -0.431131 5.941128 15.963605 -3.546781 4.105700 -13.570005 -16.373145 0.297667 2.924869 15.221285 31.795861 16.685572 0.000503 0.000924 -0.001897 0.351765 0.813245 -7.906004 -0.087403 -2.535661 1.942870 -0.421612 -0.715702 1.882654 -1.875579 -2.774437 23.863182 -82.886781 -7.622270 21.791659 8.355122 -54.543378 0.535229 49.006702 14.885879 2.400459 -2.655078 45.350302 37.752795 4.726681 7.399436 -12.980714 5.527141 6.183508 -1.534569 0.001255 0.001005 0.000212 12.446518 26.160448 7.883624 -87.673002 19.366876 4.240521 -37.056307 -11.693663 7.240336 -8.691761 -2.884541 -1.365540 0.001218 -0.000997 0.000381 8.590137 15.395450 11.157514 -82.193701 7.170087 5.818953 -37.501805 -12.206449 5.222222 -4.696513 -2.241573 -3.356117 -0.001203 0.001271 -0.000279 12.153316 13.994968 -5.424624 -81.449796 18.333189 8.562979 -42.773547 -7.983439 1.498719 -31.984142 -2.591371 -9.293822 -0.000792 0.001567 0.000554 8.456371 13.121919 0.684520 -74.568602 5.453076 9.510950 -41.834823 -7.709777 3.008942 -26.297124 -1.258508 -9.913783 0.000574 0.000764 0.000770 -13.399331 16.477951 25.168522 105.410926 7.587595 21.568158 9.681871 86.109147 17.383427 -62.118236 -31.033624 19.944953 10.279954 -51.573448 40.176585 -4.232931 -3.016822 -14.677120 -2.239832 -3.124360 1.761399 -0.000566 0.003838 0.000454 -3.860760 -21.242245 8.019987 74.630198 -25.683365 6.648768 28.251195 11.690216 6.239434 7.055763 4.188312 1.748746 0.002159 -0.000529 -0.000264 -4.157251 -14.013078 8.687682 70.142606 -7.432107 9.082274 29.061758 7.946326 5.668019 2.255029 2.886497 -2.816704 0.002440 -0.001979 0.001650 -9.799764 -11.607039 -2.876983 66.132362 -16.532771 15.937818 36.852158 8.699107 2.471923 27.775594 4.618276 -13.243144 0.004440 -0.009311 -0.002591 -8.887047 -11.424464 5.740501 58.586499 -1.855894 14.778047 36.237287 12.509501 2.879238 21.489215 2.191297 -15.173867 0.003187 -0.006315 0.000153 -10.711145 -12.084983 -5.868507 7.741891 -4.727569 25.334036 3.688129 -2.494962 -6.547175 5.841364 18.944228 6.312607 0.001514 0.000610 0.999159 5.289054 -16.588767 1.977638 7.698809 -4.992351 25.911920 11.163062 -13.043348 -16.431595 -13.231592 -9.433938 0.249975 -0.000507 -0.000141 1.008554
-22.100952 99.432037 -2.972453 160.507297 -16.473064 165.749738 0.386546 -0.503960 4.004266 1.603672 3.978435 -13.414026 0.381254 5.995586 16.831600 -4.360236 4.046040 -13.823200 -17.041418 -0.094310 2.853684 15.663079 31.963671 17.268492 0.000503 0.000915 -0.002186 0.408045 0.725594 -8.082413 -0.053125 -2.567467 0.971002 -0.418453 -0.747315 0.895073 -2.390395 -3.982505 23.796922 -84.156869 -7.962396 23.488222 10.011597 -51.009919 -1.428633 44.332873 14.628744 0.994166 -2.003200 43.739642 36.772231 4.369165 7.082704 -13.045121 5.416492 5.951734 -1.913384 0.001285 0.000873 0.000085 12.295992 25.455640 7.369280 -85.295091 18.381538 4.908714 -37.669913 -13.378649 7.737831 -9.712789 -2.908541 -2.432349 0.001198 -0.000751 0.000362 8.103369 15.367421 10.400826 -79.733768 6.291257 6.084819 -38.097335 -13.741459 5.655154 -5.574139 -2.417315 -4.381653 -0.001118 0.001281 -0.000264 11.448815 13.976988 -5.803218 -78.539222 16.780930 9.427895 -43.609435 -9.234032 1.908613 -33.154737 -3.287508 -9.986814 -0.000826 0.001486 0.000473 7.359998 12.885257 -0.064130 -71.288855 5.167249 9.826534 -41.895746 -8.181158 3.164448 -27.746282 -2.069618 -10.446284 0.000375 0.000874 0.000635 -12.489406 17.205960 24.491814 105.730378 8.723285 23.045767 -15.054457 81.827289 -7.119948 -56.976393 -28.473446 17.575989 9.498867 -50.427978 40.112876 -3.826151 -2.453836 -14.690785 -2.118109 -2.514087 1.663214 -0.000803 0.004358 0.000655 -3.431525 -20.556087 8.164220 70.777003 -23.879319 7.459079 27.195715 11.918743 5.912210 7.200776 3.975986 1.451811 0.002325 -0.000633 -0.000065 -3.514409 -13.311559 8.109399 66.161030 -7.284546 9.029114 27.612209 8.259454 5.605602 2.201701 2.663954 -3.550882 0.002907 -0.002370 0.001700 -9.161962 -10.978942 -3.687852 61.683031 -16.350105 16.763435 35.646554 9.482148 2.715720 27.914078 4.964850 -14.122769 0.004929 -0.011148 -0.002843 -8.319760 -10.859763 4.591657 54.709368 -2.426204 15.022014 34.383812 13.132969 3.126389 21.725398 2.387800 -15.920504 0.004500 -0.007916 -0.000080 -14.843553 -10.331558 -5.145783 0.873364 -1.032397 25.707646 3.656288 -2.353985 -5.476333 5.831925 20.495148 7.001148 0.001671 0.000521 0.999245 -0.972529 -15.655488 4.730503 -0.822180 -1.304350 27.199761 12.160444 -13.615803 -17.930569 -13.265050 -9.314716 0.931929 -0.000701 -0.000124 1.010189
-21.772675 94.566368 -3.637750 -22.701900 -5.853408 -15.266490 1.989241 0.297290 3.684374 1.207723 3.376620 -13.878006 1.620397 6.471105 17.008528 -4.747151 3.330940 -14.506543 -17.619125 0.327570 3.496941 15.617204 31.625211 16.753504 0.000411 0.000836 -0.002362 0.616735 0.601644 -8.374286 -0.034921 -2.557069 0.539835 -0.414294 -0.736860 0.446913 -6.287037 -4.610360 23.574610 -86.782804 -7.762134 24.652061 7.520628 -51.865949 0.430091 44.516187 16.211797 -2.827157 -1.876325 44.130505 36.630139 4.157225 7.086259 -13.486713 5.825238 6.535215 -1.535335 0.001274 0.000714 -0.000059 12.319632 25.311971 7.220808 -87.971118 18.551668 4.374731 -37.991291 -14.795050 8.009980 -9.885421 -3.089571 -2.492092 0.001240 -0.000502 0.000462 7.808260 15.501645 10.186670 -82.541762 5.305415 6.723618 -38.432920 -14.889520 6.097831 -5.025981 -2.617900 -5.238770 -0.001077 0.001264 -0.000282 10.903232 14.033040 -5.832870 -81.417511 15.496679 9.827552 -44.215420 -10.047339 1.985272 -32.888476 -4.119662 -10.838428 -0.000796 0.001367 0.000449 6.114941 12.754157 -0.494654 -74.668623 4.068207 10.151908 -42.688349 -8.277417 2.933953 -27.410385 -2.560328 -11.225253 0.000129 0.000883 0.000508 -13.291158 17.779576 25.409056 105.372130 7.386562 24.487355 -15.905719 75.080011 -8.831451 -52.925273 -25.446978 13.140336 8.619257 -50.943548 41.248249 -4.369232 -2.907546 -15.375494 -2.151603 -2.616752 1.561140 -0.000938 0.004780 0.000804 -3.754869 -19.910370 8.558973 71.619934 -24.778113 6.409152 24.411327 11.296081 5.095370 5.184543 4.122038 3.498316 0.002403 -0.000654 0.000045 -3.395110 -12.741875 8.037966 65.833174 -6.847284 8.875474 24.602950 7.503951 5.063387 -0.468565 2.046544 -2.780117 0.003338 -0.002606 0.001759 -8.866188 -10.351591 -4.073352 60.650053 -15.754573 16.957008 33.216831 8.663562 2.236276 25.943130 4.275931 -13.889453 0.005116 -0.012736 -0.003022 -7.666566 -10.425588 3.761574 53.950051 -1.585769 15.107605 31.682185 11.896250 2.415787 19.552321 1.229935 -15.707742 0.005444 -0.009100 -0.000271 -12.447234 -10.513420 -0.579584 5.408273 -2.602168 32.958269 2.802266 -2.238569 -1.724303 6.483133 21.553677 7.545176 0.001941 0.000518 0.999117 1.276352 -17.226182 3.404029 4.173087 -4.326838 27.501065 11.339245 -13.368648 -16.049316 -13.199262 -7.933779 1.589171 -0.000919 -0.000123 1.011326
-21.493881 96.019730 -4.258294 -19.831364 -6.510250 -15.461227 1.978755 0.828433 3.991275 1.500769 3.365186 -14.037707 1.882600 6.651082 17.760965 -4.973893 3.473825 -14.759297 -18.111040 0.432990 3.124029 15.754255 32.200463 16.379529 0.000396 0.000733 -0.002372 0.608380 0.596396 -8.563084 -0.016510 -2.518291 0.228168 -0.406014 -0.702275 0.135262 -3.751801 -5.319568 23.533465 -85.864363 -8.290521 24.251148 9.696287 -49.087488 -1.375927 45.175296 17.529422 -2.309724 -1.082093 43.968330 36.989271 3.946791 6.835083 -13.600704 5.527211 5.928658 -1.723414 0.001244 0.000792 -0.000124 12.571659 25.242629 7.143493 -87.113533 17.858790 5.018735 -39.011158 -16.225930 8.831387 -10.334756 -3.207664 -3.694021 0.001373 -0.000495 0.000482 7.902658 15.438972 9.970473 -82.050155 5.138165 6.936132 -39.276554 -16.329927 6.932477 -5.497202 -2.749025 -6.248920 -0.001055 0.001200 -0.000212 10.918557 13.853254 -5.891211 -81.004400 15.722334 9.927031 -45.106089 -10.981196 2.422968 -33.667971 -4.607202 -11.251075 -0.000717 0.001365 0.000443 6.003875 12.605805 -0.692247 -73.941301 4.211728 10.190511 -43.174701 -8.713696 3.245785 -28.555889 -3.245928 -11.470944 0.000143 0.000926 0.000481 -13.560456 18.918970 23.597813 105.122626 9.201921 25.032554 -17.365633 68.977833 -10.359432 -51.778885 -26.028451 12.661724 7.703750 -50.326741 41.704448 -4.116357 -2.230359 -15.505124 -1.989298 -1.698835 1.464630 -0.000978 0.004842 0.000830 -3.833064 -19.441559 8.346219 69.446843 -23.614882 7.173916 23.884290 11.770881 4.941174 5.103794 4.018846 2.630828 0.002386 -0.000648 0.000079 -3.319421 -12.238348 7.865553 63.685246 -6.501620 9.055276 23.981819 8.189490 5.077725 -0.485958 1.891264 -3.648002 0.003246 -0.002600 0.001738 -8.712228 -9.884314 -4.396580 58.385520 -15.684243 17.388416 32.690393 9.790004 2.501999 26.203499 4.723314 -14.714659 0.005002 -0.013014 -0.003030 -7.507927 -9.921593 3.273357 51.826570 -2.016662 15.267177 30.711308 12.995525 2.771741 20.045393 1.621402 -16.440150 0.005513 -0.009315 -0.000262 -13.217453 -11.033541 -5.066552 4.057122 -1.942839 27.072314 2.470268 -2.508320 -1.499875 6.138369 21.458750 7.661368 0.001941 0.000527 0.999132 -0.504315 -16.821710 2.998711 1.872850 -3.069875 24.246230 11.385237 -13.346971 -16.312374 -12.904652 -7.988267 1.244532 -0.000842 -0.000090 1.011492
-21.276482 90.750580 -4.827581 -34.966044 34.758984 -16.578341 1.977892 1.449997 3.673723 1.667349 2.883741 -13.947057 2.353619 6.453414 17.856824 -4.972658 3.832489 -15.414369 -18.638672 1.112211 4.003061 15.972264 31.683589 16.378427 0.000384 0.000613 -0.002418 0.649461 0.480434 -8.777362 0.016323 -2.366138 -0.600543 -0.399850 -0.555272 -0.694901 -3.858151 -6.095753 23.378104 -87.448861 -9.779530 26.311428 9.695156 -50.000106 -1.634343 45.599592 17.378923 -1.818342 -0.424242 44.677239 38.165191 3.879869 7.363920 -13.525963 5.301182 5.709057 -1.884936 0.001245 0.001022 -0.000139 12.320131 26.339214 7.160044 -87.008957 18.281022 5.212750 -37.492056 -16.372169 7.996521 -9.812576 -3.346751 -2.798958 0.001652 -0.000538 0.000604 7.638031 16.081054 9.905211 -81.986736 4.737511 7.179013 -37.249968 -16.458841 5.911926 -4.504711 -2.664767 -5.505492 -0.001207 0.001218 -0.000122 10.758442 14.355632 -5.954270 -81.148179 15.490749 10.069154 -43.282300 -11.282530 1.775747 -32.435857 -4.402875 -11.056262 -0.000578 0.001535 0.000529 5.758885 13.080413 -0.453110 -73.895748 3.486396 9.848615 -41.359636 -8.844204 2.698352 -27.103683 -2.862542 -11.413559 0.000326 0.000958 0.000454 -14.430201 19.560992 24.734286 105.077343 7.971174 24.537360 -19.887881 67.959384 -12.477317 -52.077543 -27.122550 12.082269 6.821565 -51.296827 43.148928 -4.258342 -2.482602 -15.605580 -2.063337 -1.448066 1.313314 -0.000932 0.005081 0.000908 -4.020766 -20.052211 8.661529 69.188081 -24.250423 7.399137 21.985789 11.213360 4.427604 4.065911 4.127763 3.401810 0.002565 -0.000673 0.000006 -3.034353 -12.417660 8.157705 62.938378 -6.265277 9.106563 21.771114 7.852980 4.482695 -1.906018 1.668995 -2.919674 0.003197 -0.002678 0.001820 -8.305230 -10.051730 -4.471142 57.352662 -15.413655 17.789001 30.533450 9.465016 2.018649 24.758441 4.136439 -14.323498 0.004969 -0.013883 -0.003067 -6.852460 -9.904396 3.057496 50.593891 -1.428043 15.102665 28.750584 11.990565 2.246344 18.465299 0.670556 -15.662931 0.006055 -0.010022 -0.000099 -11.530253 -10.747627 -8.538524 6.366245 -2.369180 24.897736 2.646543 -2.096938 -2.949355 6.600283 22.008584 8.209758 0.001925 0.000678 0.999037 2.411239 -17.775792 1.465115 7.816724 -5.748675 22.522221 11.948325 -12.502435 -19.087073 -12.475293 -8.644739 0.954700 -0.000613 0.000012 1.012146
-21.132393 100.599815 -5.339073 164.312170 74.512008 176.332148 1.702919 0.419149 2.565456 0.448792 3.009988 -13.754311 2.972039 5.572106 18.364627 -5.348721 4.842761 -15.998756 -17.924114 1.096621 6.750074 15.744186 28.725757 17.832774 -0.000002 0.000782 -0.002888 0.569254 0.384791 -8.602176 0.000097 -2.184515 -0.747175 -0.422088 -0.356762 -0.844046 -6.316949 -7.814626 22.666454 -88.627950 -10.801064 25.943288 9.723765 -42.143708 -3.141238 41.933778 16.525604 -3.273118 -0.249131 43.041851 36.869558 4.284410 7.845657 -13.040236 5.450925 6.803996 -2.344942 0.001524 0.001253 -0.000331 12.168775 26.775365 6.250167 -85.306099 18.998362 4.987690 -32.974739 -12.633703 5.577126 -8.425824 -3.359647 0.641864 0.002095 -0.000839 0.000891 7.607553 17.070095 9.755169 -79.251788 3.937047 7.458823 -32.828506 -13.033935 2.890374 -2.729381 -2.465807 -2.362998 -0.001492 0.001481 -0.000342 10.624337 15.399694 -6.190290 -78.325654 14.493261 10.385720 -38.914648 -9.606770 0.355512 -29.218184 -3.232084 -9.741580 -0.000742 0.001732 0.000852 5.401983 14.218939 0.203362 -70.111859 2.109065 9.688051 -37.892445 -8.016504 1.489302 -22.823365 -1.178101 -10.945111 0.000686 0.000723 0.000736 -12.678341 19.601443 25.480182 104.139033 7.918385 22.338277 -17.046208 65.595017 -8.958118 -48.675433 -28.035601 10.847268 9.833967 -52.670678 42.918596 -4.222438 -3.856309 -14.893920 -2.355018 -4.214949 1.365998 -0.001192 0.006105 0.001274 -2.863495 -21.128515 8.999185 71.681999 -27.559772 6.754573 22.283547 8.753615 4.668587 3.473190 4.331526 4.757767 0.002674 -0.000558 -0.000082 -2.158595 -13.811487 8.946788 65.210805 -6.674930 9.303840 22.577636 5.949717 4.493933 -2.050116 2.024975 -0.667218 0.003174 -0.003303 0.002138 -7.706101 -11.477121 -4.081110 60.444933 -16.149416 18.026907 31.329279 6.662920 1.663459 23.743471 2.967407 -12.127303 0.005799 -0.017584 -0.003568 -6.090079 -11.061691 4.296833 53.363024 -0.807989 14.684579 31.197500 8.858360 1.872669 17.271010 -0.267841 -13.239193 0.008857 -0.013483 0.000102 -13.836800 -7.579991 -4.834716 0.444173 0.958913 25.643389 1.905705 0.441870 -5.169177 7.229049 21.183017 8.311369 0.002120 0.001090 0.998920 -0.842758 -14.622426 4.282015 0.570358 -1.702185 22.990459 12.847997 -8.987166 -19.752199 -10.528427 -9.131974 2.034158 -0.000559 -0.000179 1.015609
-21.065613 100.825226 -5.790532 162.318914 73.445793 173.881567 1.633910 0.467957 2.662811 0.394876 3.096055 -13.698453 2.918607 5.485509 18.756813 -5.408159 4.830312 -15.899144 -17.790118 1.411814 6.444780 15.818533 28.129271 18.044671 0.000052 0.000810 -0.002817 0.548429 0.400627 -8.632866 0.007507 -2.186822 -1.048672 -0.424186 -0.363423 -1.141874 -4.199625 -7.681001 23.999543 -88.388917 -10.327288 25.803754 10.762433 -43.381464 -4.051907 41.721662 16.819119 -2.933978 0.220669 43.007466 36.941851 4.184480 7.684601 -12.934814 5.365571 6.835439 -2.402529 0.001537 0.001420 -0.000198 12.171326 26.794622 6.287361 -84.123737 18.635829 5.249054 -31.775553 -12.600359 5.192775 -8.217878 -3.377563 1.102853 0.002226 -0.000828 0.000831 7.511681 17.003773 9.696826 -77.986029 3.856932 7.505334 -31.641419 -12.884929 2.439798 -2.315999 -2.466784 -2.079534 -0.001521 0.001526 -0.000246 10.563157 15.194195 -6.194421 -77.077915 14.419586 10.616701 -37.638569 -9.505490 0.050060 -28.732957 -3.249099 -9.851101 -0.000664 0.001872 0.000842 5.247688 14.055253 -0.087505 -68.905937 2.250718 9.747177 -36.746751 -7.754865 1.281203 -22.167309 -1.058427 -11.114925 0.000697 0.000776 0.000789 -12.805529 20.066128 24.517989 104.692441 9.508718 23.130949 -18.845073 68.292443 -10.577597 -47.119204 -28.861530 10.692423 9.123803 -52.644827 43.314493 -4.101539 -3.712639 -14.943551 -2.310185 -4.302693 1.384337 -0.000981 0.006043 0.001205 -2.811860 -21.212048 9.074344 69.894306 -26.799843 7.286798 20.994555 8.431775 4.334954 2.967534 4.435656 5.144148 0.002669 -0.000579 -0.000226 -1.958775 -13.805402 8.988178 63.437462 -6.726301 9.258087 21.296111 5.654127 4.220856 -2.674983 1.963713 -0.570785 0.002986 -0.003238 0.002143 -7.393225 -11.436452 -4.155536 58.485616 -16.105305 18.323190 29.989396 6.462853 1.544501 23.228683 2.952303 -12.198335 0.005628 -0.017346 -0.003443 -5.717252 -10.931310 4.124731 51.894090 -1.341648 14.658762 30.120217 8.425946 1.636266 16.628183 -0.452946 -13.245946 0.008598 -0.013324 0.000217 -12.353495 -7.749454 -7.996486 2.302249 0.050475 22.961153 1.601609 0.715178 -5.030533 6.897017 21.287517 8.456707 0.002068 0.001072 0.998800 -1.014566 -14.527945 4.801167 0.226688 -1.463032 23.711283 12.938793 -9.204432 -19.105416 -10.320600 -9.452152 1.537636 -0.000397 -0.000088 1.015336
-21.072220 100.402161 -6.184032 159.901124 78.911719 172.380760 2.058489 0.893427 2.369704 0.100587 2.644675 -13.373000 3.091051 5.556997 20.027566 -5.496718 5.116325 -13.495206 -17.577733 2.007729 8.498010 15.049857 29.342366 14.684909 0.000124 0.000577 -0.002599 0.468465 0.298848 -7.871374 -0.008137 -1.905421 -1.006396 -0.439115 -0.083781 -1.098675 -3.132108 -6.020459 25.809692 -88.951133 -9.627847 22.434035 12.485563 -47.913847 -4.482305 40.679723 16.987918 -1.173589 -1.558362 40.964049 34.787720 3.772076 6.512238 -12.160186 5.542120 7.073790 -2.217334 0.001278 0.001188 -0.000165 11.086249 24.496295 5.920178 -82.254601 17.889862 5.070581 -31.307082 -10.918065 5.272607 -7.667688 -2.822720 1.248038 0.001865 -0.000726 0.000775 7.417501 15.529905 9.564529 -76.499569 5.170188 7.073418 -32.002964 -11.216918 2.353490 -2.394691 -2.219408 -1.766328 -0.001334 0.001314 -0.000171 10.896145 13.958953 -5.992245 -74.895425 14.883856 10.772838 -38.208846 -7.926845 0.154832 -28.571342 -2.710305 -9.492334 -0.000479 0.001635 0.000692 6.310237 13.059187 0.168750 -67.368769 3.464984 9.914725 -38.151524 -6.975923 1.524540 -21.940264 -0.554571 -10.949470 0.000614 0.000582 0.000595 -11.660564 19.429293 24.385844 103.103291 10.867449 23.248072 -20.318744 68.961285 -11.932723 -41.775624 -27.282610 6.602044 12.393421 -48.568385 39.093052 -4.075360 -2.885503 -14.799112 -2.424102 -5.260258 1.451382 -0.000764 0.005582 0.001045 -2.096836 -19.972099 7.239132 67.543114 -22.697774 7.869916 22.184040 8.197904 4.342645 3.427834 4.640156 4.141335 0.002289 -0.000562 -0.000315 -1.628449 -13.486481 8.436476 62.283842 -5.358450 9.042085 23.176788 6.121792 4.060552 -1.415877 2.318253 -1.011876 0.002468 -0.002829 0.001802 -6.678943 -11.326014 -4.863359 58.332998 -15.155218 18.214932 31.529823 6.403171 1.344069 23.972304 3.227159 -12.169980 0.004994 -0.015983 -0.003046 -4.749648 -10.543406 3.368113 52.430902 -1.814205 14.503412 32.269162 8.294976 1.800030 17.516567 0.110017 -13.276200 0.007394 -0.012192 0.000273 -11.816015 -6.404527 -9.357252 2.944410 0.028111 21.653749 1.376427 1.867886 -8.218919 5.076216 17.033656 7.799457 0.001909 0.000920 0.998856 -1.677646 -15.233562 3.160183 -0.186789 -1.700676 25.396163 13.285484 -9.684593 -19.614438 -8.007839 -8.555786 1.038635 -0.000577 0.000093 1.014136
-21.148268 99.498108 -6.521646 -88.798349 88.224170 -76.120139 2.365051 1.151281 2.492045 -0.159384 2.731307 -13.579813 3.156102 5.169990 19.969387 -5.535780 4.779109 -12.140535 -16.202315 3.004257 9.459397 13.509927 27.965634 12.767818 0.000158 0.000426 -0.002368 0.328067 0.260814 -7.652923 0.006998 -1.808574 -1.027749 -0.424793 0.011994 -1.120769 -2.109822 -5.109777 26.460735 -89.486188 -9.696273 21.053933 12.572086 -47.528425 -3.940222 44.490623 16.600604 -3.084206 -1.864279 39.521322 33.584287 3.742327 5.815766 -12.089135 5.365172 6.653944 -2.677372 0.001162 0.001033 -0.000082 10.988264 23.242524 5.444110 -81.417587 17.016974 5.032793 -32.992580 -12.451378 6.167457 -8.968396 -2.522587 -0.488063 0.001740 -0.000697 0.000758 7.415970 14.624798 8.978944 -76.436073 5.891682 6.545684 -33.945345 -12.841230 3.198111 -4.083263 -2.285747 -3.303236 -0.001403 0.001270 -0.000154 10.794711 13.240710 -6.630687 -74.859677 15.613877 10.294388 -40.750657 -8.429207 0.735549 -30.970434 -3.296448 -10.209011 -0.000359 0.001678 0.000636 6.194847 12.464505 -1.102131 -67.748258 4.404528 9.751255 -40.630328 -7.008204 2.086272 -24.715205 -1.464302 -11.416177 0.000572 0.000474 0.000597 -12.026344 19.039364 24.622967 102.615832 12.190838 23.631553 -19.621747 67.815753 -11.092960 -41.804306 -27.130598 6.610642 12.224641 -48.233195 38.478978 -3.875083 -2.629404 -15.072340 -2.425249 -4.688002 1.593794 -0.000544 0.005290 0.000898 -1.996092 -19.685308 7.236403 66.965721 -22.026405 7.482292 24.254196 9.249281 4.429559 4.665658 4.473631 2.657804 0.002301 -0.000556 -0.000403 -1.773986 -13.168718 8.523817 62.954665 -6.518705 8.592451 25.353330 7.567397 4.461873 0.193536 2.468898 -2.814266 0.002362 -0.002654 0.001699 -6.740199 -11.247819 -4.830058 59.163688 -16.485254 17.946953 34.167534 8.350114 1.912792 26.162512 4.508769 -13.835202 0.004541 -0.014855 -0.002798 -5.047038 -10.689879 3.451796 54.271318 -2.875311 14.600535 34.539676 10.922239 2.992855 20.130430 1.649166 -15.301630 0.006424 -0.011189 0.000365 -11.071795 -5.909220 -10.526550 3.775784 -0.235595 22.284706 1.469859 1.330463 -8.172743 4.603450 15.815523 7.521715 0.001781 0.000887 0.998667 -1.406551 -16.307050 2.131725 0.393522 -2.284701 27.142152 12.839144 -9.991140 -20.261732 -7.142304 -8.122743 0.947193 -0.000618 0.000178 1.013052
-21.289799 99.476334 -6.805458 -32.650649 70.618272 -22.416951 2.140085 0.945752 2.441564 -0.205299 3.547996 -13.717043 2.387968 4.718413 20.514206 -5.539266 4.371537 -12.401276 -15.250768 3.199250 8.319434 12.837309 25.085177 13.423801 0.000159 0.000643 -0.002274 0.241031 0.453127 -8.213515 0.051898 -1.788751 -1.579709 -0.397199 0.025130 -1.678452 -0.599333 -5.391134 26.568877 -90.835643 -11.861105 20.268592 12.733135 -47.058127 -3.735337 49.865576 16.955598 -3.231403 -0.778635 39.869310 34.571356 3.952888 5.950404 -12.086790 4.790215 5.988182 -3.570354 0.001473 0.001444 0.000303 11.081852 24.163738 5.597842 -80.894730 16.770336 5.488082 -34.152777 -14.678813 6.693346 -10.474386 -2.792966 -1.974676 0.002310 -0.000897 0.000739 7.147652 15.096558 8.698855 -76.312287 5.713640 6.341067 -34.801626 -14.867361 3.916938 -5.426012 -2.652858 -4.589250 -0.001877 0.001686 -0.000231 10.391400 13.689025 -7.256775 -75.578894 16.183126 9.719726 -41.993177 -9.595355 1.186614 -32.737875 -4.111589 -10.986517 -0.000460 0.002370 0.000900 5.657403 12.939488 -2.310507 -68.941708 4.398577 9.542423 -41.258115 -7.228808 2.476900 -26.710267 -2.464808 -11.984257 0.000756 0.000543 0.000983 -13.767588 19.542888 24.415917 104.651425 13.094064 22.076442 -19.980062 70.269065 -10.922374 -46.684040 -28.105959 11.932763 10.055120 -50.557804 41.467711 -3.749692 -2.602505 -14.966806 -2.203537 -3.422412 1.603494 -0.000120 0.005383 0.000771 -1.280708 -20.666640 8.474159 66.566866 -23.408735 7.140403 24.646897 9.912962 4.432950 5.695990 4.253024 1.762045 0.002568 -0.000575 -0.000708 -1.467290 -13.141313 8.913164 63.132078 -8.320143 8.392446 25.702419 8.035502 4.718767 1.026346 2.414596 -3.964215 0.002185 -0.002855 0.002058 -6.797503 -11.302162 -4.333814 59.070566 -17.802044 17.629031 35.115716 9.858589 2.643182 27.668830 5.394795 -15.266851 0.004546 -0.014873 -0.002810 -5.916971 -11.057315 4.008322 54.971911 -3.579321 14.585948 35.182174 13.090747 3.814253 21.862855 2.701446 -16.942128 0.006478 -0.011453 0.000750 -10.488063 -8.034622 -11.650707 4.952969 -1.214996 24.801467 1.003770 -0.625448 -5.560548 4.167080 17.832042 7.683341 0.001877 0.001137 0.998101 -1.603579 -18.266261 2.948360 0.774520 -2.549605 28.355467 12.361835 -10.610163 -19.711576 -7.982563 -8.689948 0.479416 -0.000220 0.000085 1.013072
-21.492832 97.695396 -7.037556 -28.568314 62.201006 -16.049129 3.413025 0.666922 1.581859 0.055506 2.636390 -12.809457 1.672892 5.910068 20.596748 -4.549038 4.859230 -9.197749 -17.613205 2.751363 9.446978 10.729184 30.040711 6.410600 0.000537 0.000459 -0.001963 0.007986 0.107540 -7.843813 0.001345 -2.071777 -0.765027 -0.420615 -0.268115 -0.854022 -1.190200 -3.868272 24.461099 -89.365491 -11.979999 21.848322 11.042181 -43.610477 -2.909263 44.542594 14.606096 -2.809494 -3.775280 35.961601 30.963028 2.914912 3.746924 -11.372255 4.556455 5.644480 -3.103068 0.001155 0.001164 0.000382 9.682777 19.640054 4.637086 -77.120511 15.430985 6.219206 -33.163333 -14.077857 6.319202 -9.507299 -2.344391 -2.110540 0.001818 -0.000805 0.000523 6.954805 12.019284 7.917728 -73.622711 6.960523 6.041847 -33.915148 -13.753297 4.282598 -4.671968 -2.285923 -4.514166 -0.001458 0.001401 0.000049 10.402024 11.246253 -7.539960 -71.934054 16.087849 10.905142 -40.498613 -8.514633 1.352951 -31.462139 -3.615703 -10.450149 -0.000287 0.002114 0.000416 6.429520 10.628313 -2.662341 -65.884506 6.051048 9.971022 -40.183798 -6.490046 2.485965 -25.582953 -1.852599 -11.207364 0.000379 0.000819 0.000686 -15.006285 18.027932 22.462299 103.148144 12.504556 23.730868 -19.820083 67.673035 -11.259792 -43.603731 -24.808768 8.298839 11.519410 -44.615099 36.666566 -3.755951 -0.939895 -14.995467 -2.135524 -3.171605 1.693546 0.000222 0.004635 0.000408 -2.270219 -17.765397 6.362465 62.294540 -18.305351 7.719598 24.589697 9.751574 4.019339 5.212086 4.166873 1.284676 0.002422 -0.000887 -0.000716 -2.369709 -11.153186 7.997824 60.536879 -7.966445 7.953381 26.354965 8.401320 4.609649 1.059813 2.493240 -3.911102 0.001677 -0.002353 0.001496 -7.185518 -9.748848 -5.254235 56.722017 -16.434785 17.765921 35.338377 9.546606 2.650928 27.266248 5.110782 -14.924133 0.003675 -0.012356 -0.002149 -6.176607 -9.786381 2.310481 53.146150 -3.831488 15.288417 35.194865 12.823509 4.212595 21.803697 2.671988 -16.862227 0.004649 -0.009409 0.000597 -11.454451 -8.783724 -12.779163 5.194786 -0.977149 22.720951 2.742064 -1.519396 -6.353095 3.496999 13.671155 6.812843 0.001633 0.000661 0.998449 -2.975278 -19.850903 3.070494 1.757090 -3.915493 24.997670 11.232887 -13.896364 -20.473390 -7.093730 -6.732646 -0.314073 -0.000331 0.000376 1.011144
-21.753368 99.500633 -7.220044 -23.752988 64.708149 -14.124960 3.320584 0.782703 2.119800 -0.003388 2.812146 -12.921426 2.175219 5.910270 20.071846 -5.006882 5.072220 -9.411806 -17.707323 2.446655 10.259260 10.587424 30.358595 6.967411 0.000394 0.000506 -0.001975 0.084591 0.195055 -8.050015 0.028270 -2.105723 -1.543998 -0.417914 -0.308024 -1.636912 -1.374235 -3.673704 24.300533 -88.871961 -12.609578 22.726413 10.068375 -41.538486 -2.263883 43.419644 13.960723 -0.811204 -4.262925 37.047246 32.286255 3.096465 4.292938 -11.406176 4.625958 5.930029 -2.823256 0.001163 0.001336 0.000448 9.409542 19.939043 5.125241 -77.754298 16.419981 5.865333 -32.753571 -13.702138 6.126314 -9.236847 -2.274782 -1.478018 0.002005 -0.000910 0.000637 7.040829 12.364507 8.700834 -73.926635 6.671949 6.011895 -33.486445 -13.204333 4.119485 -4.183927 -2.204807 -4.036505 -0.001579 0.001389 0.000038 10.543355 11.506994 -7.244934 -71.926888 16.624728 10.728835 -40.424177 -8.236950 1.341339 -31.121109 -3.273406 -10.253481 -0.000309 0.002164 0.000619 6.753938 10.926771 -1.843551 -65.570857 6.083829 9.955816 -40.042616 -6.539964 2.611644 -25.322702 -1.655068 -11.224324 0.000699 0.000799 0.000903 -15.958843 17.947064 22.823181 102.334215 12.617773 24.756122 -16.416934 67.563566 -8.506000 -46.832076 -25.133161 9.966930 11.166801 -46.916860 38.181163 -4.102829 -1.403145 -15.078122 -2.147007 -3.156587 1.672936 0.000246 0.004758 0.000453 -1.977818 -18.785963 6.669578 64.802774 -20.263701 7.332519 24.995774 9.533566 4.135731 5.050309 4.278607 1.382596 0.002257 -0.000592 -0.000797 -2.384216 -11.587933 8.443022 63.184700 -8.819841 7.881741 27.009660 8.351443 4.676803 0.899851 2.549489 -3.907788 0.001588 -0.002404 0.001620 -7.486402 -10.110458 -4.872481 59.399890 -17.799219 17.329247 36.458109 9.669202 2.641188 27.439804 5.230897 -14.984823 0.003770 -0.012903 -0.002238 -6.587516 -10.289908 2.663801 55.214501 -3.943625 15.192490 36.744847 13.232903 4.325540 22.292152 2.724288 -17.055707 0.004913 -0.009754 0.000740 -12.520669 -8.033373 -12.380637 2.606733 0.093560 23.571554 1.933408 -0.992216 -7.340682 3.573689 14.147291 7.666681 0.001794 0.000867 0.998288 -4.386322 -20.507321 4.482831 -0.495447 -3.304042 24.853266 12.292756 -14.566252 -21.398027 -6.754841 -7.097848 0.274264 -0.000313 0.000290 1.011475
-22.067387 99.435104 -7.355036 -28.340456 67.819657 -18.425309 2.086010 1.437155 2.829756 0.754869 3.673648 -13.544018 2.042546 5.571214 20.733942 -5.602938 4.619571 -12.601571 -15.905058 2.819710 9.511412 13.483093 27.639149 14.127249 0.000378 0.000456 -0.002108 0.012114 0.320023 -8.762006 0.135227 -1.867652 -2.784834 -0.350309 -0.077216 -2.878762 1.201885 -6.605127 24.820198 -91.824832 -12.771154 26.342639 11.921846 -44.174818 -2.684157 52.801614 17.517497 4.042584 -1.928523 41.852897 36.983701 3.884200 6.130631 -12.258069 4.851243 5.768427 -2.840456 0.001209 0.001445 0.000326 10.730231 24.136830 6.992196 -82.682447 18.569658 5.089930 -34.371735 -14.443441 6.957298 -9.138456 -2.782056 -1.844477 0.002124 -0.000840 0.000556 7.221615 15.247081 9.687856 -78.815324 6.227325 6.569484 -34.352532 -14.657425 4.716810 -4.010238 -2.409529 -4.404692 -0.001393 0.001367 0.000088 10.625215 13.821500 -6.771334 -78.042871 17.302506 9.388093 -41.871780 -9.237442 1.617630 -31.125818 -3.329570 -10.333108 -0.000328 0.002155 0.000549 6.540377 12.794074 -0.869411 -71.424297 5.435014 9.310159 -40.604596 -7.568646 2.973112 -25.424852 -2.022930 -11.619470 0.000520 0.000931 0.000835 -16.664357 18.970608 23.501955 104.976771 12.441958 25.532887 -18.697946 66.752766 -10.378983 -55.230820 -31.312964 16.506741 8.420646 -53.139668 43.723718 -4.222051 -2.404153 -15.155069 -2.310220 -2.882241 1.780736 -0.000007 0.004993 0.000560 -1.345163 -22.337780 8.292075 70.897736 -25.481087 6.400442 25.693800 8.858985 4.981931 4.477986 4.002294 1.168946 0.002336 -0.000736 -0.000579 -2.118110 -13.673718 10.149671 67.543749 -9.327587 8.408379 27.374189 8.055884 5.144418 0.384772 2.315235 -3.673522 0.001916 -0.002531 0.001647 -7.695211 -11.588041 -3.507657 63.641189 -20.458262 16.683014 37.320728 9.774115 3.130807 27.291116 5.046878 -14.747867 0.004017 -0.013718 -0.002451 -7.234757 -11.915204 4.798420 58.249625 -3.488965 15.469308 37.498742 14.033028 4.650705 22.472455 2.618547 -16.710780 0.005429 -0.010239 0.000579 -11.834475 -7.707862 -12.666088 2.164815 -0.464562 23.952170 1.435594 -1.863909 -6.223095 5.670125 18.672953 8.026774 0.001716 0.000781 0.998445 -2.479617 -18.797071 2.836090 0.264569 -3.226453 27.439083 13.385599 -13.602545 -21.206743 -7.793720 -9.032909 1.414166 -0.000203 0.000201 1.011963
-22.430845 100.013748 -7.444654 -18.263658 35.561122 -15.593907 3.040485 1.616351 1.073014 1.272124 2.144190 -13.158016 2.582116 8.478938 22.284113 -5.733848 4.773154 -9.553396 -18.326943 2.884036 11.957398 11.584901 31.482254 8.351488 0.000062 0.000708 -0.003163 0.263573 0.287641 -8.640377 0.044898 -2.322359 -2.429078 -0.430371 -0.510241 -2.577946 0.877133 -2.088189 27.553318 -90.301032 -9.955685 21.388298 11.135056 -49.781868 0.001064 48.997650 18.318177 6.140953 -2.346450 43.187949 37.321127 3.451997 6.019754 -12.293959 5.165593 5.530631 -2.019832 0.001544 0.000990 -0.000058 10.398016 23.463915 6.957738 -84.545104 18.808467 4.971509 -36.819151 -14.804678 7.873223 -9.308352 -2.475997 -2.856207 0.002047 -0.000854 0.000765 7.658284 14.149677 10.207070 -80.884856 6.212144 6.507970 -37.322334 -14.931147 5.625325 -4.089225 -2.319032 -5.287336 -0.001432 0.001526 -0.000549 11.624548 12.897499 -5.498701 -80.703520 16.677467 9.511371 -44.553610 -9.678736 2.373475 -31.556445 -3.685862 -10.750013 -0.001052 0.001775 0.000833 7.952017 12.142199 0.252266 -74.365666 4.775118 9.888883 -43.737307 -7.951318 3.431969 -26.588234 -2.213864 -11.429926 0.000440 0.000846 0.000708 -16.973074 18.215774 21.968866 106.002791 12.770561 22.913577 -14.601658 70.134462 -6.666006 -51.722330 -26.185379 13.731692 10.088132 -48.369887 40.453982 -3.949645 -1.642992 -14.806550 -1.755877 -1.571840 1.312697 -0.001263 0.006428 0.001313 -1.747122 -19.556367 6.907668 67.009717 -22.760443 7.419336 22.873530 9.248099 4.281264 4.064321 4.175978 1.928748 0.002496 -0.000512 0.000178 -2.325848 -12.093559 8.389660 63.871857 -7.197026 8.796992 24.175839 7.623266 4.330780 -0.825579 1.908681 -3.260421 0.003111 -0.003735 0.002111 -7.764149 -10.302209 -4.450105 60.011167 -16.800563 17.318405 33.620908 9.476392 2.641616 25.617204 4.329060 -14.535779 0.005992 -0.019247 -0.003702 -6.768624 -10.098478 3.516761 54.181180 -2.902792 14.951890 33.433084 12.512207 3.546949 20.407392 1.500838 -15.986548 0.009665 -0.015489 -0.000003 -11.950123 -10.343697 -11.207736 4.288298 -1.742868 24.370250 1.467951 -3.068133 -5.829394 4.860986 17.346440 8.184267 0.002365 0.000991 0.998817 -6.275549 -21.053664 4.295575 -2.774063 -3.004583 26.872916 11.853194 -15.859984 -18.837090 -7.898692 -8.117453 0.660384 -0.000905 -0.000451 1.017399
-22.839689 99.425392 -7.491031 -26.725486 57.932810 -18.774798 1.955206 2.098912 3.266276 1.589147 2.486964 -14.112286 3.099912 6.232978 22.127814 -5.890814 4.535355 -11.403721 -16.334155 3.144538 11.369972 12.504375 29.650751 12.059357 0.000273 0.000628 -0.002649 0.212062 0.260927 -8.690323 0.109869 -2.012749 -2.543189 -0.369073 -0.208859 -2.664516 2.010591 -7.034148 24.505834 -93.448242 -13.414314 27.321584 11.119025 -43.618639 -1.567257 51.768547 20.405375 4.763925 -1.980620 42.255085 36.219346 4.463813 6.028641 -12.664226 5.163680 5.506661 -2.151977 0.001551 0.001347 0.000029 11.428780 23.950101 6.725676 -83.635571 17.980083 5.014790 -34.737253 -14.787364 7.318079 -8.458966 -2.628687 -2.072388 0.002210 -0.000718 0.000652 7.735271 14.533086 9.691123 -80.103224 6.012887 6.649339 -34.463108 -15.165391 4.879081 -3.157531 -2.244422 -4.681019 -0.001410 0.001578 -0.000167 10.930439 13.027028 -6.233845 -79.408371 16.227183 9.776939 -41.613720 -9.865835 1.745630 -30.334515 -3.495003 -10.466983 -0.000641 0.002006 0.000651 6.748450 11.743783 -0.604469 -72.410383 5.278393 9.604241 -40.752952 -8.559052 3.163990 -24.969022 -2.106081 -11.935203 0.000432 0.000880 0.000540 -16.549788 19.268822 23.836451 103.991363 12.498664 24.719186 -18.221772 64.269823 -10.073970 -49.415047 -31.368722 14.381659 10.059417 -51.752523 42.275127 -4.892304 -2.091974 -15.293721 -2.738020 -3.013438 1.903953 -0.000625 0.005820 0.000973 -0.883367 -21.586403 7.506967 69.528532 -24.848626 6.639310 23.749826 8.114161 4.796801 3.472802 3.961736 1.906361 0.002399 -0.000888 -0.000192 -1.978997 -13.127283 10.175833 66.100300 -8.439975 8.455857 25.308950 7.472666 4.697036 -0.828157 2.106521 -2.787432 0.002284 -0.003169 0.001865 -7.515943 -10.880679 -3.476611 62.330557 -19.540579 17.088978 35.236248 8.855771 2.655626 25.822276 4.313282 -13.982625 0.005017 -0.016661 -0.003076 -7.019854 -10.979692 5.331215 56.534867 -2.715226 15.579793 35.782926 12.822341 3.628413 21.035560 1.657966 -15.754577 0.007661 -0.012833 0.000371 -11.506617 -7.636107 -12.708515 1.538258 -0.890767 22.708430 0.229472 -2.378435 -6.739432 5.898054 17.340183 8.555898 0.002038 0.000836 0.998859 -2.093695 -18.216917 1.652895 1.504081 -3.354574 28.916394 12.927738 -14.871182 -20.075341 -7.383864 -8.771330 1.624271 -0.000370 -0.000002 1.014762
-23.289841 99.815628 -7.496304 -21.461244 43.409351 -17.750969 1.964306 1.828593 3.383122 1.505099 2.723036 -14.296988 3.252696 4.977772 22.549080 -6.220057 4.796319 -11.874173 -15.789708 2.201125 12.774423 11.671574 27.203829 11.318408 0.000239 0.000939 -0.003041 0.186568 0.287636 -9.321990 0.205652 -1.496518 -2.591257 -0.276859 0.315187 -2.729010 1.923591 -7.909784 24.685448 -94.300755 -12.813768 27.778169 10.407174 -39.360961 -2.294790 49.252317 16.739743 2.802276 -3.801833 41.332406 35.378411 3.976582 5.211952 -12.739961 4.905219 5.192983 -2.337802 0.001750 0.001475 0.000183 10.039560 22.695220 6.458018 -83.344342 17.285264 5.585398 -34.757919 -15.062648 7.390320 -8.741690 -2.711032 -2.168740 0.002380 -0.000573 0.000609 7.062402 14.032758 9.684116 -79.319616 5.443219 6.921729 -34.389276 -15.010924 4.982542 -3.262966 -2.267440 -4.682557 -0.001573 0.001872 -0.000319 10.450903 12.698646 -6.112496 -77.958318 15.455590 10.458557 -41.643518 -9.690130 1.506917 -30.730689 -3.529567 -10.263814 -0.000817 0.002201 0.000926 6.449530 11.691722 -0.595189 -70.857747 4.954303 10.044484 -40.904749 -8.266808 2.906166 -25.525510 -2.061933 -11.479213 0.000495 0.000838 0.000557 -16.480727 20.299696 22.643741 104.620966 12.150647 26.215130 -12.940698 62.221726 -5.852135 -53.853674 -29.359866 14.409232 9.330108 -51.524657 42.901234 -6.170266 -1.564685 -15.628864 -2.844258 -2.110645 1.573745 -0.000840 0.006490 0.001274 -2.358127 -20.387614 7.694698 70.300302 -24.811590 7.033526 24.220036 9.015279 5.125549 4.000099 4.201800 1.860128 0.002664 -0.000868 -0.000129 -3.058914 -11.727337 9.728381 66.688751 -8.471325 9.086838 25.575533 8.172601 4.983353 -0.916977 2.068832 -3.040574 0.002758 -0.003632 0.002257 -8.749904 -9.741527 -3.896641 62.316658 -18.466063 17.560146 35.295162 9.013938 2.707273 25.951633 4.368240 -14.057617 0.005823 -0.018993 -0.003521 -8.100319 -9.968976 4.251577 55.798689 -1.829656 15.933073 35.600120 13.015810 3.618079 21.049798 1.493288 -15.702978 0.009527 -0.014935 0.000236 -11.124395 -7.811615 -11.748028 3.257928 -1.524116 23.531079 0.635836 -3.157236 -6.466844 5.413137 16.623362 8.109946 0.002058 0.001000 0.998746 -2.960927 -17.775485 2.434229 0.172129 -2.099317 29.740240 13.439966 -13.529899 -21.206777 -7.506849 -8.737716 -0.352170 -0.000299 -0.000133 1.016930
-23.777189 99.435143 -7.463142 -19.906933 34.454445 -18.784046 1.468248 2.606744 4.754243 2.057322 2.832960 -14.550964 3.306364 5.120431 21.167743 -6.526023 4.113618 -13.467938 -14.555407 2.252075 13.220108 12.907505 25.812197 15.419995 -0.000468 0.001208 -0.003992 0.209277 0.492545 -9.232373 0.223959 -1.474640 -3.559870 -0.292349 0.357642 -3.742183 3.353952 -7.439210 26.746676 -95.272728 -12.064878 27.070311 11.580985 -45.557399 -1.298216 56.029218 20.520228 9.303164 -0.745034 45.293694 39.457736 4.457787 6.537326 -13.691313 5.088818 4.676903 -2.051871 0.002222 0.001142 -0.000385 11.774804 25.430262 7.926164 -85.601912 17.155946 5.870751 -33.825991 -15.543046 7.723175 -7.539802 -2.772869 -1.973244 0.002509 -0.000681 0.000921 7.751002 15.577869 10.318112 -81.806045 5.189888 7.602735 -32.798812 -16.469394 4.893619 -1.803800 -2.121963 -4.754739 -0.001773 0.002114 -0.001088 11.293015 13.892678 -5.798775 -81.344429 16.171138 10.021452 -40.204030 -10.371266 1.318994 -29.051675 -3.396754 -10.322939 -0.001482 0.001898 0.001557 7.061327 12.440281 0.050646 -73.793807 4.713318 9.743396 -38.709837 -8.556361 2.558179 -23.588566 -1.784150 -11.260878 0.000629 0.000363 0.000719 -15.474085 20.965380 24.125802 105.297941 12.717286 25.801471 -13.714078 61.702029 -6.874079 -59.008684 -34.065608 20.087262 6.954637 -54.759959 46.769310 -4.963043 -2.221795 -15.790161 -2.270168 -1.285805 1.735375 -0.002098 0.007966 0.002020 -1.763431 -21.580169 9.247405 70.940273 -27.926958 6.729453 22.141984 9.557607 4.864818 1.772610 4.190169 1.292835 0.002574 -0.000406 0.000585 -2.539740 -12.308183 10.373098 67.171874 -7.946586 9.754580 23.730434 8.490203 4.443963 -2.643729 1.690516 -3.734204 0.003785 -0.004630 0.002879 -8.758381 -9.981333 -3.209278 63.203187 -20.102153 17.313897 33.739607 10.203126 2.704948 24.698873 4.794803 -14.532964 0.007722 -0.024743 -0.004800 -8.062920 -9.931317 5.240785 55.406292 -1.848734 15.680334 33.588188 14.275678 3.596507 20.188309 1.847557 -16.122285 0.013513 -0.019916 -0.000142 -11.123597 -7.912431 -13.153770 4.056928 -2.407235 26.530855 -0.030355 -1.439694 -6.932018 5.457929 19.630759 8.732048 0.002372 0.001490 0.998859 -2.297066 -16.306937 1.211604 0.371263 -1.421822 32.936162 14.252822 -12.113840 -21.799890 -8.165474 -9.915096 1.361143 -0.000592 -0.001030 1.022019
-24.297592 99.753380 -7.394747 -20.117366 37.988000 -19.081988 1.367471 2.371194 4.735584 2.091645 2.853460 -14.296528 3.163526 5.460992 20.631578 -6.537735 4.179216 -13.812041 -14.726124 1.906814 12.199702 13.079410 25.854096 16.112068 -0.000501 0.001279 -0.004056 0.267603 0.526231 -9.220081 0.227529 -1.548047 -3.572249 -0.289113 0.286159 -3.756239 3.240219 -7.272560 26.222664 -95.003727 -12.562942 27.587567 11.830411 -46.059807 -1.609303 55.192616 20.274864 10.473263 -0.262641 45.952849 40.155171 4.486533 6.597872 -13.771125 5.076908 4.409207 -1.997763 0.002281 0.001162 -0.000324 11.985981 25.671792 8.214677 -85.608911 17.400077 5.877506 -34.134249 -15.799472 7.937368 -7.649303 -2.703347 -2.018687 0.002568 -0.000765 0.000943 8.026611 15.632761 10.543098 -81.895926 5.235079 7.694586 -32.956010 -16.600685 5.014505 -1.896231 -2.071914 -4.732444 -0.001875 0.002210 -0.001159 11.635184 13.901946 -5.508670 -81.551850 16.355397 10.103428 -40.260082 -10.554301 1.368617 -29.263970 -3.392037 -10.298773 -0.001548 0.002033 0.001616 7.552836 12.420767 0.447007 -73.999115 4.848365 9.815066 -38.577549 -8.670915 2.679480 -23.922349 -1.860233 -11.189141 0.000668 0.000366 0.000854 -15.162073 21.125142 24.275335 105.188260 12.142775 25.918190 -13.649705 61.835798 -6.865433 -59.685566 -33.704649 21.039881 5.982987 -54.739711 47.494220 -4.735770 -2.039249 -15.778292 -2.249972 -0.914640 1.749358 -0.002045 0.008122 0.002023 -1.890718 -21.287748 9.359092 70.090574 -28.000950 6.964480 21.794722 9.723298 4.932687 1.894014 4.025617 1.066364 0.002659 -0.000387 0.000522 -2.704364 -12.083240 10.242267 66.361277 -7.964717 9.927816 23.324059 8.480550 4.529727 -2.577412 1.583385 -4.039472 0.003805 -0.004764 0.002973 -9.015455 -9.725024 -3.265070 62.224101 -20.170937 17.622679 33.353779 10.386838 2.854664 24.877157 4.897263 -14.896388 0.007883 -0.025294 -0.004852 -8.453619 -9.568556 5.212578 54.202114 -2.334811 15.746677 33.061326 14.379438 3.625232 20.395031 1.887739 -16.428193 0.013914 -0.020464 -0.000078 -11.856615 -8.360798 -13.636306 3.039317 -2.073208 25.635827 -0.000218 -1.926749 -6.652945 5.645209 20.616982 9.099639 0.002422 0.001556 0.998701 -1.801286 -17.043798 1.007014 1.029219 -2.078958 32.586518 14.244453 -12.659205 -21.580422 -8.574095 -10.309640 1.557378 -0.000568 -0.001111 1.022546
-24.846897 101.158760 -7.294321 -21.881923 56.561968 -20.957755 1.667265 1.812370 3.400504 1.481890 1.817555 -14.278092 3.903917 5.838242 19.140363 -5.279174 3.803365 -13.826481 -15.571106 2.424715 13.611377 14.641403 28.087552 17.741503 -0.000502 0.001179 -0.004046 0.097290 0.261457 -8.829564 0.106654 -2.049399 -2.366699 -0.370674 -0.197256 -2.545746 2.877424 -6.716761 25.762522 -94.882884 -11.443402 25.999427 11.966384 -47.048037 -0.176936 58.065499 20.546405 8.771093 1.548651 49.033321 42.598373 5.280206 8.212246 -13.680614 5.947112 5.651655 -1.607221 0.002179 0.000642 -0.000591 12.900097 27.825428 9.473348 -90.475077 21.166721 3.878617 -32.127173 -12.111707 6.353261 -6.156168 -2.648876 0.611279 0.002094 -0.000684 0.001064 9.196975 16.586025 11.711122 -86.662029 6.987652 7.100224 -31.468385 -13.070702 3.386687 -0.471086 -1.996966 -2.679181 -0.001797 0.002058 -0.001365 12.671010 15.186797 -4.767847 -85.757152 17.303232 9.004938 -39.745561 -8.429269 0.657110 -27.377990 -2.561766 -9.482481 -0.001658 0.001694 0.001550 9.060304 13.329583 2.313373 -78.654775 4.534107 9.272420 -39.458808 -8.026361 2.240199 -21.711794 -0.752656 -11.320322 0.000614 0.000198 0.000559 -12.613997 19.833561 24.300043 103.527130 10.503958 26.350103 -14.666591 58.322745 -7.453421 -55.984631 -34.079558 12.573685 8.246359 -55.353442 45.952594 -5.786328 -3.693564 -15.921540 -2.727391 -3.387154 1.709458 -0.002196 0.008319 0.002038 -2.614407 -22.926119 8.548697 76.585793 -30.675710 5.497360 23.084074 8.476916 5.103170 1.369197 4.822772 2.861750 0.002501 -0.000414 0.000587 -2.889872 -14.123910 10.553348 71.998852 -7.011440 9.796573 24.703750 7.724415 4.348458 -3.140178 2.359983 -1.973362 0.003820 -0.004948 0.002767 -8.780500 -11.497722 -2.934987 68.179445 -20.047869 16.638691 34.410496 8.571684 1.885431 23.691775 4.009019 -12.960235 0.008046 -0.026273 -0.004861 -7.250955 -11.424642 5.774532 58.639046 0.396536 15.282822 35.040219 12.270444 2.713686 18.873613 1.148307 -14.744783 0.014394 -0.021200 -0.000155 -13.229969 -6.296979 -12.021755 1.204226 -0.997870 24.356176 -1.327883 0.485571 -10.242135 6.860157 21.294514 10.370122 0.002562 0.001527 0.998939 -1.512817 -16.766620 0.851374 0.694137 -3.357257 33.490887 12.690599 -11.654305 -19.780346 -8.807627 -11.193314 2.769043 -0.000984 -0.001155 1.023350
-25.420942 101.905396 -7.165055 -52.381565 86.741068 -46.794931 1.532722 0.929314 3.503705 1.505145 1.692702 -14.422741 2.487351 6.067844 18.564378 -5.200343 5.441234 -13.224717 -16.769039 1.916773 12.593578 14.712236 28.210969 18.370025 -0.000669 0.000619 -0.003221 0.399907 0.483880 -8.724254 0.165131 -1.953288 -3.497353 -0.346768 -0.131491 -3.655876 -0.228341 -7.336093 25.013522 -93.374380 -12.839946 29.449997 12.443769 -41.963429 -1.270049 52.157028 24.276399 7.201979 2.056456 48.841487 41.665425 4.810069 7.589368 -14.185283 5.721503 5.824786 -0.817264 0.001690 0.000607 -0.000573 14.018728 27.465234 8.983635 -91.348100 19.140665 3.419875 -36.992037 -14.808684 8.455560 -7.504213 -2.485032 -1.525596 0.002025 -0.001054 0.001231 9.587404 16.145300 11.056598 -87.629090 6.678263 6.988493 -36.055236 -15.659918 5.383699 -1.906717 -2.121663 -4.732991 -0.001806 0.001654 -0.001220 12.801248 14.537495 -5.474823 -87.646781 17.970184 8.486609 -43.244980 -10.164043 1.764283 -29.986956 -3.405709 -10.223408 -0.001271 0.001642 0.001406 8.793434 12.396151 1.535485 -80.503086 5.928248 8.961936 -42.501394 -9.082142 3.280386 -24.657034 -1.905757 -11.679861 0.000809 0.000065 0.000819 -11.587822 20.482754 24.769610 104.405887 11.242222 27.200830 -17.483684 57.990055 -9.145351 -55.423659 -35.798565 16.083074 7.111121 -54.874789 46.021508 -4.783917 -2.532100 -16.246294 -2.792335 -3.079578 2.062357 -0.001680 0.006926 0.001517 -2.604253 -21.574947 8.191656 75.566441 -27.747986 5.281431 23.770690 8.995093 5.238564 1.844512 4.225707 2.573720 0.002146 -0.000186 0.000372 -3.333057 -13.565063 10.139496 71.266828 -7.339383 9.460982 25.218027 7.742557 4.964656 -2.394882 2.137753 -3.075748 0.003051 -0.003828 0.002275 -8.903026 -11.246059 -2.945884 66.865050 -19.665810 16.863995 35.162413 8.954224 2.595997 24.923331 4.672248 -14.064911 0.006289 -0.021061 -0.004158 -7.719989 -10.735465 6.373821 58.076950 -2.539935 15.513292 35.939572 12.973595 3.656130 20.254545 1.875617 -16.069979 0.010627 -0.016304 0.000271 -14.905420 -6.851763 -12.664132 -0.142957 -0.070191 24.159857 -0.763390 -0.429091 -9.179734 7.606391 22.446024 8.978691 0.002440 0.001574 0.998768 -1.652167 -16.352588 -0.627429 2.233928 -2.772681 31.146670 12.903735 -10.149991 -21.078101 -9.119420 -11.192656 2.126122 -0.001072 -0.001070 1.018446
-26.015568 100.994446 -7.010139 -33.895309 85.314818 -26.155826 1.376110 0.322579 3.528630 1.006584 1.782654 -14.587576 2.555640 5.999052 19.138231 -5.260997 4.814971 -13.551798 -16.362539 2.981097 13.111901 14.552735 25.908079 18.757605 -0.000720 0.000657 -0.003673 0.331332 0.585765 -8.709266 0.130378 -1.880083 -3.669171 -0.388786 -0.046681 -3.835825 -0.875220 -7.892446 26.224334 -92.501185 -11.561041 29.323681 13.638456 -43.584710 -1.727786 48.032892 24.337476 5.190387 4.099919 51.190257 43.735179 5.069335 8.615321 -14.704348 6.124205 6.183640 -0.993567 0.001681 0.000480 -0.000728 15.000614 29.939989 9.767268 -93.970265 20.708844 2.528936 -35.461085 -14.103421 7.924372 -6.729378 -2.692897 -0.344421 0.001928 -0.001100 0.001219 10.113363 17.734389 11.863829 -89.683387 7.081295 6.884085 -34.818722 -15.144745 4.531439 -0.995592 -2.249187 -3.845479 -0.001749 0.001629 -0.001349 13.234677 16.047366 -4.517837 -89.544119 18.216948 7.894768 -42.712625 -10.122577 1.236725 -29.175326 -3.318815 -9.952253 -0.001412 0.001550 0.001403 8.811601 14.067773 2.723058 -83.058034 5.329646 8.845989 -42.347949 -9.276636 2.960941 -23.865708 -1.690023 -11.691382 0.000719 0.000008 0.000837 -10.951462 20.842180 24.633085 104.422350 11.455102 26.292755 -17.611863 62.375758 -8.518770 -56.046206 -36.223671 13.790177 6.166714 -57.290839 47.475576 -5.227143 -3.942383 -16.569808 -2.788778 -3.429143 1.972718 -0.002159 0.007464 0.001853 -3.947225 -22.745093 9.140707 80.241392 -31.358608 3.879598 24.597171 9.586790 5.488947 1.725880 4.664163 3.289624 0.002454 -0.000195 0.000648 -3.878442 -14.577973 10.625399 74.958242 -6.352801 10.018616 25.637361 8.135001 4.914428 -2.710618 2.230310 -2.704792 0.003895 -0.004290 0.002400 -9.248130 -11.976764 -2.448965 70.425962 -19.165897 16.348108 35.936525 9.208754 2.452139 24.832724 4.565697 -13.786719 0.007170 -0.023276 -0.004624 -7.169828 -11.422318 6.627983 59.758960 -0.947217 15.035975 36.957771 13.015500 3.536179 20.153174 1.836347 -15.898061 0.012240 -0.018187 -0.000027 -13.236477 -6.903315 -14.474686 1.552529 -0.693061 24.647992 -0.597899 0.889548 -10.246464 7.735442 22.621675 9.664792 0.002400 0.001574 0.998843 -1.176975 -17.528567 -2.341299 1.942959 -3.845825 32.161115 14.114864 -9.056350 -24.003829 -9.557898 -11.784580 1.471816 -0.001179 -0.001200 1.020376
-26.626604 101.847816 -6.832756 169.048670 81.862257 175.427124 1.333659 -0.142638 3.446095 0.641181 2.081727 -14.350508 2.054203 5.803290 18.540999 -4.650065 5.038771 -13.284729 -16.417643 2.574552 12.605507 14.743920 25.382179 19.440032 -0.000643 0.000663 -0.003524 0.371121 0.609696 -8.721962 0.117048 -1.991151 -3.566365 -0.397811 -0.162100 -3.725056 -2.829200 -8.564585 25.509147 -91.367975 -12.120967 30.033143 13.832488 -40.731028 -2.546137 44.163988 24.236259 3.621987 4.284750 51.684877 43.484529 4.822022 8.762228 -14.986279 6.236929 6.653469 -0.509638 0.001568 0.000523 -0.000671 15.292136 29.889456 9.680710 -94.070211 20.423675 2.120027 -35.507236 -14.169949 7.859689 -6.721013 -2.746440 -0.070269 0.001855 -0.001103 0.001055 10.129012 17.687428 11.792699 -89.502341 7.326934 6.593407 -34.925633 -15.063352 4.480362 -0.779798 -2.229373 -3.877394 -0.001618 0.001508 -0.001174 13.197092 16.011734 -4.503422 -89.061640 17.980201 8.030954 -42.528173 -9.974271 1.164037 -29.244493 -3.458459 -10.147481 -0.001287 0.001556 0.001270 8.426676 14.019545 2.600148 -82.291196 5.660999 8.739113 -42.140718 -9.136671 2.940278 -23.851204 -1.684303 -11.826309 0.000594 0.000103 0.000950 -10.182082 21.131534 24.611224 103.953024 11.769717 26.264602 -19.098670 61.387083 -9.391560 -54.094489 -35.592903 12.435083 6.002534 -57.535233 47.696672 -5.118585 -4.025880 -16.731311 -2.729318 -3.676103 1.987201 -0.002017 0.007145 0.001706 -4.123450 -22.274124 9.319062 80.125616 -31.547081 3.748164 23.726047 9.296691 5.335240 1.473517 4.684589 4.349948 0.002420 -0.000217 0.000596 -3.944443 -14.549524 10.756833 74.368470 -6.495912 9.910084 24.357842 7.527944 4.784878 -3.418322 2.057665 -2.245788 0.003844 -0.004080 0.002253 -9.177242 -11.842770 -2.290031 69.279821 -19.255630 16.624539 34.629100 8.647321 2.253690 24.300782 4.276625 -13.569584 0.006900 -0.022099 -0.004403 -6.881884 -11.429719 6.581039 58.243654 -1.500827 15.108239 35.998625 11.992728 3.090366 19.300043 1.278915 -15.650233 0.011379 -0.017099 -0.000068 -13.297871 -7.084064 -13.446734 1.475469 -0.281722 26.290480 -0.439373 1.185671 -11.523760 7.810529 22.185630 9.127374 0.002265 0.001416 0.998825 -1.115156 -17.493336 -1.391337 1.846242 -3.907592 33.024983 14.182224 -8.303070 -24.196737 -9.676217 -11.662008 1.306312 -0.001130 -0.001048 1.019299
-27.249893 102.012924 -6.636080 157.360081 81.905624 163.448940 2.118793 -0.150994 3.044425 0.108455 1.943509 -13.796656 3.112596 6.881872 17.139681 -5.292945 4.275745 -12.146109 -18.178091 2.471484 13.043067 14.729313 27.594641 14.631786 -0.000026 0.000427 -0.002041 0.580809 0.317645 -7.898246 0.038568 -1.731142 -1.985174 -0.422555 0.067112 -2.094730 -4.803611 -7.536358 24.844398 -89.374643 -9.354460 27.805761 12.085590 -38.858188 -2.408721 35.191574 18.262242 -3.172860 -0.076400 45.562179 36.890567 4.851401 6.697197 -13.525891 6.231579 7.594949 -0.732273 0.000885 0.000480 -0.000219 13.721170 26.071095 7.859454 -87.527240 18.763666 3.936799 -30.511956 -11.428786 5.248683 -6.355060 -3.163719 2.384365 0.001151 -0.000891 0.000640 9.754409 15.407634 10.726032 -82.706692 7.260853 6.726298 -30.974201 -11.667054 2.383306 -0.317626 -2.517307 -1.687438 -0.001097 0.000973 -0.000506 12.791624 14.129829 -5.451406 -80.339837 16.636206 10.339449 -38.260209 -7.728514 0.041804 -27.783766 -3.035475 -9.524094 -0.000641 0.001385 0.000550 7.947928 12.208159 1.603722 -72.408379 5.867342 9.175262 -39.170964 -7.519862 2.071179 -21.750909 -0.737038 -11.745885 0.000283 0.000402 0.000725 -9.787930 19.380953 22.841911 102.102614 10.532026 25.525019 -20.903359 61.037031 -11.022908 -45.271126 -30.868514 4.389098 10.768267 -53.401028 42.027760 -5.418863 -3.785977 -15.985025 -3.228731 -5.849013 1.995518 -0.000606 0.004704 0.000550 -3.538703 -21.358254 8.007350 77.101176 -27.916737 5.194867 23.688928 7.862207 5.265024 2.885076 4.883631 6.309408 0.001630 -0.000415 -0.000229 -3.212477 -14.484898 10.614694 70.838762 -6.850828 9.615564 24.301714 6.425945 4.640140 -2.782148 2.394420 -0.421772 0.002257 -0.002290 0.001279 -8.207603 -11.745201 -2.927362 66.021175 -17.425847 17.586474 33.618541 5.921552 1.518093 23.903668 3.089224 -11.871806 0.004217 -0.012811 -0.002663 -5.541728 -11.739198 5.593018 54.793121 -0.909427 14.926825 35.998784 8.653239 2.053898 18.016847 -0.130544 -13.739802 0.004760 -0.008718 0.000241 -12.115324 -5.554857 -11.145242 1.639900 0.043689 21.865664 -1.860401 2.676478 -8.251052 4.470852 19.495089 8.932387 0.001948 0.000754 0.998741 -2.877312 -18.237593 1.607933 2.261692 -4.358812 29.136074 15.828428 -8.849083 -21.573893 -8.332680 -8.700956 0.839712 -0.001224 -0.000300 1.011070
-27.881264 103.459846 -6.423285 160.601812 69.514391 163.943589 2.100884 -0.929391 2.667945 -0.347000 2.461736 -13.582785 2.988630 6.828328 16.788664 -5.365764 4.479002 -11.909168 -18.246074 2.347515 12.055015 14.479289 28.608555 13.556083 0.000058 0.000383 -0.001444 0.594509 0.352134 -7.665246 0.033409 -1.799481 -2.044550 -0.428079 -0.016233 -2.132067 -5.729139 -7.027122 25.158942 -88.634250 -9.540700 27.161414 11.891250 -38.235033 -2.428189 30.250107 17.341649 -5.534067 -1.246276 42.781286 34.825089 4.878221 5.780193 -13.066898 5.769487 7.444577 -1.396240 0.000704 0.000572 -0.000025 13.201830 24.906681 6.965339 -83.634887 17.333545 5.133250 -28.933271 -10.949058 4.539340 -6.250322 -3.101460 3.276331 0.001073 -0.000985 0.000534 9.236593 14.740094 10.249182 -78.314366 6.668887 6.961636 -29.272474 -10.989684 1.636145 -0.106345 -2.694348 -0.659112 -0.001026 0.000837 -0.000294 11.972690 13.545907 -6.333418 -75.692170 16.212529 10.995251 -35.862226 -7.395108 -0.343398 -27.090412 -2.770207 -9.007781 -0.000466 0.001435 0.000389 6.965857 11.679077 0.494555 -67.637434 5.832135 9.499981 -36.706343 -7.119074 1.722179 -20.562283 -0.354326 -11.383360 0.000290 0.000421 0.000897 -11.124426 18.586931 23.055176 101.487963 10.405583 24.285920 -22.032075 64.182126 -11.741701 -45.510499 -30.415211 7.323611 11.916065 -53.530793 41.572604 -5.181036 -3.475405 -15.550175 -3.376924 -5.959743 2.086974 -0.000044 0.003650 0.000105 -2.461613 -21.290582 8.171243 76.470791 -27.408667 5.238650 24.775123 7.900578 5.387294 3.517486 4.685461 5.925734 0.001334 -0.000375 -0.000594 -2.756600 -14.531791 10.726381 70.876372 -7.155243 9.589558 25.956718 6.432983 4.859789 -1.708186 2.510396 -0.414553 0.001590 -0.001592 0.000988 -7.844760 -11.912974 -3.020373 66.421239 -17.412409 17.615783 35.173093 5.783172 1.684273 24.795209 3.118174 -11.816398 0.003241 -0.008955 -0.002057 -5.802939 -11.720986 5.703755 56.225507 -1.676878 14.805924 37.642096 8.770183 2.275995 18.995848 0.146451 -13.725300 0.002068 -0.005250 0.000484 -12.215944 -4.731541 -9.260778 1.500780 0.590886 20.864247 -1.145535 3.531518 -5.899222 3.494608 19.474038 9.022039 0.001803 0.000624 0.998604 -3.715427 -18.144579 4.032372 2.391455 -4.021891 28.941160 16.644192 -8.692251 -20.492162 -8.217847 -7.935248 0.961737 -0.001144 -0.000097 1.007594
-28.516558 104.000702 -6.197543 163.364551 58.623134 165.453339 2.094144 -1.248633 2.820191 -0.467285 2.823678 -13.579311 2.707032 7.003224 16.461943 -5.366717 4.422126 -12.698254 -17.859255 2.154510 10.869504 14.632522 28.760290 14.880514 0.000146 0.000522 -0.001093 0.530664 0.389961 -7.484729 0.019308 -2.019172 -2.331129 -0.449437 -0.245499 -2.402728 -5.982432 -7.280587 25.086326 -88.183418 -9.657640 27.411443 12.078780 -39.086564 -2.069694 29.044571 17.687492 -6.763646 -1.201927 42.655984 34.404135 5.019518 5.889687 -13.111665 5.824266 7.868393 -1.312562 0.000686 0.000795 0.000303 13.447694 25.273570 6.819416 -82.887852 17.019766 5.263411 -27.270865 -10.154114 3.954074 -5.768382 -3.360997 4.560350 0.001108 -0.000980 0.000255 9.023298 15.023179 10.216939 -77.095937 6.327812 7.049414 -27.522699 -10.321695 1.132630 0.863872 -2.881563 0.341701 -0.001024 0.000866 -0.000131 11.594450 13.638409 -6.457209 -74.814031 16.071083 11.096924 -33.411635 -7.086525 -0.735315 -25.697646 -2.671835 -8.766700 -0.000349 0.001653 0.000352 6.275752 11.739006 0.161617 -66.910181 5.698038 9.513705 -34.411476 -6.936547 1.341779 -18.560077 0.077471 -11.267653 0.000226 0.000486 0.001113 -12.106435 18.418000 23.136169 101.126363 9.789854 22.965811 -23.788065 69.151812 -12.986979 -45.371080 -32.796099 8.838708 12.215112 -54.745054 42.058448 -5.011886 -4.067549 -15.269346 -3.306030 -6.554297 2.149093 0.000449 0.002999 -0.000209 -2.155120 -21.718670 8.713027 77.156952 -29.285248 4.455170 23.414032 7.188464 5.319064 2.742407 4.841186 7.259433 0.001263 -0.000357 -0.000870 -2.519807 -14.941155 11.146994 71.242060 -8.115809 9.448020 24.561485 5.401591 4.553476 -2.767830 2.507936 0.489713 0.001236 -0.001165 0.000930 -7.664544 -12.255782 -2.580419 66.693907 -18.122418 17.476686 33.501006 4.621004 1.479431 23.585280 2.678636 -11.134598 0.002652 -0.006435 -0.001646 -5.480666 -12.101103 6.153870 56.562430 -2.335662 14.650854 36.529155 7.407629 1.807738 17.468672 -0.547773 -13.046842 0.000293 -0.003016 0.000655 -12.065770 -4.368836 -9.481196 1.377368 0.670398 21.111663 -1.251042 3.292936 -4.298217 3.018134 19.430793 8.779005 0.001569 0.000523 0.998403 -3.306388 -17.533532 4.413743 2.959854 -3.760196 29.180175 16.960980 -8.277031 -19.771214 -8.397027 -7.739067 1.021335 -0.000870 0.000034 1.005318
-29.151619 104.690063 -5.962020 167.612634 50.729305 165.839596 1.843292 -1.376307 2.909921 -0.138262 2.858100 -13.977075 2.437491 7.090224 16.575565 -5.577566 4.223607 -14.545209 -17.374321 2.139694 10.372233 15.446308 29.213966 17.265932 -0.000080 0.001017 -0.001582 0.447645 0.476455 -7.842700 0.015451 -2.276915 -2.193461 -0.449620 -0.482799 -2.290128 -5.635974 -7.720499 25.222450 -87.970144 -10.680561 28.832885 11.947867 -38.604208 -1.811667 29.342391 17.258601 -5.662178 0.334866 45.382439 36.838651 5.708062 6.973393 -13.902957 6.368962 7.820160 -0.842036 0.001233 0.000893 0.000393 14.758159 26.508155 7.288666 -85.749755 17.759615 4.719378 -29.137681 -11.971155 4.785684 -6.851258 -3.139308 3.748344 0.001433 -0.001183 0.000318 9.898646 15.560202 10.488013 -79.648028 5.480575 7.384778 -29.218046 -12.387648 1.805090 -0.035700 -2.771258 -0.752324 -0.001558 0.001402 -0.000665 12.480287 13.898362 -6.141116 -78.010316 15.741658 10.957623 -35.389576 -8.588238 -0.450735 -27.608974 -3.390739 -9.737732 -0.000906 0.001988 0.000901 6.985426 11.889517 0.491321 -69.571952 4.640810 9.707189 -35.880414 -7.965222 1.703693 -20.956598 -0.833687 -11.999527 0.000464 0.000378 0.001345 -12.401230 18.440846 23.414103 101.305725 9.862186 22.759114 -27.355104 71.287707 -16.387586 -46.338774 -34.319419 10.973312 9.894475 -57.136347 44.927714 -5.037726 -4.453183 -15.552898 -3.192052 -5.788872 2.190488 0.000097 0.004027 0.000162 -2.853766 -22.484634 9.438713 78.408549 -32.034589 3.799123 22.612875 7.904543 5.504283 2.707470 4.720953 8.021968 0.001482 -0.000252 -0.000812 -2.768269 -15.174792 11.306844 70.980808 -8.442696 9.803739 22.738403 5.973346 4.545021 -3.473306 2.136758 0.087426 0.001672 -0.001999 0.001568 -8.052613 -12.472603 -2.099994 65.749013 -18.045531 17.885252 31.728621 5.719817 1.708788 23.399075 3.005572 -11.932239 0.003921 -0.009979 -0.002437 -5.580924 -12.390506 6.572105 54.913010 -1.806641 14.689488 34.558864 8.355052 1.738625 17.174761 -0.661549 -13.728613 0.002818 -0.006200 0.000769 -11.689211 -5.098579 -9.554184 2.023930 -0.229180 22.929908 -1.954014 1.443110 -2.397089 4.233080 22.799182 9.589315 0.001876 0.000968 0.998184 -2.126040 -17.390121 4.561862 2.940418 -3.666750 32.267993 17.409566 -6.783390 -19.355546 -9.352499 -8.544977 1.616429 -0.000846 -0.000461 1.008434
-29.782290 104.720757 -5.719891 165.631039 47.455435 164.836658 2.147288 -0.864911 2.724918 0.236730 2.862194 -13.427941 2.065112 8.270313 15.476990 -5.792139 4.175563 -13.886412 -18.411708 2.278763 9.465382 16.043225 32.503283 16.275834 0.000102 0.000850 -0.001095 0.399945 0.466424 -7.679170 0.014178 -2.344135 -2.308932 -0.453271 -0.564114 -2.390603 -5.752496 -5.781835 25.394054 -87.916603 -9.948559 27.689247 13.332884 -39.979445 -1.407132 28.325837 18.931461 -5.193554 1.194629 45.914835 37.813696 5.699467 7.225270 -13.751653 6.447583 7.964840 -0.550252 0.000997 0.000953 0.000621 15.310261 27.074466 7.974673 -85.559486 18.123531 4.816806 -29.278570 -11.362620 4.920925 -6.529258 -3.121414 3.855589 0.001319 -0.001276 0.000126 10.128067 15.732145 10.968652 -79.439086 6.131673 7.281898 -29.490792 -11.904959 2.056768 0.056878 -2.732948 -0.680652 -0.001509 0.001212 -0.000450 12.687997 14.067995 -6.085173 -77.853281 17.067561 10.753217 -35.529343 -8.182494 -0.264094 -27.313463 -3.223027 -9.578462 -0.000660 0.002036 0.000729 7.462827 12.028253 0.790185 -69.833164 5.492299 9.501295 -35.975074 -7.831717 2.031869 -20.571538 -0.606759 -12.056123 0.000424 0.000459 0.001411 -12.881415 18.286157 23.060421 102.251912 9.904731 21.911703 -33.222588 74.051079 -21.019267 -42.795182 -36.765532 11.276532 10.189456 -57.372500 44.238990 -4.079297 -4.911731 -15.237401 -2.847895 -6.425421 2.460950 0.000581 0.003223 -0.000193 -2.257967 -24.005134 9.497215 78.502240 -31.023145 3.513529 23.318934 7.460973 5.739865 2.790649 4.661438 7.921483 0.001338 -0.000281 -0.001055 -2.216842 -16.073882 11.580334 71.365210 -9.182821 9.486408 23.728517 5.450123 4.643712 -2.894072 2.344020 0.029535 0.001180 -0.001426 0.001256 -7.477993 -13.235750 -1.755182 66.727276 -19.067999 17.281378 32.558695 5.313689 1.809025 23.835760 3.067968 -11.819258 0.002964 -0.007238 -0.001899 -5.043950 -13.054138 7.129249 56.254829 -2.763168 14.706889 35.544677 8.225374 1.950284 17.828209 -0.370918 -14.004603 0.000655 -0.003724 0.000976 -12.376673 -6.519083 -10.494428 1.414644 -0.629681 21.557359 -2.226667 0.392764 -1.316693 4.033384 23.166558 9.335816 0.001711 0.000824 0.998050 -3.423838 -18.111267 4.017371 1.820072 -3.382332 31.521610 17.522604 -7.903099 -17.550967 -9.805839 -8.654667 1.209772 -0.000785 -0.000243 1.005828
-30.404421 104.222168 -5.474328 164.165835 51.908280 165.108782 2.439276 -0.016598 3.216811 0.507698 2.287614 -13.592571 2.221682 8.971200 14.855487 -7.095494 4.775706 -13.477497 -19.279720 1.843053 9.655566 16.033137 35.325691 14.331301 0.000059 0.001063 -0.001563 0.630920 0.484589 -8.097577 0.148908 -1.865622 -3.309448 -0.351678 -0.083356 -3.419105 -5.395391 -4.873355 26.430655 -88.319435 -10.977458 29.816890 13.768106 -38.487240 -1.502375 26.386592 20.417348 -1.846129 3.950681 46.813568 40.092169 5.445524 7.301489 -14.027741 6.343387 7.591649 -0.331951 0.001242 0.001119 0.000672 16.138466 27.613869 8.711241 -85.347818 18.992406 4.380301 -31.375278 -12.115107 5.929548 -7.116601 -2.764571 2.726927 0.001615 -0.001471 0.000307 10.803423 16.146487 11.577561 -79.274297 6.730581 6.808231 -31.438588 -12.584683 2.781132 -0.690901 -2.464618 -1.601670 -0.001771 0.001519 -0.000629 13.460922 14.637444 -5.868511 -77.232071 17.719630 10.658087 -37.795769 -8.495234 0.404744 -28.704905 -3.261252 -9.766193 -0.000898 0.002279 0.000982 8.565883 12.507061 1.710358 -68.105556 5.748801 9.470072 -37.692759 -8.085290 2.667718 -22.538885 -1.000337 -12.280544 0.000677 0.000620 0.001437 -13.430252 19.099027 22.747771 105.006366 10.797867 21.283269 -37.890748 72.664149 -24.542038 -45.286486 -35.470540 13.742052 8.058898 -56.790408 45.339126 -3.226128 -4.243146 -15.206901 -2.594778 -5.831411 2.341722 0.000359 0.004209 0.000106 -1.876425 -23.894015 9.576829 75.113270 -29.335032 4.789218 22.530494 6.888287 5.812853 2.960285 4.392296 7.256291 0.001525 -0.000270 -0.001047 -1.924487 -15.591815 10.999805 68.083936 -9.642768 9.747292 23.126333 4.801916 4.823244 -2.677469 2.031039 -0.478823 0.001346 -0.002073 0.001619 -7.527392 -12.761756 -2.055330 63.237103 -19.801206 17.631450 31.590379 5.154070 2.156289 24.044703 3.039365 -12.301642 0.003799 -0.010832 -0.002404 -5.482542 -12.375673 6.802998 52.901988 -4.539184 15.133398 34.757882 7.976620 2.078867 18.179818 -0.561496 -14.320029 0.003151 -0.006996 0.001065 -12.181322 -7.426675 -11.934529 2.204063 -1.120870 21.111527 -2.148827 -1.333509 -2.367728 3.980954 25.704282 9.697391 0.002108 0.001098 0.997874 -3.531351 -18.567490 2.066149 0.294068 -3.409648 31.971094 17.387811 -9.454922 -18.623460 -9.860848 -10.103785 1.447293 -0.000839 -0.000430 1.009080
-31.015896 104.214264 -5.226967 163.642257 54.829204 165.648561 2.686879 -0.942797 2.288989 0.232850 2.832187 -12.451698 2.354296 8.470985 13.355373 -7.288524 5.404703 -12.105242 -20.422187 1.652881 11.070347 14.405169 37.111285 10.390984 0.000276 0.000701 -0.001033 0.675920 0.450170 -8.062606 0.196510 -1.515082 -2.945512 -0.292053 0.255306 -3.040196 -5.327910 -4.208720 26.180039 -88.715071 -10.030456 29.462942 12.536720 -36.530958 -1.007739 28.992734 19.818111 -2.172856 2.263615 44.959813 38.543676 5.061781 6.439746 -13.845666 6.246235 7.582182 -0.341184 0.000877 0.001202 0.000814 15.424884 25.556612 8.178663 -85.216044 19.086463 3.791272 -34.704357 -13.057423 6.892130 -8.279089 -2.616495 0.839663 0.001520 -0.001491 0.000337 10.779233 15.015325 11.408024 -79.814238 7.022456 6.392651 -35.132295 -13.088110 4.149961 -2.516165 -2.504525 -3.013285 -0.001656 0.001243 -0.000248 13.493164 13.689320 -6.283050 -77.875539 19.221168 9.834979 -41.519751 -8.711948 1.189868 -30.894594 -3.487803 -9.843802 -0.000481 0.002307 0.000686 9.007127 11.890405 1.382490 -68.740251 6.755363 9.272640 -41.373713 -8.133570 3.454630 -25.197610 -1.740344 -12.167564 0.000759 0.000725 0.001363 -14.330708 18.352427 22.746237 104.859659 10.652187 22.182879 -32.706059 72.767957 -20.194322 -46.160766 -34.389072 11.152054 9.531332 -55.162648 42.743869 -2.968383 -3.854092 -15.563411 -2.692897 -5.551608 2.334035 0.000913 0.003386 -0.000256 -2.131102 -23.711351 8.947905 75.881188 -26.644510 4.666919 26.272337 7.963483 6.039468 4.339936 4.285107 5.420973 0.001507 -0.000315 -0.001344 -2.140381 -15.501179 10.811831 70.090156 -9.612504 9.276965 27.430991 6.208200 5.411630 -0.258918 2.583662 -1.687734 0.000848 -0.001430 0.001239 -7.593454 -12.808086 -2.230366 65.943364 -20.018064 16.777365 36.192214 6.770905 2.460459 26.556388 4.095359 -13.139332 0.002646 -0.007873 -0.001707 -5.731422 -12.619289 6.138271 56.143672 -4.919133 14.991625 38.796233 10.058843 3.218645 21.378070 1.123893 -15.578170 0.000855 -0.004288 0.001238 -11.668314 -6.529210 -10.662954 2.490659 -0.933052 18.067126 -2.163476 -2.247761 -1.201715 3.377461 22.787264 8.119064 0.001926 0.000950 0.997780 -4.396156 -19.532292 2.879878 0.677627 -4.093273 29.327126 17.645967 -11.654897 -17.007864 -8.841632 -8.517506 1.656158 -0.000720 -0.000020 1.006311
-31.616608 104.433487 -4.977900 163.967082 54.934564 165.387874 2.364495 -1.179383 2.573537 0.143016 3.100073 -12.537754 2.410692 8.463130 13.416425 -7.492904 5.133103 -12.473924 -19.859632 1.515086 10.151684 14.232020 36.435640 10.086632 0.000342 0.000680 -0.001112 0.825219 0.576381 -8.376658 0.221637 -1.414649 -3.254517 -0.276638 0.350879 -3.352755 -5.218042 -4.389018 26.372472 -88.648443 -10.468562 29.351765 12.394753 -36.508769 -1.175005 29.114478 19.670639 -0.755839 2.978761 45.013652 39.410869 5.260278 6.718669 -13.691013 6.135885 7.472483 -0.725236 0.000826 0.001330 0.000865 15.602983 25.994534 8.406813 -84.227281 19.822465 4.092993 -33.809617 -12.722007 6.500528 -8.202966 -2.630811 1.361736 0.001577 -0.001413 0.000242 10.952326 15.265785 11.577918 -78.475831 6.931662 6.522578 -34.106751 -12.651733 3.694937 -2.299662 -2.480422 -2.355676 -0.001539 0.001149 -0.000134 13.818831 13.928378 -6.276296 -76.606972 19.321138 10.057451 -40.467259 -8.601926 0.962821 -30.496052 -3.198359 -9.553295 -0.000452 0.002287 0.000652 9.434199 12.203854 1.549404 -66.758280 6.243574 9.354026 -40.248891 -7.904700 3.195659 -24.774642 -1.407912 -11.927096 0.000741 0.000835 0.001306 -14.633648 18.244146 23.367435 105.418569 10.520996 20.531846 -34.117247 74.873697 -21.649838 -50.518989 -34.278481 14.253929 8.862265 -55.758580 43.922271 -2.940569 -3.825357 -15.186099 -2.759709 -5.211780 2.206920 0.000851 0.003467 -0.000201 -1.519803 -23.813987 9.414535 75.241333 -27.787354 5.014263 25.403859 7.702452 6.005520 4.484962 4.188775 5.510608 0.001499 -0.000302 -0.001267 -1.772036 -15.282716 10.729964 69.083323 -9.799217 9.603504 26.419923 5.562984 5.249812 -0.311453 2.427085 -1.245418 0.000860 -0.001485 0.001174 -7.504462 -12.525862 -2.264282 64.575701 -20.095169 17.075818 35.117488 6.408545 2.335496 26.249129 3.668725 -12.832432 0.002748 -0.008325 -0.001792 -6.027196 -12.289675 6.001305 54.500403 -5.137533 14.971825 37.912602 9.449523 2.765037 20.959079 0.575258 -14.998995 0.001141 -0.004730 0.001182 -11.799349 -7.122651 -10.082789 2.657489 -0.921808 18.368556 -1.618261 -2.624502 -0.234292 3.454224 24.392528 8.665477 0.001926 0.000884 0.997898 -4.688870 -20.180428 3.300657 0.239866 -3.947924 29.646433 18.292650 -11.661504 -16.731238 -9.138079 -8.948172 1.717744 -0.000656 0.000050 1.006671
-32.206459 104.648338 -4.727233 163.133268 51.514740 163.259489 2.004874 -1.154503 3.310569 0.116557 3.370077 -12.421581 2.344776 8.489745 13.181598 -8.193928 5.362530 -12.403602 -19.612568 1.380361 8.267667 14.354378 37.967627 9.548475 0.000188 0.000619 -0.000936 0.960880 0.731902 -8.205407 0.183878 -1.602812 -2.978893 -0.304656 0.158632 -3.062448 -5.649539 -4.028617 26.011029 -87.321228 -10.103276 27.955027 11.875930 -38.523224 -1.335897 25.982306 17.783075 -4.202521 0.530644 42.071964 36.227127 5.248754 5.962509 -12.950363 6.155442 8.454087 -0.583262 0.000751 0.001401 0.000929 15.079176 24.065824 7.228807 -80.964431 19.203219 4.410942 -29.681927 -10.310480 4.717618 -6.805429 -2.655125 3.428975 0.001633 -0.001314 0.000156 10.685121 14.345266 11.117759 -74.297130 6.101729 6.403176 -30.378853 -9.863097 2.254027 -0.623326 -2.294391 -0.641764 -0.001566 0.000961 -0.000049 13.565663 12.725770 -6.452584 -72.153345 18.746997 10.708677 -35.637332 -7.003175 -0.107457 -27.633850 -2.595439 -9.111750 -0.000327 0.002120 0.000783 8.634680 11.419849 0.685492 -61.928080 6.584513 9.519463 -35.918329 -6.479560 2.044934 -20.898560 0.019026 -11.606770 0.000890 0.000572 0.001528 -14.407070 18.167259 23.941051 104.342185 10.759128 19.207665 -38.485727 77.768057 -25.929052 -50.371041 -33.543578 13.404661 10.812107 -54.370397 42.145426 -3.116952 -4.061263 -14.641283 -2.763297 -6.253832 2.361471 0.000890 0.003083 -0.000284 -0.771975 -22.529893 9.177132 73.271306 -26.836768 5.216203 23.200583 6.835201 5.367433 3.273651 4.493240 7.378040 0.001237 0.000012 -0.001267 -1.232374 -14.703516 10.099253 67.115132 -9.120152 9.181587 24.475871 4.002886 4.620954 -1.587375 2.475871 0.348187 0.000636 -0.001168 0.001112 -7.129386 -12.126400 -3.007477 62.781963 -18.305605 17.095642 32.771992 4.254356 1.642713 24.549104 2.648438 -11.381954 0.002492 -0.006965 -0.001701 -5.583006 -11.616059 5.071594 53.371047 -5.156527 14.393957 36.321676 6.793833 1.588118 18.834144 -0.536902 -13.579599 0.000179 -0.003531 0.001273 -12.479660 -7.469683 -10.105474 1.661877 -0.175828 19.869388 -0.441515 -2.657296 2.939558 3.030624 22.977929 8.252162 0.001838 0.000936 0.997853 -6.624463 -22.152951 3.615167 -0.113235 -3.267851 32.472631 18.244418 -11.156111 -15.104221 -9.317288 -7.389061 1.414154 -0.000669 0.000090 1.005408
-32.785358 104.721703 -4.475085 164.462702 47.806695 163.602785 1.960640 -1.152464 3.395622 0.021623 3.609675 -12.338979 2.028716 8.212370 13.162044 -7.936423 5.265859 -12.286539 -19.192806 1.504007 7.710840 13.664735 36.631548 9.162140 0.000242 0.000566 -0.000895 0.926931 0.738943 -8.234197 0.179834 -1.562732 -3.233560 -0.316167 0.192757 -3.313070 -6.064444 -4.350465 25.855190 -86.779215 -10.503792 27.395334 12.605103 -38.888053 -1.966523 25.462682 17.849477 -4.704537 0.439848 42.377422 36.084810 5.168343 6.310288 -13.063338 6.091071 8.383023 -0.396038 0.000693 0.001512 0.000964 14.956859 24.318774 7.066232 -81.242077 19.194095 4.301427 -30.072711 -10.524530 4.838128 -6.869531 -2.668110 3.197954 0.001649 -0.001332 0.000074 10.488402 14.427065 10.910004 -74.618889 6.303762 6.234707 -30.724085 -10.170934 2.417762 -0.734482 -2.272281 -0.882102 -0.001498 0.000893 0.000070 13.411384 12.775425 -6.655975 -72.626796 19.164498 10.380049 -35.999219 -7.117906 -0.032140 -27.820103 -2.658243 -9.219073 -0.000225 0.002140 0.000720 8.403792 11.405465 0.478648 -62.373104 6.751017 9.234565 -36.106211 -6.496678 2.070014 -21.209460 -0.053435 -11.607589 0.000849 0.000589 0.001526 -14.783153 18.221213 23.513011 104.182649 10.373102 19.019973 -41.047267 78.653419 -28.874413 -50.361376 -34.282036 13.421080 10.706243 -54.698689 42.311361 -3.061134 -4.353625 -14.707707 -2.764457 -6.065377 2.435869 0.000921 0.002960 -0.000312 -0.819541 -22.348255 9.255726 73.767621 -27.218062 4.968447 23.538294 6.918052 5.446829 3.275139 4.421331 7.340508 0.001258 -0.000012 -0.001253 -1.220129 -14.474774 10.120455 67.619140 -9.343336 8.958583 24.660942 4.100864 4.675285 -1.603830 2.385542 0.205598 0.000642 -0.001073 0.001048 -7.051875 -11.915497 -3.055566 63.131292 -18.618691 16.879580 33.172879 4.585015 1.680605 24.657410 2.711004 -11.541540 0.002358 -0.006572 -0.001624 -5.440243 -11.414787 4.834797 53.427750 -5.368497 14.351317 36.657412 7.111686 1.728722 19.157138 -0.436703 -13.742575 -0.000161 -0.003163 0.001261 -12.393269 -7.410937 -10.396742 1.650848 0.113754 20.468288 -0.768972 -2.782084 3.035693 3.456167 22.454957 7.846287 0.001749 0.000856 0.997885 -6.782392 -22.395859 4.029784 0.217105 -3.384506 33.314323 18.524740 -11.005617 -15.810506 -9.378579 -7.258951 1.089481 -0.000584 0.000192 1.005006
-33.353226 105.089783 -4.221590 165.896773 52.598404 166.121512 2.261040 -2.797995 2.944734 -0.687443 4.255544 -12.505624 2.106368 7.457581 11.778352 -7.123995 4.505980 -10.782293 -19.144404 2.087822 8.959324 11.684734 32.785628 7.729810 0.000242 0.000508 -0.000996 0.912917 0.607511 -8.128119 0.195525 -1.210378 -3.040502 -0.295541 0.549757 -3.136694 -7.943389 -4.282165 25.913081 -86.163424 -10.146887 27.706466 12.349213 -35.685277 -2.086643 25.183968 15.187867 -7.222999 0.334091 41.668250 35.125833 4.798879 6.476502 -13.093654 6.175191 7.962637 -0.597287 0.000817 0.001547 0.000828 13.990942 23.576707 6.587726 -81.531410 19.286930 3.753480 -33.209455 -12.263019 6.131425 -8.472583 -2.518451 0.929407 0.001747 -0.001632 0.000260 9.871818 13.988831 10.351911 -75.832275 6.874043 5.875195 -34.010780 -12.162816 3.475738 -2.934596 -2.289835 -2.749274 -0.001570 0.001045 -0.000044 13.111531 12.886890 -7.610833 -74.132663 19.332355 10.036700 -40.164296 -7.869358 0.661896 -30.588591 -3.271621 -9.829469 -0.000334 0.002275 0.000650 8.223492 11.074570 0.199613 -63.874814 6.728417 8.923564 -39.971184 -6.989249 2.817178 -24.959691 -1.174594 -11.810402 0.000808 0.000646 0.001396 -14.844704 17.193757 22.968356 104.587310 9.640181 19.561427 -33.009263 77.087248 -21.597603 -50.736012 -32.547028 12.526702 10.833484 -54.003145 41.658451 -2.956960 -4.573030 -14.821192 -2.910028 -5.756898 2.488341 0.000777 0.003071 -0.000215 -1.177274 -21.785113 9.673138 74.483690 -27.353113 4.349158 26.679963 7.682377 5.969600 5.363548 3.900637 5.871202 0.001607 -0.000154 -0.001107 -1.638186 -14.102333 10.613425 69.215605 -10.264267 8.715230 27.296363 5.242766 5.231090 0.640236 2.359388 -1.287142 0.001028 -0.001180 0.001154 -7.332054 -11.844640 -2.695109 64.668789 -20.066825 16.574244 36.442077 6.391149 2.278290 26.860500 3.738494 -12.817261 0.002392 -0.006825 -0.001754 -5.914093 -11.775281 5.507043 54.859872 -5.260177 14.840527 39.227917 9.287193 2.791095 21.838110 0.865236 -15.169270 0.000069 -0.003318 0.001185 -11.451739 -6.714666 -9.786930 3.476789 -0.356386 17.122302 -0.838363 -3.420529 3.427863 4.689601 21.067412 7.135031 0.001871 0.000935 0.997952 -5.702377 -21.274111 3.578564 1.103124 -4.305411 30.219000 17.728689 -11.211611 -14.935293 -8.823564 -6.666862 1.801876 -0.000482 0.000130 1.005226
-33.909985 104.832283 -3.966901 166.844398 48.431247 164.508096 1.533086 -0.962396 3.564523 -0.481263 3.866376 -12.777687 1.156168 6.725224 14.006698 -7.044461 4.701551 -15.841046 -17.015186 2.083941 8.091926 15.256891 29.814117 15.404942 -0.000272 0.001089 -0.001702 0.978035 0.937562 -9.159354 0.285325 -1.115209 -5.137495 -0.272521 0.642286 -5.245489 -5.097446 -6.313546 25.912573 -88.548356 -12.599686 29.758368 13.022699 -37.297985 -3.438661 29.064116 19.066489 -3.848902 4.331960 47.507499 41.349912 5.863227 9.095337 -13.868630 5.637937 7.093948 -1.331173 0.001487 0.001704 0.000644 16.007361 29.616615 8.515686 -85.342300 21.180018 3.966016 -32.002393 -12.996246 6.107554 -7.833758 -2.912239 2.110645 0.002326 -0.001639 0.000533 10.569110 17.888971 11.056790 -78.755275 6.073408 6.518338 -31.203976 -13.332546 3.070226 -1.588325 -2.292735 -1.409329 -0.002201 0.001558 -0.000626 13.210104 16.316302 -6.788510 -78.611965 19.562673 8.967702 -37.200851 -9.104670 0.505423 -28.968060 -2.931930 -9.284892 -0.000902 0.002465 0.001549 8.062963 14.182005 1.118861 -67.783395 5.307057 8.120719 -35.873344 -7.800447 2.079833 -22.620747 -0.600007 -11.205412 0.001398 0.000272 0.001741 -15.093896 18.830076 23.474032 107.097779 9.043920 18.857351 -41.975120 79.666503 -30.139942 -62.978908 -37.171636 19.611245 5.513962 -59.937656 49.859667 -4.102451 -5.727853 -15.135627 -2.917400 -4.585030 2.169649 0.000079 0.004535 0.000343 -1.920143 -25.171753 10.090105 81.240023 -35.062319 2.541703 25.530393 8.526251 6.378391 4.046789 4.028044 5.708409 0.001480 0.000137 -0.000967 -1.516379 -16.210659 10.822075 72.390123 -8.954356 9.158908 25.845014 6.543143 5.244207 -1.065598 2.202073 -1.134856 0.001149 -0.002241 0.001948 -7.401803 -13.284243 -2.217652 67.699726 -19.795832 16.077636 34.960187 8.195945 2.317724 25.957540 3.821302 -13.172637 0.004166 -0.011897 -0.002848 -5.459970 -13.057782 5.455915 56.311635 -2.622224 14.316559 37.203711 11.234281 2.531815 20.832095 0.903433 -15.153576 0.004068 -0.007968 0.001349 -11.951137 -9.748402 -10.406471 2.901571 -0.175867 21.771919 -2.053025 -4.556462 2.634807 6.669481 27.403433 9.047270 0.002275 0.001668 0.997762 -5.833734 -22.218367 3.784523 -0.365476 -3.539661 34.027020 19.392973 -8.122141 -19.855488 -11.742006 -9.972440 2.137271 -0.000497 -0.000470 1.009935
-34.455566 104.879669 -3.711187 169.681602 47.867514 166.647398 0.745087 -0.860315 3.798576 -0.203249 3.418385 -12.578875 1.164052 6.408556 13.753631 -6.409809 4.684750 -16.060528 -16.168594 2.389364 7.222932 15.940740 29.984111 16.990473 -0.000192 0.001072 -0.001376 1.011017 1.036461 -9.310352 0.303639 -1.280662 -5.254709 -0.255932 0.466230 -5.344862 -4.505544 -6.416326 25.418869 -88.978297 -13.293222 30.637853 12.502121 -37.478524 -3.294868 28.963408 21.143182 -1.614315 4.900051 47.605378 41.590293 5.917755 8.882006 -13.566561 5.509230 7.143785 -1.299172 0.001425 0.001952 0.000801 16.401772 29.975894 8.712328 -83.650488 21.446204 4.199603 -29.908727 -11.714742 5.332508 -6.831241 -2.977048 3.106244 0.002432 -0.001571 0.000469 10.723991 18.134694 11.123427 -76.610845 5.894977 6.752926 -29.042858 -11.726402 2.276062 -0.386270 -2.183377 -0.372604 -0.002203 0.001537 -0.000447 13.305541 16.359217 -6.381386 -76.731734 19.272719 9.437498 -34.267539 -8.519382 0.136128 -26.960949 -2.503424 -8.781774 -0.000731 0.002562 0.001554 8.347844 14.311538 1.289667 -65.905243 5.251584 8.286329 -32.996575 -7.402770 1.592718 -19.939343 0.203968 -10.757690 0.001535 0.000337 0.001763 -13.793897 17.972708 24.098238 107.225061 9.293502 18.345832 -41.733711 82.393754 -30.075137 -63.504202 -36.165666 21.830862 5.749607 -59.357776 50.199951 -4.228388 -5.208962 -14.715096 -3.077907 -4.769650 2.045804 0.000455 0.004065 0.000103 -1.170381 -24.178203 10.201494 78.295870 -35.010514 3.638954 22.327095 7.355841 5.788977 2.640546 4.097817 6.627507 0.001298 0.000145 -0.001250 -1.194777 -15.656606 10.447513 69.629565 -8.985090 9.226985 22.619528 4.762783 4.726490 -2.826341 2.074978 0.366916 0.000575 -0.001830 0.001846 -7.177558 -12.848671 -2.650737 64.855730 -19.043159 16.798481 31.063180 6.046715 1.845960 23.588347 2.654561 -11.802478 0.003607 -0.010177 -0.002519 -5.549626 -12.394505 5.098450 54.154776 -3.110578 14.327738 33.860965 8.699374 1.562894 17.796302 -0.689535 -13.337386 0.002894 -0.006397 0.001606 -11.110320 -9.282564 -10.254668 3.859093 -0.261848 20.923992 -0.940276 -4.374698 3.144019 6.069247 29.315626 8.834906 0.002198 0.001654 0.997694 -4.828663 -22.085594 4.195410 1.156669 -3.501358 33.125522 19.293156 -7.341693 -20.940883 -12.018425 -11.010622 1.907792 -0.000303 -0.000322 1.008295
-34.989899 104.991440 -3.454638 171.308501 49.363867 168.717542 0.753685 -0.886893 3.268588 -0.148697 3.456411 -12.211943 1.915064 6.659310 12.686153 -6.700660 4.427229 -15.504703 -16.236227 2.810995 8.821056 15.729389 29.246794 15.320561 -0.000284 0.001169 -0.001539 1.157080 0.877663 -9.090067 0.311084 -0.876111 -5.023966 -0.243103 0.877498 -5.129878 -4.834531 -6.445032 25.060889 -89.042673 -12.610341 30.499053 12.999271 -37.688074 -3.436622 30.459191 22.715362 -2.234236 5.106717 47.166253 40.535093 5.894371 8.852694 -13.586663 6.011082 7.834019 -0.920291 0.001514 0.001821 0.000747 16.347612 29.895613 8.738385 -83.558691 22.109910 3.317573 -29.357908 -10.863800 4.825707 -6.833644 -3.224411 3.787214 0.002389 -0.001537 0.000555 10.669207 17.989730 11.584954 -76.472037 6.306167 6.399129 -29.137663 -10.620771 1.737209 -0.163374 -2.319818 0.022858 -0.002279 0.001630 -0.000652 13.317936 16.266158 -5.923536 -76.661005 19.142609 9.434526 -34.320343 -7.875185 -0.150140 -26.536630 -2.553344 -8.761208 -0.000908 0.002440 0.001627 8.280179 14.328875 1.705812 -66.148733 5.512635 8.334994 -33.823975 -7.041400 1.332932 -19.341668 0.391433 -10.769683 0.001538 0.000270 0.001749 -13.870966 17.177153 23.919207 107.218154 8.236657 16.852356 -31.407449 82.363774 -19.809263 -64.140618 -34.190309 18.742728 6.914309 -58.152311 48.376125 -4.770061 -5.544154 -14.766162 -3.297174 -5.752812 1.895776 0.000295 0.004297 0.000236 -2.078747 -23.596612 10.393800 78.205951 -35.190515 3.435087 21.476982 6.872968 5.616450 2.575841 4.496004 7.993140 0.001351 0.000225 -0.001172 -1.613712 -15.475659 10.556785 69.520654 -9.033569 9.283149 21.443942 4.090297 4.551910 -3.601531 2.182448 1.259667 0.000849 -0.002032 0.001982 -7.310319 -12.738616 -2.835531 64.662455 -18.488591 17.272323 29.715494 4.619647 1.582418 22.425985 2.087212 -10.949556 0.003979 -0.011079 -0.002744 -5.134335 -12.171221 4.972231 53.721653 -2.780871 14.434529 32.864375 6.589058 1.155355 16.066030 -1.612718 -12.305328 0.003597 -0.007178 0.001522 -10.044855 -8.202245 -9.840312 3.820330 -0.175824 18.724529 -0.828598 -5.397021 4.662907 6.082126 27.791727 8.073920 0.002371 0.001759 0.997706 -3.801645 -20.888313 4.520504 2.308802 -3.241540 30.474933 18.488149 -7.458916 -19.695426 -11.161559 -9.952029 2.376958 -0.000505 -0.000500 1.009130
-35.512943 104.775414 -3.197465 169.550951 46.840593 167.851151 0.889692 -0.024895 2.989476 -0.119164 2.869666 -12.487504 1.527528 6.286748 14.090552 -6.534118 4.611252 -15.781694 -16.686673 2.784132 9.510182 15.726209 29.123864 15.469812 -0.000390 0.001056 -0.001679 1.108523 0.892500 -9.317665 0.306143 -0.937235 -4.839413 -0.242799 0.819354 -4.946313 -3.808882 -7.257402 24.548499 -90.025731 -12.971538 30.371011 13.373290 -37.480474 -3.591748 31.997650 22.387933 -2.627164 5.041867 48.279615 41.400103 5.772875 8.883291 -13.846146 5.680882 7.097060 -0.947844 0.001524 0.001611 0.000545 16.111898 30.441184 8.588512 -85.148483 21.755164 3.547906 -30.657343 -12.529126 5.554324 -7.061796 -3.281895 2.753386 0.002345 -0.001459 0.000674 10.328090 18.146384 11.136856 -78.372938 6.083647 6.784120 -30.062878 -12.541894 2.280260 -0.510612 -2.383800 -0.914181 -0.002230 0.001587 -0.000798 13.033270 16.272393 -6.146339 -79.328885 19.455605 8.940545 -35.258727 -9.144171 0.168332 -27.110040 -2.902891 -8.991396 -0.001009 0.002241 0.001649 8.091365 14.259698 1.259323 -69.482205 5.199924 8.040888 -34.363461 -7.926197 1.470090 -20.171953 -0.040297 -10.831599 0.001500 0.000203 0.001676 -13.768007 17.178544 23.936692 107.594557 7.989483 16.769932 -33.563724 81.919040 -22.030104 -63.148855 -34.186251 19.638356 5.127412 -59.981787 50.578253 -4.727004 -5.815521 -15.139590 -3.229444 -4.850031 2.041934 -0.000072 0.004501 0.000392 -2.149568 -24.470508 10.108376 81.077611 -36.008572 2.597778 22.867285 7.855786 5.871773 2.502448 4.464342 6.939857 0.001354 0.000212 -0.000935 -1.590127 -15.941985 10.617707 71.250718 -8.077902 9.381436 22.680727 5.612793 4.730491 -3.291842 2.162523 0.272373 0.001103 -0.002212 0.002021 -7.237248 -13.137254 -2.710160 66.931804 -17.979473 16.840053 31.170389 6.455103 1.872974 23.343728 2.778133 -11.836511 0.004264 -0.011743 -0.002990 -5.216958 -12.450784 5.125950 56.275399 -1.692008 14.153724 33.856536 8.955275 1.694988 17.400151 -0.699497 -13.269499 0.004247 -0.007762 0.001375 -10.875138 -8.474968 -10.087163 2.496464 -0.054446 19.020083 -1.325630 -5.140188 3.461655 6.740184 28.098176 8.053766 0.002385 0.001787 0.997863 -4.207081 -20.507988 4.242316 1.228126 -2.912437 30.074819 18.902023 -8.062084 -20.833518 -11.174647 -10.633037 2.253471 -0.000661 -0.000680 1.009815
-36.024632 104.788040 -2.939901 168.889843 46.096478 167.695828 1.300034 0.171806 2.843940 -0.242033 2.611015 -12.459893 1.562378 6.310994 14.285861 -6.547909 4.417324 -15.476944 -17.045303 3.358904 10.255052 15.797257 28.732679 15.120150 -0.000352 0.000994 -0.001665 1.129076 0.831999 -9.006922 0.272454 -0.831020 -4.613943 -0.269741 0.926498 -4.719596 -4.036120 -7.443590 24.336614 -90.149087 -12.826690 29.690806 13.805504 -37.234104 -3.810307 32.667223 23.127531 -3.388367 5.440773 48.578570 41.389050 5.713023 8.777174 -13.973785 5.977042 7.274598 -0.745538 0.001394 0.001385 0.000439 16.002121 30.312470 8.560976 -85.330336 21.379465 3.786274 -30.213477 -12.527959 5.360982 -7.088565 -3.375001 3.097549 0.002105 -0.001375 0.000598 10.206888 17.867703 11.048166 -78.738428 6.192536 6.987225 -29.849787 -12.617130 2.103241 -0.389767 -2.460522 -0.794403 -0.002053 0.001460 -0.000771 13.048404 15.962180 -6.154670 -79.641432 18.987362 9.247775 -35.088585 -9.017936 0.073888 -27.153700 -3.025064 -9.182590 -0.000966 0.002042 0.001481 8.002944 13.873037 1.166114 -69.840094 5.016957 8.301839 -34.588968 -7.883722 1.416277 -20.204018 -0.089563 -11.074179 0.001280 0.000232 0.001591 -13.389267 17.492412 23.806768 107.166748 7.895068 16.762949 -33.598867 79.574458 -21.947182 -57.029703 -33.877236 17.512770 5.339109 -59.519437 49.902796 -4.539599 -5.973772 -15.231739 -3.190843 -5.250372 2.034330 -0.000166 0.004391 0.000365 -2.485962 -24.253462 10.115879 80.039541 -35.365622 2.990308 21.837185 7.562349 5.686701 2.436238 4.583489 7.847969 0.001401 0.000135 -0.000823 -1.630405 -15.934448 10.681611 69.582394 -8.231327 9.260227 21.351477 5.151959 4.601658 -3.845758 2.045118 0.682665 0.001328 -0.002158 0.001896 -7.109120 -13.184658 -2.673484 64.874483 -17.441167 17.304652 29.673806 5.808837 1.664018 22.749784 2.467585 -11.552947 0.004235 -0.011338 -0.002931 -4.865341 -12.350501 5.323916 54.552470 -1.953148 14.120787 32.507317 7.859217 1.358680 16.332575 -1.263461 -12.840409 0.004046 -0.007426 0.001156 -11.013582 -8.574145 -9.982374 2.261372 0.168192 18.623761 -1.397011 -4.086138 3.624665 6.937817 27.765836 8.506478 0.002250 0.001616 0.998003 -4.193691 -19.865941 4.268702 0.759567 -2.666438 29.179172 18.535532 -8.410424 -20.085430 -10.800998 -10.355838 2.521297 -0.000785 -0.000655 1.009494
-36.524929 104.769852 -2.682197 168.830251 44.856996 167.999576 1.272142 0.182465 3.023279 -0.382707 2.512266 -12.489577 1.620128 6.127807 14.558571 -6.438197 4.476099 -14.856756 -17.205567 3.455692 10.646885 15.392052 28.124181 14.673566 -0.000263 0.000850 -0.001604 1.126217 0.818269 -8.815738 0.249083 -0.777131 -4.661018 -0.294387 0.977207 -4.762443 -4.311750 -8.059650 23.670807 -90.180898 -13.118114 29.451832 13.781789 -36.168679 -3.782483 33.832922 24.299360 -5.033996 5.340397 48.251048 40.725766 5.614215 8.444307 -14.131509 5.877136 7.304682 -0.740548 0.001222 0.001311 0.000370 15.977382 29.847761 8.170858 -85.312006 20.205583 4.137197 -30.431018 -13.206664 5.467852 -7.327278 -3.457628 2.908805 0.001976 -0.001310 0.000533 10.040102 17.441073 10.729225 -78.704584 5.921400 7.078357 -30.059946 -13.240139 2.249795 -0.551721 -2.525655 -1.085252 -0.001892 0.001290 -0.000621 12.797392 15.549585 -6.481013 -79.330999 18.501600 9.530249 -35.343141 -9.206118 0.070985 -27.603662 -3.259808 -9.445466 -0.000804 0.001914 0.001304 7.503613 13.500935 0.431662 -69.404483 5.084691 8.418741 -34.918500 -7.969122 1.453205 -20.726184 -0.334347 -11.262503 0.001146 0.000259 0.001463 -13.372643 17.869465 23.678807 106.606953 8.268846 17.314427 -32.910925 77.334819 -21.292048 -55.140210 -33.494530 15.570989 5.284433 -59.072015 49.394446 -4.411616 -5.835533 -15.414934 -3.147210 -5.215264 2.053026 -0.000176 0.004206 0.000324 -2.805127 -23.704336 10.105929 79.084396 -34.376248 3.418706 21.555068 7.707972 5.590992 2.497638 4.589210 8.157953 0.001415 0.000049 -0.000748 -1.822414 -15.657903 10.748989 68.604133 -8.205521 9.140861 20.776135 5.266464 4.556426 -4.029432 1.949271 0.582944 0.001363 -0.002017 0.001709 -7.094173 -12.904145 -2.770761 63.366078 -17.274950 17.600684 29.226738 5.859005 1.597528 22.827404 2.498610 -11.756100 0.004022 -0.010703 -0.002792 -4.708404 -12.149675 5.038096 53.043311 -2.304049 14.204487 32.223250 7.703161 1.323580 16.330333 -1.381314 -12.995410 0.003591 -0.006862 0.001057 -10.938240 -8.322461 -10.348646 2.170311 0.485289 18.913587 -1.261370 -3.144377 3.774250 6.626721 26.513353 8.242042 0.002088 0.001455 0.998155 -4.258446 -19.876578 4.138005 0.700703 -2.770066 28.817558 18.357782 -8.879668 -19.799307 -10.505959 -9.873829 2.670718 -0.000789 -0.000495 1.008937
-37.013794 105.321777 -2.424631 171.030858 50.906176 172.674019 2.315872 -2.144045 2.713155 -0.979382 2.740220 -12.016240 1.726575 6.312258 13.020706 -5.480436 4.529329 -13.372509 -18.889768 2.984722 9.338682 16.313894 27.887568 14.885996 -0.000306 0.000888 -0.001775 0.995646 0.557495 -8.343281 0.191921 -0.759807 -3.435293 -0.315379 1.019487 -3.551339 -6.183411 -7.950277 23.653147 -88.815982 -12.316273 29.715546 11.920564 -32.334343 -2.449022 27.875968 22.004888 -9.643094 5.526747 48.431312 39.606988 4.669214 8.548001 -14.349121 6.710666 8.150656 -0.311588 0.001299 0.001130 0.000084 14.963025 28.726102 8.006177 -85.709055 21.268428 2.730495 -31.511559 -12.989765 5.642528 -7.472648 -3.150687 2.498077 0.001947 -0.001513 0.000765 9.610584 16.952766 10.870768 -80.202018 6.948586 6.506320 -31.521135 -12.749041 2.285843 -0.801782 -2.582688 -1.654603 -0.001899 0.001368 -0.000654 12.284289 15.366390 -6.471639 -79.915425 17.760283 9.672554 -37.530343 -8.764641 0.292806 -28.291438 -3.432955 -9.892081 -0.000854 0.001922 0.001148 6.964559 13.194600 1.262028 -70.357186 4.623216 9.253318 -37.702517 -8.226543 1.804501 -21.753927 -0.824457 -11.905846 0.001053 0.000418 0.001548 -12.229003 17.776043 22.411838 105.447625 8.147726 21.001196 -26.335238 67.912046 -15.897487 -43.782054 -31.380590 6.025928 7.158573 -56.091238 45.487498 -4.399333 -5.841225 -15.978736 -3.295712 -6.423224 2.084389 -0.000182 0.004567 0.000341 -3.704360 -22.243815 9.380543 76.763292 -31.361613 4.472210 21.782995 7.108985 5.336449 2.673141 4.487909 8.764342 0.001761 -0.000005 -0.000829 -2.429284 -15.607954 10.394701 66.950119 -7.612187 9.723783 20.784640 4.650716 4.653748 -4.131627 2.031119 0.807167 0.001800 -0.002328 0.001820 -7.329172 -12.790270 -2.813905 61.569683 -17.205263 18.452451 29.076758 5.216010 1.327870 22.335022 2.350647 -11.500785 0.004355 -0.012029 -0.002761 -4.302697 -12.123837 5.046901 51.228047 -2.557492 14.987805 31.866375 6.644874 1.056230 15.567033 -1.564127 -12.753532 0.004489 -0.008181 0.000918 -9.693153 -7.018871 -9.738310 4.585495 0.059485 13.914729 -2.350149 -1.476256 2.543579 5.614254 26.511101 8.577273 0.002252 0.001437 0.998062 -2.653687 -17.112909 4.400537 2.731513 -4.585313 21.204625 16.850188 -10.774620 -16.317696 -9.049981 -9.747965 3.677833 -0.000874 -0.000495 1.010271
-37.491203 105.294525 -2.167497 171.229794 51.340261 173.033230 2.340057 -2.182399 2.707412 -0.997933 2.723531 -12.118733 1.712461 6.240624 13.091662 -5.415873 4.554505 -13.332544 -18.906082 3.031679 9.557179 16.345520 27.504809 15.204642 -0.000318 0.000846 -0.001769 0.986088 0.555681 -8.262892 0.186599 -0.730222 -3.468193 -0.321844 1.049054 -3.585581 -6.502683 -8.223792 23.481600 -89.091459 -12.331806 29.707531 11.628655 -31.600122 -2.234435 28.478135 22.270498 -10.534424 5.629172 48.310190 39.600462 4.562613 8.472135 -14.415300 6.720326 8.118291 -0.380985 0.001267 0.001103 0.000032 14.820480 28.599948 7.888632 -85.687454 20.881675 2.888617 -31.584504 -13.163733 5.735543 -7.566022 -3.156492 2.389364 0.001929 -0.001509 0.000774 9.453897 16.872503 10.712979 -80.214949 6.904917 6.574532 -31.542345 -12.908250 2.416074 -0.883391 -2.613652 -1.775002 -0.001863 0.001321 -0.000631 12.113106 15.356916 -6.596667 -79.850649 17.414226 9.877082 -37.581841 -8.773982 0.306474 -28.428786 -3.503867 -9.976529 -0.000816 0.001869 0.001121 6.717549 13.187407 1.015536 -70.322121 4.510172 9.396584 -37.748497 -8.220901 1.796877 -21.899666 -0.913215 -11.882005 0.001016 0.000390 0.001514 -12.065771 17.808475 22.377318 104.955990 8.200458 21.179835 -25.585089 65.485622 -15.266086 -42.431872 -30.832933 4.690426 7.460913 -55.599748 45.145993 -4.395148 -5.815216 -16.017231 -3.301295 -6.380356 2.057104 -0.000216 0.004548 0.000346 -3.723996 -21.770649 9.336305 76.225076 -31.160236 4.579981 21.593932 7.199310 5.248679 2.702536 4.500047 8.785420 0.001746 0.000005 -0.000781 -2.456769 -15.366948 10.374913 66.542546 -7.624626 9.744172 20.546766 4.695078 4.581934 -4.204762 2.004255 0.691174 0.001821 -0.002301 0.001783 -7.280701 -12.604828 -2.834068 60.984169 -17.107078 18.575734 28.810209 5.319959 1.323737 22.288896 2.406420 -11.633496 0.004303 -0.011928 -0.002738 -4.212595 -12.018741 4.946748 50.787076 -2.514480 15.100832 31.536055 6.630925 1.049130 15.443927 -1.588978 -12.821837 0.004401 -0.008088 0.000875 -9.962771 -6.847861 -9.561705 4.571022 0.129312 14.246536 -2.262647 -1.120734 2.092272 5.494940 26.490457 8.458913 0.002230 0.001413 0.998100 -2.662944 -16.918986 4.382977 2.610702 -4.702483 20.618924 16.577898 -10.744953 -16.239262 -9.044392 -9.663473 3.757922 -0.000885 -0.000459 1.010157
-37.957123 104.697121 -1.911114 173.631639 42.414588 165.503374 0.817748 0.035502 2.064573 -0.569471 3.352375 -12.581683 1.528791 5.097416 17.566009 -7.055795 4.441619 -17.013327 -13.454751 2.210693 7.555234 14.942763 23.930920 20.079772 0.000722 0.000909 -0.000915 1.303821 0.845477 -9.063959 0.274787 -0.613061 -4.298156 -0.253842 1.118998 -4.366600 -4.333617 -11.368272 24.034668 -92.369698 -13.796554 29.662189 19.024681 -39.406319 -6.354208 40.636183 29.786227 2.855290 7.995958 49.587942 43.718431 5.305792 8.600005 -13.153203 5.622134 7.737583 -1.505542 0.000571 0.001445 0.001056 16.152535 32.779175 9.941515 -80.801410 20.867186 5.838220 -24.995939 -8.931505 3.927035 -5.291974 -3.984671 6.398220 0.001065 -0.000892 -0.000343 9.749279 19.120641 11.614668 -73.810104 7.166667 6.598765 -24.711804 -8.945009 0.795567 1.828257 -2.836846 2.578663 -0.000597 0.000759 0.000359 12.469475 17.143591 -6.052060 -73.359357 18.832855 9.475502 -30.066026 -6.357110 -1.250581 -23.173420 -1.752984 -7.456566 -0.000322 0.001711 0.000168 7.379262 14.968493 1.007253 -64.412767 5.192959 8.204438 -30.052445 -5.471830 0.168665 -15.124981 1.441354 -9.544992 0.000154 0.001005 0.001013 -13.659742 19.954273 22.090380 104.952692 6.583456 18.514322 -30.304246 69.766080 -18.748371 -54.943157 -37.045274 13.398218 6.147480 -57.094956 49.072199 -4.675916 -5.371815 -13.953674 -2.770564 -6.031912 1.216551 0.000916 0.002545 -0.000516 -2.879847 -23.530447 9.412423 73.926764 -37.805812 6.149696 18.776076 5.980677 5.389434 1.482848 4.643995 8.512510 0.001134 -0.000622 -0.001014 -1.833265 -15.631844 10.774102 64.215134 -11.144329 9.123395 18.462026 3.623224 4.423890 -5.185572 2.034188 2.119830 0.000689 -0.000861 0.000602 -7.047597 -12.665044 -2.707137 58.946218 -20.874794 17.892945 25.084821 3.930550 0.639915 19.710265 1.283003 -9.497669 0.002626 -0.005872 -0.001396 -4.032448 -12.831651 5.260704 48.402586 -3.689616 14.847099 28.420036 5.007780 0.671858 12.415941 -2.609338 -10.312026 -0.000512 -0.002672 0.000629 -10.740954 -7.282120 -7.678984 3.325088 0.699656 25.025987 -2.400937 -2.622674 3.068169 6.051420 30.653369 10.267221 0.001142 0.000119 0.998666 -2.615539 -17.073281 4.235183 0.782133 -2.261378 37.454713 19.261905 -6.341135 -18.455853 -10.125686 -11.880747 3.582707 -0.000177 0.000310 1.004302
-38.411541 104.242233 -1.655820 172.652908 40.401701 164.810666 0.473664 0.366478 1.806874 -0.219354 3.679851 -12.029145 1.192681 5.373360 16.882837 -6.520779 4.309970 -16.757461 -13.100602 2.408771 7.712824 15.743628 24.822054 19.607885 0.000732 0.001021 -0.000878 1.236121 0.872027 -8.847244 0.274685 -0.713934 -4.238431 -0.251694 1.021555 -4.299077 -4.544396 -10.128493 23.586912 -91.217824 -13.766642 29.925574 18.482129 -41.487100 -6.539690 39.250706 25.704393 3.290623 7.516519 50.156507 44.036989 5.397038 8.509055 -13.401817 5.725736 7.735506 -1.337862 0.000483 0.001148 0.001039 16.383613 32.151835 9.904560 -81.653732 20.852038 5.431488 -25.582184 -9.274352 4.006936 -5.675218 -3.963589 6.213757 0.000726 -0.000913 -0.000416 10.145767 18.778476 11.794354 -74.318474 6.801796 6.721291 -25.298020 -9.296355 0.923590 1.383000 -2.830848 2.366186 -0.000489 0.000692 0.000271 12.783673 16.834695 -5.928604 -73.543567 18.736932 9.704145 -30.573851 -6.548380 -1.149447 -24.038065 -1.869209 -7.571014 -0.000443 0.001493 0.000155 7.558100 14.835613 1.086156 -64.514431 4.926204 8.701394 -30.424240 -5.635472 0.266164 -15.894120 1.205333 -9.442856 0.000080 0.001028 0.001171 -12.771992 20.132506 22.860104 105.147658 7.183161 19.371024 -33.861283 74.082546 -21.579884 -56.632127 -36.777624 15.145676 4.486594 -58.907058 50.673243 -4.657623 -5.828114 -14.303006 -2.791629 -5.789830 1.425643 0.000899 0.002359 -0.000633 -3.725209 -23.715169 10.011948 77.347856 -40.110273 4.603806 20.366714 6.773646 5.554122 2.277574 4.533442 8.083236 0.001095 -0.000557 -0.001035 -2.823420 -15.869795 11.406367 67.230687 -11.573144 8.860538 20.129133 4.378613 4.713743 -4.404194 2.091062 1.326811 0.000791 -0.000767 0.000579 -7.990600 -12.965755 -1.860101 61.682595 -20.995096 17.512470 27.075984 4.685803 0.943750 21.159026 1.787326 -10.287038 0.002801 -0.005344 -0.001326 -5.176730 -13.120843 6.308361 50.925881 -3.401701 14.791184 30.067474 6.176045 0.990364 13.930641 -2.065691 -11.239183 -0.000713 -0.002316 0.000493 -11.442856 -7.886104 -9.364226 2.438608 0.526882 24.769080 -1.491634 -2.834081 0.518179 5.164609 30.662302 10.228947 0.000987 0.000027 0.998624 -3.012001 -17.669539 3.342909 -0.066688 -1.427043 38.126859 18.554631 -5.682726 -19.500044 -10.980487 -12.248735 2.948955 -0.000377 0.000133 1.004016
-38.854439 104.364838 -1.401972 173.489110 38.875844 166.000670 0.265610 0.711011 1.954523 -0.110324 3.794884 -11.570794 1.000731 5.302223 16.185992 -6.120263 4.239179 -16.372197 -12.764799 2.469805 7.994931 16.413914 24.709280 20.096193 0.000694 0.000910 -0.000687 1.128545 0.822242 -8.445294 0.263491 -0.759152 -3.839444 -0.249980 0.976051 -3.889502 -4.397708 -10.058980 22.813627 -90.899772 -13.323165 30.559996 18.060213 -40.873759 -6.326783 40.556985 25.117608 4.591009 6.969761 49.945179 43.536827 5.301375 8.058077 -13.467403 5.696051 7.743558 -1.185134 0.000359 0.001104 0.001013 16.235560 31.375183 9.651727 -81.819130 20.295468 5.309051 -26.011821 -9.414977 3.982292 -5.899108 -4.041969 6.202642 0.000661 -0.000878 -0.000447 10.191538 18.218527 11.721973 -74.420748 6.886463 6.724991 -25.808557 -9.458457 1.111555 1.148154 -2.859722 2.274586 -0.000412 0.000553 0.000351 12.901453 16.325187 -5.960120 -73.426283 18.674621 9.875247 -30.932976 -6.370591 -1.177168 -24.450083 -1.923787 -7.584076 -0.000305 0.001389 0.000097 7.756066 14.438178 0.913172 -64.740677 5.089099 8.801185 -30.788733 -5.598444 0.305236 -16.198112 1.093979 -9.281940 0.000047 0.000969 0.001217 -12.016069 19.884325 22.965974 104.427020 7.559267 19.556654 -32.170452 74.896901 -19.598268 -56.472373 -36.601634 14.789415 4.250604 -58.952907 50.334772 -4.645265 -5.777286 -14.518738 -2.781391 -5.821341 1.455269 0.001000 0.002017 -0.000761 -4.208191 -23.667845 9.987099 77.729175 -40.069844 4.222623 20.945750 7.005469 5.599509 2.626427 4.589975 8.056716 0.000970 -0.000488 -0.001062 -3.318302 -15.869537 11.847195 67.907573 -11.801155 8.657112 20.698207 4.711959 4.715212 -4.134608 2.124849 1.071258 0.000585 -0.000494 0.000442 -8.267482 -12.931878 -1.642725 62.190535 -21.320619 17.447530 27.670506 4.888349 1.029571 21.679956 1.985573 -10.537684 0.002377 -0.004007 -0.001090 -5.411760 -13.206657 6.414155 51.807337 -3.574855 14.970790 30.609230 6.479492 1.185998 14.307643 -1.927909 -11.613177 -0.001638 -0.001140 0.000505 -11.288289 -7.585744 -10.034793 2.632452 0.499164 23.763060 -0.757917 -1.915423 -1.451020 4.748231 29.176717 9.706415 0.000833 -0.000034 0.998643 -2.525463 -17.692119 3.413998 0.130207 -1.802742 36.162304 18.202068 -5.896619 -19.165245 -10.634074 -11.955010 2.336394 -0.000347 0.000197 1.002824
-39.285816 104.570663 -1.149944 174.426660 38.438769 168.247800 0.177573 1.145476 2.252810 0.005178 3.767526 -10.901087 1.041074 5.397093 15.069070 -5.639846 4.131244 -15.308172 -12.636428 2.790834 8.614056 16.974277 25.305653 19.301438 0.000564 0.000739 -0.000489 0.950809 0.680020 -7.873793 0.238551 -0.778828 -3.302400 -0.258071 0.958007 -3.342543 -4.444095 -9.741626 21.855067 -90.094346 -12.374541 30.936594 16.939848 -39.539499 -5.873907 41.151541 23.472480 5.618599 5.421237 49.120612 41.960955 4.988155 7.327917 -13.359625 5.762389 8.127583 -0.827959 0.000231 0.001032 0.000948 15.592661 29.899717 9.185208 -81.497954 19.977372 4.755735 -26.369519 -8.769258 3.835524 -5.970079 -4.125604 6.417516 0.000629 -0.000836 -0.000416 10.015151 17.188355 11.581843 -74.084914 7.557856 6.377872 -26.547706 -8.684547 1.299030 0.995715 -2.850661 2.343032 -0.000389 0.000401 0.000389 12.948157 15.369059 -5.986696 -72.640547 18.913988 9.994140 -31.408164 -5.519664 -1.203954 -24.752230 -1.859200 -7.536803 -0.000141 0.001270 0.000094 8.060452 13.706637 0.890694 -64.308170 5.627519 8.816747 -31.652846 -5.233884 0.366934 -16.355117 1.158485 -9.162560 0.000063 0.000825 0.001314 -11.245000 19.210131 23.145031 102.859456 7.668539 19.620124 -27.951594 74.357791 -15.310218 -54.040313 -35.066763 12.753125 5.756548 -58.412218 48.412400 -4.621297 -5.822864 -14.671519 -2.813293 -6.545320 1.561184 0.001089 0.001715 -0.000867 -4.366616 -23.339147 9.645208 77.780059 -38.858986 3.766207 21.916370 6.761757 5.685360 3.027430 4.792460 8.391082 0.000830 -0.000332 -0.001089 -3.606306 -15.827003 12.214537 68.498769 -11.861756 8.361658 21.730090 4.589254 4.740540 -3.711451 2.293289 1.140715 0.000336 -0.000210 0.000322 -8.368993 -12.802137 -1.399332 62.942056 -21.576278 17.126078 28.588214 4.447070 1.084269 22.190502 2.045567 -10.419406 0.001864 -0.002677 -0.000851 -5.466774 -13.255071 6.497715 53.363339 -3.885838 15.117629 31.712159 6.148121 1.339251 14.538596 -1.875921 -11.772722 -0.002578 0.000048 0.000550 -10.832418 -6.990595 -10.082499 2.866491 0.554419 22.080573 -0.592469 -1.549959 -3.262065 4.036079 25.685698 8.359652 0.000682 -0.000028 0.998643 -1.847923 -17.035151 3.517922 0.858478 -2.406064 32.946744 17.414394 -5.986711 -18.192281 -9.521237 -10.676568 1.791671 -0.000330 0.000230 1.001630
-39.705666 104.597794 -0.900131 174.636767 38.487770 169.031817 0.199599 1.396698 2.221951 0.045518 3.621296 -10.229921 0.908501 5.510694 14.481496 -5.185537 4.086044 -15.050660 -12.659693 3.057468 8.522285 17.975232 25.668771 19.701699 0.000536 0.000614 -0.000377 0.873830 0.637332 -7.695898 0.218029 -0.808482 -2.929713 -0.266631 0.927146 -2.961319 -4.161335 -9.333593 21.293058 -89.332854 -11.623036 31.518569 16.186850 -38.492574 -5.580251 41.704072 22.891705 6.710199 5.637029 49.660807 42.330291 4.897309 7.293401 -13.348572 5.892437 8.385822 -0.542787 0.000100 0.001041 0.000923 15.679540 29.926519 9.439868 -81.966681 20.247922 4.356203 -26.252881 -8.296116 3.708977 -5.785653 -4.284987 6.837434 0.000619 -0.000728 -0.000415 10.118768 17.090121 11.754131 -74.382612 7.836932 6.310169 -26.577110 -8.117431 1.285462 1.200839 -2.913247 2.667743 -0.000289 0.000254 0.000509 13.174082 15.269027 -5.787117 -72.788953 18.845495 10.135731 -31.369132 -5.055959 -1.268390 -24.542343 -1.766414 -7.368932 0.000019 0.001160 0.000045 8.448406 13.622062 1.185957 -64.852593 5.495834 8.915385 -31.794925 -4.979709 0.280849 -16.031188 1.284844 -8.946752 0.000063 0.000782 0.001325 -10.802702 18.756180 23.093144 102.062101 7.786567 19.921014 -24.588222 73.724273 -12.082583 -53.820907 -34.165538 12.177378 5.659104 -58.570234 48.306121 -4.786816 -5.895918 -14.819832 -2.815396 -6.975571 1.601231 0.001147 0.001498 -0.000939 -4.754541 -23.432696 9.398690 78.589542 -39.183327 3.403432 22.083808 6.577119 5.744090 3.049274 4.906996 8.783479 0.000739 -0.000241 -0.001105 -3.879143 -15.977313 12.442666 69.026849 -11.481463 8.306442 21.864163 4.406641 4.680616 -3.831346 2.380386 1.363455 0.000212 0.000005 0.000207 -8.467953 -12.887716 -1.298534 63.336638 -21.310114 17.063286 28.589097 4.104273 1.086759 22.118475 1.966100 -10.239460 0.001523 -0.001889 -0.000664 -5.378658 -13.382165 6.413436 54.064421 -3.641620 15.276452 31.782639 5.798577 1.351060 14.210485 -2.020522 -11.621082 -0.003153 0.000748 0.000535 -10.917091 -6.868184 -9.387749 3.099499 0.526950 21.350092 -0.093804 -1.246966 -4.077411 3.619249 25.225831 7.912721 0.000559 -0.000073 0.998673 -1.815869 -16.644834 3.870416 0.922872 -2.531505 31.618858 17.074708 -5.424841 -18.165211 -9.385310 -10.681509 1.142263 -0.000278 0.000322 1.000861
-40.113991 104.752281 -0.652939 174.593034 40.468412 169.946427 0.273335 1.698476 2.294148 0.123481 3.406474 -10.085467 0.930056 5.746555 14.212683 -4.923066 4.197863 -14.477088 -12.996154 3.298640 9.302631 18.765764 26.695998 19.697482 0.000528 0.000549 -0.000345 0.798268 0.557567 -7.579459 0.206470 -0.879407 -3.207701 -0.286220 0.850548 -3.235324 -4.221184 -9.123423 20.761259 -88.639350 -11.404936 31.720203 14.928655 -35.936208 -4.943376 41.473502 22.278294 5.693798 4.863905 48.779307 41.271894 4.780754 6.868895 -13.177796 5.912940 8.633604 -0.467133 0.000037 0.001054 0.000903 15.258998 29.098752 9.098366 -81.046424 19.812883 4.499444 -25.486657 -7.624213 3.446671 -5.517937 -4.444914 7.285641 0.000610 -0.000630 -0.000428 9.857595 16.636486 11.527973 -73.215111 7.551135 6.423953 -25.986235 -7.326935 1.223065 1.574604 -2.982807 3.033720 -0.000201 0.000170 0.000585 12.969360 14.811201 -5.884780 -71.216347 18.083682 10.751570 -30.595814 -4.484828 -1.307539 -23.970664 -1.665123 -7.255623 0.000096 0.001059 0.000025 8.262951 13.219554 0.917499 -63.266659 5.356863 9.188993 -31.274600 -4.538229 0.202453 -15.261675 1.493711 -8.822748 0.000052 0.000748 0.001277 -10.644061 18.642626 22.955427 101.543286 8.388466 20.767856 -21.829570 71.493538 -9.483404 -52.282546 -33.149636 10.294601 7.027243 -57.455426 46.808598 -4.998149 -5.629579 -14.710359 -2.865790 -7.416117 1.571311 0.001163 0.001417 -0.000972 -4.496060 -22.957622 8.903042 76.941011 -37.713001 4.259666 20.989041 5.860108 5.600033 2.671511 5.079354 9.475795 0.000612 -0.000190 -0.001090 -3.653171 -15.762200 12.316452 67.390506 -11.051282 8.367085 20.809380 3.705242 4.507893 -4.383939 2.442154 2.059949 0.000049 0.000126 0.000135 -8.199944 -12.677933 -1.516991 61.629763 -20.543387 17.438048 27.306765 3.089866 1.004846 21.299310 1.580289 -9.617678 0.001348 -0.001540 -0.000570 -5.061958 -13.258680 5.952623 52.864689 -3.500848 15.470157 30.832006 4.510127 1.134324 13.035218 -2.509679 -10.852983 -0.003419 0.001054 0.000522 -10.717748 -6.401375 -8.627117 3.251888 0.500831 19.817756 -0.234877 -1.925005 -4.002614 2.996341 23.617578 7.210218 0.000520 -0.000115 0.998768 -2.078027 -16.530296 4.367283 1.005068 -2.641572 29.721771 16.680035 -5.649422 -16.951935 -8.704426 -10.138545 0.984715 -0.000263 0.000384 1.000512
-40.510796 104.828835 -0.408791 172.933275 54.496925 168.987492 0.585880 0.826252 2.198784 -0.334205 2.734652 -10.534535 1.627993 5.292621 13.097256 -4.531207 4.331590 -13.131347 -12.297971 4.505078 11.310808 17.496552 25.317731 19.805904 0.000794 0.000456 -0.000143 0.845998 0.669260 -8.332077 0.190771 -1.027939 -4.073616 -0.326583 0.682897 -4.094840 -5.319906 -7.096410 22.750769 -87.896824 -11.538807 30.407857 14.126698 -33.337640 -4.606870 39.701182 22.509536 2.083619 6.337180 49.326909 42.794198 4.627788 8.099328 -12.685572 6.396912 9.766558 -0.096885 -0.000038 0.001577 0.001052 14.878969 29.731966 9.640697 -81.011431 21.625922 4.277443 -23.982807 -6.326621 3.348115 -4.338574 -4.415318 8.010341 0.000968 -0.000353 -0.000574 9.731264 17.331336 11.597431 -73.157445 7.478340 6.679170 -24.502695 -5.753027 1.154504 2.805883 -2.832606 3.608500 -0.000045 0.000153 0.001082 12.931703 15.524836 -5.728206 -70.606448 16.982821 11.523478 -29.595660 -3.635799 -1.066601 -22.291146 -1.338814 -7.165780 0.000472 0.001388 -0.000164 8.389900 13.891294 0.906123 -62.043733 4.147162 9.593826 -30.417898 -3.578200 0.276963 -13.559494 2.160699 -8.847549 -0.000053 0.001075 0.000967 -8.055470 17.389523 23.578671 100.662981 10.724742 22.611438 -17.339936 67.107704 -7.030853 -46.338068 -29.503926 7.473563 8.889255 -55.388272 45.694819 -5.465836 -5.713007 -14.280630 -3.346517 -8.418950 1.625313 0.001578 0.001341 -0.001162 -2.811923 -21.679196 8.719067 72.792081 -34.282545 5.960147 18.250459 3.868617 5.166106 0.891401 5.307273 10.840411 0.000666 -0.000486 -0.001311 -2.394058 -14.859386 11.432189 64.203846 -10.716414 8.397987 18.322107 1.515995 4.249691 -6.191363 2.545430 3.581083 -0.000448 0.000274 -0.000025 -7.351291 -12.106702 -2.638528 58.869522 -19.135660 18.004208 24.577175 0.905717 0.838532 18.745944 0.589987 -8.199663 0.000848 -0.001175 -0.000274 -4.433041 -12.607093 4.797510 50.872847 -2.572973 15.417000 28.739758 1.951246 0.651846 10.301012 -3.496614 -9.170160 -0.003915 0.001590 0.000681 -10.890834 -5.876332 -8.006711 5.143878 0.511995 18.425355 1.615402 0.340089 -2.125789 3.198092 26.046139 8.886803 0.000616 -0.000314 0.998830 -3.423520 -16.330860 3.890405 -0.047988 -2.833713 29.565943 16.542574 -5.243669 -14.495548 -8.825951 -10.683081 1.534125 0.000041 0.000921 0.999833
-40.896095 104.431259 -0.168123 168.993646 50.717872 166.612472 0.579136 1.735653 1.937854 0.158460 3.133431 -10.244978 -0.022139 4.996201 15.093246 -3.465323 3.551067 -18.006384 -11.701072 4.589885 8.959319 21.411854 23.108138 28.305067 0.000878 0.000685 -0.000268 0.894637 0.888171 -8.686137 0.235274 -1.175165 -4.498378 -0.294933 0.534902 -4.514152 -2.952193 -9.141500 21.887001 -89.142110 -12.338582 32.158520 15.561111 -37.040303 -4.973666 49.619157 25.113653 12.684585 14.076606 54.575830 51.517628 6.013259 9.812896 -13.621170 6.851724 8.699856 -0.321535 0.000138 0.001398 0.001064 17.853062 34.433673 12.980461 -85.655984 23.319268 3.882544 -24.893626 -8.030860 3.890896 -5.849314 -4.322921 7.763979 0.000734 -0.000409 -0.000636 10.766432 19.467830 12.821737 -77.252046 7.366125 7.243848 -24.975980 -7.432957 1.094681 1.189782 -2.924581 3.759401 0.000053 0.000285 0.000939 14.274244 17.196435 -4.908943 -75.666435 16.924658 10.906676 -31.005672 -4.702955 -1.203210 -24.500157 -1.365272 -7.173989 0.000186 0.001341 -0.000242 9.818446 14.622945 2.677742 -67.277822 2.274231 9.719239 -31.212431 -4.334004 0.153257 -16.117970 1.570025 -8.801949 -0.000208 0.001164 0.001052 -10.302329 17.999961 23.543550 103.885049 9.458184 22.008837 -20.558187 72.276401 -8.651602 -60.248817 -36.144945 20.312625 -0.906263 -62.022816 55.823002 -6.359741 -6.374076 -14.929439 -3.626408 -7.422494 1.924606 0.001366 0.001206 -0.001111 -4.307336 -25.536402 10.215408 82.434449 -45.456522 1.735258 20.958453 5.612750 5.939671 3.432726 4.508923 9.369259 0.000725 -0.000630 -0.001142 -3.740343 -16.614563 13.087446 70.931490 -11.227784 8.374943 20.812864 3.313141 4.601905 -3.917441 2.138631 1.989772 0.000042 0.000177 0.000035 -8.877424 -13.404529 -0.713250 64.306478 -20.321269 17.039114 28.014124 3.783907 1.260647 22.131449 1.460148 -10.146665 0.001264 -0.001068 -0.000356 -6.339150 -13.686601 7.373361 54.349360 -0.495436 15.863069 31.251403 5.655946 0.941522 13.965808 -2.499918 -11.145057 -0.003745 0.001510 0.000407 -13.273622 -7.924758 -8.083074 4.243124 0.102436 18.247738 0.399937 0.785767 -2.574669 6.132559 38.165008 11.415679 0.000377 -0.000415 0.998851 -3.806554 -16.751845 3.692193 -1.351639 -1.528674 29.257957 17.463518 -5.247729 -18.434662 -12.873792 -15.175052 0.726026 0.000234 0.000738 0.999871
-41.269905 103.691391 0.068620 160.988170 69.249357 163.863753 0.553884 1.497197 1.025809 0.010704 2.888958 -9.878024 -0.289222 4.454144 14.780495 -2.777400 3.360321 -17.672685 -11.400711 3.924549 10.023733 20.249999 20.790487 30.213454 0.000986 0.000401 -0.000456 0.918317 0.964824 -8.963629 0.270631 -1.254429 -5.240247 -0.281157 0.444789 -5.258645 -3.077035 -8.530067 23.118730 -88.679345 -12.299061 31.163341 16.041965 -38.279983 -4.959111 51.146710 26.018712 11.595399 14.972242 54.630192 52.575424 5.484643 10.194189 -13.456337 6.748377 8.073010 -0.617652 -0.000078 0.001452 0.000957 17.125744 34.813496 13.413667 -86.237775 22.358237 4.796122 -25.780014 -8.881222 4.645977 -6.491539 -4.216376 6.708094 0.000690 -0.000048 -0.000882 10.168785 19.993689 12.624671 -78.520463 7.287169 7.785803 -25.563586 -8.475800 1.541616 -0.094239 -2.848280 3.059790 0.000496 -0.000002 0.001255 14.069376 17.852060 -4.625189 -76.905924 15.995244 11.168109 -32.430755 -5.490418 -0.822287 -25.890398 -1.549646 -7.411729 0.000503 0.001173 -0.000519 9.797442 15.220998 2.608820 -69.223610 1.198096 10.158213 -32.267900 -4.539184 0.464339 -18.001169 1.107227 -8.846375 -0.000601 0.001269 0.000715 -7.405462 16.697037 22.727142 104.423978 10.371358 23.431277 -16.395284 71.139350 -5.419434 -62.643312 -35.303837 20.403457 -0.741183 -60.527356 54.339092 -6.503035 -6.494585 -15.228154 -3.659644 -6.668852 1.970430 0.001051 0.001320 -0.000959 -4.714924 -24.869887 9.412035 83.412237 -43.896068 1.842301 23.047075 7.281198 5.879044 4.931046 4.246983 7.670207 0.000817 -0.000800 -0.000768 -3.876092 -15.873331 12.252841 72.384551 -9.548820 8.347201 22.774650 5.228066 4.386550 -2.106337 2.269814 0.402874 0.000436 0.000178 -0.000155 -8.880965 -12.822325 -1.732434 65.946916 -19.182278 16.415898 30.398245 6.290715 1.254446 24.016067 2.443947 -11.573308 0.001217 -0.001500 -0.000384 -5.975067 -12.946932 5.979749 55.362534 0.690933 15.626565 32.709069 8.645230 1.283887 16.394484 -1.225909 -12.681385 -0.003416 0.001121 0.000017 -12.546338 -8.005198 -9.386217 7.024576 -1.204427 14.059193 0.164800 1.397201 -4.637968 7.153731 40.953659 11.928799 0.000295 -0.000746 0.999147 -3.632387 -16.357608 0.622547 -1.536792 -1.677413 24.020431 17.111087 -5.474787 -20.773551 -14.613049 -17.107364 0.003581 0.000191 0.001053 1.000218
-41.632240 103.480682 0.300981 172.868414 -33.601784 167.732386 -0.580947 2.239368 2.112472 0.960556 3.263121 -10.028058 -1.107571 5.111791 14.407163 -2.185409 3.307856 -17.086419 -12.122335 3.695730 8.839105 22.014637 23.061010 29.968654 0.000941 0.000256 -0.000264 0.781301 0.810384 -8.402129 0.225486 -1.817546 -4.934689 -0.316668 -0.117861 -4.935727 -8.296392 -10.137709 20.651747 -92.172867 -14.243853 35.603673 11.981438 -41.155743 -1.709158 48.802183 26.850853 12.955742 12.040125 52.968009 48.551233 5.331979 8.576632 -13.345654 6.448954 7.992992 -0.353379 -0.000252 0.001123 0.000856 16.878390 33.405975 12.272241 -83.918566 18.750000 6.363758 -23.532978 -7.973963 3.683751 -5.273736 -5.005340 7.892887 0.000344 -0.000178 -0.000824 9.854583 19.002979 12.197975 -75.364804 6.513817 8.048325 -23.285020 -8.072328 0.882749 1.805326 -3.265644 3.793782 0.000431 -0.000224 0.001195 13.661570 16.842832 -4.802562 -73.460191 14.478751 11.745081 -28.731768 -5.227576 -1.262320 -23.325480 -1.642725 -7.195168 0.000618 0.000924 -0.000591 8.769308 14.225935 1.847542 -65.620323 2.462109 9.760549 -29.036368 -4.487975 -0.077157 -14.769112 1.489476 -8.838551 -0.000501 0.001153 0.000785 -9.777709 16.553341 29.456378 101.445798 4.053583 21.845399 -17.511655 71.684176 -5.584681 -62.721160 -36.312194 21.649284 1.307200 -58.719381 51.305027 -5.943373 -5.572768 -14.758587 -3.106482 -6.975337 1.875420 0.001099 0.000861 -0.001049 -5.130845 -23.686698 9.290047 78.686553 -40.296154 4.272847 19.555018 6.545692 5.372203 3.372614 4.700855 9.351666 0.000539 -0.000617 -0.000790 -4.057559 -15.620352 12.277162 67.705870 -8.564713 8.400956 19.417121 4.021601 3.930531 -4.361316 2.085502 1.839161 0.000325 0.000547 -0.000348 -8.842263 -12.286897 -1.800474 60.955940 -17.965292 17.054402 26.222923 4.128875 0.886346 21.366919 1.621473 -10.111181 0.000690 0.000369 -0.000145 -5.494192 -12.281690 5.628457 50.473222 -0.909286 15.256535 29.230215 5.569399 0.422107 12.973806 -2.392102 -11.050272 -0.004744 0.002814 0.000113 -16.174649 -8.074138 -1.988312 -1.157232 1.473573 24.378996 -0.162133 -0.082562 -3.585984 6.936592 34.898617 10.170009 0.000304 -0.000740 0.999102 -0.371938 -20.233663 3.073304 5.003910 -5.207856 30.111695 18.255440 -6.847040 -20.945048 -14.190200 -15.170256 0.324979 -0.000180 0.001045 0.998671
-41.983120 103.478828 0.528497 -174.055853 -26.510239 168.211747 -0.338636 1.639841 2.003117 0.289190 2.593752 -10.097439 -0.854336 4.955629 15.022459 -2.015407 2.984499 -15.500691 -12.286943 3.521207 10.276143 20.691788 23.400393 29.135272 0.000938 0.000209 -0.000410 0.640232 0.795308 -8.519434 0.238316 -1.862336 -5.231462 -0.312733 -0.165545 -5.234325 -6.573356 -10.299255 20.756531 -90.980524 -14.907035 35.000641 14.089905 -40.856270 -3.115356 44.516963 25.289649 9.725623 10.432116 51.176815 45.978280 5.184908 7.945072 -13.065471 6.335342 7.682749 -0.198740 -0.000258 0.001293 0.000799 16.411547 31.656398 10.815847 -81.354358 17.045218 7.245951 -23.772224 -8.297246 3.867616 -5.430051 -4.670887 7.303188 0.000517 -0.000361 -0.000823 10.215571 18.087757 11.225138 -73.212013 5.767216 8.472994 -23.518243 -8.403321 1.058788 1.331853 -2.988614 3.370552 0.000441 -0.000205 0.001271 14.095160 16.049963 -5.456375 -70.723617 13.684518 12.369056 -28.995298 -5.425966 -0.998863 -23.813260 -1.663570 -7.349924 0.000695 0.001040 -0.000535 9.448749 13.361759 1.166449 -62.807896 2.445045 9.831048 -28.944164 -4.689057 0.154370 -15.365875 1.349462 -8.947668 -0.000468 0.001172 0.000781 -9.538536 15.453489 26.485213 100.010679 6.336852 20.908087 -21.817938 68.959891 -9.517248 -56.004068 -34.783699 17.086739 3.558125 -56.211855 47.849105 -5.450669 -5.092227 -14.798594 -2.912473 -7.043304 2.032937 0.001062 0.001096 -0.000984 -4.561446 -22.696398 7.861970 75.629547 -35.026266 5.417928 20.456373 6.821891 5.114939 3.681482 4.582457 8.569294 0.000546 -0.000660 -0.000799 -3.663365 -15.125609 11.415767 66.112970 -7.622263 8.007346 20.338935 4.812824 3.707402 -3.465854 2.190917 1.173281 0.000193 0.000436 -0.000310 -8.211519 -11.961114 -2.724659 60.047643 -17.304610 16.920784 26.877079 4.955091 0.638112 22.070079 2.099969 -10.600667 0.000782 -0.000489 -0.000211 -4.625903 -11.821064 4.553103 49.958390 -1.241221 15.145750 29.781170 6.696555 0.502091 14.018527 -1.759260 -11.865960 -0.004102 0.001945 0.000171 -10.391993 -8.635660 -5.679690 8.928118 -1.938720 18.035931 -1.401437 -0.337057 -3.891292 6.568392 32.475671 9.502134 0.000391 -0.000718 0.999118 4.933269 -20.646402 0.515582 13.745485 -9.940032 25.985698 17.869718 -7.423379 -16.446390 -13.234927 -15.089206 0.329664 -0.000141 0.001118 0.999528
-42.322571 104.504135 0.750698 178.838919 -29.050444 169.538505 -0.778236 2.138443 2.858033 0.755136 2.834653 -9.906957 -0.910086 5.384511 13.861254 -2.234902 3.016484 -15.380132 -12.433825 3.751219 9.717250 22.167487 24.998222 28.445895 0.000876 0.000161 -0.000197 0.633600 0.749372 -8.266607 0.217713 -1.927525 -5.022977 -0.326735 -0.232919 -5.017801 -5.165967 -10.265388 20.290066 -90.466617 -14.076355 35.819443 13.110455 -38.456703 -2.541654 43.305581 25.076397 11.333802 8.961083 50.017674 44.340111 5.215671 7.276118 -12.670652 6.263234 7.908284 -0.151675 -0.000299 0.001148 0.000814 16.258400 31.093705 10.775638 -78.566924 16.259475 7.769284 -21.745751 -6.470965 3.114142 -4.055424 -5.293362 8.525815 0.000376 -0.000406 -0.000690 9.978676 17.546391 11.361195 -69.960687 5.948045 8.367688 -21.609622 -6.661568 0.618599 3.116013 -3.275168 4.505403 0.000296 -0.000241 0.001161 13.862764 15.527642 -5.327824 -67.618855 13.227728 12.762814 -26.181210 -4.302073 -1.286807 -21.091177 -1.332139 -6.628439 0.000684 0.000964 -0.000506 9.111471 12.846118 1.194620 -59.771830 3.078372 9.802843 -26.596661 -3.989272 -0.142137 -12.088136 2.073314 -8.396039 -0.000276 0.001041 0.000830 -9.787990 15.783251 24.625454 100.028672 7.324885 20.390932 -20.780903 68.066050 -8.315576 -56.228039 -35.341671 16.860730 5.370781 -54.974558 46.065988 -5.280359 -4.863370 -14.223928 -2.752098 -7.703216 1.913942 0.001171 0.000730 -0.001090 -4.363798 -22.503103 7.936388 72.823984 -33.518025 6.671372 18.257199 5.728563 4.943098 2.449448 5.037348 9.546458 0.000430 -0.000506 -0.000893 -3.393212 -15.207155 11.604705 63.290754 -7.151067 8.262062 18.639045 3.346599 3.508424 -4.982706 2.316627 2.634200 0.000051 0.000696 -0.000354 -7.878151 -11.925655 -2.619333 57.396886 -16.312916 17.311392 24.567324 2.814201 0.613578 19.950183 1.283512 -8.965432 0.000421 0.000966 -0.000053 -4.245980 -11.621699 4.577434 47.633675 -1.575542 15.120600 28.051578 3.993722 0.123006 11.364976 -2.694879 -9.987948 -0.005179 0.003274 0.000309 -13.592182 -8.442180 -5.017858 2.033978 -0.132846 17.588839 -1.381213 -1.537026 -3.345845 5.195277 30.461280 9.341503 0.000406 -0.000612 0.999030 -0.055743 -20.204589 1.408309 7.615484 -6.509598 25.889034 18.424676 -7.435882 -16.400285 -13.109576 -13.831834 -0.014276 -0.000246 0.001038 0.998200
-42.650620 104.852119 0.967109 177.844936 -31.301166 170.419990 -0.648571 2.089481 2.753200 0.591168 2.716874 -9.906617 -0.560473 5.607993 13.866980 -2.590849 2.976586 -14.865507 -12.768405 3.631474 10.585894 21.925225 25.303331 27.592358 0.000800 0.000084 -0.000219 0.644050 0.693526 -8.198240 0.225205 -1.936093 -5.215320 -0.325147 -0.242558 -5.212891 -4.924011 -10.419569 19.775165 -89.920066 -13.895564 36.137464 12.512310 -36.736073 -2.785021 39.695449 23.701166 9.114474 7.731131 48.569934 42.425705 5.275007 6.736370 -12.436955 6.342141 8.050248 -0.211546 -0.000350 0.001017 0.000728 15.933009 30.136964 10.152989 -76.489045 15.714619 8.095881 -20.783280 -5.889596 2.837635 -3.900742 -5.457703 8.950898 0.000278 -0.000425 -0.000647 9.905770 17.019572 11.169303 -67.757208 5.652495 8.441540 -20.745532 -6.009245 0.426878 3.448378 -3.411889 4.890029 0.000324 -0.000315 0.001096 13.704552 15.133262 -5.367637 -65.147405 12.334073 13.379795 -25.132514 -3.990947 -1.374753 -20.438162 -1.313807 -6.458345 0.000662 0.000834 -0.000497 8.863485 12.513282 1.009245 -57.482166 2.632463 10.151801 -25.627741 -3.586218 -0.286209 -11.204847 2.219901 -8.120855 -0.000294 0.000967 0.000807 -9.980360 15.329140 23.760653 99.701836 7.676776 20.418104 -21.351121 67.013941 -8.788574 -53.150805 -34.033088 13.797876 6.405706 -53.414178 44.208981 -5.417414 -4.750131 -14.010169 -2.730834 -7.963056 1.897237 0.001017 0.000782 -0.001027 -4.480162 -21.754504 7.484491 71.268676 -32.323179 7.232701 17.734181 5.528104 4.747399 2.346403 5.171931 9.899552 0.000388 -0.000420 -0.000782 -3.471511 -14.825075 11.249440 61.844163 -6.850736 8.359278 18.193351 3.107653 3.363127 -5.188595 2.398395 2.902147 0.000169 0.000695 -0.000378 -7.868030 -11.680403 -2.936975 56.095247 -15.456543 17.505129 23.862121 2.336829 0.576582 19.453646 1.149136 -8.613555 0.000421 0.000914 -0.000125 -4.081744 -11.354067 4.119131 46.493684 -1.460894 15.097244 27.425960 3.282741 0.068980 10.701991 -2.835877 -9.547696 -0.005159 0.003262 0.000221 -13.942989 -7.808858 -5.037697 0.941710 -0.132250 15.983254 -2.078355 -2.594838 -2.543809 4.332757 29.852840 8.917770 0.000479 -0.000605 0.999086 -1.086425 -19.517438 1.403470 6.204127 -5.631101 24.584321 18.287663 -8.150837 -14.563588 -12.596025 -13.498774 -0.137467 -0.000417 0.000988 0.998228
-42.967289 103.463242 1.177251 -179.432145 -77.280642 178.512357 0.997017 2.203361 0.605173 -0.775112 2.499496 -9.482543 -0.342304 4.310944 14.490775 -3.854241 3.429972 -13.492074 -12.645002 3.384958 13.084331 17.905698 19.486236 24.570057 0.001017 0.000018 -0.000484 1.088928 0.797797 -9.245709 0.305155 -0.536148 -3.376769 -0.191894 1.170887 -3.407393 -9.617651 -10.490488 20.004376 -90.229193 -16.189953 37.797399 12.903269 -35.104428 -3.473159 39.211720 25.504623 3.270589 10.145021 49.356471 43.370781 4.077531 7.505890 -13.412856 6.036581 8.410782 -0.306778 -0.000348 0.000853 0.000616 16.287091 31.965424 10.381442 -81.201534 16.414925 6.253987 -23.439311 -8.720350 2.982147 -5.134591 -5.004271 7.604629 0.000201 -0.000146 -0.000623 9.328512 18.904094 11.063186 -72.468359 5.776925 7.085744 -23.155324 -8.892459 0.901167 1.947165 -3.089337 3.238516 0.000525 -0.000257 0.001172 12.696060 16.933302 -5.832940 -69.262458 13.464712 11.677065 -28.398229 -5.583210 -1.265825 -23.431941 -1.996760 -7.530657 0.000691 0.000644 -0.000685 7.488195 14.255622 0.242946 -62.450317 2.576264 9.464193 -28.612211 -4.525510 -0.245725 -14.754631 1.347410 -9.123321 -0.000570 0.001146 0.000300 -10.485688 14.381093 28.850801 97.962894 4.518971 22.242959 -16.149344 65.968900 -5.699615 -57.561488 -33.492435 15.711535 3.040813 -58.195305 48.669612 -5.596116 -6.155654 -15.314919 -2.995426 -7.639636 2.003723 0.000699 0.001084 -0.000924 -4.762493 -23.682712 8.787934 79.152646 -36.792641 3.735893 21.279086 6.544985 5.462810 3.663554 5.009872 9.935858 0.000790 -0.000818 -0.000513 -3.654749 -15.350037 11.834332 68.875701 -8.814388 7.212534 20.945202 3.954300 4.094693 -4.133492 2.121970 1.962751 0.000924 0.000391 -0.000313 -8.664165 -11.848085 -2.063780 62.859670 -18.451981 16.169557 27.342915 3.934654 0.666755 21.817393 1.806601 -10.035661 0.000861 -0.000276 -0.000290 -5.089241 -12.298765 4.508227 52.417638 -1.333532 15.215984 30.495786 5.562344 0.710909 13.681702 -2.335148 -11.506493 -0.004139 0.002391 -0.000214 -14.592075 -7.135966 -7.975384 -1.084850 2.266536 15.723965 -0.045505 -2.661224 -5.736255 5.790737 29.607093 8.125731 0.000615 -0.000748 0.999237 0.145903 -19.589706 -5.247797 9.103552 -8.139668 18.575934 17.056225 -3.404549 -19.150010 -12.985836 -12.213246 -0.023299 -0.000595 0.001079 0.999327
-43.272610 104.077652 1.380643 174.617679 -24.895975 170.366689 -0.904783 2.731439 2.868458 0.611380 2.782055 -9.774138 -0.661877 5.291213 13.294427 -2.106898 2.539430 -14.591210 -11.522452 3.705157 10.715379 21.164101 23.871119 27.602946 0.000840 0.000077 -0.000159 0.692009 0.724823 -8.078859 0.207802 -1.972081 -4.991733 -0.335719 -0.278039 -4.984221 -4.074710 -9.075185 21.431473 -87.646584 -12.203225 35.635076 12.160547 -36.324380 -2.362312 40.197684 23.526031 9.685903 8.024753 48.756318 43.196624 5.219889 6.809724 -12.362087 6.101403 7.841837 -0.257764 -0.000342 0.001009 0.000732 15.818005 30.221655 10.488962 -76.811346 16.002781 8.000970 -21.524761 -6.173719 2.961872 -4.287288 -5.279501 8.701290 0.000246 -0.000371 -0.000657 9.930734 17.025030 11.220414 -68.240907 6.058473 8.371862 -21.429342 -6.343355 0.751895 2.824091 -3.247768 4.685512 0.000338 -0.000320 0.001110 13.880701 15.069754 -5.313070 -65.630101 13.034914 13.174279 -25.836188 -3.916527 -1.299919 -21.299012 -1.271032 -6.535430 0.000672 0.000853 -0.000527 9.297884 12.503248 0.927388 -58.029798 3.244591 9.975831 -26.293291 -3.467698 -0.173534 -12.165906 2.095768 -8.018179 -0.000316 0.000985 0.000735 -7.703372 15.547500 22.481688 99.590553 9.667267 20.534235 -17.306890 66.947179 -5.154119 -52.951634 -35.111933 14.284310 5.990339 -53.883999 44.411833 -5.266009 -4.777265 -14.090744 -2.664504 -7.619955 1.911027 0.001041 0.000696 -0.001070 -4.431913 -22.568572 7.566425 71.926549 -31.849600 6.993003 18.746137 6.191872 4.738900 2.956932 5.190711 9.358059 0.000330 -0.000433 -0.000768 -3.368136 -15.247291 11.407402 62.584765 -6.686763 8.071754 19.217421 3.889127 3.289866 -4.329598 2.488486 2.318938 0.000048 0.000731 -0.000404 -7.726086 -11.964222 -2.781413 56.993621 -15.727230 17.199206 24.835031 3.312393 0.406025 20.534452 1.590875 -9.238993 0.000330 0.001324 -0.000071 -4.061925 -11.705129 4.131064 47.754372 -1.410041 14.938984 28.159325 4.505147 0.100568 11.883542 -2.314699 -10.387099 -0.005422 0.003620 0.000219 -14.764430 -7.678355 -4.622914 -0.346197 0.570007 16.950474 -1.786244 -2.819382 -3.652912 4.979326 29.942389 9.166516 0.000437 -0.000645 0.999147 -4.300550 -19.488689 2.801514 1.532922 -3.515743 24.861305 18.600951 -7.456546 -16.384274 -12.827931 -13.218702 0.257011 -0.000344 0.001016 0.997905
-43.566692 103.958572 1.577045 175.569191 -31.580452 170.451559 -0.934070 2.844386 2.861872 0.646861 2.996415 -9.780765 -0.617055 5.221949 13.377560 -2.047353 2.408138 -14.235223 -11.098426 3.721553 10.798191 20.566226 23.598426 26.679676 0.000811 0.000069 -0.000103 0.672230 0.725504 -8.009096 0.200100 -1.953444 -4.724409 -0.335309 -0.258112 -4.716173 -4.134167 -9.164914 20.902821 -87.120366 -12.834148 34.957309 12.706691 -37.622934 -2.744424 39.327699 22.962097 8.811839 7.200585 48.037442 42.498628 5.082944 6.624396 -12.146216 5.940076 7.958676 -0.409195 -0.000319 0.001045 0.000719 15.246415 29.868287 10.255166 -76.035183 15.663629 8.269003 -20.878050 -5.652781 2.801851 -4.022358 -5.426826 9.005579 0.000303 -0.000358 -0.000647 9.540834 16.872812 11.065258 -67.335345 6.047502 8.339005 -20.799204 -5.918590 0.680727 3.183199 -3.319795 4.967072 0.000309 -0.000313 0.001104 13.574083 14.897968 -5.351530 -64.720566 12.836742 13.257202 -25.096955 -3.577779 -1.377081 -20.803805 -1.232665 -6.455307 0.000687 0.000865 -0.000492 8.963193 12.479649 0.707231 -57.050569 3.212810 9.968037 -25.747356 -3.212241 -0.241744 -11.600138 2.240697 -8.009821 -0.000298 0.000943 0.000707 -8.837472 15.318264 23.273079 98.747600 8.920292 19.887594 -18.589396 68.185128 -6.386881 -52.034309 -34.497197 14.160259 6.556907 -53.497220 44.018243 -5.316497 -4.662364 -13.914661 -2.621166 -7.752490 1.830980 0.001062 0.000606 -0.001095 -4.258187 -22.432825 7.551815 71.115191 -31.448243 7.286111 18.073891 5.754831 4.726939 2.792225 5.311461 9.752789 0.000230 -0.000402 -0.000784 -3.253890 -15.094850 11.323271 61.731058 -6.951713 7.985017 18.556530 3.458772 3.243586 -4.671272 2.486658 2.769879 -0.000095 0.000806 -0.000402 -7.684240 -11.823185 -2.864110 56.124422 -15.564886 17.236514 24.113587 2.728954 0.312784 20.002217 1.335568 -8.834800 0.000232 0.001693 -0.000054 -4.093267 -11.640960 3.885498 46.998137 -1.411333 14.795111 27.677180 3.718816 -0.062818 11.183368 -2.623317 -9.866755 -0.005652 0.003955 0.000268 -14.434062 -7.848170 -4.790404 0.382747 0.455688 17.123116 -2.056769 -3.224124 -3.875833 4.961901 28.757176 8.941998 0.000467 -0.000614 0.999166 -4.107161 -20.034287 3.208820 2.049183 -3.701844 24.666479 18.745999 -7.297277 -17.165579 -12.806311 -12.774066 0.196676 -0.000321 0.001023 0.997589
-43.849735 103.951630 1.766453 178.447490 -38.027995 171.810433 -0.621651 2.876122 2.288478 -0.000963 2.991813 -9.532826 -0.828192 4.970749 13.498832 -2.191452 2.464793 -13.435527 -10.281678 2.847154 11.580704 18.851777 20.846206 26.072030 0.000754 0.000036 -0.000165 0.822461 0.848717 -8.122901 0.207220 -1.543360 -4.344327 -0.316917 0.157546 -4.343185 -4.870561 -8.829894 20.485732 -85.837133 -13.513138 34.806619 13.027448 -37.805643 -3.104871 38.455873 21.868956 7.660100 6.626694 46.975179 42.256630 4.699591 6.203339 -12.078296 5.631721 7.937032 -0.737042 -0.000276 0.001097 0.000595 14.416879 28.869911 9.752685 -75.886478 14.885420 8.323434 -21.213638 -5.987159 2.724420 -4.404866 -5.314992 8.949875 0.000429 -0.000300 -0.000634 9.184487 16.627446 10.687280 -67.040898 5.248473 8.442080 -20.782464 -6.291247 0.781385 2.767242 -3.221829 4.808359 0.000348 -0.000300 0.001152 13.307572 14.861590 -5.729674 -63.634206 11.877186 13.627605 -25.287344 -3.693179 -1.298223 -21.494162 -1.353808 -6.668740 0.000740 0.000896 -0.000477 8.907276 12.567119 0.342708 -56.238616 2.544025 10.113059 -25.736569 -3.319466 -0.174805 -12.236122 2.058785 -8.033871 -0.000376 0.000969 0.000677 -8.539629 14.451171 24.503463 97.412220 8.600715 19.606821 -18.418855 68.697825 -6.348858 -54.124814 -32.784803 14.280685 6.110464 -53.577829 44.268915 -5.453854 -4.463087 -14.142936 -2.553542 -7.608164 1.788377 0.000947 0.000700 -0.001078 -4.012112 -22.250943 7.407689 71.443814 -31.284448 7.133390 18.298311 5.880318 4.856675 3.105862 5.353845 9.772015 0.000261 -0.000439 -0.000707 -3.210581 -14.767165 11.389197 62.352029 -6.660234 7.922199 18.621380 3.677086 3.173651 -4.584024 2.439325 2.524162 -0.000004 0.000771 -0.000309 -7.657521 -11.379730 -2.942766 56.552827 -15.835195 17.343250 24.213025 3.194562 0.313546 20.402792 1.597621 -9.266511 0.000260 0.001462 -0.000080 -4.134980 -11.500745 3.370140 47.534535 -0.955357 14.884637 27.571179 4.177335 -0.005961 11.524042 -2.560559 -10.334259 -0.005462 0.003790 0.000187 -13.629211 -7.461723 -5.302992 2.866817 0.374574 14.356007 -0.209878 -0.767956 -6.116965 4.811209 28.344015 8.764739 0.000530 -0.000607 0.999127 -3.089692 -21.118715 2.262999 4.444150 -5.550867 23.266114 18.197500 -5.956171 -17.018150 -12.590607 -12.990295 -0.323851 -0.000293 0.001051 0.997804
-44.121941 104.255424 1.948866 176.832159 -57.924997 173.756502 -0.516205 2.687816 1.776933 -0.241658 2.884257 -9.516732 -0.180668 4.438682 13.579262 -2.605320 2.595225 -13.437227 -9.972828 2.161208 11.628009 17.550167 18.360287 26.755982 0.000681 -0.000040 -0.000233 0.934823 0.819183 -7.967195 0.209020 -1.258871 -3.686799 -0.296010 0.452902 -3.692916 -6.700510 -9.510490 19.411743 -85.636965 -14.123192 35.088198 12.598056 -36.895510 -2.763138 36.063453 22.345862 4.901603 6.205383 46.945280 41.983953 4.693536 6.564196 -11.888412 5.872312 8.413577 -0.955692 -0.000258 0.001091 0.000541 14.073682 29.431152 9.627542 -75.371317 15.641419 8.301947 -19.923556 -4.695521 2.441322 -3.292537 -5.645768 9.836594 0.000487 -0.000331 -0.000554 8.748163 17.206435 10.802164 -66.200837 5.646519 8.347523 -19.479688 -5.031958 0.515139 4.044376 -3.468046 5.611383 0.000270 -0.000284 0.001109 12.671145 15.637673 -5.631456 -62.744977 11.461534 13.668512 -23.760178 -3.030162 -1.464510 -19.439926 -1.129642 -6.151949 0.000762 0.000899 -0.000425 8.097367 13.377931 0.422217 -55.807655 2.341628 10.096603 -24.362141 -2.833239 -0.356400 -9.799467 2.534595 -7.616213 -0.000361 0.000870 0.000657 -8.391950 13.421308 26.381046 96.447759 7.385479 20.337828 -19.673012 66.869035 -7.719219 -49.383699 -33.192681 11.807034 7.706765 -53.374330 43.410852 -5.032801 -5.135169 -13.732713 -2.600154 -8.463782 1.784919 0.000908 0.000831 -0.001028 -3.613066 -22.377859 7.898273 71.211600 -32.411929 6.910254 16.808161 4.929817 4.849487 1.715461 5.754072 10.532387 0.000373 -0.000376 -0.000680 -3.061682 -15.039440 11.778909 62.519036 -7.245188 7.949579 17.573572 2.294816 3.186457 -5.845351 2.654595 3.604198 0.000152 0.000705 -0.000235 -7.681372 -11.647450 -2.440474 57.101055 -16.826746 17.352666 23.013421 1.794851 0.290897 18.506349 1.138380 -7.997474 0.000312 0.000996 -0.000133 -4.125460 -12.215989 4.141378 48.015481 -0.618625 14.921504 26.618953 2.541640 -0.010665 9.594726 -2.989761 -8.983203 -0.005259 0.003406 0.000185 -14.673571 -6.121593 -3.891222 0.260727 1.527793 14.603482 -0.586203 -0.334282 -6.835346 5.326435 29.154612 7.964902 0.000616 -0.000519 0.999043 -3.177039 -20.626474 2.215639 3.069477 -6.070025 23.256090 17.688593 -7.575393 -17.723906 -12.190007 -12.872244 -0.142555 -0.000356 0.001041 0.998097
-44.383492 104.344215 2.124287 175.277549 -65.128373 175.521601 -0.230439 2.643281 1.788043 -0.364744 2.875339 -9.425189 -0.371113 4.331571 13.571935 -2.587738 2.619234 -13.433352 -9.781544 2.275019 11.078693 16.933720 17.953284 26.158426 0.000756 0.000070 -0.000254 0.956375 0.883228 -7.986410 0.205896 -1.207087 -3.473882 -0.292699 0.507065 -3.480694 -6.888750 -9.041252 19.803269 -85.383977 -14.045856 34.429079 12.956402 -37.331992 -3.084728 36.389961 22.292571 5.403554 6.478220 46.982717 42.046165 4.648108 6.434092 -11.879297 5.928107 8.421122 -1.064135 -0.000236 0.001075 0.000608 13.959446 29.469387 9.758900 -75.047134 15.554487 8.269357 -20.017435 -4.770932 2.541219 -3.641115 -5.516999 9.743123 0.000414 -0.000304 -0.000641 8.657585 17.145412 10.835288 -65.966721 5.987043 8.209836 -19.689265 -5.074745 0.572360 3.589020 -3.399882 5.551531 0.000325 -0.000243 0.001131 12.621729 15.605417 -5.613008 -62.428269 11.547247 13.713277 -24.201664 -2.966674 -1.376467 -20.022812 -1.147856 -6.237151 0.000722 0.000917 -0.000460 8.159079 13.346830 0.395276 -55.686792 2.339227 10.291464 -24.778801 -2.774969 -0.294511 -10.402016 2.478938 -7.670338 -0.000445 0.000957 0.000663 -7.997430 13.731657 26.516181 96.592987 7.376705 20.539546 -19.634244 66.918833 -7.784899 -48.805542 -32.455057 12.386586 7.691972 -53.036666 43.099348 -5.005809 -4.936070 -13.733894 -2.551346 -8.521881 1.812860 0.000933 0.000806 -0.001052 -3.685784 -22.124127 7.898029 70.717380 -31.925834 6.901833 17.182552 5.052443 4.813488 2.283712 5.614480 10.325817 0.000383 -0.000431 -0.000690 -3.114527 -14.794428 11.507221 62.127679 -7.624560 7.834167 18.072309 2.384717 3.237164 -5.261247 2.558456 3.358815 0.000219 0.000689 -0.000219 -7.736665 -11.485897 -2.571350 56.724329 -16.719364 17.320799 23.528270 1.996447 0.328285 19.183616 1.244002 -8.345184 0.000418 0.001003 -0.000113 -4.277825 -11.914021 4.077058 47.951022 -0.914994 14.960903 26.976587 2.826823 0.036936 10.257797 -2.839196 -9.393154 -0.005225 0.003372 0.000120 -15.051437 -6.397431 -3.737938 0.090688 1.578108 15.546722 -0.361180 0.537540 -6.239292 4.946050 29.269424 8.073656 0.000557 -0.000605 0.999044 -3.453457 -20.407417 2.452076 2.599681 -5.684271 23.330816 17.626431 -7.423805 -16.753091 -12.625465 -13.207281 -0.327840 -0.000320 0.001048 0.998126
-44.634594 104.040298 2.292720 179.767230 -60.540315 174.229091 -0.626625 3.009402 1.416239 0.115945 3.072369 -9.077075 -0.860384 4.297008 13.830162 -1.839975 2.257622 -13.546454 -9.191898 2.355624 10.849082 16.927026 18.646624 26.565158 0.000994 0.000000 -0.000054 0.813003 0.881286 -8.324101 0.179903 -1.721614 -3.614065 -0.321824 -0.018978 -3.610706 -5.625861 -8.810129 20.347267 -85.724665 -13.542968 33.577845 14.222041 -37.986767 -3.921907 37.723904 21.693162 7.230056 5.906620 46.458509 42.015393 3.978187 5.844798 -11.763715 5.215114 7.675987 -1.374296 -0.000381 0.001056 0.000684 13.332255 28.996049 9.875454 -73.889714 14.129774 8.887055 -20.415709 -5.383133 2.543598 -3.864170 -5.336215 8.961882 0.000272 -0.000217 -0.000723 8.029000 16.941696 10.318039 -64.966547 5.857580 8.160208 -19.878494 -5.822117 0.836133 3.063130 -3.183483 5.084860 0.000528 -0.000328 0.001283 12.203597 15.237367 -5.872746 -61.725461 11.851056 13.530010 -24.271018 -3.442209 -1.246683 -20.682498 -1.189592 -6.271987 0.000811 0.000898 -0.000707 8.104554 12.891748 0.004124 -55.216670 2.590154 10.160055 -24.384721 -2.910718 -0.264424 -11.201500 2.284183 -7.579657 -0.000572 0.001146 0.000412 -8.224825 14.122960 25.899916 96.765576 7.907023 19.652655 -17.867887 69.530064 -6.243377 -54.672496 -32.126247 16.690747 6.771188 -54.261578 44.490153 -4.983626 -4.419673 -13.860338 -2.568823 -7.424685 1.819850 0.001068 0.000393 -0.001222 -2.947901 -22.233609 7.661026 72.001940 -31.877463 6.523972 18.918940 5.658708 4.878476 3.012743 5.338365 8.984001 0.000350 -0.000665 -0.000736 -2.906434 -14.391613 11.251122 63.627211 -7.706049 7.536091 19.920963 3.385662 3.336779 -4.035776 2.473132 2.576140 0.000006 0.000921 -0.000434 -7.930895 -11.189092 -2.981743 58.440620 -16.520449 16.809709 25.557415 3.073672 0.360637 20.728359 1.534579 -9.126673 0.000046 0.002521 0.000142 -5.169696 -11.461351 3.486315 49.719085 -0.764690 14.906212 28.721160 4.493572 0.256622 12.213441 -2.341040 -10.282908 -0.006119 0.004640 0.000061 -13.586570 -7.477175 -5.954363 2.641001 0.727414 14.910634 0.205307 0.327146 -6.982711 5.061500 29.845870 8.632652 0.000421 -0.000814 0.999188 -2.164744 -20.137654 1.249232 4.622160 -5.621354 22.080682 16.993646 -6.899654 -15.567720 -13.894474 -13.615590 -0.627164 -0.000198 0.001205 0.996939
-44.875439 104.058121 2.454174 -179.985864 -63.457362 174.159285 -0.642802 3.177749 1.623910 0.251420 3.173243 -9.199730 -0.636350 4.322952 13.651788 -1.789135 2.149204 -13.391735 -8.892743 2.602349 10.599155 16.843696 18.556756 26.266536 0.000859 -0.000004 -0.000109 0.769153 0.827324 -7.983541 0.188266 -1.677666 -3.437623 -0.308729 0.031434 -3.435183 -5.547374 -8.434266 20.587446 -85.539605 -13.098064 33.324358 14.790281 -39.261956 -4.111432 37.706018 22.155188 7.218827 5.304586 45.822424 41.240885 4.063602 5.786952 -11.341817 5.045396 7.696656 -1.925974 -0.000296 0.001060 0.000641 13.083417 29.319441 9.681916 -72.061013 14.336623 9.135265 -19.571649 -4.136196 2.387836 -3.385108 -5.543493 9.642407 0.000393 -0.000370 -0.000604 7.827432 17.209513 10.373824 -63.225823 6.556611 7.913372 -19.150880 -4.725671 0.502645 3.672056 -3.355999 5.889431 0.000326 -0.000254 0.001175 11.912786 15.574971 -5.878323 -60.257014 12.325295 13.221440 -23.387910 -2.763669 -1.363439 -19.433396 -0.921295 -5.702930 0.000778 0.000980 -0.000586 7.771452 13.347041 -0.048028 -54.032199 3.244555 9.863606 -23.678016 -2.449451 -0.407281 -9.707938 2.671464 -7.231236 -0.000440 0.001003 0.000562 -8.527264 14.347418 25.797364 97.456396 7.800697 18.894991 -19.477797 70.167963 -7.356913 -53.606211 -32.718560 16.715590 8.389532 -53.749192 43.602717 -4.622369 -4.533137 -13.315358 -2.422693 -7.992625 1.641684 0.001047 0.000490 -0.001163 -2.545387 -22.544030 8.002715 70.748371 -32.578364 6.717028 18.333113 4.991731 4.878295 2.657687 5.415659 8.954540 0.000416 -0.000543 -0.000755 -2.636420 -14.891491 11.472462 62.967639 -8.226253 7.605507 19.757949 2.681024 3.366449 -4.195119 2.501281 3.179920 0.000087 0.000848 -0.000318 -7.679361 -11.735191 -2.806670 58.151743 -17.172825 16.783131 25.253877 2.179640 0.377718 19.984953 1.149292 -8.342479 0.000110 0.002222 0.000045 -4.951408 -11.998528 4.075661 49.658290 -1.151641 14.822148 28.528347 3.524374 0.241035 11.398956 -2.566846 -9.452486 -0.005893 0.004316 0.000166 -13.400160 -7.455950 -5.558466 2.569452 1.088781 15.107760 -0.121183 0.841771 -6.870007 5.161290 28.142270 8.286218 0.000439 -0.000639 0.999036 -2.087787 -20.107692 1.852121 3.970710 -5.334188 21.983623 17.047369 -7.816824 -17.024189 -13.319193 -13.173987 -0.311972 -0.000154 0.001120 0.997237
-45.106205 104.202507 2.608661 176.177109 -68.951892 177.718477 -0.282621 2.816685 1.825627 -0.360526 3.154508 -8.815448 -0.895475 4.111876 13.193040 -1.754632 2.192232 -11.979558 -8.791130 2.100110 10.943286 15.278400 18.458900 23.572964 0.000842 -0.000087 -0.000114 0.775059 0.859920 -7.855500 0.182630 -1.609594 -3.237503 -0.308289 0.099987 -3.236400 -6.575222 -8.298816 19.634832 -84.072472 -13.081540 33.575662 13.440326 -37.343923 -3.982879 36.432122 19.948639 5.741895 3.878161 43.820070 39.504600 3.967454 4.795952 -11.128451 5.022350 7.879205 -1.938471 -0.000361 0.000977 0.000577 12.435519 27.230558 9.072969 -70.519407 13.285130 9.309685 -19.251837 -4.064014 2.389341 -3.328312 -5.556836 9.693855 0.000320 -0.000198 -0.000636 7.785007 15.916029 10.025457 -61.775572 6.134260 8.101143 -18.853228 -4.603611 0.763692 3.735456 -3.296446 5.780906 0.000460 -0.000327 0.001214 11.967438 14.459279 -6.213914 -58.361159 11.676688 13.999765 -23.095967 -2.413686 -1.145845 -19.446596 -0.922561 -5.790386 0.000844 0.000821 -0.000628 8.019939 12.385120 -0.526745 -52.322271 3.146424 10.447386 -23.521142 -2.179132 -0.226647 -9.538221 2.698916 -6.994556 -0.000551 0.000971 0.000433 -7.416566 13.756344 26.206584 95.440819 8.665952 19.553757 -17.682037 70.256841 -5.936317 -51.721389 -31.472805 14.376581 9.650996 -51.513218 41.153860 -4.725848 -3.772338 -13.340036 -2.351400 -8.333309 1.657931 0.000960 0.000430 -0.001154 -2.326817 -21.713206 7.386527 68.634316 -29.581880 7.195742 17.700918 4.664964 4.690322 2.458916 5.595158 9.279181 0.000309 -0.000545 -0.000653 -2.417861 -14.312449 11.247764 61.194135 -8.063590 7.473058 19.205000 2.537729 3.088340 -4.564966 2.641341 3.409673 0.000045 0.000936 -0.000374 -7.281156 -11.169797 -3.103623 56.600625 -16.644444 16.967412 24.505846 1.800126 0.363688 19.652186 1.203431 -8.213478 -0.000026 0.002382 0.000098 -4.483609 -11.616594 3.417530 48.902578 -1.154753 14.913420 27.908379 3.092462 0.176305 10.820613 -2.672405 -9.276510 -0.006070 0.004521 0.000067 -14.255866 -6.906297 -4.900534 1.625756 1.287120 15.364885 1.328971 1.553703 -7.833985 4.229849 24.255886 7.311878 0.000418 -0.000718 0.999154 -3.592441 -20.211059 2.194717 3.222519 -5.206265 23.331146 16.408460 -6.330754 -15.104917 -12.562037 -12.239320 -1.320632 -0.000230 0.001150 0.997024
-45.327091 103.740906 2.756198 -179.543318 -67.226527 174.517003 -0.721343 3.396923 1.266606 0.074374 3.013679 -8.817375 -0.354510 4.069777 13.962684 -1.583663 1.898585 -11.414647 -8.413335 1.807317 11.120648 15.193354 19.755135 22.981164 0.000818 -0.000255 0.000032 0.568760 0.715906 -7.503382 0.167236 -1.846198 -3.023699 -0.317299 -0.135879 -3.016904 -5.409707 -8.633058 19.333932 -84.205887 -12.666353 34.159483 13.254043 -38.132542 -3.929246 38.357042 16.959024 6.578529 0.553663 42.436641 38.100326 3.506750 4.051708 -10.469432 4.497127 7.465745 -2.335540 -0.000428 0.000885 0.000586 11.114391 25.734374 8.554872 -69.054832 13.310588 9.755129 -18.625531 -2.815828 2.389298 -2.216095 -5.728432 9.763213 0.000302 -0.000262 -0.000598 7.167820 15.253117 9.519181 -60.509378 6.775088 8.106589 -18.318632 -3.570599 0.985776 4.728019 -3.275423 6.065488 0.000418 -0.000342 0.001166 11.528604 14.026612 -6.457938 -57.266345 12.442810 13.767493 -22.117241 -1.834990 -0.952288 -17.901293 -0.593259 -5.145438 0.000922 0.000870 -0.000674 8.057201 12.204410 -0.855132 -51.706278 4.140597 10.081368 -22.631310 -1.674009 -0.180338 -7.784564 3.078648 -6.350886 -0.000591 0.000850 0.000391 -7.206302 13.419527 25.705750 94.834914 8.953984 18.489803 -18.043579 71.685687 -5.897022 -51.594993 -31.135645 12.790586 11.974657 -51.209425 39.685597 -4.258869 -3.893210 -13.018347 -2.165735 -8.225419 1.496891 0.001098 0.000257 -0.001258 -1.379801 -22.154724 6.947818 69.467114 -30.214272 6.658287 18.269321 4.183447 4.792656 1.707302 5.919034 8.538563 0.000297 -0.000604 -0.000704 -1.958481 -14.700874 11.320773 62.840745 -8.945198 7.108719 20.172692 2.532598 3.038919 -4.667683 3.032752 3.689904 -0.000187 0.001048 -0.000475 -7.031600 -11.675652 -3.053001 59.069491 -17.599223 16.227989 25.326723 1.318625 0.212671 19.040076 1.124671 -7.397729 -0.000400 0.003213 0.000246 -4.462099 -12.474408 3.571960 51.542864 -0.918616 14.752080 28.853139 3.034161 0.231013 10.458208 -2.482269 -8.626417 -0.006633 0.005172 0.000162 -12.968519 -6.573603 -5.320078 3.054226 1.003072 15.475250 0.711367 0.150097 -10.351095 5.145951 21.350135 6.186962 0.000350 -0.000689 0.999071 -2.682737 -20.357319 2.419602 4.023386 -5.448520 23.077009 15.616479 -6.925429 -17.909446 -12.140692 -11.177235 -1.583261 -0.000207 0.001135 0.996398
-45.538277 104.051819 2.896809 178.388337 -66.021545 174.670474 -0.770502 3.297348 1.724678 0.370181 3.311459 -8.796508 -0.502440 4.183070 13.328294 -1.609798 1.891140 -11.893807 -8.638192 2.142628 10.586994 15.768406 20.189873 23.076519 0.000768 -0.000198 -0.000012 0.603525 0.716948 -7.404483 0.169294 -1.933433 -2.865079 -0.310731 -0.218369 -2.855542 -5.249380 -8.089051 19.900506 -83.958628 -12.126915 33.785664 13.685131 -38.431056 -3.944661 38.285284 19.369621 6.093121 1.933919 43.020265 38.065693 3.851997 4.390077 -10.754074 4.663958 7.724387 -2.304942 -0.000394 0.000827 0.000580 11.978982 27.086157 8.772350 -69.529010 13.534619 9.524604 -18.845944 -3.149382 2.314036 -2.729489 -5.853015 9.824987 0.000270 -0.000352 -0.000507 7.379295 15.972030 9.791448 -61.011810 6.938563 7.863970 -18.631559 -3.925258 0.757881 4.377964 -3.426679 6.103690 0.000350 -0.000338 0.001093 11.380696 14.508592 -6.350610 -58.070609 12.820921 13.435905 -22.458722 -2.137851 -1.193748 -18.233593 -0.728261 -5.256199 0.000843 0.000815 -0.000620 7.439864 12.602183 -0.985675 -52.488924 4.365823 9.989582 -22.958535 -1.960960 -0.349822 -8.089292 2.942880 -6.653121 -0.000465 0.000834 0.000544 -8.054662 14.002909 25.227352 95.715386 9.424736 18.761344 -18.533811 72.119452 -6.345878 -50.928694 -32.547274 15.138136 11.788611 -51.646157 40.056024 -4.305174 -3.852618 -12.890775 -2.222221 -8.470585 1.543668 0.001030 0.000296 -0.001190 -1.662472 -22.350857 7.514547 69.426442 -30.743570 6.625455 18.205754 4.174070 4.766664 2.075459 5.721740 8.798225 0.000340 -0.000476 -0.000691 -2.109956 -14.900595 11.454399 62.414369 -9.325531 7.112426 20.117980 2.404296 3.204390 -4.468094 2.869652 3.825051 0.000004 0.000992 -0.000420 -7.192185 -11.949696 -2.813464 58.433678 -17.376793 16.334923 25.366945 1.162990 0.297610 19.230113 1.001588 -7.425227 -0.000198 0.002950 0.000143 -4.713359 -12.509267 4.143564 51.003383 -1.290925 14.690847 28.781530 2.883464 0.206844 10.460136 -2.577124 -8.608144 -0.006390 0.004938 0.000158 -12.955419 -6.929400 -4.617440 2.169839 1.209200 17.340881 0.424914 0.944638 -8.532882 4.748283 22.183413 6.584680 0.000362 -0.000626 0.999058 -3.371715 -19.917830 3.942092 2.274800 -4.218723 23.813058 16.158357 -7.809790 -16.717799 -12.319725 -11.335334 -0.913911 -0.000265 0.001042 0.996635
-45.739944 103.940453 3.030521 178.358138 -66.698580 175.458057 -0.940575 3.867753 1.282000 0.549414 3.065841 -8.805431 -0.344086 4.321509 14.215398 -1.753078 1.803408 -11.286491 -8.296857 1.502061 10.995786 14.746820 19.738999 22.251332 0.000737 -0.000276 0.000020 0.574446 0.670364 -7.250421 0.159389 -1.985073 -2.840491 -0.320077 -0.268660 -2.830856 -4.694729 -8.463933 19.197666 -83.938591 -12.222387 34.297345 13.314868 -38.810039 -3.437123 41.005488 16.888956 4.766248 0.154400 41.504385 37.003218 3.714817 3.696037 -10.284352 4.161270 7.364561 -3.035472 -0.000382 0.000767 0.000555 11.060111 26.065662 8.139987 -68.411739 12.482565 10.202851 -18.291964 -2.574061 2.162752 -2.245947 -6.074467 10.017857 0.000278 -0.000298 -0.000493 6.830017 15.578317 9.280996 -59.747163 6.356959 8.049103 -17.948484 -3.553469 0.743791 4.915149 -3.543883 6.405468 0.000331 -0.000318 0.001039 10.906409 14.216809 -6.688436 -57.197018 12.425625 13.316627 -21.486652 -1.955841 -1.185487 -17.288864 -0.641958 -4.931681 0.000865 0.000820 -0.000625 7.154055 12.492567 -1.621205 -51.924908 4.349093 9.819019 -22.149157 -1.746083 -0.403075 -6.899283 3.100427 -6.261746 -0.000524 0.000698 0.000427 -8.264377 13.655782 25.033111 95.054385 9.693800 17.614829 -17.747980 73.982948 -5.676346 -53.039995 -31.653893 13.501348 13.059096 -51.311885 39.198620 -4.034791 -3.732476 -12.537995 -2.110159 -8.383303 1.318668 0.001013 0.000275 -0.001189 -0.860359 -22.893666 7.291555 69.490296 -31.145457 6.622143 17.633556 3.831381 4.800907 1.563022 6.030082 8.562895 0.000331 -0.000513 -0.000646 -1.590859 -15.306324 11.518710 62.677349 -9.413727 7.049449 19.737741 2.282205 3.003089 -4.850831 3.145869 4.237426 -0.000091 0.000985 -0.000428 -6.779321 -12.275981 -2.906511 59.250584 -17.764248 16.117344 24.776662 0.723194 0.171023 18.416927 0.921750 -6.868047 -0.000338 0.003145 0.000146 -4.512012 -13.089643 3.952898 52.143644 -0.772107 14.515727 28.429110 2.345224 0.145267 9.607908 -2.642670 -7.894696 -0.006510 0.005048 0.000157 -12.535684 -6.270887 -4.760957 2.320233 1.384586 16.789128 0.566158 0.767261 -10.692956 4.685926 20.563754 5.870202 0.000357 -0.000602 0.999067 -3.211460 -19.737724 3.926042 2.007400 -4.142314 23.704453 15.519151 -8.637108 -17.240554 -11.647855 -10.909208 -1.144708 -0.000280 0.001036 0.996554
-45.932259 103.980728 3.157370 177.047125 -67.612874 176.623369 -0.871974 4.035085 1.439850 0.597980 3.204555 -8.708365 -0.540531 4.158897 13.983346 -1.740420 1.681023 -11.311010 -7.980993 1.634400 10.649964 14.597260 19.159673 22.256389 0.000797 -0.000235 0.000048 0.647963 0.694516 -7.316716 0.182847 -1.853350 -2.771169 -0.294549 -0.137007 -2.760927 -4.735782 -8.556205 19.319784 -83.427857 -12.249726 34.194953 13.278894 -39.731911 -3.236546 40.780030 17.773000 5.233348 0.506948 42.030286 37.104264 3.886293 3.943758 -10.485471 4.351731 7.543441 -2.699423 -0.000381 0.000708 0.000585 11.327198 26.484003 8.156587 -69.451913 13.222827 9.633429 -18.873415 -2.954902 2.231383 -2.612698 -5.937175 9.752762 0.000183 -0.000335 -0.000489 6.996161 15.759363 9.437669 -60.825078 6.612586 7.741875 -18.679226 -3.847845 0.804240 4.406508 -3.459441 6.062199 0.000352 -0.000304 0.001025 11.012995 14.394775 -6.679952 -58.175934 12.757150 13.068261 -22.374678 -2.104742 -1.182972 -18.006333 -0.747434 -5.185638 0.000819 0.000796 -0.000677 7.181275 12.567978 -1.507397 -52.890506 4.618045 9.692456 -22.933348 -2.046724 -0.374809 -7.709888 2.951274 -6.562944 -0.000543 0.000753 0.000434 -8.703582 13.567049 25.119570 95.329704 9.643582 17.013986 -19.282098 75.744289 -6.748321 -54.063033 -32.380561 14.863065 12.859017 -51.983251 39.417544 -4.226611 -3.993903 -12.689033 -2.163043 -8.464259 1.455534 0.001044 0.000194 -0.001220 -1.074154 -23.280100 7.476312 70.740780 -31.599849 6.015543 18.319214 4.045974 4.815825 1.838029 5.991705 8.598545 0.000380 -0.000570 -0.000664 -1.752052 -15.590999 11.704991 63.847408 -9.482542 6.895087 20.383948 2.552671 3.029737 -4.586805 3.135814 4.024043 -0.000030 0.000996 -0.000446 -6.939152 -12.503865 -2.669333 60.438788 -17.943542 15.872156 25.537168 1.055907 0.168308 18.917368 1.070000 -7.144429 -0.000296 0.003366 0.000181 -4.638933 -13.287364 4.290416 53.214159 -0.775737 14.482963 29.114225 2.876669 0.219380 10.221758 -2.470584 -8.347849 -0.006631 0.005226 0.000133 -12.566331 -6.162085 -4.654885 2.155590 1.628459 17.219538 0.728570 1.373519 -10.436940 4.669924 20.998615 5.747884 0.000361 -0.000651 0.999080 -3.441212 -19.335763 4.184084 1.402338 -3.821330 24.289907 15.263593 -9.169547 -16.783099 -11.634230 -10.989032 -1.059561 -0.000337 0.001022 0.996388
-46.115398 103.948662 3.277394 176.588279 -70.318331 177.313460 -0.795338 4.038088 1.226660 0.549307 3.203912 -8.530305 -0.602612 4.042790 14.194323 -1.701994 1.452322 -11.289850 -7.301387 1.403758 10.268997 13.617533 17.530430 22.407104 0.000842 -0.000197 0.000089 0.689357 0.702146 -7.299239 0.182757 -1.776465 -2.480687 -0.285965 -0.057682 -2.468904 -4.641698 -8.746891 18.987043 -83.299922 -12.205148 33.859782 13.319736 -40.848536 -2.963256 41.563570 17.314178 4.818532 0.394198 41.892316 37.025793 3.920945 3.888925 -10.412847 4.284032 7.489087 -2.851607 -0.000341 0.000673 0.000609 11.152870 26.602254 8.131726 -69.541562 13.176762 9.630935 -18.998635 -2.973368 2.221896 -2.721623 -5.891121 9.680295 0.000139 -0.000331 -0.000492 6.802699 15.905088 9.328663 -60.870220 6.685925 7.677680 -18.807291 -3.892345 0.793105 4.201037 -3.443041 6.034879 0.000345 -0.000242 0.000995 10.821976 14.568500 -6.766606 -58.253783 12.749371 12.871153 -22.596476 -2.107914 -1.177524 -18.202426 -0.759405 -5.190136 0.000787 0.000823 -0.000713 7.031157 12.709951 -1.593962 -53.151607 4.683902 9.581474 -23.136827 -2.107345 -0.393344 -7.892327 2.916788 -6.589914 -0.000586 0.000735 0.000371 -8.877480 13.096441 25.307357 94.705880 9.682324 16.364405 -18.882543 77.792232 -6.502229 -55.286273 -32.389451 15.286270 12.951880 -52.446876 39.552304 -4.222824 -4.160517 -12.645956 -2.202279 -8.584376 1.490796 0.001085 0.000113 -0.001257 -0.830005 -23.733430 7.545150 71.796191 -32.358230 5.522844 18.781334 4.094631 4.887804 2.020613 6.005682 8.445688 0.000409 -0.000657 -0.000689 -1.664504 -15.903092 11.850094 64.988514 -9.611013 6.768132 20.954832 2.675706 3.017476 -4.264404 3.199325 3.951502 -0.000060 0.000998 -0.000447 -6.911435 -12.761721 -2.508768 61.729438 -18.189571 15.548718 26.203238 1.188253 0.122061 19.251094 1.163544 -7.251353 -0.000324 0.003661 0.000223 -4.746973 -13.594895 4.445155 54.648325 -0.549306 14.421085 29.790915 3.199215 0.259057 10.655574 -2.313816 -8.533194 -0.006790 0.005451 0.000132 -12.426027 -5.761762 -4.457754 2.323858 1.743942 17.346810 0.772909 1.871911 -10.867222 4.585399 21.181186 5.653844 0.000354 -0.000675 0.999087 -3.106926 -18.763133 4.224562 1.165737 -3.697771 25.021104 14.712215 -9.267981 -16.342701 -11.586828 -11.064984 -1.037785 -0.000337 0.001028 0.996176
-46.289532 103.901932 3.390640 176.137848 -72.698083 178.700523 -0.748294 3.977159 1.211461 0.392291 3.309405 -8.403622 -0.617636 3.922651 14.355444 -1.621416 1.158342 -11.404890 -6.539249 1.245310 9.762313 12.724020 16.144887 22.712396 0.000881 -0.000082 0.000088 0.679898 0.712374 -7.235723 0.172632 -1.782219 -2.222844 -0.288538 -0.058387 -2.208700 -4.571317 -8.765556 18.745891 -82.997955 -12.048839 33.138023 13.504791 -42.632577 -2.635743 41.886094 16.616345 4.328970 -0.214384 41.869792 36.930372 3.905859 3.901276 -10.333480 4.202930 7.411479 -2.946733 -0.000249 0.000596 0.000647 10.822127 26.685650 8.057159 -69.528711 13.059414 9.801043 -18.830145 -2.741843 2.196104 -2.463897 -5.916576 9.761617 0.000052 -0.000338 -0.000516 6.532597 15.981798 9.221315 -60.775915 6.875115 7.648781 -18.596136 -3.804924 0.805668 4.484734 -3.461989 6.137111 0.000285 -0.000124 0.000898 10.555383 14.715534 -6.893819 -58.357537 12.873138 12.653762 -22.325296 -1.976078 -1.142292 -17.808368 -0.717476 -5.066602 0.000683 0.000863 -0.000698 6.809007 12.874447 -1.733455 -53.518771 4.765254 9.451807 -22.859961 -2.051927 -0.438725 -7.432691 2.996639 -6.447448 -0.000621 0.000685 0.000331 -9.107658 12.801184 25.335651 93.879190 9.734865 15.813846 -18.801031 80.085481 -6.697419 -55.109031 -32.696625 15.549921 13.459792 -52.748052 39.532625 -4.102565 -4.264549 -12.510709 -2.141266 -8.530070 1.451453 0.001087 0.000108 -0.001264 -0.507783 -23.994925 7.556272 72.297404 -33.148692 5.239341 18.614522 3.968252 4.901791 1.729679 6.078140 8.492046 0.000463 -0.000734 -0.000698 -1.506259 -16.067365 11.846975 65.468496 -10.019843 6.631677 20.892468 2.529242 2.970980 -4.494873 3.235450 4.145194 -0.000015 0.000918 -0.000386 -6.847092 -12.959996 -2.408625 62.389428 -18.397358 15.276900 26.101112 0.987574 0.040901 18.932023 1.110469 -7.040520 -0.000188 0.003703 0.000188 -4.817841 -13.805221 4.530984 55.520682 -0.527287 14.247624 29.717548 3.063961 0.218255 10.334664 -2.351504 -8.314014 -0.006742 0.005421 0.000111 -12.283090 -5.605815 -4.845495 2.617445 1.781094 17.397307 0.525864 1.860067 -11.185883 4.622001 21.455870 6.061488 0.000351 -0.000673 0.999092 -2.855874 -18.615124 3.711729 1.091234 -3.687958 25.720973 14.311866 -8.714631 -16.193324 -11.739221 -11.089762 -0.819759 -0.000365 0.000984 0.996215
-46.454819 103.758026 3.497159 175.544739 -72.951798 179.485250 -0.734132 4.049340 1.139223 0.425743 3.302405 -8.126509 -0.679281 3.869939 14.485675 -1.547753 0.940862 -11.225022 -5.963415 1.151076 9.601829 12.095170 15.767733 21.958388 0.000910 -0.000109 0.000106 0.673606 0.719495 -7.197771 0.180268 -1.793567 -2.273438 -0.282589 -0.070103 -2.258199 -3.935361 -8.763878 18.808247 -83.123779 -12.064240 32.533490 13.649310 -44.489183 -2.324904 43.505104 15.944925 5.382780 -0.667108 42.064378 37.283679 3.835428 3.818705 -10.210860 4.101624 7.237607 -3.062607 -0.000262 0.000519 0.000623 10.466254 26.692547 8.303685 -69.193226 12.987690 10.073774 -18.706537 -2.474767 2.211508 -2.261451 -5.944563 9.838419 -0.000021 -0.000350 -0.000489 6.345491 15.971043 9.284473 -60.518315 7.046732 7.773464 -18.454832 -3.624511 0.905681 4.668121 -3.464695 6.294313 0.000315 -0.000129 0.000858 10.534269 14.685324 -6.817844 -58.441595 13.216274 12.531816 -22.136405 -1.816420 -1.058683 -17.485234 -0.604344 -4.828441 0.000646 0.000815 -0.000747 6.994253 12.930564 -1.639035 -53.797381 5.060387 9.419065 -22.689054 -1.972668 -0.408279 -7.075771 3.084869 -6.233647 -0.000658 0.000664 0.000246 -9.481760 12.813814 25.092234 93.251154 10.297094 14.902852 -17.961084 82.265639 -5.982166 -56.452302 -32.767945 16.363738 13.738636 -53.067979 39.617225 -4.017887 -4.269956 -12.424265 -2.109525 -8.395042 1.411427 0.001054 0.000045 -0.001266 -0.182496 -24.321460 7.545203 72.855903 -33.541480 5.007691 18.822412 3.949172 4.918454 1.697285 6.118920 8.195456 0.000458 -0.000785 -0.000670 -1.392903 -16.250883 11.863204 66.104642 -10.097412 6.575097 21.277098 2.632233 2.951207 -4.376037 3.299970 4.187892 -0.000035 0.000906 -0.000430 -6.823675 -13.105406 -2.287868 63.281227 -18.448720 14.960225 26.485107 1.039608 0.008323 18.987372 1.106784 -6.954556 -0.000192 0.003800 0.000190 -4.995511 -13.957836 4.649561 56.592059 -0.421816 14.087732 30.089857 3.238679 0.235920 10.448798 -2.281734 -8.215071 -0.006793 0.005476 0.000080 -12.220798 -5.678099 -5.128870 2.822361 1.959901 18.429062 0.549145 2.223072 -12.230457 4.759842 21.083859 5.924498 0.000345 -0.000696 0.999142 -3.071859 -18.635552 3.807602 0.575967 -3.322925 26.627437 14.037090 -8.767826 -16.829632 -11.733628 -11.096375 -0.865946 -0.000403 0.000962 0.996154
-46.611412 103.718521 3.597011 176.889243 -71.576834 179.368192 -1.008364 4.126421 1.050545 0.462658 3.471596 -8.114355 -0.715860 3.903487 14.435244 -1.491669 0.744271 -11.340267 -5.281159 0.839912 9.728255 11.322756 14.516502 22.463433 0.000924 -0.000021 0.000115 0.677928 0.747938 -7.224603 0.184765 -1.815896 -2.399748 -0.281881 -0.092285 -2.383537 -3.729159 -8.728999 18.841890 -82.972932 -12.162748 32.233528 13.957338 -45.487111 -2.228022 45.034728 15.614773 5.492401 -0.931306 41.971781 37.354935 3.873886 3.851272 -10.015970 3.856645 6.970971 -3.431156 -0.000195 0.000536 0.000686 10.327883 26.973838 8.387804 -68.188887 12.250432 10.678489 -18.044840 -2.021000 2.121768 -1.710222 -6.147314 10.099539 -0.000019 -0.000336 -0.000508 6.132703 16.181460 9.291816 -59.468122 6.864087 7.997580 -17.704189 -3.317149 0.818275 5.298400 -3.589329 6.642081 0.000252 -0.000039 0.000821 10.305980 14.937272 -6.869494 -57.957614 13.113984 12.511266 -21.238243 -1.616698 -1.053911 -16.461387 -0.524427 -4.484545 0.000611 0.000897 -0.000719 6.858752 13.169024 -1.788218 -53.543465 5.166528 9.270175 -21.809613 -1.845616 -0.456694 -5.932693 3.233985 -5.864351 -0.000654 0.000625 0.000250 -9.665515 12.680402 24.770902 92.703780 10.614709 13.936727 -17.064132 83.786805 -5.315548 -58.616659 -33.111787 17.459047 14.196060 -53.541029 39.959805 -3.897812 -4.296282 -12.128819 -2.077398 -8.184450 1.260174 0.001119 0.000022 -0.001286 0.335220 -24.724786 7.778269 72.881879 -34.586313 5.146854 18.060576 3.661086 4.998836 1.075651 6.177637 8.098329 0.000492 -0.000814 -0.000725 -1.122187 -16.443318 12.022668 66.199543 -10.327624 6.643819 20.694437 2.312486 2.940776 -4.918690 3.341383 4.643128 -0.000036 0.000874 -0.000369 -6.687302 -13.232254 -2.259815 63.613082 -18.966385 14.979360 25.869437 0.582268 0.031724 18.148603 0.893152 -6.411390 -0.000144 0.003879 0.000195 -5.094923 -14.126204 4.720995 56.868177 -0.311131 13.942766 29.597030 2.679073 0.246839 9.642907 -2.483523 -7.494605 -0.006813 0.005513 0.000109 -11.681243 -5.390654 -5.405084 3.119587 2.014059 17.692230 0.636054 2.354133 -12.761563 4.895670 21.107720 6.031723 0.000366 -0.000672 0.999079 -3.089036 -18.718898 3.134691 0.462011 -3.238280 27.140581 14.045996 -8.642123 -17.302571 -11.860527 -11.295311 -0.767389 -0.000390 0.000956 0.996128
-46.759468 103.658333 3.690260 178.111397 -70.146354 178.457166 -1.268799 4.429574 0.971265 0.795488 3.396292 -8.134151 -0.864009 3.921941 14.782635 -1.386101 0.651772 -11.244331 -4.657933 0.707925 9.951948 10.640156 13.873931 22.133820 0.000867 -0.000055 0.000119 0.676697 0.756430 -7.246801 0.195551 -1.829445 -2.505413 -0.274567 -0.105072 -2.491519 -3.382450 -8.581419 18.948491 -83.026934 -12.543056 31.949206 13.949890 -46.423925 -2.119132 46.195844 15.162878 5.738211 -1.317485 41.497398 37.061440 3.916263 3.692838 -9.858623 3.637727 6.695507 -3.756874 -0.000177 0.000486 0.000658 10.085138 26.990604 8.297250 -67.100991 11.688341 11.018480 -17.840190 -1.906717 2.073210 -1.523659 -6.215915 10.029154 0.000001 -0.000383 -0.000442 5.929607 16.279347 9.154091 -58.494186 6.638065 8.167763 -17.462795 -3.279061 0.839704 5.419492 -3.609051 6.696855 0.000198 -0.000019 0.000733 10.089329 14.954240 -6.873492 -57.312035 13.132485 12.530711 -20.891110 -1.641228 -1.047496 -16.080676 -0.469607 -4.315244 0.000569 0.000876 -0.000676 6.773431 13.263226 -1.913299 -53.189220 5.218205 9.272472 -21.424957 -1.828089 -0.471296 -5.502052 3.238862 -5.645061 -0.000626 0.000539 0.000248 -9.800509 12.698482 24.749854 91.916821 11.344441 13.386333 -17.936534 84.591831 -6.428263 -58.339033 -33.437906 17.597590 14.774258 -53.352847 39.705911 -3.809609 -4.119464 -11.881120 -2.046226 -8.010954 1.144323 0.001080 0.000047 -0.001263 0.803416 -25.030867 7.873011 72.266867 -34.320601 5.395040 17.788267 3.575394 4.987720 0.836826 6.183828 7.762864 0.000462 -0.000800 -0.000711 -0.823507 -16.580242 12.121313 65.860414 -10.439370 6.645225 20.564301 2.294261 2.909942 -4.966707 3.404768 4.833596 -0.000093 0.000847 -0.000353 -6.500379 -13.317327 -2.125698 63.627108 -19.088503 14.998143 25.696816 0.544060 0.022205 17.850738 0.839241 -6.150104 -0.000124 0.003742 0.000148 -5.168504 -14.260341 4.903829 57.231402 -0.179320 13.866148 29.449343 2.642109 0.284562 9.380640 -2.462729 -7.112697 -0.006723 0.005391 0.000151 -11.218609 -5.083180 -5.445977 3.303587 2.167739 18.237312 0.990077 2.458780 -13.284340 5.235698 20.309141 5.688404 0.000420 -0.000606 0.999064 -3.267625 -18.772603 3.407999 0.174320 -3.010579 27.422617 13.951701 -8.997948 -18.002664 -11.679158 -11.154923 -0.581292 -0.000440 0.000886 0.996249
-46.899128 103.585419 3.776977 179.738143 -69.662215 178.226403 -1.558799 4.611787 1.016840 0.974902 3.350542 -8.257998 -0.923539 3.886290 14.905575 -1.214125 0.536653 -11.392504 -4.030822 0.491578 9.784837 9.851853 12.980833 22.422129 0.000900 -0.000011 0.000150 0.686351 0.823287 -7.431869 0.211586 -1.844288 -2.793616 -0.267161 -0.122355 -2.780045 -3.167527 -8.587558 19.203418 -83.177610 -12.923960 31.586717 14.394744 -47.839806 -2.266485 47.177334 14.612898 6.832126 -1.852148 41.507435 37.257462 3.890537 3.719815 -9.670100 3.375970 6.317859 -4.125163 -0.000169 0.000513 0.000741 9.823563 27.265002 8.411698 -66.213615 11.109780 11.485748 -17.444492 -1.630409 2.079514 -0.947316 -6.309827 10.048460 -0.000002 -0.000414 -0.000450 5.675621 16.499836 9.074360 -57.729646 6.616314 8.375923 -16.938540 -3.062688 0.840022 5.935116 -3.628954 6.869747 0.000141 0.000033 0.000720 9.879176 15.156013 -6.902073 -57.044756 13.377301 12.452940 -20.308488 -1.540255 -0.970295 -15.238170 -0.368836 -3.992632 0.000573 0.000969 -0.000656 6.735164 13.466348 -1.912738 -53.004616 5.503354 9.119906 -20.746404 -1.783777 -0.464614 -4.629712 3.349956 -5.301246 -0.000597 0.000552 0.000275 -9.905061 12.691446 24.754153 91.798923 11.429186 12.504002 -22.918596 85.776531 -11.383375 -60.701691 -33.629997 19.360842 15.152610 -53.836707 40.181366 -3.735058 -3.928770 -11.650552 -2.037279 -7.554959 1.003094 0.001194 0.000016 -0.001303 1.503576 -25.263010 8.036163 72.150106 -34.851774 5.514630 17.366961 3.469858 5.006170 0.244043 6.151128 7.298653 0.000487 -0.000831 -0.000799 -0.416442 -16.584820 12.121421 65.951121 -10.407667 6.720016 20.384969 2.162628 2.923896 -5.301933 3.409094 5.045094 -0.000122 0.000849 -0.000324 -6.317709 -13.285838 -2.210525 64.096797 -19.354390 14.949804 25.532547 0.373527 0.070602 17.345882 0.712802 -5.834315 -0.000131 0.003844 0.000184 -5.290513 -14.165862 4.907332 57.490796 -0.082719 13.687804 29.341245 2.514797 0.352360 9.057114 -2.517422 -6.679107 -0.006792 0.005463 0.000223 -10.728775 -4.904220 -5.866240 3.720437 2.154160 17.756356 1.218499 2.608449 -13.107619 5.340752 20.680649 5.812605 0.000453 -0.000588 0.998955 -3.045056 -18.570660 2.517772 0.416132 -2.894958 28.019813 13.904361 -8.443159 -18.491526 -12.087588 -11.388372 -0.465775 -0.000451 0.000890 0.996163
-47.030544 103.555740 3.857239 178.880783 -68.986778 178.210795 -1.640928 4.861009 0.875758 1.282809 3.173315 -8.128900 -1.032439 3.966379 15.461923 -1.175025 0.507009 -11.310500 -3.432886 0.601274 9.884868 9.083598 12.136688 21.297671 0.000889 -0.000103 0.000205 0.711671 0.871966 -7.530018 0.234892 -1.728081 -2.954658 -0.248819 -0.009151 -2.943296 -2.622991 -8.409147 19.537230 -83.298017 -13.304563 30.915816 14.095127 -49.792040 -1.765946 49.562461 13.892449 8.098350 -1.429552 42.609489 38.243164 4.079439 4.010818 -9.851747 3.473863 6.380312 -4.011778 -0.000241 0.000503 0.000744 9.884800 27.873288 8.718457 -67.764219 11.790774 11.254736 -17.932218 -1.967522 2.176036 -1.276463 -6.230365 9.921978 -0.000009 -0.000442 -0.000389 5.704853 16.831869 9.168945 -59.119079 6.703868 8.423252 -17.497402 -3.385800 0.950041 5.541464 -3.580040 6.727794 0.000158 -0.000033 0.000713 10.038235 15.262364 -6.697177 -58.627413 13.815637 12.191712 -20.984124 -1.723089 -0.957477 -15.825843 -0.353143 -4.101350 0.000595 0.000919 -0.000676 6.969447 13.647195 -1.785145 -54.700024 5.495457 9.150242 -21.439155 -1.954720 -0.430766 -5.260436 3.268525 -5.401452 -0.000558 0.000543 0.000249 -10.321357 12.919239 24.862501 91.651146 12.120041 11.923294 -22.403915 87.294034 -11.284652 -63.016755 -33.357015 21.131977 13.998132 -55.292759 41.604798 -4.089506 -4.053880 -11.818560 -2.198107 -7.440996 1.081449 0.001210 -0.000033 -0.001305 1.416055 -25.827977 8.369969 73.657821 -35.987947 4.905409 17.902786 3.655934 5.105892 0.588479 6.128552 7.262063 0.000395 -0.000815 -0.000816 -0.539385 -16.809082 12.344633 67.152565 -10.609270 6.642526 20.952166 2.415568 3.040699 -4.961168 3.390584 4.869742 -0.000232 0.000892 -0.000406 -6.502822 -13.442706 -1.883746 65.301517 -19.265175 14.740655 26.316892 0.688680 0.100616 17.901181 0.750379 -6.114932 -0.000246 0.003883 0.000209 -5.640842 -14.304067 5.200905 58.874192 0.218303 13.644909 30.143412 3.020132 0.454816 9.641733 -2.406325 -6.963241 -0.006883 0.005524 0.000273 -10.933202 -4.877450 -5.456454 3.647114 2.513065 19.300849 1.905556 3.367955 -13.214196 5.346247 20.528755 5.936397 0.000467 -0.000574 0.998953 -3.489846 -18.163105 3.072167 -0.357625 -2.063108 29.165508 13.866365 -8.919959 -18.841299 -12.173444 -11.633093 -0.108301 -0.000469 0.000884 0.996078
-47.153843 103.454803 3.931128 178.523602 -68.703452 178.800561 -1.782890 5.115552 0.698828 1.382679 3.152902 -8.323904 -1.128174 3.912364 16.273239 -1.110777 0.401072 -11.218727 -2.723323 0.352192 10.321023 7.969987 10.976692 20.879086 0.000880 -0.000055 0.000209 0.693989 0.861940 -7.505952 0.237996 -1.740859 -3.240136 -0.254314 -0.023441 -3.229152 -2.333808 -8.678098 19.643490 -83.342225 -13.748308 30.217072 14.269306 -51.779888 -1.535692 51.931107 13.164570 7.630974 -1.640481 42.422829 38.093154 4.170523 3.993540 -9.810465 3.362290 6.309473 -4.295571 -0.000215 0.000480 0.000799 9.670253 28.046193 8.559441 -67.933888 11.417194 11.374731 -17.851090 -1.992870 2.172009 -1.236953 -6.273619 9.860265 -0.000043 -0.000376 -0.000426 5.460740 17.017761 9.037214 -59.232166 6.595608 8.457696 -17.365229 -3.496634 0.937973 5.563438 -3.606527 6.693930 0.000131 0.000002 0.000669 9.790892 15.345281 -6.723517 -59.079457 13.970693 11.965261 -20.895533 -1.768401 -0.961018 -15.731022 -0.366323 -4.126811 0.000575 0.000912 -0.000643 6.671748 13.819125 -1.948811 -55.105246 5.604618 9.100827 -21.462870 -2.069945 -0.450614 -5.160062 3.246393 -5.427536 -0.000563 0.000485 0.000218 -10.442819 13.157297 24.841503 91.255855 12.422796 10.989020 -45.097787 88.724019 -33.916993 -63.688786 -33.265118 21.083146 14.419418 -55.526443 41.682215 -4.172741 -3.925021 -11.627590 -2.247013 -7.355676 0.996344 0.001249 -0.000031 -0.001306 1.784370 -26.111209 8.543045 73.468630 -36.316194 4.955604 17.382065 3.434930 5.167117 0.368528 6.150927 7.314146 0.000332 -0.000825 -0.000839 -0.349063 -16.981630 12.495411 66.968632 -10.947010 6.654876 20.502569 2.213520 3.050875 -5.225792 3.410848 5.166203 -0.000303 0.000883 -0.000390 -6.436009 -13.519823 -1.733437 65.309930 -19.728905 14.719232 25.868920 0.417363 0.152605 17.508250 0.613661 -5.850650 -0.000227 0.003905 0.000203 -5.751313 -14.495370 5.378919 58.940181 0.166299 13.535026 29.918224 2.666883 0.502079 9.238255 -2.546975 -6.563080 -0.006858 0.005491 0.000308 -10.763627 -4.397243 -5.567150 3.465620 2.925152 19.792363 2.070650 3.518781 -14.119828 5.195938 19.614059 5.635678 0.000468 -0.000567 0.998953 -3.549092 -17.844155 2.669976 -0.654098 -1.566688 30.030206 13.698618 -9.109767 -19.915928 -11.766004 -11.398143 0.065190 -0.000505 0.000872 0.996135
-47.269165 103.306923 3.998733 -179.741910 -68.839841 177.904027 -1.845282 5.310809 0.547309 1.511231 2.848664 -8.289657 -0.985223 3.930561 17.039480 -1.064312 0.161061 -11.455503 -2.104093 0.307020 10.242828 7.149877 10.275397 20.416918 0.000833 -0.000120 0.000206 0.717337 0.863195 -7.528535 0.258172 -1.667560 -3.455715 -0.240711 0.047761 -3.445643 -1.604248 -8.896429 19.854986 -83.855974 -14.436431 29.886959 14.282498 -54.030955 -1.287102 53.250028 11.212568 8.701400 -2.325804 42.581237 38.423992 4.275329 4.088425 -9.474783 3.234260 5.995751 -4.769866 -0.000234 0.000497 0.000773 9.175729 28.267547 8.701827 -67.109367 11.394035 11.733230 -17.322846 -1.444600 2.240541 -0.759631 -6.322451 10.077447 0.000014 -0.000410 -0.000401 5.197998 17.223167 9.019540 -58.510120 6.664344 8.659937 -16.800697 -2.933309 0.926294 5.992546 -3.638883 7.070236 0.000114 -0.000002 0.000654 9.779089 15.510879 -6.596104 -59.001332 14.290578 11.857112 -20.306281 -1.475641 -0.852405 -14.938038 -0.181543 -3.765865 0.000614 0.000927 -0.000615 6.945610 14.068047 -1.601271 -55.339473 5.743850 8.973230 -20.962367 -1.831410 -0.410967 -4.289316 3.430921 -5.048034 -0.000542 0.000445 0.000199 -10.544760 13.062529 24.843437 91.429740 12.516924 9.831615 -151.521583 88.753174 -140.327510 -65.987681 -32.950332 22.084420 14.709317 -56.022633 42.224895 -4.299920 -3.938052 -11.389556 -2.312731 -7.254502 0.835090 0.001266 -0.000009 -0.001313 2.411079 -26.693500 8.564749 73.787805 -37.574819 4.840471 17.098540 3.262890 5.267830 0.051454 6.173063 6.940101 0.000300 -0.000854 -0.000870 0.018407 -17.350975 12.558703 67.384521 -11.138311 6.721792 20.367053 2.078353 3.022371 -5.342605 3.484254 5.384778 -0.000397 0.000890 -0.000406 -6.228452 -13.817368 -1.573586 66.284929 -20.200436 14.498438 25.682237 0.252562 0.140525 17.088884 0.512794 -5.522751 -0.000308 0.003780 0.000209 -5.754000 -14.836318 5.687527 59.984375 0.573962 13.393458 29.834543 2.527974 0.479509 8.829396 -2.532508 -6.115039 -0.006755 0.005328 0.000380 -10.332866 -4.558960 -5.992287 4.045922 2.898058 20.254057 2.194542 2.885817 -14.701623 5.645455 19.306059 5.447823 0.000460 -0.000523 0.998895 -3.168294 -17.480152 1.833083 -0.308369 -1.785424 31.008843 13.375513 -8.804059 -20.647772 -11.587198 -11.493232 0.387714 -0.000476 0.000853 0.996311
-47.376633 103.227829 4.060150 179.760778 -68.693220 178.664532 -1.740460 5.226472 0.569044 1.442437 2.894562 -8.284108 -1.006009 3.912244 17.183053 -1.235175 0.201301 -11.379588 -1.716353 0.420101 10.435277 6.732205 9.425260 20.042285 0.000889 -0.000120 0.000211 0.732075 0.916849 -7.653268 0.277123 -1.504954 -3.537927 -0.224141 0.208438 -3.529101 -1.731138 -8.904451 20.373371 -83.625934 -14.798435 28.905874 14.610328 -56.249989 -1.210911 53.570724 11.958692 8.756698 -1.466164 43.352788 38.999689 4.277186 4.438632 -9.718454 3.415443 6.367781 -4.533082 -0.000305 0.000472 0.000801 9.482541 28.924384 8.944603 -68.442975 12.246248 11.316241 -17.593581 -1.695706 2.279013 -1.006522 -6.270708 10.047833 -0.000076 -0.000409 -0.000393 5.326713 17.618959 9.258318 -59.680387 6.967488 8.467856 -17.162833 -3.130963 0.955052 5.755520 -3.590162 6.922824 0.000143 -0.000047 0.000685 9.866628 15.766374 -6.380624 -60.038350 14.620935 11.647280 -20.887029 -1.566214 -0.888032 -15.424167 -0.233753 -4.002588 0.000632 0.000886 -0.000657 6.843684 14.352426 -1.473928 -56.078620 5.887522 9.028858 -21.569725 -2.046474 -0.409567 -4.857941 3.394519 -5.401322 -0.000511 0.000509 0.000184 -10.846307 13.328021 24.914995 91.584725 12.893075 9.775511 -172.082636 87.376587 -160.913603 -65.294652 -32.717650 22.812902 14.137789 -56.785508 42.950311 -4.479433 -4.019798 -11.492440 -2.382063 -7.334132 0.933563 0.001286 -0.000046 -0.001317 2.226505 -26.733118 8.887914 74.355449 -37.877356 4.607517 17.176911 3.207252 5.332331 0.227706 6.152334 7.329962 0.000300 -0.000852 -0.000902 -0.107312 -17.260036 12.577272 67.638688 -11.483819 6.630422 20.408812 1.970503 3.199327 -5.357524 3.391224 5.395169 -0.000308 0.000913 -0.000438 -6.424269 -13.734986 -1.413356 66.336811 -20.082705 14.551637 25.911473 0.176638 0.207085 17.323857 0.460762 -5.648620 -0.000282 0.003829 0.000232 -5.945720 -14.687775 5.793258 59.820697 0.263718 13.307561 30.171773 2.475224 0.570925 9.069547 -2.631395 -6.276275 -0.006788 0.005385 0.000361 -10.331700 -4.453732 -6.401579 4.054639 3.223929 21.275369 2.350697 3.751426 -14.422804 5.295531 19.470001 5.834239 0.000443 -0.000555 0.998879 -3.259794 -17.051188 0.894970 -0.480991 -1.432042 32.564394 13.532245 -8.393254 -21.256135 -11.706818 -11.557457 1.045987 -0.000522 0.000887 0.996269
-47.476368 103.128693 4.115476 179.625279 -69.309219 179.100782 -1.706675 5.125482 0.376901 1.246866 2.761293 -8.180300 -0.950005 3.725825 17.775966 -1.203928 0.102856 -11.442908 -1.149369 0.248536 10.239624 5.713458 8.292901 19.907178 0.000900 -0.000173 0.000251 0.728837 0.919899 -7.562158 0.271335 -1.452799 -3.464047 -0.227425 0.258434 -3.452336 -1.638661 -9.318533 20.393120 -83.547463 -15.403790 28.335790 14.975814 -57.961133 -1.415184 53.601866 10.888532 8.889808 -2.221605 43.058916 38.951198 4.195414 4.332700 -9.416704 3.275074 6.096364 -4.901341 -0.000359 0.000488 0.000797 8.928814 28.894819 8.987743 -67.757131 12.105568 11.564592 -17.560217 -1.261076 2.375493 -0.686342 -6.247830 9.972708 -0.000090 -0.000337 -0.000436 4.976313 17.637153 9.283807 -59.233636 7.455658 8.501478 -17.129857 -2.768309 1.068829 5.884023 -3.560576 7.027021 0.000201 -0.000115 0.000743 9.628781 15.877697 -6.329782 -59.828657 15.142807 11.547207 -20.897316 -1.324489 -0.727621 -15.040224 -0.087801 -3.736836 0.000706 0.000840 -0.000683 6.878381 14.545063 -1.211382 -56.153723 6.228701 8.971528 -21.611805 -1.953502 -0.329482 -4.498430 3.483227 -5.138836 -0.000538 0.000507 0.000107 -10.495375 13.263845 24.699029 91.423182 12.910684 9.194682 -168.802077 86.476261 -157.401467 -63.688427 -32.589301 21.414365 15.744946 -56.075982 41.828105 -4.284811 -3.929820 -11.235446 -2.337280 -7.319508 0.778736 0.001315 -0.000160 -0.001347 2.809768 -26.897459 8.554598 74.475890 -37.556600 4.601372 17.387447 3.132404 5.348994 0.063157 6.171053 6.786443 0.000234 -0.000863 -0.000900 0.349265 -17.483950 12.445246 67.848911 -11.364440 6.565449 20.834959 1.992025 3.110434 -5.139821 3.501051 5.497685 -0.000404 0.001012 -0.000505 -6.019440 -13.924171 -1.460104 67.062833 -20.401080 14.194077 26.209443 0.176308 0.119611 17.231780 0.462112 -5.406884 -0.000429 0.004248 0.000291 -5.620916 -14.886943 5.876848 60.725931 0.331829 13.090963 30.473526 2.565811 0.561895 9.087008 -2.495865 -6.028822 -0.007050 0.005712 0.000358 -10.047885 -3.935513 -6.544514 3.935814 3.394055 21.862496 1.680675 2.808154 -15.449348 5.280405 18.794361 5.478831 0.000388 -0.000593 0.998955 -3.110936 -16.365925 -0.060530 -0.606583 -1.464823 33.940530 13.100429 -7.879307 -21.843417 -11.569260 -11.185846 1.061091 -0.000488 0.000946 0.995982
-47.568493 103.020111 4.164817 -179.613480 -68.951918 179.465385 -1.654613 4.983454 0.459134 1.109174 2.700469 -8.194203 -0.889049 3.632290 17.963063 -1.295617 0.084784 -11.417983 -0.932772 0.305094 10.089849 5.261765 7.863094 19.433084 0.000907 -0.000194 0.000263 0.736953 0.932899 -7.549941 0.273159 -1.341993 -3.362823 -0.222471 0.369206 -3.349845 -1.648660 -9.504599 20.666962 -83.305472 -15.966599 27.837058 15.644565 -59.557972 -1.845296 52.594778 10.421991 8.697879 -2.659982 43.113165 38.890740 4.160409 4.505865 -9.346950 3.270588 6.019288 -4.990139 -0.000394 0.000477 0.000787 8.708206 28.976182 8.967778 -68.211390 12.672392 11.445432 -17.868366 -1.154455 2.476060 -0.546080 -6.161085 9.779710 -0.000119 -0.000371 -0.000427 4.869958 17.711755 9.369338 -59.791259 7.946636 8.403205 -17.494258 -2.650605 1.174295 5.831396 -3.496457 6.922035 0.000213 -0.000140 0.000752 9.556158 16.037383 -6.289584 -60.488259 15.725473 11.371894 -21.322334 -1.255668 -0.610605 -15.032403 -0.018362 -3.668970 0.000726 0.000828 -0.000696 6.916876 14.728435 -0.907678 -56.808688 6.518409 8.874418 -21.995628 -2.042834 -0.239919 -4.570236 3.513055 -5.127105 -0.000530 0.000519 0.000104 -10.311744 13.261597 24.597222 91.768675 12.771515 8.742807 -168.090322 85.134995 -156.304490 -62.035659 -32.316070 20.595810 16.858490 -55.840021 41.209862 -4.184559 -3.956280 -11.132755 -2.332646 -7.286443 0.732579 0.001349 -0.000214 -0.001371 3.169607 -26.895221 8.327274 75.146537 -37.354304 4.395139 17.890143 3.125101 5.421118 0.042120 6.107109 6.393368 0.000228 -0.000877 -0.000929 0.665703 -17.552378 12.306785 68.350066 -11.309731 6.463938 21.449709 2.067651 3.168374 -4.872317 3.498472 5.434144 -0.000422 0.001052 -0.000529 -5.786291 -14.024987 -1.490859 67.942218 -20.584815 13.939053 26.806216 0.259451 0.076595 17.398062 0.474586 -5.375988 -0.000465 0.004404 0.000321 -5.446536 -14.952442 6.005795 61.549248 0.329883 12.913236 31.031109 2.790019 0.614595 9.398217 -2.379887 -6.054469 -0.007141 0.005832 0.000371 -9.644569 -3.723343 -7.120631 4.164149 3.385931 21.871852 1.103761 2.223455 -15.494672 5.402363 18.358252 5.464418 0.000385 -0.000601 0.998955 -2.983641 -16.008756 -1.478132 -0.491859 -1.809256 34.852187 12.898443 -7.200476 -21.677087 -11.398697 -10.879569 1.362201 -0.000505 0.000953 0.995906
-47.653122 102.783539 4.208283 -179.320689 -69.722565 -179.976826 -1.644060 5.032640 0.384279 0.890782 2.703934 -8.328131 -0.810387 3.435661 18.482203 -1.289508 0.121776 -11.272919 -0.466680 0.083783 10.181060 4.318274 6.803823 18.868663 0.000952 -0.000222 0.000205 0.697312 0.972009 -7.554169 0.274730 -1.274031 -3.523211 -0.225624 0.435497 -3.513206 -1.663255 -10.139809 20.717820 -83.482795 -16.642611 26.952870 16.746171 -61.124033 -2.496528 53.929961 9.916109 9.163413 -2.789472 43.668660 39.480918 4.011426 4.730117 -9.344778 3.301872 6.149145 -4.888764 -0.000459 0.000472 0.000800 8.403766 29.212586 9.199133 -69.479999 13.266575 11.288611 -18.229288 -0.918064 2.654156 -0.435874 -6.088056 9.662415 -0.000181 -0.000293 -0.000480 4.657829 17.786018 9.546850 -61.056855 8.769230 8.286282 -17.854226 -2.522062 1.356262 5.826145 -3.422168 6.816458 0.000287 -0.000204 0.000802 9.479871 16.178391 -6.120684 -61.792055 16.535864 11.062983 -21.805957 -1.111742 -0.446824 -15.037892 0.064865 -3.616813 0.000768 0.000787 -0.000747 7.048188 14.920752 -0.598594 -58.024834 6.986900 8.777007 -22.565894 -2.069077 -0.148988 -4.618564 3.565111 -5.092010 -0.000586 0.000561 0.000022 -10.323109 13.610257 24.379904 91.985212 12.743560 7.814885 -164.059662 84.206133 -151.716811 -61.776858 -32.246414 19.836898 17.589819 -55.778310 40.724509 -4.032572 -4.047623 -11.069615 -2.285328 -7.312374 0.701197 0.001334 -0.000189 -0.001337 3.372149 -27.007558 8.236508 75.680947 -36.980669 4.219452 18.081248 3.007575 5.449672 -0.066384 6.159344 6.240087 0.000210 -0.000887 -0.000886 0.876883 -17.560036 12.165625 68.820155 -11.413824 6.367471 21.819305 1.985790 3.195024 -4.803923 3.530419 5.517491 -0.000349 0.001032 -0.000575 -5.685734 -14.010913 -1.555063 68.672037 -20.832798 13.647173 27.241960 0.112236 0.071673 17.377779 0.445604 -5.223341 -0.000409 0.004235 0.000294 -5.384676 -14.886765 6.022446 62.191739 0.163466 12.688175 31.466083 2.692334 0.699219 9.510489 -2.368802 -5.922123 -0.007003 0.005653 0.000315 -9.266693 -3.091262 -7.762389 4.359543 3.608135 22.511521 0.660230 1.910471 -16.575169 5.351405 18.008356 5.285084 0.000380 -0.000667 0.999033 -2.733583 -15.698671 -2.790756 -0.413017 -1.806722 36.046893 12.675349 -6.240010 -22.797182 -11.306186 -10.723258 1.547566 -0.000547 0.001006 0.996111
-47.730358 102.677849 4.245988 -179.357158 -69.809059 -179.306098 -1.638297 5.042687 0.382602 0.811662 2.710696 -8.509298 -0.764547 3.268491 18.852474 -1.348581 0.104877 -11.174446 -0.205443 -0.012355 10.418996 3.802953 6.382899 18.093018 0.000954 -0.000253 0.000179 0.712695 0.988610 -7.537857 0.287172 -1.207614 -3.601960 -0.215609 0.501293 -3.595099 -1.479762 -10.459955 20.707587 -83.413925 -17.033929 26.345077 17.075359 -62.534145 -2.664072 55.127864 9.152204 9.464406 -2.888158 44.259875 39.791701 4.087558 5.035308 -9.448279 3.417273 6.343742 -4.694219 -0.000508 0.000421 0.000792 8.370409 29.484632 9.265974 -71.064687 14.163716 10.921358 -18.609322 -0.894914 2.783839 -0.442612 -6.038233 9.551333 -0.000247 -0.000287 -0.000467 4.711982 17.909621 9.719552 -62.628401 9.203532 8.124622 -18.305464 -2.503177 1.486533 5.735363 -3.382215 6.679468 0.000333 -0.000252 0.000791 9.589771 16.277364 -5.959936 -63.376235 17.212121 10.704744 -22.346128 -1.081705 -0.364281 -15.208764 0.081096 -3.651877 0.000764 0.000727 -0.000767 7.217427 15.069125 -0.311537 -59.457150 7.235723 8.657442 -23.183067 -2.194916 -0.072685 -4.850657 3.559203 -5.175990 -0.000602 0.000576 -0.000002 -10.443207 13.628643 24.288220 92.220365 12.725926 6.776349 -171.258797 82.749748 -158.701248 -63.021084 -31.989912 20.166119 17.823501 -56.457801 40.943581 -4.198783 -4.238131 -11.096372 -2.349851 -7.358089 0.740255 0.001319 -0.000173 -0.001321 3.468487 -27.239668 8.311887 77.088921 -37.584048 3.650563 18.493918 2.961753 5.558460 -0.042219 6.165794 6.246556 0.000175 -0.000876 -0.000871 0.933850 -17.671985 12.264940 69.972645 -11.551463 6.261033 22.297148 1.994108 3.280352 -4.722379 3.544083 5.545836 -0.000321 0.001022 -0.000612 -5.743036 -14.074851 -1.413589 69.999107 -21.176352 13.344283 27.822072 0.061836 0.105137 17.508967 0.412910 -5.157867 -0.000374 0.004093 0.000277 -5.502394 -14.968115 6.265369 63.361167 0.291660 12.590008 32.144971 2.766697 0.792902 9.736928 -2.353914 -5.923238 -0.006906 0.005523 0.000292 -8.969526 -2.650599 -7.946371 4.411861 3.750656 22.482227 0.378646 1.899428 -16.868153 5.289014 17.480602 5.112148 0.000389 -0.000690 0.999063 -2.589538 -15.238186 -3.612138 -0.393916 -1.629465 36.385607 12.587647 -5.710968 -23.279188 -11.033066 -10.482727 1.794340 -0.000604 0.000988 0.996276
-47.800316 102.659431 4.278050 -178.468473 -69.939342 -179.748652 -1.743786 4.929970 0.347207 0.697420 2.651593 -8.505620 -0.573605 3.054461 19.109149 -1.190782 -0.076091 -11.154780 0.286292 -0.145113 10.184956 3.052237 5.757972 17.301120 0.000968 -0.000258 0.000213 0.733142 0.996093 -7.463614 0.284317 -1.241946 -3.464035 -0.214175 0.467516 -3.456232 -1.195123 -10.758168 20.598968 -83.329840 -17.248624 25.596007 16.858524 -64.384348 -2.265617 55.742214 7.408511 9.310475 -3.638472 44.117994 39.591390 4.109285 5.052659 -9.220163 3.358201 6.202899 -4.948508 -0.000527 0.000457 0.000847 7.939965 29.504138 9.219284 -70.884402 14.249360 11.131584 -18.568183 -0.539475 2.854163 -0.245632 -6.048873 9.558738 -0.000241 -0.000290 -0.000468 4.497173 17.885964 9.672415 -62.650463 9.577237 8.194042 -18.241480 -2.174959 1.534845 5.816662 -3.414752 6.818498 0.000349 -0.000247 0.000808 9.480172 16.330156 -5.913473 -63.704284 17.628258 10.561524 -22.303562 -0.911910 -0.278477 -14.848018 0.165072 -3.402461 0.000792 0.000776 -0.000781 7.335948 15.182903 -0.131931 -59.932541 7.383107 8.554480 -23.174815 -2.108412 -0.052673 -4.443888 3.611801 -4.901113 -0.000609 0.000596 -0.000009 -10.235152 13.234424 24.153296 92.119485 12.672396 5.391546 -178.840987 80.590939 -166.404158 -64.489063 -31.114402 19.978705 18.346279 -56.586087 40.810692 -4.217772 -4.254733 -10.901190 -2.392639 -7.288405 0.610440 0.001422 -0.000240 -0.001364 3.929241 -27.569695 8.184187 77.686994 -38.332508 3.442624 18.674245 2.840113 5.630377 -0.141463 6.151281 5.888419 0.000145 -0.000882 -0.000939 1.208955 -17.861382 12.200537 70.623736 -11.747876 6.247579 22.610850 1.962015 3.281028 -4.621967 3.608567 5.707790 -0.000407 0.001061 -0.000634 -5.600145 -14.228227 -1.453887 71.056461 -21.602648 13.068721 28.136849 -0.057879 0.079036 17.343244 0.338154 -4.896933 -0.000471 0.004282 0.000341 -5.496078 -15.143672 6.339964 64.467411 0.607678 12.459837 32.496060 2.756522 0.827755 9.634809 -2.322786 -5.599271 -0.007022 0.005653 0.000339 -8.381903 -1.776196 -7.969520 4.575597 3.910013 22.350659 0.148068 1.682957 -16.852488 5.029570 17.132783 4.818123 0.000391 -0.000702 0.999018 -2.328338 -14.926045 -4.205310 -0.231160 -1.638880 36.545175 12.338533 -5.001074 -23.165779 -10.821041 -10.412025 1.901769 -0.000562 0.001007 0.996166
-47.863091 102.644028 4.304592 179.982100 -71.891878 -178.097703 -1.695768 5.046498 0.312047 0.677539 2.716726 -8.465006 -0.609527 2.763820 19.211811 -1.248568 -0.108843 -11.131846 0.494244 -0.362601 10.301543 2.698305 5.503472 16.862670 0.000911 -0.000344 0.000191 0.793504 1.000779 -7.388929 0.305582 -1.195972 -3.370778 -0.190339 0.514561 -3.366474 -1.273510 -10.966027 20.077879 -83.480540 -17.473305 25.388552 16.624167 -64.970870 -2.067245 57.361951 6.208374 8.890498 -3.654229 44.095476 39.479871 4.154898 5.125340 -9.271519 3.408650 6.280033 -4.947896 -0.000577 0.000369 0.000800 7.864014 29.628250 9.176102 -71.568341 14.588315 10.949818 -18.840347 -0.596032 2.888866 -0.461379 -6.065077 9.405925 -0.000288 -0.000296 -0.000398 4.437037 17.976358 9.671686 -63.357839 9.678284 8.142864 -18.552121 -2.229055 1.597251 5.500159 -3.422633 6.687725 0.000373 -0.000309 0.000753 9.415760 16.376270 -5.841921 -64.394358 17.890094 10.387338 -22.716959 -0.929596 -0.283475 -15.154723 0.135112 -3.435013 0.000779 0.000678 -0.000775 7.302051 15.267757 -0.058467 -60.720490 7.422354 8.516712 -23.607664 -2.209802 -0.027962 -4.756315 3.523717 -4.933066 -0.000600 0.000548 -0.000025 -10.587810 12.782008 24.317221 91.827810 12.620006 4.580815 175.061654 78.840130 -172.751051 -66.663121 -30.387962 20.452386 18.383584 -56.986573 40.834124 -4.390663 -4.375685 -10.859197 -2.439962 -7.368202 0.632408 0.001351 -0.000219 -0.001320 3.873294 -27.807602 8.302330 78.835174 -38.909138 2.896131 19.128027 2.877773 5.675709 0.096055 6.167603 5.803108 0.000120 -0.000821 -0.000881 1.099975 -17.969764 12.349796 71.713630 -11.846682 6.153439 23.175112 2.055958 3.314059 -4.295574 3.645234 5.683809 -0.000354 0.001059 -0.000662 -5.794129 -14.284459 -1.321901 72.315536 -21.950112 12.739975 28.770099 0.008062 0.103516 17.682177 0.357259 -4.920976 -0.000458 0.004117 0.000297 -5.789782 -15.247482 6.503989 65.798242 0.804758 12.463438 33.225971 2.976001 0.934468 10.033967 -2.231287 -5.695596 -0.006910 0.005535 0.000314 -8.283738 -1.287443 -7.781571 4.299373 4.098840 22.070330 0.193063 1.644704 -17.349496 4.974233 16.687964 4.213286 0.000402 -0.000682 0.999051 -2.011639 -14.235959 -4.474141 -0.416877 -1.239417 36.405967 11.970268 -5.187966 -23.714840 -10.645531 -10.347740 1.763240 -0.000625 0.000942 0.996308
-47.918777 102.525124 4.325737 177.665031 -70.462227 179.852741 -0.837011 4.427835 1.313417 0.014894 3.404635 -7.704532 -0.595275 2.125796 18.065252 -0.780180 -0.325260 -9.884565 -0.122283 0.032260 7.763506 2.748375 6.911759 11.612785 0.000884 -0.000570 0.000406 0.779784 0.983677 -6.964355 0.259826 -1.338808 -1.394609 -0.176244 0.379691 -1.385119 -2.152929 -10.718210 19.437311 -80.516264 -16.650246 23.942030 13.872461 -65.075898 -1.282608 51.853784 1.940782 6.231856 -7.412192 39.396234 34.972508 3.411431 4.130828 -8.426415 3.112631 6.413371 -5.293068 -0.000703 0.000493 0.000790 6.478000 27.066120 7.755204 -66.351829 13.899327 11.169840 -17.639191 0.431722 2.649774 -0.195823 -6.202507 9.781566 -0.000153 -0.000294 -0.000190 4.058087 16.496872 9.105028 -59.350476 10.124701 7.743022 -17.496291 -1.441360 1.587784 5.580530 -3.460249 7.247714 0.000294 -0.000462 0.000849 8.935146 15.032275 -6.317672 -59.809231 18.493863 10.815421 -21.627029 -0.397755 -0.388206 -14.487382 0.219303 -2.907098 0.000952 0.000663 -0.000713 6.799796 14.520099 -1.040087 -56.282010 8.157144 8.898478 -22.711096 -1.747155 -0.053877 -4.017123 3.625957 -4.489010 -0.000313 0.000561 -0.000039 -10.868508 12.212238 23.721034 90.576201 13.857893 3.873742 167.997231 77.299370 179.698463 -65.066755 -25.532446 16.348556 21.919878 -54.328467 36.543756 -4.156193 -4.098819 -10.708795 -2.026195 -7.475238 0.486647 0.001472 -0.000630 -0.001384 3.905964 -27.385953 7.310798 77.732618 -35.905524 3.766989 20.354358 3.247342 5.307889 0.606209 6.368390 5.416584 -0.000013 -0.000583 -0.001022 1.287969 -17.740725 11.469672 71.448281 -11.718708 5.840037 24.394541 2.656204 3.090910 -3.561510 3.957418 5.814663 -0.000613 0.001417 -0.000686 -5.386051 -14.206497 -1.773191 72.431945 -20.768873 12.314879 30.045534 0.287800 -0.286650 18.207231 0.436687 -4.699422 -0.001012 0.005437 0.000498 -4.777885 -15.341745 5.326862 65.987663 0.624458 12.112479 34.359486 3.380019 0.816034 10.679225 -2.001892 -5.636061 -0.007932 0.006822 0.000475 -8.623241 -1.204633 -6.967363 4.373791 4.210200 26.961977 1.103150 0.633782 -16.941855 3.888237 11.957304 3.166392 0.000370 -0.000535 0.998963 -3.165862 -14.350450 -3.996567 -0.802901 -0.075354 41.404217 12.189571 -2.439140 -25.488887 -9.910877 -7.779529 1.447345 -0.000407 0.001029 0.995079
-47.967476 102.351784 4.341616 177.480466 -70.024453 179.239711 -0.669398 4.238646 1.678442 -0.009434 3.505085 -7.495921 -0.565935 1.691550 18.044631 -0.449667 -0.413139 -9.517523 -0.339350 0.277242 7.326539 2.946539 8.019217 9.266026 0.000761 -0.000682 0.000439 0.767975 0.909935 -6.721702 0.256423 -1.383384 -0.821367 -0.162441 0.339793 -0.812812 -1.682769 -10.536803 18.871501 -79.782567 -16.611997 24.192210 13.055636 -64.516593 -1.647399 50.727806 0.670213 5.182321 -7.813129 38.239112 33.629497 3.393331 3.975136 -8.481447 3.216794 6.968552 -4.920381 -0.000691 0.000508 0.000701 6.334092 26.113522 7.069616 -66.612655 14.494058 10.548180 -17.778078 0.042519 2.553591 -0.810512 -6.146752 9.757157 -0.000036 -0.000409 -0.000030 4.164292 15.933058 8.859011 -59.564899 9.920666 7.444388 -17.798545 -1.656229 1.571807 5.021580 -3.456628 7.055999 0.000196 -0.000507 0.000770 9.028192 14.523688 -6.545882 -59.569807 18.118493 10.935765 -21.954980 -0.480220 -0.587892 -15.318159 0.068515 -3.258409 0.000933 0.000612 -0.000599 6.658341 14.154185 -1.358628 -56.118674 8.062595 8.944586 -23.146579 -1.929478 -0.089970 -4.840802 3.480560 -4.878481 -0.000161 0.000469 0.000017 -11.017622 11.403075 23.540398 90.688773 13.632651 3.998948 165.393870 74.814540 176.551872 -67.384841 -24.068822 16.609354 21.846989 -53.754247 35.969721 -4.495385 -4.132658 -10.838215 -2.014505 -7.867377 0.711117 0.001404 -0.000631 -0.001332 3.109774 -26.531447 7.285772 77.826636 -35.144977 3.567596 21.042379 3.510120 5.264709 1.362489 6.382576 6.015379 -0.000079 -0.000433 -0.000996 0.749821 -17.224414 11.432170 71.596719 -11.901794 5.645885 24.866958 2.950129 3.092428 -3.137826 3.936890 5.536592 -0.000734 0.001474 -0.000651 -5.780329 -13.875456 -1.775605 72.273758 -20.208401 12.332496 30.569569 0.542978 -0.331926 18.990792 0.546976 -5.125598 -0.001095 0.005427 0.000437 -4.953314 -15.169132 5.056339 65.978848 0.603906 12.116249 34.982603 3.716333 0.806591 11.293877 -1.938944 -6.271135 -0.007972 0.006867 0.000568 -8.802318 -1.745193 -7.594775 4.897017 3.724056 28.108403 1.729429 0.562712 -17.084078 4.362348 10.471365 2.570874 0.000431 -0.000388 0.998975 -3.199950 -14.814198 -4.259250 -0.323212 0.018013 41.756314 12.221954 -2.041110 -26.366042 -9.341252 -7.235671 1.476560 -0.000380 0.000941 0.995003
-48.009277 102.002251 4.352359 177.308834 -70.360585 178.952218 -0.437539 4.110892 1.637094 -0.338470 3.480842 -7.564348 -0.270705 1.420400 18.548805 -0.305161 -0.433244 -9.629694 -0.365622 0.342760 8.038768 2.687890 8.293070 8.756655 0.000685 -0.000723 0.000429 0.717739 0.895835 -6.600524 0.256427 -1.451433 -0.860669 -0.163638 0.272493 -0.854083 -1.053855 -10.745518 18.711017 -79.938266 -16.697241 23.727225 12.474031 -64.963253 -1.242471 53.746002 -0.616782 4.276295 -7.828943 38.916156 34.162630 3.720532 4.229162 -8.514094 3.445715 7.427948 -4.892784 -0.000684 0.000486 0.000646 6.360520 26.339345 7.217901 -68.283995 15.264500 10.405696 -17.801611 0.148985 2.606053 -1.097081 -6.154909 9.952252 -0.000008 -0.000402 0.000054 4.344933 16.004582 9.084753 -61.059772 10.030213 7.432285 -17.901257 -1.551712 1.598364 4.840993 -3.473204 7.193782 0.000144 -0.000527 0.000704 9.277164 14.617132 -6.513676 -61.005563 18.364445 10.705462 -22.295388 -0.276140 -0.595468 -15.588551 0.100521 -3.276436 0.000903 0.000555 -0.000508 6.923324 14.314426 -1.188545 -57.542966 7.881894 8.881627 -23.736318 -1.917135 -0.090961 -5.051832 3.516099 -4.932156 -0.000074 0.000389 -0.000019 -11.456632 10.964891 23.611136 91.110850 13.349430 3.752126 162.812434 71.918902 173.397129 -71.449693 -23.953298 17.221156 21.401768 -54.847563 36.667794 -4.933864 -4.522019 -10.879852 -2.113509 -8.210377 0.766317 0.001345 -0.000592 -0.001275 2.660273 -26.926117 7.413430 80.057553 -37.511191 2.605936 21.642005 3.533775 5.441001 1.850399 6.451626 6.422538 -0.000155 -0.000334 -0.000966 0.280785 -17.503283 11.554989 73.442909 -12.678277 5.527395 25.432352 2.992972 3.159070 -2.892559 4.003808 5.660988 -0.000760 0.001483 -0.000625 -6.314043 -14.182530 -1.479101 74.072877 -20.462981 11.984714 31.217978 0.411745 -0.318693 19.296956 0.498245 -5.060762 -0.001072 0.005250 0.000355 -5.434933 -15.649274 5.367783 67.524794 1.282710 12.133651 35.739058 3.676209 0.800946 11.497339 -1.978509 -6.257166 -0.007832 0.006722 0.000606 -8.822828 -1.424514 -8.209557 5.276336 3.585837 28.876576 2.086572 0.398375 -18.796878 4.448337 10.127053 2.717495 0.000471 -0.000288 0.998996 -2.933543 -15.003192 -4.941293 0.016335 -0.042533 42.592657 11.922348 -1.366566 -28.150940 -9.272655 -7.395586 1.789090 -0.000383 0.000881 0.995159
-48.044266 101.858688 4.358100 178.192049 -69.969002 178.200488 -0.328867 3.873476 1.849645 -0.449043 3.418091 -7.609073 -0.059104 1.257596 18.572470 -0.375793 -0.352773 -10.002130 -0.585184 0.463955 8.235340 2.825158 8.851602 9.011075 0.000645 -0.000791 0.000455 0.720500 0.903384 -6.479524 0.256603 -1.491409 -0.883955 -0.164158 0.233369 -0.875469 -0.345701 -10.482118 19.074959 -80.154609 -16.477135 22.872279 11.430444 -66.642478 -0.109231 55.827608 -0.394247 4.281091 -7.301016 39.947323 34.972759 4.078973 4.596617 -8.636992 3.722421 7.728197 -4.811156 -0.000733 0.000483 0.000594 6.730124 26.907228 7.556751 -69.584536 15.843917 10.306864 -17.864908 0.049183 2.665562 -1.383211 -6.155015 10.088108 0.000009 -0.000426 0.000116 4.709390 16.284661 9.436942 -62.284331 9.910919 7.525841 -18.022387 -1.603005 1.620625 4.633517 -3.507744 7.298309 0.000148 -0.000600 0.000711 9.641444 14.824517 -6.291302 -62.304193 18.456265 10.615512 -22.572269 -0.270022 -0.613485 -15.864482 0.094695 -3.310277 0.000928 0.000502 -0.000486 7.234257 14.561987 -0.887279 -58.833484 7.553637 8.959735 -24.077235 -1.955237 -0.101047 -5.293078 3.469847 -4.976486 -0.000010 0.000389 -0.000015 -11.548440 10.824286 23.974260 91.292017 13.544727 4.127475 160.080712 68.667258 169.612043 -72.862119 -24.110195 18.718404 20.600211 -55.420805 37.325800 -5.371860 -4.624511 -10.906993 -2.212113 -8.275126 0.772596 0.001326 -0.000586 -0.001253 2.139773 -26.999488 7.574454 81.005080 -38.926702 2.141069 21.820178 3.662218 5.444768 2.190725 6.426295 6.707073 -0.000206 -0.000258 -0.000963 -0.182999 -17.540427 11.556430 74.097036 -13.056837 5.559095 25.537870 3.034025 3.213183 -2.780308 3.971207 5.672092 -0.000803 0.001515 -0.000661 -6.738791 -14.308637 -1.360440 74.511956 -20.271792 12.008004 31.338551 0.459476 -0.302563 19.497689 0.468509 -5.136185 -0.001120 0.005166 0.000340 -5.826200 -15.773515 5.530161 67.887499 1.556473 12.128590 35.875732 3.756558 0.786432 11.520185 -1.994376 -6.322842 -0.007818 0.006687 0.000638 -8.765278 -1.542171 -9.008749 5.586221 3.139358 29.356211 2.085907 0.478575 -18.823735 4.378489 10.344053 3.045794 0.000479 -0.000251 0.999018 -2.459069 -14.995985 -5.576547 0.432526 -0.171991 42.552876 12.015661 -1.034441 -28.752903 -9.342922 -7.620948 2.153357 -0.000388 0.000873 0.995174
-48.072521 101.621796 4.358974 179.275584 -69.488768 176.954303 -0.363025 3.530744 1.845062 -0.563530 3.397059 -7.493524 0.099700 1.064614 18.599876 -0.235678 -0.330301 -10.131223 -0.462100 0.590272 8.398612 2.663324 9.004208 8.881801 0.000687 -0.000817 0.000526 0.652657 0.895216 -6.383615 0.249884 -1.556422 -0.839163 -0.169236 0.166500 -0.827162 0.200581 -10.368469 19.421024 -80.170461 -16.348415 21.983509 10.379558 -68.392098 0.829832 57.238103 -0.804521 3.882471 -6.955475 40.051177 35.431075 4.255076 4.759064 -8.424668 3.752608 7.774785 -5.180003 -0.000765 0.000561 0.000621 6.764223 27.239667 7.785608 -68.722008 15.657083 10.751222 -17.474203 0.325487 2.657709 -1.393895 -6.203136 10.312452 0.000046 -0.000452 0.000124 4.810278 16.496453 9.645333 -61.554736 9.812778 7.729844 -17.623611 -1.310167 1.564733 4.641081 -3.570272 7.644536 0.000154 -0.000623 0.000785 9.794793 15.030771 -6.158108 -61.779771 18.317632 10.792093 -22.280571 -0.066721 -0.599186 -15.697744 0.171275 -3.120138 0.000989 0.000563 -0.000514 7.442201 14.810881 -0.639364 -58.315995 7.297136 9.073074 -23.882058 -1.802965 -0.104876 -5.081599 3.532101 -4.827957 0.000026 0.000461 -0.000011 -11.252086 10.552322 23.991998 91.262737 13.560992 4.574511 158.658163 66.592271 167.349525 -73.609262 -23.103376 19.085002 20.727044 -55.125234 37.357245 -5.591010 -4.550090 -10.705081 -2.293664 -8.307603 0.655908 0.001428 -0.000689 -0.001305 2.106833 -26.818574 7.578230 80.766139 -39.900079 2.312885 21.628900 3.541750 5.446477 2.394007 6.376131 6.675377 -0.000197 -0.000259 -0.001039 -0.310690 -17.464573 11.451318 73.927759 -13.398486 5.680945 25.391678 2.832681 3.241159 -2.647939 3.929614 5.853420 -0.000869 0.001605 -0.000686 -6.882370 -14.372986 -1.418524 74.279579 -20.240831 12.138521 31.162326 0.298148 -0.276805 19.449061 0.353920 -4.979688 -0.001271 0.005580 0.000429 -6.058394 -15.869775 5.513005 67.554934 1.744740 12.053737 35.712437 3.572593 0.755995 11.329551 -2.084242 -6.054672 -0.008106 0.007043 0.000688 -8.647851 -1.482413 -9.560103 5.896290 2.891973 30.366210 2.004898 0.450075 -19.434225 4.340590 10.247488 3.200892 0.000439 -0.000266 0.998976 -2.132860 -14.973374 -6.457252 0.793460 -0.399227 43.719370 11.835377 -0.494765 -29.263099 -9.426113 -7.701063 2.475522 -0.000286 0.000938 0.994810
-48.094143 101.402534 4.355118 179.799764 -68.968806 176.395366 -0.300528 3.247350 1.857900 -0.681735 3.295368 -7.329149 0.216499 0.897077 18.563254 -0.158889 -0.272839 -10.127623 -0.328660 0.578981 8.617206 2.407762 9.078075 8.435785 0.000706 -0.000873 0.000590 0.567757 0.872575 -6.255629 0.238638 -1.615777 -0.692395 -0.175856 0.106073 -0.676454 0.798599 -10.215734 19.659990 -80.051519 -16.294745 21.250836 8.495782 -70.314830 2.453083 58.197687 -2.066354 3.325394 -7.274463 39.631948 35.516007 4.321287 4.691120 -8.063309 3.644332 7.562803 -5.739064 -0.000816 0.000600 0.000617 6.521038 27.248094 7.891230 -67.194691 15.176227 11.398561 -17.055095 0.792239 2.674898 -1.128921 -6.272869 10.433951 0.000069 -0.000473 0.000128 4.794397 16.598741 9.793002 -60.364154 9.716976 7.982198 -17.192003 -0.891744 1.566610 4.848204 -3.633457 7.980202 0.000188 -0.000673 0.000843 9.838238 15.172595 -6.034945 -60.859808 18.327245 10.970243 -21.912447 0.201293 -0.516558 -15.170363 0.300340 -2.749372 0.001044 0.000575 -0.000546 7.704913 15.094282 -0.372846 -57.617752 7.120134 9.181013 -23.586714 -1.595511 -0.080788 -4.532397 3.611454 -4.461039 0.000038 0.000509 -0.000018 -11.014306 10.209709 24.048560 91.066847 13.440638 5.015958 157.544685 65.171498 165.562091 -73.923029 -21.184172 17.699982 21.719828 -54.041320 36.577849 -5.708015 -4.323057 -10.409598 -2.269660 -8.185822 0.383141 0.001479 -0.000786 -0.001346 2.290366 -26.630807 7.259429 80.274731 -40.490019 2.762837 21.355635 3.389381 5.411730 2.324985 6.413137 6.295142 -0.000208 -0.000252 -0.001076 -0.241430 -17.462303 11.220198 73.703899 -13.556239 5.855171 25.218352 2.699479 3.208129 -2.626867 3.979610 6.109784 -0.000952 0.001695 -0.000732 -6.808471 -14.519129 -1.572105 74.205812 -20.200695 12.212913 30.870254 0.124040 -0.292933 19.078870 0.248254 -4.616679 -0.001426 0.005951 0.000498 -6.054801 -16.095472 5.401637 67.472383 2.172935 12.004634 35.351804 3.337395 0.707802 10.863200 -2.142404 -5.518214 -0.008357 0.007347 0.000713 -8.492823 -1.371156 -10.022170 5.888094 2.829384 31.357456 1.959909 0.178353 -20.482518 4.261479 9.856776 3.068682 0.000375 -0.000286 0.998979 -1.806943 -14.734663 -7.387158 0.874222 -0.614712 44.755443 11.536522 -0.252152 -29.616592 -9.326090 -7.634092 2.536050 -0.000206 0.000976 0.994504
-48.109200 100.916588 4.346669 -179.618304 -68.449142 175.643371 -0.262424 3.010955 2.308134 -0.774136 3.171881 -7.139963 0.221808 0.384823 18.573838 0.173468 -0.180813 -9.432217 0.056184 0.495844 8.192740 1.520123 8.973176 6.390751 0.000684 -0.000927 0.000596 0.433252 0.842691 -6.001248 0.219646 -1.739939 -0.383693 -0.185404 -0.016996 -0.364725 1.426836 -10.264961 19.903954 -79.940173 -16.766396 19.543678 5.417423 -73.601672 5.035912 58.115820 -4.351858 3.690178 -9.498990 37.387632 34.144922 3.794248 3.961013 -7.300119 3.196718 6.708240 -6.614921 -0.000836 0.000714 0.000600 5.074690 26.068632 7.651250 -62.940277 13.771114 12.367806 -16.429795 1.613655 2.689387 -0.301126 -6.276561 10.241074 0.000176 -0.000498 0.000098 3.987879 16.083120 9.654750 -57.264297 9.982695 8.289363 -16.511547 -0.197241 1.734866 5.414710 -3.599465 8.187411 0.000196 -0.000716 0.000896 9.214434 14.856615 -6.076913 -58.329010 18.757384 11.423353 -21.087118 0.592737 -0.219026 -13.911700 0.532353 -2.085928 0.001099 0.000609 -0.000532 7.707032 14.994929 -0.234677 -56.028393 7.830980 9.377576 -22.667248 -1.259213 0.071191 -3.273222 3.683105 -3.663735 0.000057 0.000516 -0.000034 -10.476265 9.949798 23.897654 90.528692 13.590153 4.731674 157.938473 64.352705 165.780869 -71.860588 -18.064472 15.007985 24.704631 -49.917486 33.372744 -5.215315 -3.340961 -9.738406 -1.995998 -7.575366 -0.094413 0.001474 -0.000816 -0.001326 3.307927 -25.455113 6.495366 76.197919 -36.673422 4.814607 20.256404 3.019216 5.085948 1.431796 6.417887 5.047313 -0.000247 -0.000207 -0.001072 0.455321 -16.882728 10.501011 71.172294 -13.189613 6.147235 24.564375 2.414576 3.001389 -2.923947 4.057005 6.387256 -0.001096 0.001748 -0.000741 -6.172794 -14.259600 -2.102269 72.425883 -19.821860 12.420602 29.951158 -0.189917 -0.322247 18.096162 0.155872 -4.001913 -0.001530 0.006091 0.000493 -5.762071 -15.867852 4.875527 66.482882 1.689201 11.909998 34.203243 2.961976 0.681332 9.971153 -2.110297 -4.611460 -0.008426 0.007381 0.000758 -8.014774 -0.272226 -10.839640 5.861337 3.072117 33.726540 2.084880 -0.139666 -22.786032 4.370109 8.332138 1.924339 0.000369 -0.000279 0.999034 -1.368770 -14.385437 -9.182306 1.039393 -0.686287 47.429122 10.417230 -0.364068 -30.057142 -8.678962 -6.866837 2.155556 -0.000113 0.001015 0.994444
-48.117775 100.492622 4.333766 -178.818389 -67.745902 175.192024 -0.208591 2.742005 2.519353 -0.870148 3.074880 -7.027600 0.224386 0.241082 18.643959 0.328952 -0.098092 -9.427940 0.029100 0.505340 8.243685 1.168288 9.196729 5.805224 0.000699 -0.000917 0.000587 0.353604 0.828494 -5.808963 0.196322 -1.863026 -0.290339 -0.205800 -0.138922 -0.267841 1.968025 -10.064401 19.880823 -79.798431 -17.268735 18.287268 1.464181 -76.675316 8.686103 59.147411 -6.366798 3.104968 -10.247063 36.658017 33.822209 3.820992 3.778884 -6.995624 3.140446 6.446801 -7.085362 -0.000846 0.000717 0.000580 4.670129 25.549704 7.581627 -61.464894 13.298626 12.794105 -16.246440 1.951639 2.710738 -0.158635 -6.217248 10.177877 0.000166 -0.000561 0.000098 3.936332 15.854609 9.659664 -56.189115 9.810158 8.486913 -16.335975 0.149864 1.774298 5.492860 -3.578988 8.321435 0.000221 -0.000727 0.000899 9.229622 14.746442 -6.084720 -57.448092 18.650360 11.649164 -20.957408 0.852592 -0.099952 -13.571981 0.657273 -1.833847 0.001075 0.000604 -0.000539 8.015428 15.026261 -0.166312 -55.576939 7.760981 9.525259 -22.522005 -1.059436 0.127897 -2.915711 3.716945 -3.329970 0.000059 0.000559 -0.000018 -10.502740 9.588180 23.883707 90.403038 13.891857 4.904137 157.257865 62.974610 164.227105 -72.287518 -14.903664 13.663663 25.571341 -48.361403 32.507416 -5.301547 -2.961285 -9.433403 -2.004544 -7.300262 -0.313858 0.001439 -0.000820 -0.001316 3.565509 -24.622757 6.180549 74.872576 -36.258095 5.484998 19.924788 2.885631 4.992846 1.329037 6.364640 4.593785 -0.000223 -0.000208 -0.001058 0.484001 -16.442637 10.118050 70.377485 -13.218430 6.378343 24.410926 2.273637 2.989133 -2.909497 4.039503 6.504204 -0.001080 0.001744 -0.000736 -6.174264 -14.079676 -2.390462 71.856763 -19.528838 12.603740 29.731210 -0.356553 -0.259902 17.796100 0.067107 -3.764305 -0.001499 0.006100 0.000469 -5.995747 -15.757278 4.654132 66.208263 1.886670 11.860521 33.820370 2.768216 0.710281 9.604073 -2.142501 -4.178357 -0.008372 0.007327 0.000735 -7.705964 -0.077138 -11.641630 5.906202 2.870753 35.671293 2.277534 -0.091912 -23.950098 4.299501 7.852221 1.579884 0.000331 -0.000292 0.999054 -0.990662 -14.303204 -10.783334 1.295258 -1.025674 49.178943 9.843462 -0.088472 -30.254705 -8.432082 -6.861380 1.949015 -0.000074 0.000999 0.994503
-48.119938 100.286652 4.316547 -178.356563 -66.598017 175.016543 -0.179527 2.617390 2.649509 -0.949095 2.889316 -7.057805 0.264987 0.192912 18.798110 0.448466 -0.023746 -9.507830 0.114020 0.533586 8.318867 0.980308 9.207980 5.797790 0.000703 -0.000891 0.000589 0.277147 0.827304 -5.714429 0.175142 -1.963743 -0.359930 -0.228968 -0.239833 -0.334070 2.616739 -10.010557 19.837927 -79.869400 -17.816447 17.706794 -4.591855 -79.194061 14.387709 60.067524 -8.457921 3.141873 -10.912628 36.645550 33.961614 3.917757 3.797387 -6.811740 3.132554 6.218441 -7.377365 -0.000844 0.000726 0.000575 4.340671 25.300058 7.621206 -60.793870 13.241210 13.074755 -16.125472 2.304757 2.775728 0.065946 -6.215446 10.200213 0.000156 -0.000591 0.000092 3.911867 15.748194 9.717678 -55.796031 9.722522 8.648145 -16.217849 0.483898 1.827826 5.718427 -3.591021 8.477397 0.000238 -0.000730 0.000898 9.285857 14.720090 -6.023388 -57.266783 18.657311 11.723435 -20.836922 1.108427 0.008567 -13.114879 0.755453 -1.583052 0.001052 0.000599 -0.000533 8.342133 15.105916 -0.050737 -55.699262 7.655208 9.594058 -22.352086 -0.862611 0.170736 -2.452305 3.755733 -2.990070 0.000069 0.000586 0.000008 -10.313095 9.446308 23.839046 90.529341 14.316728 5.216960 156.757172 62.307606 163.196432 -72.749869 -12.053104 12.376925 26.111888 -47.507731 32.274976 -5.466362 -2.701648 -9.227354 -2.074572 -6.975247 -0.503795 0.001425 -0.000826 -0.001317 3.820295 -23.905261 5.972485 73.867172 -36.474209 6.047348 19.423532 2.683766 4.976041 1.028019 6.330749 4.322853 -0.000240 -0.000200 -0.001064 0.520299 -16.021748 9.863848 69.656328 -13.252307 6.655192 23.986387 2.050834 2.979822 -3.192015 4.023145 6.666288 -0.001096 0.001743 -0.000732 -6.172232 -13.870952 -2.643275 71.276983 -19.320357 12.843657 29.231393 -0.620599 -0.162660 17.240224 -0.044187 -3.474182 -0.001474 0.006116 0.000457 -6.195988 -15.595174 4.453206 65.775118 2.174655 11.854481 33.174275 2.406032 0.748730 8.967830 -2.245240 -3.658914 -0.008347 0.007290 0.000730 -7.471691 0.248331 -11.952432 5.902127 2.777903 36.909557 2.240958 0.425257 -24.900405 4.036085 7.918800 1.526538 0.000321 -0.000296 0.999063 -0.637639 -13.954266 -11.626155 1.338506 -1.268179 49.660037 9.363842 0.040893 -30.326509 -8.294203 -7.079561 1.826553 -0.000057 0.000980 0.994536
-48.115765 100.113319 4.295156 -178.050758 -65.727398 174.905798 -0.171532 2.541839 2.877267 -0.974132 2.747417 -7.099423 0.317626 0.150483 18.924179 0.507512 -0.030163 -9.409479 0.242094 0.568848 8.266955 0.708575 9.005379 5.242941 0.000681 -0.000865 0.000601 0.241240 0.813482 -5.579163 0.154735 -2.041319 -0.370460 -0.249582 -0.317842 -0.341087 3.024712 -9.967502 19.699597 -79.926530 -18.212370 17.165597 -13.384362 -81.498367 22.779503 60.319790 -10.100849 3.314395 -11.629036 36.216579 33.685731 3.973442 3.689622 -6.615441 3.093754 5.959480 -7.603479 -0.000843 0.000729 0.000556 3.994712 24.846158 7.539287 -59.763499 13.075717 13.280304 -15.978376 2.572552 2.811399 0.265784 -6.210709 10.178584 0.000147 -0.000608 0.000081 3.840568 15.514389 9.663400 -55.147022 9.690920 8.758568 -16.116692 0.749002 1.885718 5.888331 -3.596261 8.571464 0.000258 -0.000745 0.000888 9.281259 14.557533 -6.020453 -56.866732 18.667121 11.858184 -20.691623 1.312116 0.113304 -12.732431 0.814820 -1.390743 0.001031 0.000570 -0.000512 8.561558 15.043447 -0.031363 -55.622041 7.705507 9.682902 -22.167877 -0.710734 0.218236 -2.079862 3.760929 -2.699058 0.000081 0.000581 0.000030 -10.125292 9.332958 23.794898 90.528160 14.762588 5.061637 156.597844 61.610398 162.622824 -72.563740 -10.048097 11.599266 26.720517 -46.513741 31.864739 -5.515124 -2.431198 -9.009579 -2.115980 -6.701407 -0.655889 0.001396 -0.000852 -0.001317 4.171981 -23.320917 5.838273 72.528714 -36.097173 6.621426 18.926761 2.474091 4.940369 0.722108 6.277918 4.080249 -0.000308 -0.000167 -0.001061 0.680514 -15.692318 9.667329 68.654558 -13.272211 6.881007 23.526803 1.845258 2.952639 -3.476961 3.999546 6.816290 -0.001149 0.001762 -0.000737 -6.037691 -13.687868 -2.874695 70.463117 -19.229324 13.040361 28.662260 -0.868096 -0.050234 16.710945 -0.154852 -3.217293 -0.001482 0.006216 0.000444 -6.252725 -15.443750 4.279636 65.316958 2.208619 11.843803 32.533653 2.083508 0.803181 8.377082 -2.339892 -3.198640 -0.008389 0.007344 0.000727 -7.301813 0.684861 -12.094348 5.880540 2.729001 37.834608 2.180418 0.830332 -25.534056 3.774750 7.768684 1.436382 0.000313 -0.000293 0.999091 -0.376580 -13.693197 -12.237608 1.462730 -1.425342 50.156232 9.017344 0.099520 -30.402046 -7.996184 -7.062659 1.668083 -0.000052 0.000956 0.994498
-48.105339 99.842415 4.269728 -177.801204 -65.463490 174.724890 -0.126054 2.451461 3.108092 -1.017574 2.666891 -7.028552 0.343009 0.090714 19.154258 0.617564 -0.113569 -9.012133 0.357797 0.635449 8.180511 0.305881 8.841556 3.739943 0.000599 -0.000853 0.000609 0.192887 0.768182 -5.317632 0.134250 -2.090869 -0.239836 -0.266032 -0.366778 -0.207959 3.136073 -9.999245 19.489522 -79.674589 -18.671362 16.306403 -30.381510 -83.856773 39.212759 59.722944 -12.192940 3.184445 -13.092592 34.356869 32.360050 3.766819 3.145712 -6.179158 2.867289 5.391737 -8.078372 -0.000824 0.000744 0.000509 3.256670 23.691683 7.153247 -57.214705 12.350089 13.577939 -15.700563 2.915958 2.816399 0.600888 -6.166749 10.004807 0.000187 -0.000640 0.000090 3.494296 14.930449 9.365125 -53.337713 9.839103 8.843881 -15.922621 1.063410 1.954719 6.055701 -3.574292 8.621955 0.000241 -0.000756 0.000850 9.010349 14.177904 -6.202226 -55.416192 18.740492 12.111759 -20.415047 1.550980 0.258128 -12.229445 0.892695 -1.091599 0.001010 0.000536 -0.000438 8.617347 14.826947 -0.150336 -54.801317 8.135063 9.758233 -21.837414 -0.531658 0.280176 -1.606579 3.736287 -2.292721 0.000120 0.000510 0.000054 -10.016839 9.246767 23.559104 90.231806 15.245042 4.442511 156.970040 60.758038 162.723386 -72.220723 -7.446161 10.095603 28.025336 -44.307980 30.508523 -5.315085 -1.975052 -8.652714 -2.045231 -6.321549 -0.892329 0.001338 -0.000876 -0.001295 4.761668 -22.606243 5.505735 70.560352 -34.626013 7.365422 18.647531 2.317194 4.845079 0.385263 6.179425 3.376708 -0.000427 -0.000081 -0.001043 1.052711 -15.359133 9.326785 67.355611 -13.163159 7.085924 23.369282 1.801465 2.871803 -3.578738 3.993417 6.900557 -0.001265 0.001795 -0.000724 -5.689267 -13.492513 -3.204842 69.637552 -19.303303 13.080752 28.315420 -0.983256 0.017870 16.239009 -0.231806 -2.929864 -0.001517 0.006314 0.000399 -6.114874 -15.354305 3.973927 65.046552 2.029051 11.809466 32.078265 1.982600 0.868302 7.948610 -2.344698 -2.713433 -0.008427 0.007395 0.000749 -7.112241 1.360858 -12.288941 5.866333 2.775028 38.908827 2.237807 0.705671 -26.273199 3.640540 7.000045 0.976077 0.000338 -0.000242 0.999127 -0.229217 -13.650872 -13.065692 1.649398 -1.663263 51.450711 8.577794 0.017592 -30.440405 -7.381184 -6.620274 1.403499 -0.000055 0.000909 0.994488
-48.088722 99.683998 4.240407 -177.796575 -65.485615 174.551176 -0.083406 2.280891 3.327264 -1.028944 2.623321 -6.839729 0.356404 0.040418 19.059322 0.662152 -0.213376 -8.331436 0.410314 0.707919 7.900050 -0.004733 8.688260 1.795843 0.000505 -0.000825 0.000580 0.177688 0.709274 -4.970576 0.107764 -2.124440 0.108395 -0.281910 -0.397544 0.143158 2.966108 -9.601009 19.139422 -78.979187 -18.864320 15.285333 -55.593664 -85.045655 63.683698 58.240885 -14.145452 2.926397 -14.636143 31.223133 30.259576 3.367774 2.181829 -5.536958 2.504461 4.414949 -8.925859 -0.000779 0.000783 0.000469 2.385668 21.983026 6.569248 -52.407825 10.816342 14.010582 -15.142171 3.244784 2.725322 0.998792 -6.086646 9.699456 0.000266 -0.000705 0.000089 3.055349 14.073526 8.873324 -49.743058 9.782769 8.992253 -15.425091 1.390632 1.969917 6.221028 -3.545018 8.693827 0.000210 -0.000744 0.000817 8.567132 13.612434 -6.504630 -52.427168 18.496156 12.658606 -19.761451 1.752679 0.385935 -11.545144 0.969258 -0.676219 0.000991 0.000538 -0.000358 8.562817 14.476735 -0.430011 -52.809329 8.471302 9.969012 -21.011391 -0.252142 0.313722 -0.934655 3.632189 -1.654216 0.000157 0.000435 0.000125 -9.748762 8.909788 23.181785 89.445238 15.714681 4.011056 157.243651 60.052953 162.384904 -70.458847 -4.155904 8.222781 29.424585 -40.438587 28.440228 -4.870331 -1.081962 -8.059699 -1.916332 -5.604427 -1.297847 0.001268 -0.000856 -0.001260 5.447953 -21.377741 5.073782 66.773784 -32.128568 8.543607 18.000918 2.188276 4.611219 0.004477 5.970030 2.223318 -0.000485 0.000008 -0.001006 1.508458 -14.713254 8.798341 64.587323 -12.969752 7.369562 22.871567 1.738989 2.724624 -3.673007 3.945306 6.968085 -0.001336 0.001794 -0.000680 -5.215326 -13.087057 -3.734191 67.518628 -19.416410 13.334797 27.496963 -1.008303 0.055626 15.595072 -0.298180 -2.616301 -0.001521 0.006315 0.000343 -5.951148 -15.113069 3.505453 63.869798 1.496216 11.741757 30.973752 1.908225 0.927436 7.287722 -2.307264 -2.048611 -0.008384 0.007335 0.000760 -6.877022 2.120262 -12.323137 5.675618 2.882856 39.719663 2.327924 0.435631 -26.541805 3.522503 6.065614 0.551928 0.000345 -0.000186 0.999138 -0.096803 -13.766234 -13.461362 1.728227 -1.841662 52.385377 8.165836 -0.453727 -30.082662 -6.580942 -6.064426 0.999538 -0.000017 0.000860 0.994599
-48.065990 99.538277 4.207330 -178.092393 -65.593499 174.653169 -0.039565 2.034209 3.472620 -1.086333 2.569340 -6.560804 0.346099 -0.027882 19.099350 0.650446 -0.304757 -7.637389 0.261097 0.840367 7.306461 -0.246824 8.808687 -0.246175 0.000451 -0.000782 0.000506 0.164489 0.652391 -4.617429 0.076916 -2.172660 0.499664 -0.300868 -0.442246 0.537580 2.725811 -9.177364 18.799284 -78.013894 -19.208345 13.765218 -85.023809 -85.191189 92.430908 56.333657 -15.491802 2.410782 -15.861949 27.475122 27.866915 2.852398 1.038478 -4.795373 2.096076 3.135758 -9.981396 -0.000728 0.000825 0.000440 1.564742 20.151325 5.894179 -46.422051 8.920438 14.372471 -14.427711 3.520167 2.577969 1.468218 -5.956037 9.264310 0.000332 -0.000797 0.000068 2.601061 13.157148 8.295088 -45.270620 9.627536 9.176250 -14.739084 1.663716 1.917852 6.381949 -3.504627 8.743190 0.000189 -0.000715 0.000802 8.038740 13.013461 -6.856995 -48.783344 18.185022 13.316630 -18.901154 1.860410 0.499238 -10.747291 1.028101 -0.205427 0.000974 0.000562 -0.000308 8.408593 14.093156 -0.742964 -50.293199 8.855161 10.251074 -19.915216 0.009206 0.317813 -0.179003 3.465959 -0.937628 0.000172 0.000390 0.000194 -9.531200 8.536446 22.665216 88.736701 16.443281 3.729269 157.790967 58.964700 162.258133 -67.833331 -0.794284 6.238333 30.405171 -35.633208 26.170592 -4.180049 0.044160 -7.299876 -1.729697 -4.629751 -1.789637 0.001178 -0.000800 -0.001210 6.121060 -19.922878 4.580871 61.899221 -28.921796 9.758632 17.134682 2.100152 4.289294 -0.426430 5.653854 0.706537 -0.000466 0.000054 -0.000950 2.002385 -13.927190 8.116214 60.817195 -12.538425 7.688325 22.187847 1.711798 2.530922 -3.721223 3.863976 6.995447 -0.001325 0.001751 -0.000625 -4.667905 -12.598370 -4.372790 64.520543 -19.325880 13.715061 26.440011 -0.916458 0.061081 14.895242 -0.342248 -2.313572 -0.001459 0.006199 0.000273 -5.750585 -14.770349 2.944075 61.979277 0.697829 11.623377 29.536615 1.931192 0.975712 6.605769 -2.211372 -1.315614 -0.008219 0.007139 0.000739 -6.696171 2.679430 -12.598857 5.406781 2.968520 40.622591 2.410915 -0.125463 -26.431799 3.408495 5.218557 0.202711 0.000324 -0.000158 0.999152 -0.073616 -14.097182 -13.900711 1.833674 -2.069748 53.525884 7.785679 -0.898761 -29.173544 -5.760930 -5.476107 0.545105 0.000042 0.000831 0.994873
-48.037209 99.310127 4.170639 -178.928584 -65.413317 175.204699 0.017844 1.872709 3.551423 -1.147636 2.487247 -6.323787 0.303371 0.001966 19.255692 0.633647 -0.335514 -7.146990 0.057769 0.956015 6.774140 -0.351217 9.095927 -1.510384 0.000418 -0.000731 0.000428 0.139971 0.613427 -4.386478 0.054507 -2.235964 0.645180 -0.318829 -0.503641 0.685922 2.584172 -8.857914 18.480456 -77.152678 -19.666168 12.495505 -104.764194 -84.729072 111.660658 54.595885 -15.991164 2.221995 -16.455372 24.676231 26.151454 2.404015 0.206889 -4.275613 1.816180 2.135782 -10.737882 -0.000686 0.000839 0.000413 1.067862 18.838451 5.399311 -42.164838 7.733954 14.464643 -13.966026 3.637904 2.445819 1.835863 -5.821639 8.837799 0.000354 -0.000866 0.000043 2.308794 12.533647 7.859557 -42.116694 9.505608 9.290637 -14.265105 1.769344 1.862875 6.495682 -3.455361 8.703857 0.000185 -0.000691 0.000787 7.646429 12.606587 -7.096205 -46.258201 17.989473 13.795656 -18.277037 1.848960 0.580974 -10.151917 1.047814 0.125608 0.000946 0.000566 -0.000278 8.247718 13.835849 -0.940045 -48.549024 9.157134 10.521989 -19.047999 0.135073 0.315315 0.361374 3.301164 -0.414753 0.000173 0.000364 0.000245 -9.439678 8.450751 22.131210 88.380990 17.444363 3.864694 158.535066 58.209828 162.592228 -65.024764 0.911447 5.382736 30.653441 -31.966169 24.659120 -3.503882 0.924982 -6.711512 -1.585222 -3.833938 -2.127911 0.001083 -0.000738 -0.001160 6.574061 -18.749953 4.271079 57.917424 -26.379322 10.449924 16.349634 2.009899 4.020626 -0.826223 5.345291 -0.530599 -0.000434 0.000081 -0.000887 2.327820 -13.264031 7.583652 57.624098 -12.129773 7.901565 21.584967 1.647496 2.396739 -3.793817 3.773896 6.973046 -0.001265 0.001695 -0.000577 -4.299798 -12.169238 -4.825101 61.899830 -19.163942 14.036971 25.533834 -0.825949 0.092999 14.360048 -0.365532 -2.133764 -0.001353 0.006023 0.000199 -5.679159 -14.403893 2.585016 60.248268 -0.121879 11.556400 28.307716 1.974898 1.041739 6.118850 -2.121285 -0.792657 -0.008023 0.006922 0.000691 -6.727928 2.813342 -13.094755 5.160021 3.017223 41.760657 2.530123 -0.496284 -26.390756 3.280188 4.734880 0.054205 0.000297 -0.000150 0.999178 -0.180844 -14.387056 -14.435520 1.963980 -2.186817 55.013746 7.470826 -1.134922 -28.390083 -5.189370 -5.147922 0.092662 0.000079 0.000804 0.995159
-48.002453 99.145355 4.130474 179.951345 -65.541179 176.106582 0.024187 1.841795 3.612872 -1.190674 2.434282 -6.149032 0.228889 0.118310 19.235011 0.687578 -0.360318 -6.842071 -0.022756 1.000447 6.315613 -0.305636 9.265046 -2.123683 0.000351 -0.000691 0.000357 0.101925 0.575044 -4.217565 0.033018 -2.306872 0.666760 -0.339634 -0.573273 0.708751 2.389821 -8.647945 18.195731 -76.426406 -20.054923 11.690526 -114.763747 -84.288625 121.258363 53.068693 -16.129969 2.052238 -16.774069 22.459222 24.877908 2.015695 -0.445135 -3.869644 1.583293 1.260002 -11.404338 -0.000636 0.000850 0.000373 0.748979 17.876403 5.025019 -38.877466 6.785575 14.464079 -13.566715 3.682981 2.329997 2.206996 -5.741957 8.485957 0.000403 -0.000912 0.000048 2.090388 12.121122 7.549234 -39.600124 9.327501 9.362167 -13.848553 1.822804 1.810379 6.645691 -3.440670 8.677385 0.000159 -0.000666 0.000751 7.317757 12.380971 -7.246792 -44.276983 17.775135 14.161131 -17.725638 1.797609 0.621747 -9.612487 1.040593 0.413863 0.000909 0.000557 -0.000220 8.084955 13.740576 -1.091540 -47.180134 9.375498 10.744090 -18.263009 0.219443 0.308210 0.849955 3.139516 0.040942 0.000194 0.000315 0.000302 -9.266612 8.473128 21.769456 88.143087 18.288090 4.018343 159.008262 57.921349 162.908801 -62.972452 2.199700 4.667241 30.574626 -29.153188 23.608739 -2.962356 1.631898 -6.245896 -1.478976 -3.098058 -2.418951 0.000987 -0.000656 -0.001107 6.830267 -17.856071 4.007536 54.753971 -24.533440 10.937410 15.619173 1.988106 3.800913 -1.198055 5.110666 -1.628658 -0.000428 0.000133 -0.000831 2.502097 -12.734565 7.154406 55.073176 -11.738466 8.079210 21.007552 1.646048 2.276800 -3.903693 3.720990 6.925757 -0.001226 0.001637 -0.000514 -4.051569 -11.851044 -5.228931 59.767001 -18.932433 14.337248 24.730447 -0.716072 0.122183 13.888229 -0.368055 -2.011918 -0.001243 0.005765 0.000114 -5.653890 -14.096517 2.304293 58.734118 -0.704669 11.514130 27.192189 2.019294 1.092610 5.697743 -2.031559 -0.365470 -0.007796 0.006665 0.000663 -6.757663 2.642251 -13.488710 4.863048 3.134169 42.571548 2.708994 -0.550792 -26.505439 3.188170 4.384094 -0.011887 0.000325 -0.000108 0.999186 -0.211175 -14.468806 -14.787439 1.989868 -2.212593 56.009748 7.188504 -1.392446 -27.782566 -4.804751 -5.020044 -0.368759 0.000077 0.000753 0.995472
-47.961788 98.970940 4.086975 178.628857 -66.170490 177.335254 0.020007 1.809989 3.802695 -1.206353 2.437260 -6.021544 0.136541 0.219409 18.945937 0.686943 -0.410626 -6.510872 0.023561 1.025986 5.949554 -0.264354 9.111268 -2.670890 0.000300 -0.000670 0.000290 0.069220 0.536276 -4.053140 0.017275 -2.333813 0.705411 -0.354184 -0.599506 0.747650 2.193258 -8.491636 18.064676 -75.728982 -20.454098 11.157027 -121.876993 -83.876278 128.019964 51.895909 -16.197738 1.926075 -17.017044 20.377226 23.794660 1.684878 -1.047203 -3.467124 1.390322 0.367512 -12.059091 -0.000602 0.000850 0.000329 0.510024 17.010694 4.771976 -36.024377 5.967864 14.418254 -13.244636 3.686892 2.221063 2.567654 -5.654809 8.087680 0.000442 -0.000930 0.000051 1.915130 11.747092 7.297596 -37.435006 9.217556 9.435112 -13.545174 1.831368 1.775187 6.731683 -3.412223 8.618869 0.000153 -0.000652 0.000730 7.053993 12.153345 -7.378217 -42.627019 17.736980 14.497727 -17.354596 1.739932 0.679695 -9.199390 1.045056 0.697898 0.000887 0.000547 -0.000188 8.010116 13.646256 -1.234338 -46.001459 9.723156 10.953131 -17.716540 0.246147 0.333257 1.165883 2.992210 0.442538 0.000194 0.000283 0.000328 -9.141375 8.567734 21.588404 87.800927 18.970382 3.917572 159.492646 57.955927 163.455031 -61.367253 2.624514 4.203899 30.621254 -26.677914 22.596357 -2.401489 2.200524 -5.816860 -1.364894 -2.447521 -2.686500 0.000903 -0.000595 -0.001059 7.171398 -17.380978 3.773617 52.318764 -23.053261 11.239949 15.138709 2.005356 3.615807 -1.480376 4.891076 -2.828134 -0.000414 0.000165 -0.000777 2.786969 -12.503610 6.845430 53.121219 -11.435249 8.193683 20.688989 1.752079 2.163002 -3.866281 3.690277 6.855225 -0.001167 0.001592 -0.000467 -3.715284 -11.740079 -5.516466 58.254595 -18.997325 14.535398 24.229683 -0.497508 0.123472 13.592215 -0.340780 -1.929230 -0.001161 0.005573 0.000049 -5.505713 -14.008011 2.195011 57.675416 -1.195049 11.493427 26.447865 2.263769 1.123008 5.520191 -1.907596 -0.040577 -0.007616 0.006464 0.000626 -6.631837 2.566613 -13.854681 4.470185 3.306202 43.237631 2.703724 -0.671603 -26.629757 3.119238 3.903689 -0.064215 0.000349 -0.000086 0.999200 -0.266173 -14.516993 -15.383665 1.982585 -2.282732 57.240512 6.993319 -1.507927 -27.200207 -4.478479 -4.774241 -0.778465 0.000063 0.000716 0.995733
-47.915279 99.219986 4.040282 177.057698 -67.096372 178.956894 -0.008118 1.722248 3.863438 -1.221947 2.488558 -6.176495 0.081040 0.343774 18.254713 0.532814 -0.497420 -6.253811 0.274974 0.960958 5.810943 -0.067368 8.451300 -2.346767 0.000289 -0.000635 0.000263 0.077448 0.510029 -3.953597 0.015378 -2.277905 0.736912 -0.355041 -0.544189 0.778346 2.009425 -8.329481 18.241906 -75.422517 -20.493896 11.192145 -120.558181 -83.954031 126.517300 51.893446 -15.659092 2.033897 -17.226465 19.010573 23.249901 1.629204 -1.463271 -3.072006 1.257761 -0.782104 -12.918969 -0.000566 0.000877 0.000318 0.482182 16.959195 4.889934 -32.687928 4.857125 14.504831 -12.602205 3.718056 2.173511 3.080810 -5.644281 7.793580 0.000480 -0.000889 0.000026 1.876457 11.853832 7.342275 -35.066042 9.143913 9.665024 -12.948996 1.856372 1.740872 6.934983 -3.453176 8.749010 0.000160 -0.000623 0.000744 6.942757 12.312684 -7.306616 -41.162798 18.048777 14.828797 -16.805466 1.683074 0.760645 -8.624304 1.039819 1.161040 0.000887 0.000568 -0.000181 8.102509 13.922376 -1.120193 -45.074552 10.214845 11.147056 -17.079704 0.236296 0.378448 1.572182 2.829956 0.940537 0.000172 0.000296 0.000331 -8.876718 8.402860 21.614914 87.354563 18.694507 3.675214 159.070976 59.012692 163.307126 -61.313918 1.791983 4.416016 30.955241 -25.004965 21.954528 -1.992125 2.639211 -5.362605 -1.306594 -1.693545 -3.006925 0.000913 -0.000595 -0.001061 7.559281 -17.717167 3.660290 50.738869 -22.357722 11.651299 14.828500 2.182845 3.533373 -1.645244 4.645738 -4.360836 -0.000408 0.000161 -0.000788 3.072738 -12.780354 6.851195 52.012750 -11.333050 8.363131 20.501356 2.034417 2.075380 -3.679388 3.681072 6.755027 -0.001162 0.001595 -0.000429 -3.391470 -12.019282 -5.515812 57.674260 -19.685684 14.728244 23.926044 -0.035561 0.100349 13.383642 -0.281319 -1.843147 -0.001163 0.005601 0.000065 -5.340619 -14.380107 2.450034 57.124817 -1.504358 11.543691 25.956988 2.857432 1.126051 5.508764 -1.723351 0.292591 -0.007654 0.006490 0.000617 -6.407048 2.263967 -13.104653 3.877752 3.536261 41.830605 2.326115 -0.658780 -26.567715 3.070448 3.535465 0.072840 0.000360 -0.000095 0.999186 -0.422396 -14.036736 -15.399192 1.951660 -2.368265 56.947826 7.135944 -1.755799 -26.525575 -4.330229 -4.568850 -0.741182 0.000076 0.000715 0.995750
-47.863003 99.679932 3.990536 175.972991 -69.325513 -179.399495 -0.030549 1.642339 4.163461 -1.223153 2.479991 -6.136452 0.090926 0.280595 17.455583 0.410553 -0.551726 -6.171686 0.587467 0.901281 5.196818 0.036283 7.653746 -2.067520 0.000263 -0.000650 0.000175 0.079998 0.510427 -3.822115 0.008193 -2.185183 1.027919 -0.353392 -0.449242 1.067313 1.780900 -8.260043 18.264196 -75.130986 -20.590302 11.139863 -120.237187 -83.909237 125.885706 50.669578 -15.118480 2.329420 -17.259112 17.049764 22.497755 1.334095 -2.068486 -2.507366 1.147869 -1.896458 -13.699794 -0.000544 0.000880 0.000261 0.114011 16.423628 4.940289 -28.585602 3.724429 14.474545 -11.897477 3.836427 2.061582 3.485725 -5.560112 7.471645 0.000518 -0.000847 0.000049 1.618698 11.580387 7.273082 -31.760381 9.022384 9.881032 -12.308485 2.015704 1.677551 6.963414 -3.418180 8.870268 0.000167 -0.000621 0.000742 6.673874 12.157636 -7.361149 -38.381811 17.929330 15.374430 -16.182088 1.732976 0.861954 -8.165785 1.077508 1.630599 0.000891 0.000548 -0.000172 8.218585 13.852644 -1.121895 -42.987783 10.602600 11.445757 -16.317647 0.381482 0.426754 1.913979 2.696665 1.480114 0.000177 0.000285 0.000286 -8.611941 7.961331 21.732076 86.612472 18.232168 3.364760 159.321428 59.657088 163.528309 -60.628579 1.786366 4.133094 30.935749 -22.624477 20.819706 -1.417515 3.119649 -4.840590 -1.162787 -1.034489 -3.291096 0.000811 -0.000508 -0.000992 8.015911 -17.882364 3.363555 48.726273 -20.903727 11.945311 14.769809 2.453785 3.305863 -1.662027 4.450326 -6.029341 -0.000360 0.000174 -0.000728 3.504375 -12.911526 6.574181 50.504030 -10.988126 8.422422 20.641366 2.425381 1.887390 -3.204384 3.687824 6.526321 -0.001041 0.001542 -0.000378 -2.918027 -12.218679 -5.691696 56.811307 -19.780347 14.814714 23.887014 0.541720 -0.034032 13.428350 -0.157302 -1.880719 -0.001070 0.005333 0.000003 -5.064506 -14.589224 2.394766 56.671992 -1.723067 11.494219 25.642870 3.623615 1.082014 5.758194 -1.473310 0.452597 -0.007426 0.006203 0.000563 -5.892099 2.268591 -12.506629 3.487558 3.524268 40.057249 1.818098 -0.975613 -25.830747 2.953283 3.181064 0.014436 0.000378 -0.000088 0.999224 -0.369147 -13.575585 -15.427868 1.891919 -2.691211 55.774887 7.121987 -2.010954 -25.509350 -4.222309 -4.272766 -0.707204 0.000065 0.000703 0.996065
-47.805016 101.563766 3.937877 175.250279 -71.624003 -176.838214 -0.117591 1.533948 4.310253 -1.167711 2.373845 -6.604097 -0.014590 0.257811 15.972014 0.178908 -0.602524 -6.362384 1.101360 0.827336 4.878151 0.292032 5.899264 -0.077452 0.000269 -0.000782 0.000048 0.069344 0.530912 -3.772002 0.001186 -1.970388 1.444483 -0.347871 -0.231147 1.480277 1.517828 -8.076398 18.598962 -75.547367 -19.769611 11.982131 -96.555957 -84.867753 102.159186 49.854114 -13.662289 2.893029 -17.290412 16.185406 22.400893 1.494864 -2.207470 -2.021696 1.220111 -2.951009 -14.114542 -0.000568 0.000862 0.000097 -0.054133 16.905564 5.366174 -25.206255 2.786160 14.516072 -11.426229 3.917061 2.015190 3.977658 -5.462352 7.020451 0.000546 -0.000731 0.000099 1.503062 11.713841 7.463864 -29.040637 8.955738 10.196862 -11.897652 2.194883 1.599370 6.884167 -3.356163 8.945466 0.000238 -0.000697 0.000788 6.553716 12.300965 -7.334061 -35.921912 17.962865 15.851230 -15.924538 1.854055 1.015538 -7.700120 1.157192 2.293235 0.000949 0.000458 -0.000254 8.698673 13.897575 -0.984990 -41.247652 11.018409 11.635107 -15.869539 0.623012 0.508749 2.155615 2.592915 2.212121 0.000148 0.000294 0.000083 -8.344934 7.218409 22.014334 86.694303 16.472510 3.734713 157.525425 62.456237 161.554215 -61.271230 -0.243684 3.990879 30.873837 -21.349336 19.701570 -1.082054 2.938407 -4.546500 -1.045823 -0.769200 -3.367675 0.000606 -0.000349 -0.000871 8.462461 -19.564448 2.890059 49.347429 -20.507281 12.000216 16.026209 3.241562 3.194052 -1.424842 4.324869 -8.272720 -0.000265 0.000113 -0.000585 3.986489 -13.982753 6.533587 51.493407 -10.545978 8.337529 22.264750 3.347194 1.717743 -2.014728 3.824169 5.977948 -0.000801 0.001448 -0.000381 -2.399045 -13.151901 -5.482840 58.667016 -20.152177 14.401504 25.278905 1.585064 -0.302707 14.041478 0.128897 -2.085669 -0.000975 0.004814 -0.000065 -4.702091 -15.359935 2.890296 58.440990 -1.204356 11.477816 26.626238 5.260206 1.056309 6.861696 -0.971499 0.233223 -0.007089 0.005744 0.000456 -5.297077 1.880250 -9.817731 2.851546 3.305802 32.303914 0.472820 -0.900448 -22.195227 2.267751 3.217439 0.373776 0.000411 -0.000138 0.999394 -0.348284 -12.180053 -13.587313 1.713961 -3.206669 48.415905 7.651610 -2.612119 -22.438098 -4.482690 -4.120855 -0.269110 0.000005 0.000759 0.996512
-47.741394 101.827911 3.882448 174.715414 -73.146791 -176.151897 0.002872 1.500489 4.303004 -1.130554 2.249307 -6.581042 0.003174 0.129926 15.899820 0.084544 -0.689474 -6.358176 1.205966 0.890449 4.888736 0.113081 5.688514 -0.038005 0.000341 -0.000852 0.000017 0.099876 0.545722 -3.769827 0.002896 -1.942214 1.559876 -0.342659 -0.202911 1.595227 1.936528 -8.080257 18.703545 -75.201608 -20.098579 12.133855 -105.791343 -84.317392 111.048275 50.151717 -13.864270 2.873546 -17.438574 15.878014 22.427758 1.602549 -2.326075 -1.817119 1.256419 -3.288244 -14.407856 -0.000618 0.000879 0.000105 -0.134130 17.103382 5.494288 -24.209680 2.414478 14.586579 -11.233456 3.998945 1.995496 4.040032 -5.436013 6.983194 0.000537 -0.000699 0.000068 1.469392 11.795050 7.503060 -28.392870 8.976229 10.286411 -11.710343 2.281449 1.576448 6.819470 -3.353879 9.056626 0.000309 -0.000734 0.000886 6.538917 12.331968 -7.329243 -35.530082 18.218485 15.881547 -15.858918 1.913796 1.063047 -7.630884 1.203299 2.499327 0.001039 0.000485 -0.000360 8.844643 13.884101 -0.888521 -41.094013 11.245641 11.549769 -15.822671 0.693905 0.519704 2.183434 2.584169 2.407159 0.000079 0.000374 0.000020 -8.633143 7.058317 21.913292 86.584509 16.291879 3.437659 157.633732 62.108072 161.432224 -62.934918 -1.386653 4.028025 31.154173 -21.444113 19.596744 -0.987962 2.865984 -4.394443 -0.974282 -0.645258 -3.480837 0.000610 -0.000368 -0.000870 8.747889 -20.513250 2.883164 50.040813 -20.992710 12.077644 16.357489 3.428817 3.213633 -1.291920 4.336687 -8.852682 -0.000146 0.000022 -0.000558 4.251693 -14.560201 6.639313 52.235501 -10.832862 8.328150 22.643248 3.595732 1.668396 -1.700491 3.892378 5.963667 -0.000648 0.001450 -0.000421 -2.216833 -13.596785 -5.292851 59.688212 -20.803657 14.164412 25.635730 1.898868 -0.376152 14.179896 0.191155 -2.062277 -0.001014 0.004861 -0.000011 -4.582354 -15.793709 3.174989 59.402144 -1.023966 11.452791 26.927638 5.724718 1.022120 7.090806 -0.858082 0.266939 -0.007093 0.005740 0.000403 -4.890203 2.220658 -9.275136 2.988606 3.133433 31.879316 0.025907 -0.955223 -21.205659 2.178264 3.243101 0.427966 0.000318 -0.000225 0.999411 -0.497428 -12.161334 -13.317323 1.454361 -3.093026 47.513568 7.795117 -2.866399 -22.026035 -4.530796 -3.945719 -0.002157 0.000081 0.000846 0.996528
-47.672195 101.891747 3.824391 174.335635 -74.241819 -175.668660 0.096534 1.427166 4.430170 -1.150445 2.170013 -6.485055 0.080573 0.015599 15.878587 0.025374 -0.712984 -6.226427 1.151016 0.966009 4.727640 -0.034090 5.845897 -0.435877 0.000368 -0.000898 -0.000016 0.121238 0.550582 -3.724372 -0.004160 -1.966392 1.685050 -0.345913 -0.226489 1.719605 2.134185 -8.105015 18.557674 -74.678058 -20.516811 11.908344 -114.404870 -83.759959 119.285154 49.931262 -14.463360 2.487336 -17.496951 15.065003 22.077109 1.486490 -2.571177 -1.603363 1.204704 -3.624217 -14.695107 -0.000644 0.000882 0.000096 -0.296302 16.818373 5.402835 -23.065461 2.020390 14.555601 -11.001037 4.045002 1.941955 4.106610 -5.394606 6.897618 0.000543 -0.000702 0.000074 1.358786 11.625653 7.405216 -27.504715 8.902984 10.297502 -11.483337 2.327122 1.554769 6.813903 -3.334971 9.087186 0.000340 -0.000753 0.000930 6.411557 12.191561 -7.421968 -34.841341 18.234948 15.966563 -15.655785 1.946419 1.082278 -7.534891 1.219623 2.601206 0.001083 0.000501 -0.000412 8.808093 13.756503 -0.979038 -40.649929 11.422668 11.538629 -15.603904 0.756391 0.506136 2.262147 2.553185 2.551411 0.000049 0.000411 -0.000010 -8.801365 6.984804 21.674774 86.374596 16.312047 3.126043 158.325113 61.520756 161.955309 -63.463697 -1.543643 3.785112 31.158672 -20.878251 19.383002 -0.770069 3.011669 -4.195897 -0.884245 -0.371130 -3.624968 0.000589 -0.000370 -0.000857 8.940942 -20.677268 2.871100 49.423374 -20.734672 12.209703 16.214542 3.488340 3.158128 -1.308573 4.292661 -9.219256 -0.000066 -0.000020 -0.000530 4.457587 -14.638371 6.550166 51.701172 -10.976318 8.366293 22.470684 3.671233 1.601610 -1.685975 3.897949 5.981689 -0.000535 0.001444 -0.000434 -2.047396 -13.662265 -5.322610 59.351380 -21.029005 14.186496 25.416957 2.027617 -0.427596 14.068914 0.210386 -2.015693 -0.001016 0.004860 -0.000001 -4.472006 -15.877339 3.137679 59.231254 -1.160882 11.401780 26.636663 5.852013 0.975992 6.982118 -0.825260 0.401991 -0.007042 0.005693 0.000369 -4.521574 2.693039 -9.242659 3.024168 3.065313 32.179996 -0.257254 -1.227124 -20.766158 2.171907 3.118255 0.408148 0.000275 -0.000259 0.999418 -0.618485 -12.470682 -13.460321 1.302790 -3.050319 47.388477 7.843190 -3.087420 -21.918584 -4.467360 -3.693071 0.155908 0.000123 0.000879 0.996600
-47.597496 102.132347 3.763849 174.110114 -74.800948 -175.476116 0.134426 1.388043 4.308812 -1.220655 1.956228 -6.607163 0.201879 0.295483 16.155512 -0.136837 -0.763196 -6.417871 1.031680 0.925134 4.716770 -0.074481 6.243912 -0.403600 0.000379 -0.000951 -0.000058 0.211865 0.543947 -3.619799 -0.023561 -2.006251 1.651071 -0.366338 -0.266759 1.688506 2.546376 -7.949689 18.248909 -74.293067 -20.216044 12.191590 -111.340647 -83.653882 115.825468 50.914562 -15.168096 1.290984 -16.877205 14.248910 21.729856 1.528303 -2.932310 -1.397450 1.128902 -3.810694 -15.136213 -0.000652 0.000877 0.000056 -0.062421 16.540488 5.233670 -21.258418 1.152212 14.415025 -10.437338 4.096455 1.925893 3.977734 -5.479598 7.151535 0.000554 -0.000717 0.000096 1.493128 11.487743 7.175044 -25.816163 8.382444 10.295942 -10.866519 2.454852 1.513450 6.826393 -3.408372 9.343458 0.000393 -0.000769 0.000978 6.457676 12.116252 -7.643243 -33.319278 17.561349 15.979431 -14.975993 2.071087 1.001363 -7.462638 1.193551 2.548101 0.001131 0.000479 -0.000478 8.749143 13.696155 -1.320102 -39.452036 11.333785 11.469829 -15.061546 0.941947 0.387355 2.448358 2.553968 2.559902 0.000001 0.000436 -0.000053 -8.752877 6.740786 21.243712 86.001600 15.691442 3.060637 158.415071 61.588418 161.718079 -64.433066 -1.711679 3.733916 31.045379 -20.502255 19.482277 -0.643093 3.121557 -3.964907 -0.836734 -0.323481 -3.736271 0.000538 -0.000388 -0.000853 8.893316 -20.522761 2.939475 47.768297 -20.328447 12.633433 15.708866 3.457749 3.194377 -1.149976 4.328349 -8.957923 0.000033 -0.000091 -0.000474 4.476038 -14.546632 6.490589 50.118779 -11.161353 8.520892 21.759963 3.599369 1.530434 -1.747915 3.877790 6.069465 -0.000421 0.001461 -0.000448 -1.973017 -13.569013 -5.391427 57.823925 -21.087363 14.512133 24.541233 1.941541 -0.492717 13.884583 0.174206 -1.948539 -0.001045 0.004950 0.000023 -4.365695 -15.873127 2.917647 58.130629 -1.425319 11.311023 25.874267 5.558930 0.875086 6.531915 -0.878324 0.560054 -0.007025 0.005723 0.000307 -4.334987 2.634412 -8.754203 2.862876 2.865821 31.451382 -0.701620 -1.838769 -19.921365 2.208882 3.077835 0.759180 0.000212 -0.000297 0.999461 -0.939375 -12.885385 -12.812398 1.392050 -3.033516 46.159693 8.133251 -3.790231 -21.880499 -4.246149 -3.726427 0.330628 0.000179 0.000907 0.996610
-47.517353 102.076385 3.700967 174.238569 -74.654965 -175.211365 0.126741 1.285693 4.687396 -1.296669 2.027183 -6.515639 0.287965 0.193529 15.953229 -0.103881 -0.754859 -6.175136 1.116108 1.022985 4.379493 -0.222500 6.233953 -0.848957 0.000325 -0.000947 -0.000057 0.213766 0.540864 -3.575383 -0.046854 -2.096768 1.862078 -0.383146 -0.355454 1.898452 2.534621 -7.872225 18.104964 -73.722606 -20.175166 11.599013 -118.690441 -83.228757 122.968668 50.226943 -15.870850 0.946401 -16.929565 13.269595 21.237817 1.207507 -3.174613 -1.133407 1.017170 -4.178626 -15.367007 -0.000649 0.000856 0.000024 -0.290842 16.072289 5.067357 -20.234941 0.896496 14.313013 -10.325068 4.144547 1.821306 4.118222 -5.418781 6.917350 0.000572 -0.000737 0.000136 1.360305 11.209582 7.021776 -24.976217 8.361429 10.274922 -10.793372 2.455187 1.484566 6.853660 -3.349277 9.272486 0.000359 -0.000772 0.000935 6.298371 11.884187 -7.766813 -32.623538 17.616873 16.111738 -14.870267 2.059327 0.999974 -7.310658 1.200476 2.638538 0.001105 0.000473 -0.000435 8.717648 13.532110 -1.474330 -39.083312 11.490189 11.506277 -14.860152 1.009516 0.361408 2.573511 2.490892 2.740583 0.000036 0.000401 -0.000030 -8.778419 6.778959 21.103554 85.810192 16.026105 2.512807 159.307198 60.601236 162.499672 -63.378305 -1.167527 3.243743 30.897728 -19.493872 19.092308 -0.219224 3.322925 -3.719776 -0.710311 0.014892 -3.889072 0.000494 -0.000390 -0.000832 9.194910 -20.430401 2.824917 46.514250 -19.691670 12.729659 15.409413 3.454784 3.088445 -1.272750 4.221927 -9.386420 0.000002 -0.000037 -0.000462 4.713544 -14.454564 6.251906 49.067648 -11.208527 8.557790 21.436172 3.578837 1.483625 -1.860573 3.863151 6.106565 -0.000396 0.001454 -0.000425 -1.763905 -13.496833 -5.487106 57.000028 -21.129008 14.611743 24.185653 2.000890 -0.542431 13.616360 0.183436 -1.867753 -0.001010 0.004978 -0.000027 -4.248039 -15.770744 2.893132 57.650846 -1.731546 11.226335 25.363873 5.541044 0.838381 6.278642 -0.857015 0.792026 -0.006982 0.005732 0.000320 -4.049469 3.304120 -9.257883 2.716437 2.941516 31.915105 -0.877235 -2.352187 -19.709630 2.198513 2.933589 0.603517 0.000260 -0.000251 0.999449 -1.007859 -13.287849 -13.421171 1.192432 -3.059136 46.640646 8.028980 -3.731816 -21.543194 -4.156800 -3.497854 0.284988 0.000142 0.000856 0.996633
-47.431847 102.110123 3.635889 173.678911 -74.875114 -174.481034 0.139013 1.229230 4.884232 -1.358453 2.003140 -6.507981 0.340893 0.132765 15.789274 -0.122930 -0.758721 -5.944138 1.168065 1.056556 4.187930 -0.291813 6.187369 -1.094959 0.000296 -0.000931 -0.000110 0.244291 0.532021 -3.536473 -0.057165 -2.111648 1.997321 -0.389276 -0.367928 2.032098 2.491448 -7.705429 17.978927 -73.258783 -20.227341 11.188164 -122.418385 -82.846506 126.464833 49.668698 -16.301366 0.842103 -16.768298 12.607739 20.936938 0.928395 -3.375987 -0.935079 0.934436 -4.426203 -15.518479 -0.000632 0.000848 -0.000012 -0.475598 15.713888 4.964617 -19.041798 0.673219 14.207734 -10.112658 4.194817 1.771134 4.163953 -5.388992 6.842443 0.000585 -0.000743 0.000152 1.239921 10.987969 6.889708 -23.935221 8.276784 10.292154 -10.593411 2.531988 1.464938 6.856474 -3.326651 9.298700 0.000354 -0.000767 0.000908 6.177019 11.724697 -7.837309 -31.674157 17.407988 16.245641 -14.605103 2.082772 0.997491 -7.205588 1.208051 2.690525 0.001081 0.000459 -0.000417 8.684979 13.397942 -1.575213 -38.400257 11.529871 11.587665 -14.554006 1.117522 0.340226 2.682467 2.449294 2.872438 0.000039 0.000383 -0.000042 -8.693571 6.678664 20.867307 85.500279 16.007363 2.035918 159.751342 60.068830 162.804906 -62.330565 -0.752511 3.099043 30.496336 -18.443208 18.738854 0.110924 3.514346 -3.497647 -0.590913 0.242878 -3.995022 0.000417 -0.000314 -0.000781 9.236886 -20.128027 2.783305 44.868167 -18.784991 12.788227 14.950383 3.452120 2.962567 -1.357562 4.176907 -9.570184 0.000016 -0.000021 -0.000414 4.824265 -14.221626 6.045124 47.494388 -11.043532 8.584362 20.948804 3.514904 1.404553 -1.967742 3.850048 6.116093 -0.000322 0.001393 -0.000395 -1.620663 -13.318298 -5.635916 55.590584 -20.835889 14.805835 23.592366 2.017623 -0.603426 13.380914 0.204003 -1.841049 -0.000899 0.004723 -0.000102 -4.133789 -15.570005 2.732106 56.632065 -1.984448 11.158147 24.653600 5.409933 0.778760 5.974110 -0.839099 0.942953 -0.006759 0.005479 0.000290 -3.978911 3.511500 -9.448634 2.625340 2.932309 32.002225 -1.057445 -2.744418 -19.351138 2.206431 2.825333 0.493689 0.000298 -0.000238 0.999485 -1.107101 -13.448725 -13.575779 1.052734 -3.027881 46.618781 8.028657 -3.859710 -21.369422 -4.046958 -3.375412 0.182302 0.000112 0.000828 0.996898
-47.341042 101.947174 3.568764 173.310497 -74.720521 -174.237519 0.139731 1.205417 5.013239 -1.298044 1.932416 -6.380328 0.339705 0.160086 15.719666 -0.121322 -0.774569 -5.671690 1.171898 1.063544 4.054613 -0.353473 6.348331 -1.830166 0.000310 -0.000920 -0.000145 0.276048 0.499884 -3.382584 -0.061743 -2.102459 2.091697 -0.390895 -0.357103 2.126366 2.626916 -7.382266 17.904615 -72.531902 -20.440514 10.600216 -128.008216 -82.145760 131.695185 49.064258 -16.447504 0.523051 -16.269206 11.752264 20.410123 0.647623 -3.607036 -0.836208 0.865184 -4.401760 -15.513724 -0.000610 0.000847 -0.000038 -0.541404 15.049559 4.691348 -18.523865 0.859325 14.038261 -10.066627 4.139632 1.763482 4.014000 -5.289106 6.755894 0.000588 -0.000756 0.000162 1.202119 10.674710 6.692072 -23.366174 8.238336 10.173940 -10.565774 2.508833 1.490495 6.733253 -3.252085 9.200102 0.000365 -0.000758 0.000904 6.111235 11.482719 -7.905642 -31.022025 17.107422 16.293063 -14.454882 2.050507 0.980140 -7.336944 1.202790 2.533935 0.001053 0.000436 -0.000432 8.578118 13.236109 -1.715693 -37.877045 11.584627 11.697262 -14.418367 1.105672 0.312267 2.588643 2.424282 2.763039 0.000027 0.000391 -0.000084 -8.642324 6.500818 20.547111 84.917658 16.090778 1.691880 160.251897 59.605512 163.117411 -61.142074 0.078281 3.181470 29.980038 -17.329883 18.401283 0.372085 3.785208 -3.358686 -0.508055 0.251659 -3.992027 0.000375 -0.000289 -0.000754 9.115822 -19.344621 2.855414 43.035453 -17.619566 12.659973 14.443085 3.307589 2.824734 -1.381191 4.131717 -9.357466 0.000016 -0.000044 -0.000378 4.838693 -13.742393 5.858156 45.635209 -10.883246 8.562327 20.379604 3.317792 1.363167 -2.112908 3.788645 6.116629 -0.000324 0.001364 -0.000392 -1.507225 -12.923065 -5.831993 53.654536 -20.405873 15.074773 22.927075 1.890051 -0.580264 13.247808 0.192373 -1.888927 -0.000838 0.004635 -0.000134 -4.017758 -15.239631 2.390144 55.321353 -2.521194 11.175473 23.987906 5.138909 0.805673 5.695826 -0.890606 0.936182 -0.006670 0.005367 0.000272 -3.893439 3.441411 -9.842977 2.552782 2.820771 32.949909 -1.114213 -3.335446 -19.415425 2.312748 2.601197 0.074824 0.000320 -0.000249 0.999560 -1.250287 -13.790055 -13.831122 1.071172 -2.973756 47.402847 8.103943 -3.855927 -21.880355 -3.679266 -3.153378 -0.055024 0.000105 0.000828 0.997027
-47.245007 101.988411 3.499737 172.058813 -74.948105 -173.143759 0.151041 1.187434 5.048876 -1.311657 1.896570 -6.326856 0.284875 0.197241 15.522426 -0.096370 -0.833143 -5.454860 1.400409 1.054774 4.299640 -0.446390 5.896766 -2.060976 0.000329 -0.000882 -0.000131 0.277900 0.486488 -3.310935 -0.070098 -2.119151 2.053449 -0.400287 -0.374102 2.089976 2.727692 -7.104417 17.826849 -72.226518 -20.386570 10.665987 -129.614214 -81.849044 133.086132 49.273393 -16.382998 0.556319 -16.014583 10.886527 20.037209 0.463234 -3.958907 -0.583228 0.834357 -4.754679 -15.870571 -0.000583 0.000885 0.000004 -0.626794 14.743805 4.758270 -17.137563 0.532537 13.920312 -9.897544 4.228589 1.737559 3.995523 -5.277321 6.691775 0.000610 -0.000734 0.000143 1.128480 10.518542 6.639121 -22.182127 8.168044 10.255110 -10.427872 2.634798 1.509995 6.615741 -3.249521 9.307684 0.000361 -0.000728 0.000919 6.011865 11.374600 -7.983599 -29.976165 17.001318 16.485699 -14.319490 2.149465 0.996600 -7.264536 1.231083 2.722658 0.001057 0.000468 -0.000433 8.610675 13.171413 -1.786774 -37.120803 11.708700 11.819583 -14.283082 1.215871 0.314160 2.656622 2.374152 2.972259 0.000023 0.000406 -0.000088 -8.616127 6.160156 20.392487 84.398193 15.827906 1.716582 160.395591 59.808791 163.022083 -61.041776 0.399091 2.940605 29.678930 -16.021626 17.835575 0.617622 4.108043 -3.091746 -0.496906 0.452980 -4.148115 0.000412 -0.000326 -0.000766 9.217925 -19.154128 2.773293 41.769020 -16.917138 12.725443 14.403848 3.386290 2.742305 -1.205524 4.162713 -9.928966 0.000029 -0.000045 -0.000394 4.986517 -13.619661 5.684216 44.546719 -10.793927 8.644947 20.456548 3.435563 1.299061 -1.815920 3.815453 6.092140 -0.000333 0.001391 -0.000372 -1.278965 -12.866363 -6.040487 52.789982 -20.296875 15.209893 22.873108 2.027924 -0.603756 13.317135 0.213317 -1.885416 -0.000871 0.004807 -0.000109 -3.858192 -15.212919 2.180212 54.852186 -2.657132 11.165894 23.796560 5.282706 0.789780 5.735735 -0.818098 1.014702 -0.006792 0.005509 0.000276 -3.780302 3.626627 -9.598465 2.336104 2.872664 32.752807 -1.075630 -3.339546 -19.115140 2.244878 2.452483 -0.143758 0.000312 -0.000257 0.999549 -1.395613 -13.554841 -13.820363 1.084710 -2.825194 47.433065 8.001177 -3.862246 -21.717102 -3.564758 -3.108444 -0.317834 0.000148 0.000841 0.996880
-47.143822 101.963005 3.428959 172.237965 -74.805940 -173.068401 0.176796 1.154941 5.052286 -1.316030 1.875893 -6.277866 0.220086 0.151312 15.512806 -0.056353 -0.747057 -5.385658 1.449001 0.984689 4.289413 -0.450652 5.370291 -2.069499 0.000322 -0.000870 -0.000087 0.256461 0.517440 -3.323830 -0.072948 -2.093645 2.126249 -0.400755 -0.347767 2.163965 2.803146 -6.838950 17.798938 -72.360144 -20.660066 10.193943 -130.746612 -81.300667 134.280623 50.458089 -16.295383 0.476486 -16.121957 11.161331 20.267586 0.505313 -3.864594 -0.469000 0.824783 -4.878180 -15.947272 -0.000596 0.000904 -0.000004 -0.696941 15.206341 4.969130 -16.476165 0.145138 13.926017 -9.740161 4.342180 1.804084 4.061314 -5.307586 6.752154 0.000624 -0.000728 0.000137 1.108532 10.747483 6.792814 -21.789208 7.997295 10.345460 -10.303984 2.713486 1.575713 6.656368 -3.277625 9.463651 0.000370 -0.000751 0.000933 6.003374 11.506002 -7.862174 -29.824575 17.079354 16.553456 -14.255863 2.198943 1.036965 -7.070590 1.232197 2.936892 0.001063 0.000455 -0.000415 8.758570 13.290142 -1.665630 -37.378239 11.668526 11.850347 -14.208660 1.347372 0.314603 2.829315 2.308554 3.226651 0.000044 0.000397 -0.000099 -8.697663 6.100800 20.319590 84.496319 15.955599 1.553873 159.855323 59.558091 162.180394 -62.029286 -0.226721 2.543789 29.333805 -15.758915 17.694111 0.548034 4.138065 -2.992086 -0.464506 0.607320 -4.252704 0.000428 -0.000364 -0.000784 9.158689 -19.444862 2.622025 41.433416 -16.754285 12.870515 14.403931 3.414587 2.736582 -1.142675 4.186162 -10.167222 -0.000036 -0.000012 -0.000420 4.929523 -13.771353 5.530374 44.486260 -10.540032 8.725157 20.448953 3.464903 1.304249 -1.766003 3.832110 6.157867 -0.000417 0.001416 -0.000388 -1.237500 -12.952246 -6.084065 52.761259 -20.142987 15.217625 22.810257 2.085882 -0.614697 13.193451 0.217961 -1.819077 -0.000916 0.004915 -0.000092 -3.805758 -15.184618 2.197964 54.960483 -2.467974 11.136994 23.592993 5.301615 0.768826 5.604021 -0.792445 1.178685 -0.006902 0.005632 0.000303 -3.881559 3.871458 -9.707237 2.673420 2.810706 32.701182 -1.036470 -2.783770 -18.934408 2.109783 2.726099 -0.446668 0.000300 -0.000252 0.999558 -1.299186 -13.362916 -14.061594 1.235837 -2.752844 47.536967 8.047935 -3.505136 -21.736150 -3.640728 -3.272873 -0.308183 0.000172 0.000848 0.996728
-47.037552 102.264656 3.356581 172.194869 -75.351576 -172.664989 0.210518 1.065415 5.111534 -1.375707 1.821788 -6.311619 0.338487 -0.054535 15.377334 -0.155651 -0.726487 -5.457799 1.346344 0.984855 4.157158 -0.508141 5.458882 -1.775974 0.000366 -0.000895 -0.000161 0.291066 0.529860 -3.315168 -0.073416 -2.052514 2.391125 -0.393202 -0.304200 2.429152 2.934996 -6.939717 17.811907 -72.287881 -21.039944 9.885977 -133.663947 -80.729771 137.109607 49.704479 -15.937532 0.660595 -16.285603 10.943771 20.246909 0.398417 -3.865664 -0.302845 0.858838 -5.302221 -16.239899 -0.000642 0.000858 -0.000044 -0.880555 15.433763 5.040816 -15.659606 -0.144456 13.982475 -9.647009 4.374366 1.791272 4.187301 -5.250609 6.577584 0.000555 -0.000705 0.000114 0.977966 10.901941 6.837009 -21.235339 7.933203 10.500265 -10.192953 2.751397 1.543792 6.604012 -3.263197 9.494326 0.000456 -0.000800 0.000964 5.876015 11.659928 -7.795405 -29.568437 17.240124 16.655454 -14.151141 2.176354 1.082070 -6.915667 1.259890 3.158320 0.001073 0.000383 -0.000487 8.761064 13.397799 -1.500263 -37.362264 11.820359 11.839140 -14.013744 1.389190 0.331518 2.919129 2.247054 3.463207 -0.000018 0.000440 -0.000173 -8.607123 5.960376 20.276854 84.413285 15.401396 1.320454 160.029231 59.312943 162.217136 -61.448538 -0.636949 2.623791 29.149379 -14.901756 17.276244 0.747926 4.326335 -2.749677 -0.419012 1.010353 -4.418968 0.000334 -0.000290 -0.000732 9.304592 -19.611783 2.474058 41.002698 -16.333271 12.923454 14.326195 3.616467 2.645942 -1.219482 4.122571 -10.891476 0.000021 -0.000060 -0.000338 5.111593 -13.909881 5.393718 44.009743 -10.154067 8.730720 20.435737 3.722539 1.245119 -1.622181 3.863136 6.098973 -0.000258 0.001349 -0.000425 -1.060502 -13.091197 -6.186708 52.623167 -20.078268 15.201727 22.646850 2.405426 -0.726952 13.083700 0.297360 -1.786418 -0.000789 0.004601 -0.000144 -3.737788 -15.295668 2.155320 55.014076 -2.290008 11.106055 23.211493 5.661718 0.701094 5.565041 -0.640054 1.304386 -0.006642 0.005318 0.000206 -3.843936 3.810013 -9.406123 2.738334 2.678051 31.565102 -1.374048 -2.835059 -18.189628 2.141589 2.711707 -0.518683 0.000254 -0.000329 0.999670 -1.207599 -13.336630 -13.610791 1.148109 -2.964401 46.019025 8.180437 -3.630023 -21.463959 -3.661869 -3.167641 -0.266180 0.000136 0.000873 0.997055
-46.926277 102.453911 3.282754 171.772976 -75.597884 -172.137198 0.236547 0.955947 5.143928 -1.406561 1.793618 -6.287220 0.379328 -0.135538 15.285135 -0.218733 -0.674846 -5.477828 1.273546 0.963190 4.032717 -0.519651 5.515086 -1.818378 0.000383 -0.000906 -0.000158 0.322557 0.528831 -3.277053 -0.078631 -2.039379 2.568658 -0.392960 -0.290311 2.608915 3.048113 -6.902266 17.670749 -72.119060 -21.001089 9.855987 -134.768817 -80.514887 138.198210 50.277756 -15.740117 0.467051 -16.267947 10.982932 20.301692 0.398168 -3.889937 -0.310098 0.884103 -5.221400 -16.232782 -0.000671 0.000846 -0.000043 -0.874865 15.462828 5.124716 -15.906810 -0.131935 14.044782 -9.740306 4.372539 1.822018 4.090769 -5.253269 6.595526 0.000526 -0.000676 0.000101 0.982671 10.866490 6.902626 -21.480983 8.018787 10.555357 -10.315681 2.785941 1.570839 6.515690 -3.263356 9.496200 0.000491 -0.000826 0.000991 5.879273 11.608827 -7.753726 -29.832748 17.387066 16.642516 -14.282165 2.241215 1.097620 -7.008761 1.277040 3.150656 0.001096 0.000349 -0.000516 8.788896 13.335697 -1.458700 -37.818453 11.978000 11.792865 -14.186016 1.441141 0.327366 2.854632 2.251655 3.461539 -0.000033 0.000454 -0.000200 -8.548873 5.777422 20.079591 84.226640 14.889845 1.454440 160.193149 59.499961 162.311809 -61.559352 -1.209677 2.440113 28.850247 -14.597242 17.110537 0.729689 4.448615 -2.735706 -0.404929 0.955524 -4.455897 0.000338 -0.000318 -0.000735 9.169930 -19.601075 2.451171 40.792731 -16.119456 12.917529 14.331402 3.656715 2.627205 -1.130058 4.181863 -10.809052 0.000026 -0.000068 -0.000333 5.096445 -13.932322 5.369809 43.740617 -10.121045 8.732214 20.396893 3.752031 1.223051 -1.585876 3.881603 6.128062 -0.000232 0.001371 -0.000455 -0.993803 -13.103900 -6.211296 52.326737 -19.948065 15.232168 22.512204 2.386185 -0.762321 13.065031 0.315450 -1.770391 -0.000811 0.004678 -0.000122 -3.625936 -15.288111 2.063098 54.990656 -2.387706 11.146796 23.053104 5.607002 0.675686 5.429767 -0.623221 1.288854 -0.006694 0.005383 0.000184 -3.782917 4.017570 -9.072125 2.638675 2.690392 30.916262 -1.642740 -2.746099 -17.492404 2.138345 2.722591 -0.630260 0.000205 -0.000361 0.999713 -1.262491 -13.229945 -13.240298 1.111994 -2.946719 45.076897 8.171511 -3.823914 -21.267767 -3.610847 -3.076768 -0.316250 0.000145 0.000891 0.996985
-46.810078 102.705788 3.207633 172.044472 -76.334627 -171.914272 0.349644 0.971726 5.180780 -1.509888 1.582758 -6.599617 0.497109 -0.056818 15.406174 -0.392566 -0.721654 -5.949094 1.211374 1.062801 3.953356 -0.466994 5.409774 -0.874082 0.000391 -0.000945 -0.000221 0.400094 0.522902 -3.266581 -0.082598 -1.993051 2.552997 -0.397466 -0.244271 2.592851 3.172940 -7.099649 17.669039 -72.537055 -20.666540 10.467604 -131.616913 -80.883874 135.196306 51.491250 -15.296556 0.184022 -15.987769 12.025577 20.896264 0.630069 -3.725436 -0.518007 0.953200 -4.827755 -16.073140 -0.000698 0.000840 -0.000073 -0.625341 15.960572 5.300382 -16.211278 -0.229565 14.158183 -9.524111 4.355993 1.848533 3.853859 -5.376685 6.994608 0.000507 -0.000610 0.000081 1.110599 11.051610 6.973426 -21.621671 7.926945 10.578921 -10.056297 2.877763 1.511410 6.537875 -3.332021 9.688860 0.000545 -0.000865 0.001036 6.018052 11.725359 -7.711691 -29.857792 17.058564 16.484403 -14.108470 2.396992 1.017379 -7.188354 1.298736 2.959702 0.001141 0.000304 -0.000563 8.765538 13.266864 -1.520713 -37.898816 11.936475 11.676058 -14.205296 1.664010 0.247561 2.781044 2.362354 3.314178 -0.000077 0.000474 -0.000243 -8.258090 5.680943 19.990463 84.000788 13.949351 1.975214 160.541287 60.762574 162.685577 -61.893967 -2.554987 2.368620 28.534761 -15.487529 17.660430 0.552321 4.261029 -2.926625 -0.376188 0.578319 -4.388756 0.000286 -0.000271 -0.000703 8.699113 -19.925110 2.659519 40.467318 -16.202198 13.087271 13.985022 3.765074 2.671963 -0.927971 4.385916 -9.960339 0.000073 -0.000105 -0.000274 4.872668 -14.046170 5.626036 43.140674 -10.306860 8.822049 19.811804 3.663152 1.129860 -1.729010 3.922282 6.179007 -0.000112 0.001348 -0.000475 -1.133579 -13.138424 -6.006663 51.476875 -19.706013 15.446439 21.912425 2.238038 -0.837493 13.031014 0.330596 -1.811078 -0.000769 0.004499 -0.000130 -3.504765 -15.288480 2.051730 54.141851 -2.482481 11.215115 22.613779 5.197527 0.585038 5.091556 -0.704878 1.206966 -0.006547 0.005209 0.000118 -3.670294 4.169985 -8.899913 2.798234 2.787849 30.181076 -2.105718 -2.513810 -16.613088 2.119436 3.108995 -0.323839 0.000148 -0.000409 0.999779 -1.281459 -13.347253 -12.643093 1.057141 -3.305738 43.340936 8.370167 -4.323913 -20.750557 -3.581501 -3.157476 0.083980 0.000167 0.000925 0.997143
-46.689026 102.759148 3.131372 172.290495 -75.666063 -171.979194 0.363820 0.750150 5.264969 -1.501324 1.706401 -6.325290 0.356023 -0.250719 15.031007 -0.327642 -0.541900 -5.700226 1.126848 0.970428 3.665996 -0.483785 5.488246 -1.182807 0.000420 -0.000917 -0.000150 0.395071 0.580574 -3.301660 -0.078762 -1.956301 2.693502 -0.389203 -0.207821 2.737545 3.200544 -6.968413 17.852084 -72.399373 -20.797693 9.493524 -134.401876 -80.094095 138.292298 51.144683 -14.851381 -0.265355 -16.276316 10.991492 20.413010 0.432853 -3.675869 -0.074474 0.879242 -5.612578 -16.615117 -0.000724 0.000901 -0.000021 -0.944736 16.397476 5.282153 -14.281184 -0.752827 14.096635 -9.346162 4.595220 1.843636 4.281293 -5.339825 6.751031 0.000513 -0.000587 0.000061 0.901766 11.435467 7.045027 -20.286077 7.878140 10.692512 -9.730948 2.964408 1.551488 6.660781 -3.339837 9.849846 0.000560 -0.000877 0.001092 5.762568 12.072090 -7.681968 -29.017511 17.509226 16.697804 -13.822391 2.358433 1.123212 -6.525176 1.277556 3.556987 0.001169 0.000311 -0.000568 8.767078 13.662068 -1.239415 -37.487885 12.184540 11.671016 -13.648280 1.651971 0.282466 3.304142 2.176693 3.889957 -0.000041 0.000483 -0.000236 -8.348694 5.552887 20.026375 84.506813 14.346728 1.794642 160.011443 60.218397 162.112981 -62.257518 -3.112289 2.205568 28.529402 -13.883504 16.918551 0.812078 4.585581 -2.443183 -0.380923 1.275600 -4.695815 0.000383 -0.000385 -0.000756 9.252918 -20.137215 2.353097 40.007271 -15.724906 13.218959 14.080488 3.844923 2.551652 -1.095606 4.164550 -11.341414 0.000020 -0.000090 -0.000355 5.243601 -14.237335 5.295432 43.075424 -9.818473 8.871328 20.076098 3.888679 1.140920 -1.518715 3.913845 6.284337 -0.000241 0.001414 -0.000513 -0.763441 -13.328740 -6.169830 51.823742 -19.852391 15.361440 22.027354 2.653411 -0.889557 12.761650 0.344833 -1.576379 -0.000847 0.004802 -0.000057 -3.426171 -15.362800 2.120289 54.657263 -2.321276 11.122215 22.384365 5.772917 0.598964 5.097773 -0.532023 1.655310 -0.006792 0.005494 0.000181 -3.770353 4.165063 -9.011404 2.829029 2.756887 30.327734 -2.190157 -2.353459 -16.238365 2.159079 3.180435 -0.674055 0.000082 -0.000428 0.999792 -1.399606 -13.206079 -12.473660 1.104303 -3.152121 42.902584 8.631846 -3.807955 -20.844533 -3.668264 -3.114982 0.040257 0.000237 0.000975 0.996829
-46.563210 102.753571 3.054128 172.243165 -75.655479 -171.818659 0.391147 0.673016 5.362945 -1.529208 1.665159 -6.250338 0.372209 -0.268554 14.954616 -0.329734 -0.529198 -5.664519 1.044932 0.956535 3.362970 -0.525402 5.479724 -1.314912 0.000447 -0.000939 -0.000151 0.401582 0.586898 -3.273457 -0.084030 -1.947414 2.771456 -0.392096 -0.198915 2.816462 3.174244 -7.038105 17.768266 -72.228048 -20.886424 9.416382 -134.934362 -80.105028 138.820615 50.152554 -14.354250 -0.258414 -16.024295 10.382261 20.072277 0.255583 -3.797207 0.064989 0.838588 -5.818342 -16.767413 -0.000743 0.000928 -0.000014 -1.012066 16.254149 5.165868 -13.465411 -0.910909 13.980585 -9.120108 4.608167 1.804840 4.350000 -5.312224 6.734607 0.000517 -0.000577 0.000045 0.804841 11.381898 6.956143 -19.490115 7.803308 10.676857 -9.452883 2.971147 1.516124 6.702570 -3.334863 9.905381 0.000569 -0.000894 0.001133 5.619785 12.017138 -7.734083 -28.241648 17.353045 16.811163 -13.493115 2.314209 1.120537 -6.376583 1.261107 3.639575 0.001206 0.000320 -0.000599 8.602881 13.574960 -1.283591 -36.720182 12.226271 11.755191 -13.256417 1.672869 0.268929 3.446913 2.127261 3.981321 -0.000045 0.000501 -0.000254 -8.201551 5.521503 19.836807 84.317124 14.255013 1.903441 160.599663 60.919545 162.997689 -61.352805 -3.597458 1.924600 28.068828 -13.111542 16.646340 1.070439 4.827847 -2.296892 -0.327737 1.466189 -4.774881 0.000403 -0.000402 -0.000758 9.287803 -19.955419 2.298299 38.755445 -15.018365 13.197448 13.707303 3.878254 2.436225 -1.183590 4.090901 -11.585578 0.000032 -0.000115 -0.000360 5.350690 -14.125064 5.195019 41.876183 -9.579679 8.894120 19.688417 3.941130 1.055665 -1.576646 3.896426 6.285789 -0.000249 0.001429 -0.000539 -0.587537 -13.222021 -6.279209 50.677826 -19.594307 15.549080 21.554317 2.754564 -0.935769 12.605183 0.371782 -1.579659 -0.000884 0.004861 -0.000029 -3.227754 -15.231362 1.941866 53.669690 -2.525579 11.166033 21.851332 5.810601 0.566606 4.943249 -0.504711 1.727563 -0.006846 0.005536 0.000192 -3.724758 4.253873 -9.181689 2.887536 2.842293 30.654425 -2.305988 -2.129890 -16.142504 2.186789 3.149321 -0.894813 0.000048 -0.000454 0.999814 -1.532942 -13.405915 -12.474730 1.066271 -3.267920 42.877626 8.750932 -3.716735 -20.828404 -3.594598 -2.930387 -0.024221 0.000262 0.001024 0.996771
-46.432713 103.249374 2.976059 171.709271 -76.562934 -170.663807 0.646905 0.676361 5.601378 -1.680147 1.499350 -6.606745 0.442712 -0.303841 14.437132 -0.580309 -0.481177 -6.969159 1.024926 0.736422 2.424917 -0.359631 5.013073 1.578168 0.000505 -0.000952 -0.000176 0.398142 0.611625 -3.496434 -0.053476 -1.748153 2.994188 -0.354712 0.002028 3.037238 3.271159 -7.262497 17.503048 -73.962754 -19.987007 10.109111 -121.705568 -81.027527 125.976929 52.214866 -12.185429 0.180718 -16.187722 12.563022 21.355426 1.175616 -3.231021 -0.365845 1.003609 -5.128313 -16.102475 -0.000726 0.000964 -0.000070 -0.507857 17.702910 5.694868 -15.174773 -0.517077 14.388247 -9.332076 4.560115 2.021445 4.126017 -5.374254 7.019571 0.000532 -0.000557 0.000067 1.203827 12.065281 7.464018 -21.195478 7.849002 10.770865 -9.686291 3.078014 1.570154 6.590113 -3.348369 9.949458 0.000614 -0.000879 0.001171 6.127670 12.542140 -7.347454 -30.020277 17.588859 16.384893 -13.896792 2.445248 1.078154 -6.573062 1.287049 3.542398 0.001208 0.000313 -0.000670 9.036539 13.809722 -0.742456 -38.422034 11.991526 11.538926 -13.817534 1.767413 0.219856 3.263792 2.243939 3.891866 -0.000094 0.000560 -0.000367 -7.881655 5.223874 19.750609 85.537334 12.671910 2.807684 157.824089 63.696111 160.533863 -64.461133 -6.691293 3.164163 27.767986 -15.368339 17.537256 0.221235 4.210615 -2.699422 -0.364820 0.762352 -4.485432 0.000378 -0.000343 -0.000758 8.532208 -21.149235 2.582450 41.273810 -16.136980 13.353767 14.375836 4.169940 2.768859 -0.891850 4.396303 -10.856736 0.000110 -0.000233 -0.000333 4.761185 -14.608311 5.680084 44.227952 -9.887462 9.019997 20.342611 3.997814 1.247853 -1.235128 4.024200 6.060929 -0.000175 0.001379 -0.000539 -1.163526 -13.611782 -5.878475 52.793425 -19.693747 15.441846 22.352421 2.706408 -0.920673 13.017390 0.458013 -1.728940 -0.000821 0.004635 -0.000019 -3.612280 -15.501314 2.354448 55.115049 -1.925543 11.442080 22.744132 5.762106 0.614344 5.342187 -0.501536 1.323342 -0.006701 0.005355 0.000158 -4.223916 3.986277 -8.730053 3.566555 2.827646 28.717141 -2.045494 -0.181464 -15.175641 2.204222 3.916538 -1.017989 0.000029 -0.000503 0.999882 -1.012109 -12.709867 -11.428163 0.723135 -3.546441 39.454370 8.742230 -4.371028 -19.258554 -3.871800 -3.481555 0.306817 0.000324 0.001070 0.996886
-46.297623 103.125465 2.897322 172.142299 -76.110562 -170.968884 0.694897 0.627634 5.807567 -1.660628 1.447773 -6.493026 0.512999 -0.324008 14.568742 -0.663801 -0.418554 -6.984492 0.816010 0.752952 2.116836 -0.459568 5.188283 1.081088 0.000533 -0.000974 -0.000205 0.407419 0.628026 -3.448297 -0.054376 -1.735211 2.994955 -0.355546 0.015544 3.039219 3.401584 -7.341421 17.439826 -73.727278 -20.475520 9.453435 -126.597181 -80.274699 130.696148 52.226277 -12.763947 -0.301990 -16.259514 11.742956 20.907320 1.035274 -3.428677 -0.191273 0.997100 -5.485530 -16.410521 -0.000741 0.000955 -0.000101 -0.682377 17.372549 5.564174 -14.510612 -0.722398 14.310407 -9.333320 4.557435 1.979840 4.191591 -5.285947 6.773979 0.000517 -0.000581 0.000067 1.087718 11.925952 7.342552 -20.684866 7.801499 10.787549 -9.665904 3.043139 1.557057 6.540850 -3.304041 9.865588 0.000638 -0.000892 0.001193 5.989069 12.429359 -7.436050 -29.722716 17.717384 16.483931 -13.871838 2.416435 1.111772 -6.489478 1.307465 3.644650 0.001218 0.000301 -0.000711 8.986641 13.734533 -0.789178 -38.321667 12.161070 11.579830 -13.707444 1.792539 0.237078 3.312622 2.185682 4.029683 -0.000121 0.000586 -0.000408 -7.948132 5.501068 19.530284 85.549411 12.955119 2.493853 158.269296 63.181935 160.967525 -64.768832 -6.064116 2.327704 27.537948 -14.493515 17.150420 0.484459 4.503837 -2.488479 -0.322241 1.057684 -4.638921 0.000334 -0.000336 -0.000732 8.737527 -21.061761 2.456514 40.437712 -15.585808 13.374245 14.156218 4.178312 2.688548 -0.966447 4.290177 -11.385353 0.000155 -0.000277 -0.000293 4.933434 -14.561367 5.520698 43.483503 -9.695278 9.059490 20.150663 4.056987 1.202129 -1.234167 3.999752 6.077896 -0.000110 0.001353 -0.000550 -0.966395 -13.587313 -6.031229 52.220870 -19.688007 15.508829 22.095927 2.799897 -0.919293 12.858095 0.457059 -1.674707 -0.000789 0.004598 -0.000037 -3.521205 -15.460317 2.237743 54.840096 -2.107375 11.428390 22.367270 5.851489 0.624502 5.205626 -0.462615 1.497819 -0.006624 0.005287 0.000123 -4.249850 4.166192 -9.206831 3.575656 2.875774 29.768591 -2.126365 -0.074027 -15.411895 2.297013 3.830207 -1.343221 0.000004 -0.000534 0.999931 -0.937864 -13.133450 -11.932897 0.645342 -3.719412 40.064414 8.665105 -4.305851 -19.430798 -3.710576 -3.359654 0.151327 0.000339 0.001096 0.996982
-46.158028 102.967705 2.818079 173.133895 -75.292438 -171.752300 0.649378 0.503772 6.117410 -1.651059 1.537991 -6.243660 0.589773 -0.377245 14.559948 -0.683693 -0.389056 -6.864134 0.675763 0.802916 1.866767 -0.598133 5.402456 0.374529 0.000522 -0.000964 -0.000216 0.423020 0.655364 -3.375522 -0.063100 -1.754105 3.145133 -0.359590 -0.001560 3.190631 3.613233 -7.542830 17.271636 -73.287323 -21.219442 8.275387 -133.706601 -79.067792 137.716236 51.520760 -13.545385 -0.718178 -16.546758 10.377539 20.233538 0.663404 -3.766909 0.170664 0.948528 -6.244420 -16.931791 -0.000727 0.000964 -0.000112 -1.006418 16.862559 5.421975 -13.237424 -1.266873 14.175583 -9.289892 4.620683 1.912468 4.519939 -5.180509 6.360505 0.000531 -0.000621 0.000084 0.895995 11.679571 7.199679 -19.685018 7.639274 10.873099 -9.584257 3.005496 1.561796 6.617192 -3.249554 9.782805 0.000606 -0.000877 0.001170 5.766219 12.250763 -7.536952 -29.091235 17.854756 16.755383 -13.736140 2.350067 1.173905 -6.121794 1.302554 3.928448 0.001202 0.000320 -0.000684 9.008584 13.647584 -0.836520 -38.073398 12.426146 11.662465 -13.388117 1.813597 0.289972 3.593058 2.055121 4.343131 -0.000098 0.000571 -0.000408 -8.265922 5.793671 19.284285 85.473410 13.667386 1.816815 159.111369 62.050614 161.740562 -64.808201 -4.723375 1.339229 27.438747 -13.072080 16.538819 0.988336 4.953761 -2.068819 -0.262914 1.681923 -4.898688 0.000311 -0.000330 -0.000701 9.245857 -20.910991 2.221112 39.387794 -14.876159 13.467287 13.954955 4.201519 2.605302 -1.162115 4.064479 -12.461964 0.000147 -0.000271 -0.000290 5.259002 -14.506678 5.263944 42.638655 -9.254359 9.117731 20.013710 4.184740 1.186263 -1.214496 3.957064 6.135109 -0.000112 0.001333 -0.000534 -0.668257 -13.550211 -6.236711 51.715651 -19.735012 15.567607 21.879261 2.995271 -0.928801 12.550081 0.447693 -1.492399 -0.000751 0.004566 -0.000080 -3.462145 -15.409905 2.156408 54.695149 -2.284076 11.360004 21.925671 6.066831 0.623987 5.025921 -0.366987 1.892794 -0.006550 0.005243 0.000140 -4.127806 4.391364 -9.919591 3.466361 2.764168 31.001748 -2.177910 -0.683404 -15.761494 2.407899 3.573820 -1.739154 0.000015 -0.000508 0.999944 -0.877320 -13.769778 -12.662984 0.577438 -4.002883 40.963007 8.477403 -4.070543 -19.289007 -3.595450 -3.140712 -0.083372 0.000347 0.001084 0.997078
-46.014023 102.721695 2.738492 173.087407 -75.172242 -171.833135 0.568233 0.521814 6.502522 -1.691860 1.540385 -6.123729 0.836431 -0.403637 14.943559 -0.717316 -0.392096 -6.851795 0.570580 0.861816 1.442565 -0.745163 5.713496 -0.303041 0.000440 -0.000943 -0.000288 0.435374 0.618779 -3.225334 -0.089639 -1.866845 3.217157 -0.383884 -0.111197 3.260683 3.782933 -7.815256 16.703085 -72.644239 -21.986687 8.212454 -138.521971 -78.782522 142.118044 51.045802 -14.361130 -1.088937 -16.289693 9.927299 19.860594 0.280910 -4.247483 -0.046291 0.907287 -5.895642 -16.741943 -0.000667 0.000932 -0.000144 -1.110734 15.544440 5.123811 -14.807041 -0.872799 14.119067 -9.558152 4.304820 1.805217 4.199574 -5.086093 6.167400 0.000570 -0.000652 0.000137 0.764804 10.864601 6.931022 -20.671848 7.721913 10.674119 -10.016330 2.804669 1.519692 6.448848 -3.142756 9.367270 0.000497 -0.000814 0.001057 5.588195 11.559444 -7.688458 -29.641601 17.482817 16.714366 -14.039281 2.260598 1.094993 -6.725445 1.328522 3.320524 0.001143 0.000349 -0.000587 8.695105 12.998969 -1.254618 -38.583218 12.490985 11.739788 -13.790132 1.773907 0.248288 3.139403 2.127444 3.833204 -0.000041 0.000481 -0.000387 -8.244593 6.006541 18.733506 84.497273 13.690359 1.234089 161.104796 61.291273 163.747556 -63.629303 -2.973134 0.011695 26.754032 -13.076758 16.685684 1.282765 5.355058 -2.232396 -0.150625 1.458180 -4.812924 0.000237 -0.000203 -0.000623 8.774068 -19.949725 2.384852 38.067923 -14.101031 13.291271 13.254701 4.005069 2.536134 -1.221267 4.094505 -11.510124 0.000150 -0.000230 -0.000253 5.007577 -13.881603 5.267078 40.941794 -9.382474 9.068746 19.135806 3.883564 1.113965 -1.691640 3.896652 6.149263 -0.000047 0.001252 -0.000451 -0.812387 -13.018030 -6.424608 49.621538 -19.169705 15.920613 21.067441 2.531144 -0.870374 12.427553 0.407464 -1.631922 -0.000622 0.004216 -0.000202 -3.418141 -14.981701 1.697951 53.093374 -2.926786 11.491786 21.293660 5.318005 0.617787 4.568668 -0.534329 1.704513 -0.006232 0.004896 0.000162 -3.783308 5.093113 -10.416326 3.144542 2.943764 32.399244 -2.217600 -1.375627 -16.274155 2.507578 3.192380 -2.072978 0.000114 -0.000406 0.999914 -0.834739 -14.503860 -13.626565 0.307753 -4.215211 42.597461 7.999464 -4.818144 -19.526270 -3.279511 -2.807739 -0.525050 0.000279 0.000994 0.997490
-45.865749 102.583633 2.658637 173.190087 -74.939041 -171.908543 0.524804 0.469535 6.815463 -1.738093 1.569646 -5.957978 0.936195 -0.458772 15.012510 -0.719357 -0.363105 -6.806704 0.423438 0.942401 0.921108 -0.776248 6.003725 -0.673713 0.000450 -0.000943 -0.000321 0.426651 0.637411 -3.215637 -0.099236 -1.904469 3.220515 -0.393318 -0.147861 3.264779 3.904990 -7.979127 16.474909 -72.133837 -22.741321 7.329273 -143.060619 -77.633760 146.537562 50.741738 -15.134916 -1.460925 -16.251812 9.229249 19.526265 -0.037553 -4.486473 0.131080 0.826692 -6.225393 -16.987993 -0.000663 0.000953 -0.000152 -1.282994 15.081490 5.017644 -13.973067 -1.175105 14.018141 -9.371521 4.372138 1.743745 4.354233 -5.067419 6.085531 0.000583 -0.000667 0.000141 0.635448 10.599139 6.809933 -19.868319 7.559413 10.669117 -9.812176 2.877770 1.526785 6.565991 -3.140717 9.381775 0.000493 -0.000807 0.001072 5.421888 11.365638 -7.817364 -28.900717 17.292074 16.891400 -13.774321 2.293128 1.136975 -6.512004 1.324699 3.410856 0.001155 0.000368 -0.000596 8.623276 12.823359 -1.419085 -37.990704 12.608706 11.837606 -13.427409 1.846098 0.283193 3.364512 2.080903 3.950235 -0.000042 0.000486 -0.000395 -8.398194 6.117677 18.435032 84.319258 14.068181 0.773399 161.833508 60.283643 164.345198 -63.706660 -1.593694 -0.698892 26.355125 -12.256636 16.455049 1.598820 5.678908 -2.024545 -0.078659 1.786116 -4.947826 0.000217 -0.000178 -0.000589 8.834081 -19.496797 2.339135 36.702906 -13.428503 13.317115 12.812720 3.924214 2.439679 -1.398305 3.982634 -11.812643 0.000181 -0.000243 -0.000239 5.065880 -13.571064 5.055535 39.687371 -9.107403 9.112075 18.697155 3.815126 1.054976 -1.865083 3.858400 6.205361 0.000002 0.001217 -0.000445 -0.705998 -12.763225 -6.684376 48.401101 -18.889115 16.101477 20.601893 2.480449 -0.871881 12.179114 0.395267 -1.560346 -0.000577 0.004109 -0.000231 -3.395963 -14.704797 1.385774 52.178134 -3.184137 11.458629 20.731739 5.196350 0.601454 4.300870 -0.522216 1.887576 -0.006122 0.004769 0.000153 -3.704577 5.283341 -10.999133 3.103573 2.891783 33.436266 -2.147618 -1.661209 -16.385299 2.586425 3.028818 -2.305987 0.000122 -0.000410 0.999928 -0.774421 -14.858230 -14.275344 0.268140 -4.410385 43.405532 7.782720 -4.774618 -19.261073 -3.277206 -2.695181 -0.728098 0.000288 0.001016 0.997636
-45.713390 102.430984 2.578505 173.328052 -74.930677 -171.964098 0.512990 0.402212 7.060464 -1.753548 1.592427 -5.859254 1.001054 -0.510969 15.148872 -0.724234 -0.346118 -6.814879 0.328485 0.994798 0.456190 -0.845426 6.183247 -1.013453 0.000471 -0.000958 -0.000328 0.433375 0.648090 -3.191696 -0.106534 -1.927394 3.229649 -0.400287 -0.170315 3.274883 4.072560 -8.150382 16.274471 -71.666968 -23.425551 6.534442 -146.546591 -76.596766 149.910730 50.323393 -15.526448 -1.920291 -16.078941 8.518433 19.113562 -0.279144 -4.635315 0.311299 0.780030 -6.579667 -17.273340 -0.000667 0.000964 -0.000163 -1.399973 14.832844 4.890591 -13.075750 -1.455270 13.907069 -9.193173 4.426090 1.678350 4.492238 -5.031403 5.952445 0.000585 -0.000675 0.000148 0.511353 10.517590 6.696827 -19.035086 7.396628 10.647870 -9.583979 2.890023 1.522588 6.647662 -3.130393 9.384829 0.000495 -0.000810 0.001094 5.244636 11.328032 -7.921789 -28.235749 17.142642 17.024450 -13.485818 2.264812 1.173357 -6.271489 1.310495 3.530569 0.001171 0.000378 -0.000623 8.494950 12.783031 -1.501225 -37.485243 12.661735 11.906261 -13.015154 1.867766 0.297064 3.591727 2.009077 4.091975 -0.000048 0.000501 -0.000422 -8.532537 6.195618 18.175276 84.192224 14.420313 0.379741 162.570123 59.469533 165.009288 -63.536517 -0.893823 -1.338196 25.961953 -11.384776 16.190193 1.911403 5.955112 -1.792188 -0.034835 2.121578 -5.103342 0.000211 -0.000190 -0.000573 8.967479 -19.237577 2.285448 35.414134 -12.805110 13.344275 12.335150 3.846300 2.333571 -1.580702 3.843498 -12.202647 0.000204 -0.000271 -0.000231 5.195287 -13.408715 4.857833 38.478746 -8.850691 9.171337 18.222884 3.766367 0.992017 -2.038531 3.818888 6.288757 0.000029 0.001209 -0.000456 -0.530215 -12.622228 -6.872506 47.245237 -18.694665 16.280248 20.081685 2.494095 -0.870920 11.872174 0.382787 -1.462205 -0.000577 0.004145 -0.000234 -3.309190 -14.536192 1.172460 51.345539 -3.412232 11.440502 20.090438 5.152190 0.588934 3.999116 -0.496966 2.128037 -0.006122 0.004785 0.000151 -3.638580 5.406732 -11.518885 3.133664 2.827255 34.227515 -2.147245 -1.891308 -16.570160 2.668208 2.954040 -2.568213 0.000120 -0.000423 0.999954 -0.732391 -15.157759 -14.910887 0.316907 -4.630685 44.235284 7.715392 -4.634055 -19.281263 -3.245802 -2.583798 -0.832827 0.000303 0.001048 0.997644
-45.557117 102.065979 2.498090 173.758234 -74.426166 -172.320071 0.496099 0.352981 7.338522 -1.715040 1.666508 -5.622018 1.023819 -0.718803 15.118198 -0.641260 -0.246562 -6.870848 0.255001 0.987612 -0.143544 -0.962464 6.338909 -1.601885 0.000474 -0.000978 -0.000304 0.423836 0.661654 -3.130103 -0.107832 -1.943494 3.282385 -0.399910 -0.185180 3.328292 4.365123 -8.208819 16.033189 -71.034595 -24.170849 5.503785 -150.028911 -75.450163 153.263016 49.502991 -15.287115 -2.078125 -15.782849 7.521227 18.489091 -0.469593 -4.744021 0.501494 0.769029 -6.908932 -17.474308 -0.000653 0.000937 -0.000186 -1.493134 14.537074 4.683482 -12.443204 -1.412935 13.818030 -9.242330 4.427800 1.596218 4.584627 -4.896118 5.586269 0.000579 -0.000706 0.000197 0.435196 10.485969 6.656276 -18.455944 7.374994 10.567555 -9.620080 2.788727 1.555755 6.547165 -3.035045 9.206426 0.000459 -0.000795 0.001059 5.111788 11.322035 -7.948051 -27.860977 17.307206 17.154954 -13.442122 2.116517 1.229635 -6.162970 1.295179 3.627796 0.001143 0.000373 -0.000616 8.411659 12.824804 -1.426664 -37.231341 12.832101 11.970520 -12.801922 1.694497 0.311630 3.656030 1.920616 4.172438 -0.000027 0.000474 -0.000461 -8.746409 6.262404 17.857789 84.089951 15.128331 -0.227522 163.303076 58.356042 165.951043 -62.525632 -0.662905 -1.491206 25.667695 -10.174386 15.579077 2.236313 6.235310 -1.517918 -0.000468 2.429465 -5.237035 0.000192 -0.000212 -0.000561 9.274791 -19.000850 2.216221 34.732057 -12.238598 13.223110 12.077228 3.730945 2.194292 -1.744431 3.680773 -12.750504 0.000206 -0.000290 -0.000231 5.472053 -13.310741 4.619584 37.812528 -8.695122 9.166631 18.065734 3.746245 0.992624 -2.088572 3.795918 6.374371 0.000010 0.001209 -0.000457 -0.215483 -12.558102 -6.994777 46.583849 -18.634673 16.341240 19.896953 2.574429 -0.827775 11.669126 0.386807 -1.374014 -0.000585 0.004265 -0.000254 -3.177183 -14.439366 1.102870 51.080827 -3.719646 11.442148 19.774170 5.314005 0.630293 3.899321 -0.443787 2.295536 -0.006168 0.004882 0.000180 -3.549378 5.741987 -12.269605 3.178498 2.738587 35.676772 -2.120598 -2.103773 -17.056380 2.802140 2.894691 -3.214407 0.000155 -0.000394 0.999975 -0.616316 -15.588990 -16.002282 0.383848 -4.643632 46.046410 7.697755 -4.279317 -19.845650 -3.167582 -2.349780 -1.146210 0.000279 0.001040 0.997584
-45.397133 101.702438 2.417388 174.096869 -74.181939 -172.638206 0.426991 0.311568 7.544838 -1.680702 1.726616 -5.379903 1.067213 -0.830276 15.253463 -0.600224 -0.158530 -6.778388 0.109996 1.010340 -0.656150 -1.048972 6.629738 -2.160930 0.000487 -0.000982 -0.000324 0.419452 0.672291 -3.068551 -0.112049 -1.978615 3.277788 -0.404235 -0.219363 3.324390 4.601639 -8.379763 15.757534 -70.482264 -25.176290 4.495739 -153.099425 -74.540556 156.332541 48.608664 -15.548939 -2.265830 -15.436761 6.581496 17.920707 -0.893882 -5.028383 0.724482 0.692136 -7.286655 -17.755367 -0.000653 0.000910 -0.000196 -1.642611 13.965885 4.486094 -11.534426 -1.616066 13.625444 -9.095729 4.445315 1.479989 4.708830 -4.829915 5.368911 0.000556 -0.000719 0.000204 0.281958 10.198445 6.455458 -17.489946 7.264470 10.514483 -9.434978 2.770946 1.527721 6.599515 -2.997784 9.126391 0.000466 -0.000788 0.001050 4.900479 11.118631 -8.119250 -26.926615 17.075662 17.367582 -13.152410 2.053301 1.275654 -5.982902 1.275744 3.686782 0.001130 0.000366 -0.000633 8.267362 12.652515 -1.600655 -36.420840 12.904365 12.123115 -12.366214 1.685041 0.347098 3.857304 1.843978 4.255841 -0.000046 0.000475 -0.000478 -9.000595 6.483274 17.591602 83.809834 16.440237 -0.902943 164.274858 57.218869 166.926940 -61.829806 0.254102 -2.055068 25.097082 -9.096974 15.137673 2.712882 6.659964 -1.239751 0.082419 2.827921 -5.384001 0.000157 -0.000202 -0.000537 9.498912 -18.407064 2.094031 33.068559 -11.367464 13.143489 11.546198 3.600238 2.032374 -1.956966 3.522062 -13.191565 0.000234 -0.000314 -0.000205 5.695124 -12.952784 4.322365 36.193327 -8.356779 9.164064 17.591387 3.731922 0.917334 -2.275591 3.751527 6.404097 0.000057 0.001183 -0.000459 0.060448 -12.257821 -7.278178 45.006628 -18.250330 16.540903 19.354241 2.596152 -0.833325 11.400529 0.396620 -1.326618 -0.000546 0.004221 -0.000286 -3.035474 -14.128521 0.738428 50.020994 -4.023801 11.425933 19.105238 5.291354 0.628059 3.628793 -0.397855 2.477587 -0.006096 0.004819 0.000155 -3.459258 5.891819 -13.055751 3.196557 2.648891 37.148218 -1.972795 -2.408961 -17.522584 2.914227 2.668461 -3.571360 0.000157 -0.000404 0.999996 -0.546363 -16.059324 -17.112233 0.441418 -4.786273 48.037065 7.564975 -4.061874 -20.209798 -3.097253 -2.201061 -1.399701 0.000263 0.001041 0.997686
-45.233620 101.313843 2.336396 173.520207 -74.049470 -172.061290 0.381260 0.246584 7.911848 -1.608760 1.837937 -5.131512 1.044764 -0.929075 15.237115 -0.553908 0.022947 -6.707237 0.020045 0.970049 -1.432979 -1.126101 6.827495 -2.759449 0.000481 -0.000983 -0.000297 0.404710 0.691433 -3.011953 -0.107334 -1.982361 3.280986 -0.399276 -0.221935 3.329621 4.805622 -8.396073 15.344626 -69.910177 -26.055338 3.384715 -154.989907 -73.830746 158.151474 48.278665 -15.954144 -2.477448 -15.123015 5.508870 17.314428 -1.246246 -5.392913 0.946741 0.626988 -7.709982 -18.052563 -0.000647 0.000880 -0.000214 -1.818481 13.340862 4.276327 -10.410321 -1.808539 13.404939 -8.892672 4.479951 1.414815 4.844788 -4.775684 5.177799 0.000544 -0.000759 0.000231 0.118842 9.874380 6.302145 -16.417689 7.175623 10.473853 -9.230315 2.762822 1.563508 6.693080 -2.974903 9.082916 0.000449 -0.000776 0.001026 4.672277 10.863218 -8.230188 -25.978339 16.951341 17.613236 -12.764408 2.001916 1.334255 -5.730327 1.239683 3.798085 0.001114 0.000354 -0.000628 8.130662 12.520930 -1.759274 -35.775059 12.938832 12.330344 -11.831500 1.705271 0.393388 4.134550 1.728980 4.410208 -0.000043 0.000454 -0.000479 -9.372478 6.720206 17.207547 83.607568 17.977814 -1.595905 164.823489 56.040037 167.488503 -61.539282 1.088117 -2.605287 24.384297 -7.946027 14.706245 3.112112 7.227353 -0.901624 0.149231 3.324595 -5.589443 0.000149 -0.000236 -0.000535 9.679841 -17.696447 2.005345 30.883247 -10.353895 13.063498 10.842938 3.394151 1.891428 -2.190232 3.348791 -13.570109 0.000232 -0.000315 -0.000202 5.874886 -12.458748 4.027667 34.156703 -8.095784 9.200713 16.895726 3.597890 0.874231 -2.570214 3.677321 6.474847 0.000035 0.001196 -0.000458 0.355064 -11.852097 -7.591524 42.952674 -17.835774 16.870102 18.533252 2.480218 -0.811150 10.987510 0.381651 -1.239545 -0.000573 0.004360 -0.000295 -2.903677 -13.708681 0.321212 48.744977 -4.503892 11.464824 18.160748 5.098124 0.653518 3.144904 -0.390700 2.738271 -0.006182 0.004954 0.000163 -3.515359 6.103229 -13.943490 3.105209 2.639035 38.692034 -1.715868 -2.565720 -17.888231 3.035493 2.467154 -4.143384 0.000165 -0.000390 1.000002 -0.415445 -16.408870 -18.286196 0.436786 -4.681921 49.989164 7.363718 -3.908630 -20.515219 -2.960670 -2.115531 -1.845401 0.000249 0.001026 0.997599
-45.066772 100.617050 2.255115 173.410329 -73.729933 -172.213559 0.194499 0.294543 8.286197 -1.549444 1.951850 -4.715650 1.001025 -1.006921 15.281173 -0.438158 0.213109 -6.393645 -0.123470 0.967045 -2.148905 -1.128604 6.978952 -3.388538 0.000402 -0.000957 -0.000349 0.378281 0.697588 -2.891842 -0.104050 -2.013548 3.187092 -0.398803 -0.251148 3.234217 4.908411 -8.558162 14.944554 -69.349276 -27.414612 1.892457 -158.114299 -72.925320 161.512428 46.125398 -15.612238 -2.449640 -14.167000 4.261287 16.546035 -2.178013 -5.984797 1.189312 0.396178 -8.060214 -18.197804 -0.000627 0.000801 -0.000265 -1.978579 12.067647 3.876030 -9.298977 -1.981019 12.983466 -8.578642 4.376351 1.177357 4.967394 -4.720109 4.968277 0.000519 -0.000770 0.000271 -0.111476 9.099022 5.874762 -14.968812 6.952204 10.305697 -8.869610 2.672016 1.459896 6.830090 -2.922480 8.930956 0.000411 -0.000769 0.000925 4.301187 10.232659 -8.537847 -24.144100 16.130065 18.013518 -12.099734 1.829914 1.317666 -5.567355 1.171572 3.664408 0.001040 0.000288 -0.000548 7.772947 11.970447 -2.291261 -33.874579 12.803447 12.768627 -10.974884 1.706370 0.424012 4.396350 1.640455 4.349297 -0.000010 0.000362 -0.000448 -9.451128 7.229015 16.734440 82.749230 20.683407 -2.456837 166.306547 55.009025 169.213161 -58.544931 2.493193 -2.988010 22.924566 -6.527817 14.207496 3.984726 7.959658 -0.551109 0.341528 3.795434 -5.691544 0.000028 -0.000131 -0.000456 9.630992 -16.106879 1.942108 27.379537 -8.774190 12.739723 9.588655 3.072560 1.600447 -2.566434 3.125671 -13.666953 0.000157 -0.000235 -0.000135 5.956187 -11.387255 3.565088 30.515553 -7.515253 9.099351 15.662084 3.355701 0.736273 -3.063249 3.552193 6.458906 0.000045 0.001125 -0.000427 0.597564 -10.917983 -8.164279 39.011480 -16.697957 17.382690 17.205526 2.266031 -0.796270 10.548053 0.384537 -1.283710 -0.000429 0.003985 -0.000436 -2.758403 -12.731294 -0.539088 45.654953 -5.195323 11.549100 16.772019 4.627073 0.659397 2.581707 -0.417050 2.891028 -0.005880 0.004610 0.000143 -3.441449 6.210342 -15.359524 2.935537 2.498960 41.579505 -1.207691 -3.345165 -18.704126 3.144765 2.041069 -4.712534 0.000242 -0.000328 1.000023 -0.399965 -17.207939 -20.047272 0.436905 -4.668782 53.554114 7.136407 -3.355766 -20.901471 -2.827529 -1.947868 -2.564490 0.000126 0.000935 0.998001
-44.896790 100.198219 2.173546 173.310002 -73.799699 -172.653839 -0.052609 0.399719 8.423186 -1.449475 2.048214 -4.197186 0.968372 -1.115941 15.198888 -0.290129 0.333428 -5.906415 -0.316679 0.922508 -2.821940 -1.010379 7.139464 -3.773361 0.000337 -0.000930 -0.000424 0.327872 0.694833 -2.813405 -0.100604 -2.037277 3.188804 -0.395282 -0.273010 3.235157 4.629256 -8.658045 14.584079 -68.709585 -28.657287 0.681639 -160.528626 -72.629464 164.254155 43.041846 -15.334151 -1.916980 -13.034586 2.524818 15.542676 -3.399535 -6.742371 1.693744 0.129943 -8.854166 -18.601947 -0.000628 0.000733 -0.000301 -2.311984 10.628296 3.464962 -7.181891 -2.356557 12.420353 -8.004234 4.345290 0.865479 5.209035 -4.644491 4.674577 0.000492 -0.000772 0.000281 -0.504974 8.166012 5.313574 -12.617946 6.679762 10.187148 -8.192920 2.669308 1.289630 6.978280 -2.885872 8.879952 0.000396 -0.000785 0.000852 3.724410 9.529766 -9.032434 -21.415595 15.101529 18.549672 -11.108411 1.666874 1.303375 -5.183680 1.099737 3.746349 0.000989 0.000214 -0.000478 7.318009 11.303770 -2.960376 -31.021943 12.619183 13.301975 -9.667616 1.763568 0.449252 4.835221 1.485801 4.512695 0.000019 0.000284 -0.000402 -9.239696 7.679306 16.208800 81.872584 23.199493 -3.106710 167.869190 55.029334 171.280999 -54.693150 3.911585 -3.366783 20.909975 -4.298320 13.288412 5.163850 8.880808 0.031273 0.530067 4.621301 -5.919272 -0.000093 -0.000007 -0.000375 9.664501 -14.291456 1.768425 23.111525 -7.097606 12.294911 8.220565 2.855663 1.169220 -2.957813 2.811107 -14.421270 0.000080 -0.000142 -0.000059 6.169946 -10.168480 2.941261 26.115943 -6.787827 8.906186 14.374641 3.318405 0.493895 -3.406592 3.419611 6.367999 0.000067 0.001051 -0.000415 1.014579 -9.872835 -8.967904 34.509013 -15.485860 17.858627 15.691900 2.319638 -0.890180 10.048188 0.446496 -1.343259 -0.000273 0.003525 -0.000572 -2.488281 -11.642417 -1.629632 41.990695 -5.713473 11.615259 14.985719 4.431747 0.598876 2.059398 -0.320909 3.130673 -0.005537 0.004177 0.000110 -3.396892 6.036144 -16.260734 2.814894 2.295225 43.394751 -0.712690 -4.047982 -18.945024 3.225873 1.566997 -5.193699 0.000303 -0.000288 1.000048 -0.492206 -17.775627 -21.115182 0.521352 -4.750011 56.070222 6.838257 -2.943878 -20.959182 -2.811516 -1.766052 -3.282872 -0.000010 0.000861 0.998471
-44.723869 99.812195 2.091697 173.170855 -73.644194 -172.787671 -0.156280 0.429377 8.603716 -1.417645 2.092060 -3.928783 0.924966 -1.154129 15.293393 -0.159413 0.434612 -5.697449 -0.397942 0.922031 -3.292786 -1.018741 7.269370 -4.053922 0.000290 -0.000890 -0.000449 0.274477 0.682572 -2.748211 -0.106175 -2.085420 3.167965 -0.401485 -0.320832 3.214510 4.573245 -8.801652 14.222955 -68.456133 -29.544076 -0.310039 -162.325308 -72.477675 166.384723 41.334266 -14.667881 -2.065633 -12.174967 1.505009 14.900542 -4.112337 -7.210964 1.992086 -0.002186 -9.353163 -18.911139 -0.000602 0.000708 -0.000314 -2.464781 9.802011 3.196925 -6.068382 -2.495819 12.057986 -7.666636 4.272195 0.667420 5.288733 -4.541940 4.371750 0.000498 -0.000769 0.000302 -0.736473 7.682597 4.993289 -11.358098 6.537275 10.064340 -7.814970 2.590510 1.179140 6.970326 -2.818568 8.762190 0.000373 -0.000765 0.000795 3.343471 9.144875 -9.292254 -19.893862 14.548057 18.846849 -10.587733 1.520892 1.280430 -5.064517 1.065571 3.737369 0.000931 0.000176 -0.000424 6.988267 10.945794 -3.322353 -29.461622 12.489377 13.662160 -8.963100 1.776180 0.451126 4.959816 1.388275 4.563313 0.000049 0.000234 -0.000371 -9.219702 7.983565 15.762599 81.222503 24.854395 -3.658815 168.783461 55.080052 172.545406 -52.328162 4.337370 -3.824238 19.596032 -3.057403 12.748568 5.880805 9.462325 0.386832 0.622842 5.113318 -6.072143 -0.000144 0.000032 -0.000348 9.632874 -13.197017 1.615366 20.676605 -6.176075 12.044086 7.379663 2.694904 0.917890 -3.123835 2.595675 -14.954629 0.000007 -0.000085 -0.000038 6.293102 -9.428806 2.539200 23.544868 -6.485014 8.825533 13.555728 3.299992 0.340693 -3.562508 3.336706 6.278811 0.000024 0.001023 -0.000389 1.283199 -9.236138 -9.461616 31.814907 -14.815367 18.222446 14.752959 2.369605 -0.939156 9.800978 0.472900 -1.419931 -0.000186 0.003389 -0.000643 -2.288788 -10.973943 -2.311755 39.779029 -6.074279 11.739577 13.902383 4.344410 0.585731 1.800681 -0.276033 3.261771 -0.005403 0.004024 0.000112 -3.452691 5.967236 -17.149615 2.767448 2.216037 44.703511 -0.343394 -4.533988 -19.301935 3.273298 1.335863 -5.488137 0.000359 -0.000250 1.000057 -0.417921 -17.978955 -22.217602 0.575889 -4.706321 57.980532 6.602070 -2.674930 -21.008844 -2.694400 -1.696352 -3.624679 -0.000073 0.000802 0.998663
-44.548214 99.298851 2.009575 173.314413 -73.742858 -173.053049 -0.205478 0.459253 8.799330 -1.388342 2.150007 -3.613528 0.907169 -1.257948 15.238542 -0.139933 0.554492 -5.489531 -0.534532 0.844670 -3.723159 -1.022540 7.385478 -4.412958 0.000240 -0.000837 -0.000429 0.242442 0.672900 -2.691498 -0.101673 -2.090301 3.130313 -0.398066 -0.325731 3.178719 4.572539 -8.885027 13.940203 -68.202846 -30.583538 -1.485352 -163.502521 -71.945347 167.782039 40.486477 -14.322071 -2.178004 -11.500098 0.780500 14.491582 -4.653960 -7.631493 2.280122 -0.096064 -9.792814 -19.167500 -0.000584 0.000705 -0.000309 -2.566491 9.177835 3.084124 -4.935006 -2.742731 11.775608 -7.334804 4.307046 0.523779 5.366447 -4.515966 4.224557 0.000516 -0.000762 0.000306 -0.876126 7.281796 4.780918 -10.141805 6.345309 10.000767 -7.424379 2.612184 1.115801 6.999183 -2.786675 8.755793 0.000338 -0.000745 0.000752 3.106863 8.806636 -9.501708 -18.539522 14.085886 19.111725 -10.076287 1.469263 1.294348 -4.898518 1.050662 3.795772 0.000896 0.000158 -0.000346 6.864967 10.624185 -3.625056 -28.122704 12.390089 13.954596 -8.313496 1.856938 0.489548 5.162230 1.306880 4.673462 0.000098 0.000171 -0.000326 -9.354797 8.290435 15.429812 80.878278 26.750809 -4.124908 169.286939 54.945334 173.325220 -50.520797 4.543442 -4.304048 18.426871 -1.960600 12.215328 6.460623 9.992476 0.724624 0.686330 5.516254 -6.233738 -0.000137 0.000042 -0.000353 9.649798 -12.240357 1.470551 18.522204 -5.416914 11.834885 6.594900 2.466170 0.737358 -3.238988 2.440482 -15.355169 -0.000097 -0.000016 -0.000067 6.421812 -8.808898 2.182468 21.350363 -6.205698 8.759118 12.810310 3.192245 0.259720 -3.710105 3.263017 6.275258 -0.000103 0.001024 -0.000368 1.571119 -8.660254 -9.910269 29.489828 -14.351526 18.527565 13.864172 2.319974 -0.961957 9.544800 0.487797 -1.430980 -0.000169 0.003366 -0.000669 -2.077282 -10.391537 -2.893584 37.924211 -6.382689 11.867121 12.883824 4.148659 0.571185 1.471960 -0.233584 3.415952 -0.005383 0.003997 0.000157 -3.475222 6.068223 -18.350746 2.840661 2.094288 46.389927 -0.165466 -4.889121 -19.727478 3.339447 1.208823 -5.911643 0.000389 -0.000200 1.000032 -0.183417 -18.317344 -23.314218 0.713356 -4.684349 59.959455 6.386956 -2.474936 -21.549808 -2.660423 -1.687477 -4.090799 -0.000110 0.000756 0.998714
-44.370018 98.903053 1.927194 173.482136 -73.421654 -173.455009 -0.312379 0.451723 8.967693 -1.364471 2.219897 -3.360048 0.875635 -1.293447 15.221272 -0.022137 0.653883 -5.311622 -0.649467 0.855132 -4.071241 -1.020564 7.588528 -4.744560 0.000199 -0.000809 -0.000432 0.182666 0.660390 -2.640086 -0.099914 -2.123789 3.087719 -0.397636 -0.359361 3.137011 4.556375 -8.954931 13.668610 -67.946074 -31.356010 -2.433223 -164.660485 -71.639412 169.134018 39.520350 -13.955677 -2.294976 -10.783191 0.151103 14.049984 -5.213616 -8.030907 2.518812 -0.190868 -10.174202 -19.372255 -0.000581 0.000666 -0.000324 -2.626987 8.516060 2.898567 -4.191079 -2.882919 11.493354 -7.128030 4.230376 0.346558 5.374133 -4.448461 3.972882 0.000498 -0.000759 0.000311 -0.993127 6.841138 4.527641 -9.268117 6.203071 9.892108 -7.183152 2.529674 1.007004 6.948305 -2.734715 8.643228 0.000327 -0.000748 0.000705 2.884439 8.447434 -9.756094 -17.496879 13.640640 19.324821 -9.733365 1.353958 1.273316 -4.853818 1.035545 3.775666 0.000857 0.000113 -0.000297 6.695215 10.271421 -3.961596 -26.996060 12.258742 14.196420 -7.826652 1.868278 0.491172 5.214553 1.242849 4.708864 0.000122 0.000125 -0.000292 -9.342477 8.605857 15.089958 80.481432 28.295466 -4.457320 169.803699 54.882809 174.081045 -48.573901 4.863761 -4.856265 17.347876 -1.037168 11.762941 7.028429 10.404079 0.987328 0.757143 5.859988 -6.358141 -0.000179 0.000070 -0.000337 9.582628 -11.368354 1.357080 16.869940 -4.855470 11.627347 5.982162 2.316761 0.556826 -3.337857 2.284185 -15.747284 -0.000175 0.000041 -0.000055 6.501230 -8.214718 1.874206 19.554218 -6.044196 8.699403 12.212760 3.183217 0.160174 -3.830512 3.192889 6.214583 -0.000147 0.001012 -0.000363 1.777615 -8.128229 -10.277079 27.587152 -13.934277 18.785711 13.175360 2.358406 -1.005872 9.355395 0.511938 -1.494227 -0.000127 0.003266 -0.000717 -1.894658 -9.840588 -3.415384 36.313287 -6.638157 11.983616 12.069892 4.073526 0.557491 1.263804 -0.195061 3.512443 -0.005305 0.003898 0.000160 -3.518089 6.214291 -19.208868 2.859087 2.065424 47.628653 0.032400 -5.226904 -20.097677 3.370016 1.073406 -6.172436 0.000431 -0.000171 1.000034 -0.123278 -18.679061 -24.164972 0.846029 -4.713479 61.705384 6.194301 -2.143306 -21.644373 -2.572584 -1.661079 -4.431509 -0.000184 0.000706 0.998842
-44.189495 98.146942 1.844569 174.493669 -72.359678 -174.732936 -0.432621 0.345076 9.290275 -1.394417 2.392831 -3.064397 0.879046 -1.413493 15.115921 0.080722 0.808718 -5.125382 -0.843974 1.053900 -4.564478 -1.062626 7.725567 -5.371158 0.000103 -0.000634 -0.000492 0.104977 0.647181 -2.524676 -0.085768 -2.119430 3.032085 -0.385056 -0.351576 3.076315 4.640440 -9.066475 13.404936 -67.906548 -32.468666 -3.532732 -166.567130 -70.832297 171.344422 38.948115 -13.483562 -2.342738 -10.171602 0.196381 13.918836 -5.736692 -8.328113 2.451438 -0.323794 -10.037142 -19.171867 -0.000474 0.000582 -0.000287 -2.612467 7.697208 2.697882 -4.597422 -2.714356 11.384316 -7.211891 3.960957 0.149890 5.153453 -4.335176 3.714836 0.000467 -0.000776 0.000348 -1.009375 6.217582 4.268348 -9.371026 6.228073 9.756102 -7.293754 2.302116 0.890224 6.832803 -2.625313 8.286483 0.000204 -0.000610 0.000501 2.828750 7.893516 -10.001936 -17.330647 13.328041 19.536768 -9.702497 1.176065 1.229911 -5.171737 1.044487 3.387207 0.000658 0.000134 -0.000125 6.553980 9.694461 -4.360152 -26.648804 12.231753 14.422079 -7.711077 1.842331 0.515771 4.981328 1.285855 4.431503 0.000191 0.000028 -0.000163 -9.284188 9.189692 14.625970 79.834167 30.283029 -4.747511 170.609246 54.432981 175.051862 -45.812535 5.331074 -4.802448 16.254852 -0.815269 11.789460 7.562420 10.816517 0.986671 0.894498 5.935381 -6.330943 -0.000225 0.000251 -0.000288 9.186175 -10.169284 1.543657 15.478617 -4.471123 11.321216 5.052872 1.960540 0.352422 -3.524833 2.148447 -15.251057 -0.000265 0.000146 -0.000083 6.299500 -7.304899 1.666277 17.804500 -6.099770 8.636157 11.265376 2.814282 0.116042 -4.330160 3.060375 6.176258 -0.000155 0.000858 -0.000226 1.698046 -7.292426 -10.618093 25.300446 -13.476573 19.145915 12.313340 2.104185 -0.927924 9.139085 0.471930 -1.660177 0.000174 0.002624 -0.000878 -1.924206 -8.910631 -3.951151 34.277401 -7.185899 12.234165 11.192369 3.585881 0.640100 0.872019 -0.310774 3.446582 -0.004823 0.003308 0.000184 -3.621977 6.592076 -20.785274 3.242250 1.911642 50.437512 0.431784 -5.601158 -20.885993 3.381088 1.113404 -6.429753 0.000575 -0.000052 0.999926 -0.000731 -19.559160 -25.378404 0.873657 -4.780583 64.377957 6.047250 -1.233358 -21.749694 -2.386635 -1.568717 -4.807464 -0.000317 0.000515 0.999455
-44.006844 97.676323 1.761719 174.705538 -71.875251 -175.215056 -0.512660 0.307412 9.451002 -1.382776 2.471981 -2.822280 0.827975 -1.446528 15.077271 0.155596 0.872634 -5.023236 -0.974210 1.069608 -4.919071 -1.033004 7.925110 -5.721011 0.000083 -0.000586 -0.000486 0.061075 0.637988 -2.480369 -0.081281 -2.129088 2.955141 -0.382871 -0.361404 3.000717 4.523332 -9.151374 13.118626 -67.648681 -33.079417 -4.336034 -167.252369 -70.512077 172.157899 38.134539 -13.265384 -2.595374 -9.541686 -0.497819 13.446035 -6.224435 -8.669896 2.741895 -0.389472 -10.546787 -19.512021 -0.000459 0.000561 -0.000278 -2.706043 7.217781 2.546015 -3.571607 -2.888489 11.122055 -6.878881 3.939820 -0.016543 5.233177 -4.274694 3.480462 0.000450 -0.000771 0.000330 -1.145647 5.931236 4.035550 -8.312361 6.116664 9.692920 -6.898867 2.269553 0.790232 6.840092 -2.594381 8.264916 0.000197 -0.000593 0.000472 2.606225 7.665619 -10.235604 -16.257893 13.009535 19.787571 -9.215330 1.095794 1.229188 -4.981119 1.024641 3.502686 0.000623 0.000125 -0.000092 6.374719 9.496158 -4.630841 -25.542856 12.173411 14.667818 -7.074729 1.896988 0.533041 5.149029 1.190441 4.588303 0.000192 0.000008 -0.000116 -9.264939 9.390166 14.280623 79.408998 31.451668 -4.966853 171.173133 54.433616 175.755563 -44.253234 5.720870 -5.241029 15.362560 0.104583 11.420364 8.129465 11.263816 1.340271 0.907915 6.413575 -6.508772 -0.000229 0.000256 -0.000293 9.220372 -9.396871 1.505718 13.845860 -3.978135 11.153981 4.412128 1.817708 0.176003 -3.604583 1.931311 -15.844832 -0.000313 0.000174 -0.000088 6.395182 -6.745466 1.399148 16.079490 -5.970073 8.603310 10.624249 2.787210 0.033464 -4.442559 2.972961 6.147934 -0.000192 0.000848 -0.000215 1.892932 -6.790691 -10.945223 23.514476 -13.187221 19.420909 11.581512 2.191076 -0.951298 8.896391 0.467915 -1.674418 0.000200 0.002623 -0.000891 -1.821813 -8.424880 -4.379201 32.759641 -7.446229 12.365764 10.295646 3.583556 0.643463 0.625451 -0.264315 3.635387 -0.004818 0.003302 0.000184 -3.728930 6.808753 -21.716353 3.285979 1.867689 51.907987 0.572344 -5.807690 -21.164835 3.383190 1.081132 -6.658589 0.000597 -0.000043 0.999909 -0.014336 -19.964704 -26.100916 1.040172 -4.853574 66.151219 5.940352 -0.808596 -21.711001 -2.249583 -1.591213 -5.044717 -0.000348 0.000482 0.999489
-43.822277 97.173271 1.678666 174.693874 -71.696614 -175.430574 -0.570129 0.295313 9.652752 -1.381115 2.523786 -2.575165 0.798487 -1.514596 15.112359 0.217355 0.903327 -4.955446 -1.103240 1.097453 -5.381691 -1.009357 8.150117 -6.063797 0.000075 -0.000547 -0.000493 0.022382 0.627200 -2.437085 -0.077127 -2.133740 2.888924 -0.380674 -0.365823 2.935488 4.482912 -9.267676 12.827569 -67.297177 -33.884622 -5.199794 -168.039914 -69.906940 173.019588 37.237857 -13.056078 -2.953137 -8.753125 -1.315367 12.873945 -6.760593 -9.015945 3.100194 -0.446819 -11.131871 -19.948980 -0.000439 0.000552 -0.000263 -2.811239 6.804731 2.400409 -2.377537 -3.086451 10.823354 -6.460175 3.972421 -0.192114 5.349860 -4.233939 3.280955 0.000442 -0.000773 0.000309 -1.329159 5.701813 3.805182 -7.083172 5.992446 9.632110 -6.397394 2.296881 0.673538 6.866836 -2.589936 8.311096 0.000186 -0.000566 0.000457 2.311561 7.480304 -10.480217 -15.008476 12.678179 20.040272 -8.602554 1.038646 1.223900 -4.707191 0.996860 3.679427 0.000604 0.000135 -0.000076 6.120256 9.314072 -4.885033 -24.210872 12.127214 14.929413 -6.330405 1.963669 0.548865 5.403829 1.082902 4.771069 0.000185 -0.000004 -0.000077 -9.339297 9.581380 13.917235 79.103488 32.595015 -5.173741 171.800988 54.246713 176.583464 -42.834699 6.008403 -5.780764 14.383640 1.158318 10.935191 8.781633 11.702038 1.774196 0.934734 6.893962 -6.715770 -0.000227 0.000267 -0.000292 9.330672 -8.736458 1.450883 12.220785 -3.474049 10.955849 3.745493 1.678912 -0.008900 -3.684889 1.717337 -16.564868 -0.000317 0.000180 -0.000092 6.581828 -6.271895 1.123501 14.310991 -5.772943 8.558332 9.984998 2.786205 -0.079189 -4.501103 2.905375 6.144080 -0.000189 0.000828 -0.000197 2.165621 -6.346784 -11.286077 21.768073 -12.899622 19.669656 10.818876 2.298730 -0.995726 8.636454 0.481137 -1.662512 0.000232 0.002606 -0.000900 -1.655704 -7.996282 -4.795030 31.246382 -7.642186 12.479128 9.380158 3.608180 0.615483 0.379314 -0.185038 3.848932 -0.004789 0.003267 0.000181 -3.807327 6.975488 -22.758173 3.281335 1.849735 53.503760 0.654720 -5.977687 -21.303024 3.405917 1.036186 -6.930029 0.000605 -0.000043 0.999887 -0.027493 -20.210178 -26.924869 1.159915 -4.944739 68.047349 5.789576 -0.481862 -21.612765 -2.137192 -1.555007 -5.306430 -0.000363 0.000467 0.999550
-43.636002 96.564857 1.595436 174.505310 -71.658275 -175.428261 -0.609866 0.302217 9.894434 -1.371345 2.565017 -2.321837 0.792458 -1.582727 15.180231 0.255912 0.922796 -4.897956 -1.279173 1.127470 -5.936824 -1.009815 8.431562 -6.450872 0.000074 -0.000506 -0.000517 -0.016724 0.616057 -2.383274 -0.073749 -2.138766 2.826809 -0.379124 -0.370182 2.873626 4.557265 -9.460558 12.476708 -66.812182 -35.066615 -6.259340 -169.029267 -69.015411 174.083954 36.526900 -12.910680 -3.449126 -7.870439 -2.164729 12.257834 -7.327196 -9.389547 3.491843 -0.481755 -11.773617 -20.458461 -0.000411 0.000549 -0.000244 -2.913742 6.418135 2.264263 -1.114951 -3.317282 10.490200 -5.987739 4.019720 -0.382687 5.470885 -4.198391 3.083420 0.000440 -0.000781 0.000288 -1.541079 5.488215 3.577731 -5.773030 5.850243 9.557800 -5.828601 2.341665 0.534505 6.896176 -2.598024 8.377357 0.000171 -0.000527 0.000447 1.977571 7.301659 -10.746455 -13.687850 12.325208 20.277281 -7.937675 0.989903 1.212856 -4.419213 0.969271 3.867818 0.000587 0.000157 -0.000068 5.817210 9.124944 -5.151269 -22.771813 12.079838 15.188810 -5.554805 2.024201 0.559466 5.668298 0.973500 4.951528 0.000173 -0.000011 -0.000038 -9.553109 9.868179 13.512224 78.917248 34.061608 -5.361551 172.430595 53.867424 177.464322 -41.624101 6.208408 -6.451456 13.342960 2.243050 10.408515 9.484330 12.143252 2.251483 0.970754 7.394716 -6.950965 -0.000224 0.000293 -0.000283 9.469692 -8.143001 1.398681 10.561989 -2.977844 10.742040 3.010811 1.520998 -0.194934 -3.763883 1.505463 -17.333303 -0.000294 0.000171 -0.000094 6.812387 -5.848115 0.846303 12.484803 -5.542088 8.510980 9.282051 2.785078 -0.209261 -4.563062 2.840046 6.170059 -0.000155 0.000790 -0.000170 2.477741 -5.929698 -11.642280 19.986340 -12.600632 19.919247 9.992712 2.406204 -1.045612 8.353147 0.497553 -1.633191 0.000287 0.002524 -0.000914 -1.444606 -7.583115 -5.229377 29.654964 -7.820187 12.596151 8.422648 3.618087 0.576633 0.115439 -0.098324 4.096654 -0.004703 0.003158 0.000177 -3.872678 7.147917 -23.941178 3.300146 1.885250 55.343071 0.738902 -6.031789 -21.554587 3.436431 0.986976 -7.213643 0.000609 -0.000046 0.999858 -0.033310 -20.421098 -27.891564 1.245350 -5.040706 70.198547 5.576223 -0.226494 -21.642602 -2.048205 -1.485504 -5.614586 -0.000368 0.000459 0.999688
-43.448215 95.878204 1.512057 174.297672 -71.797146 -175.418364 -0.656925 0.328039 10.161754 -1.343537 2.604646 -2.079318 0.821194 -1.679288 15.296860 0.272344 0.944980 -4.856775 -1.499912 1.152525 -6.634713 -1.010522 8.785838 -6.853537 0.000089 -0.000482 -0.000556 -0.054272 0.605840 -2.328120 -0.066140 -2.134497 2.758093 -0.373563 -0.365057 2.804407 4.750605 -9.748471 12.065848 -66.184500 -36.670967 -7.538874 -170.155405 -67.929298 175.293368 35.790312 -12.686729 -3.953102 -6.821477 -2.978363 11.605556 -7.937116 -9.766466 3.896807 -0.510837 -12.427917 -20.985229 -0.000384 0.000554 -0.000224 -2.996083 6.059051 2.126446 0.140180 -3.528694 10.115758 -5.478458 4.058255 -0.604806 5.569512 -4.167583 2.882748 0.000445 -0.000800 0.000271 -1.772124 5.286159 3.351627 -4.438602 5.691834 9.446256 -5.212488 2.382632 0.362954 6.913848 -2.613285 8.433673 0.000154 -0.000483 0.000450 1.606884 7.115941 -11.038908 -12.312130 11.931524 20.495478 -7.221268 0.930152 1.186353 -4.139005 0.937274 4.030325 0.000584 0.000193 -0.000080 5.458272 8.893371 -5.442879 -21.220301 12.011514 15.452607 -4.741385 2.070473 0.555919 5.928046 0.866256 5.095776 0.000154 -0.000006 -0.000011 -9.834503 10.237609 13.088922 78.842471 35.910012 -5.566861 173.102873 53.361738 178.491957 -40.353148 6.211502 -7.143315 12.182272 3.303036 9.841732 10.250515 12.576491 2.757189 1.036321 7.888712 -7.192110 -0.000222 0.000334 -0.000264 9.625693 -7.601005 1.360344 8.887511 -2.478392 10.480005 2.179198 1.340420 -0.394108 -3.871875 1.295393 -18.091798 -0.000231 0.000139 -0.000094 7.092049 -5.448129 0.560760 10.602916 -5.300967 8.456152 8.481767 2.787576 -0.364021 -4.652009 2.778557 6.208707 -0.000083 0.000738 -0.000141 2.840539 -5.512695 -12.008493 18.141793 -12.271828 20.176649 9.073001 2.511147 -1.115224 8.041478 0.533289 -1.609271 0.000346 0.002388 -0.000927 -1.177024 -7.155844 -5.697722 27.959818 -7.982310 12.722028 7.399645 3.613301 0.522822 -0.173901 0.000621 4.343309 -0.004569 0.002981 0.000170 -3.878280 7.338863 -25.210880 3.348790 1.940468 57.392137 0.824903 -6.026779 -21.837466 3.496896 0.917837 -7.561119 0.000611 -0.000057 0.999826 -0.013310 -20.610642 -28.956712 1.326003 -5.157719 72.541898 5.323672 0.033249 -21.707945 -1.984373 -1.367571 -5.930301 -0.000366 0.000468 0.999887
-43.259140 95.107849 1.428561 174.162205 -71.850868 -175.479883 -0.705407 0.339421 10.398911 -1.304777 2.669424 -1.858405 0.852672 -1.762811 15.362066 0.269025 0.958956 -4.799641 -1.733601 1.160909 -7.332470 -1.030529 9.102937 -7.298108 0.000106 -0.000455 -0.000598 -0.087989 0.600098 -2.260882 -0.059269 -2.134885 2.673046 -0.369231 -0.364609 2.718801 4.901199 -10.079056 11.595305 -65.499200 -38.294005 -8.856713 -171.456200 -67.006944 176.771954 35.190212 -12.547798 -4.460342 -5.891960 -3.644837 11.040389 -8.452664 -10.134079 4.218720 -0.521534 -12.992159 -21.441934 -0.000352 0.000571 -0.000200 -3.055868 5.673245 1.985952 1.225079 -3.683490 9.764339 -4.963386 4.062825 -0.814997 5.619521 -4.129715 2.712765 0.000461 -0.000818 0.000255 -1.979969 5.050170 3.130776 -3.268147 5.570057 9.313635 -4.590688 2.401458 0.200267 6.944040 -2.616531 8.461942 0.000130 -0.000431 0.000457 1.281688 6.892036 -11.328438 -11.119008 11.561468 20.674436 -6.533387 0.886448 1.154010 -3.932290 0.910940 4.118108 0.000581 0.000244 -0.000090 5.108395 8.640330 -5.771752 -19.882369 11.950646 15.691063 -3.996320 2.127992 0.546061 6.117010 0.776904 5.197963 0.000137 0.000001 0.000022 -10.112527 10.672405 12.607626 78.800874 37.888987 -5.695955 173.825319 53.100406 179.636908 -39.270343 6.202021 -7.681773 11.172527 4.095546 9.492261 10.896677 13.007344 3.176873 1.087650 8.374325 -7.406514 -0.000210 0.000376 -0.000249 9.709455 -7.009368 1.419462 7.221018 -2.072467 10.249701 1.270573 1.130148 -0.572904 -3.970989 1.101368 -18.622957 -0.000163 0.000101 -0.000103 7.280591 -4.972946 0.342311 8.787859 -5.158912 8.432346 7.543894 2.713097 -0.500882 -4.840148 2.690067 6.250840 -0.000018 0.000683 -0.000106 3.121076 -5.016526 -12.336186 16.240915 -11.952414 20.475673 8.074209 2.551172 -1.153913 7.729972 0.543806 -1.605839 0.000399 0.002253 -0.000931 -0.971847 -6.647925 -6.199544 26.196685 -8.213062 12.911335 6.346818 3.517346 0.509592 -0.509339 0.046243 4.570425 -0.004438 0.002800 0.000171 -3.891296 7.649619 -26.445681 3.491678 1.998954 59.501993 0.967559 -5.877578 -22.338057 3.536585 0.877580 -7.868246 0.000610 -0.000065 0.999783 0.003625 -21.003706 -29.974259 1.427994 -5.296074 74.945881 5.106956 0.268730 -21.909968 -1.897813 -1.282919 -6.205546 -0.000341 0.000483 1.000089
-43.068981 94.436905 1.344982 174.219275 -72.098663 -175.775229 -0.780074 0.373661 10.587535 -1.249310 2.736386 -1.670367 0.893370 -1.875567 15.461077 0.274458 0.978773 -4.765542 -1.933147 1.159229 -8.104657 -0.990745 9.374764 -7.571582 0.000138 -0.000455 -0.000636 -0.114359 0.600822 -2.210233 -0.047342 -2.120740 2.594394 -0.359672 -0.350023 2.639541 5.002849 -10.515274 11.127059 -64.797201 -39.807335 -10.097121 -172.717353 -66.418946 178.273680 34.298261 -12.162402 -4.764711 -4.907395 -4.261958 10.487995 -8.961519 -10.462517 4.534558 -0.539523 -13.522741 -21.860028 -0.000330 0.000601 -0.000179 -3.129149 5.334028 1.864593 2.329066 -3.772276 9.401836 -4.359639 4.106977 -1.027327 5.679792 -4.111455 2.628140 0.000488 -0.000841 0.000249 -2.197575 4.836020 2.939421 -2.091226 5.474254 9.181502 -3.883904 2.470617 0.037815 7.005438 -2.632138 8.542291 0.000107 -0.000388 0.000483 0.941471 6.679435 -11.583761 -9.862198 11.180026 20.850930 -5.735328 0.859900 1.110944 -3.687149 0.871121 4.204709 0.000600 0.000303 -0.000123 4.749887 8.378274 -6.080229 -18.475383 11.869279 15.958387 -3.172206 2.209161 0.528376 6.361195 0.687914 5.287528 0.000122 0.000025 0.000038 -10.266432 11.059861 12.198065 78.759987 39.687736 -5.863465 174.609645 52.967500 -179.077373 -38.109235 6.080507 -8.058693 10.130864 4.829949 9.161433 11.527331 13.409394 3.599414 1.155991 8.828718 -7.606198 -0.000195 0.000407 -0.000234 9.766552 -6.436617 1.515439 5.594896 -1.678583 9.997149 0.315358 0.918175 -0.755015 -4.092739 0.916017 -19.088887 -0.000072 0.000047 -0.000111 7.447210 -4.471888 0.144933 7.024065 -5.042289 8.416467 6.558785 2.625213 -0.655752 -5.038576 2.611727 6.287923 0.000053 0.000639 -0.000080 3.388645 -4.490980 -12.641952 14.362090 -11.598963 20.766565 7.045055 2.575714 -1.214019 7.414502 0.570487 -1.610370 0.000416 0.002163 -0.000919 -0.789052 -6.093611 -6.700879 24.437774 -8.416759 13.102684 5.290377 3.404466 0.485103 -0.855925 0.100261 4.771959 -0.004340 0.002660 0.000175 -3.816583 7.963507 -27.539804 3.596199 2.032741 61.407987 1.091065 -5.889017 -22.544630 3.600979 0.828453 -8.222714 0.000608 -0.000080 0.999742 0.063467 -21.314510 -30.860851 1.566301 -5.456102 77.025067 4.959823 0.419868 -21.941431 -1.837201 -1.169370 -6.397313 -0.000302 0.000521 1.000238
-42.877953 93.851875 1.261357 174.397298 -72.466618 -176.177832 -0.871389 0.428149 10.731023 -1.182784 2.801710 -1.503659 0.921015 -1.988878 15.565237 0.289286 0.994124 -4.738582 -2.081943 1.148650 -8.872098 -0.901747 9.612792 -7.668985 0.000173 -0.000473 -0.000656 -0.134880 0.604864 -2.175208 -0.035398 -2.106057 2.535299 -0.349520 -0.335445 2.580221 5.021474 -11.002185 10.648618 -64.127150 -41.044250 -11.164573 -173.911809 -66.152932 179.756421 33.321026 -11.684653 -4.989149 -3.986881 -4.892914 9.952828 -9.449573 -10.775369 4.868245 -0.545944 -14.091829 -22.294555 -0.000319 0.000631 -0.000164 -3.242358 5.041117 1.764502 3.520543 -3.849226 9.034130 -3.654432 4.200458 -1.223312 5.795153 -4.112860 2.605535 0.000516 -0.000863 0.000251 -2.437574 4.647971 2.765281 -0.869867 5.391172 9.084405 -3.075152 2.588419 -0.109287 7.124951 -2.665720 8.690882 0.000092 -0.000360 0.000516 0.583684 6.493115 -11.797823 -8.566951 10.815536 21.032614 -4.819070 0.847325 1.066014 -3.363318 0.814037 4.332977 0.000627 0.000354 -0.000165 4.392600 8.155803 -6.358226 -17.074176 11.780112 16.243152 -2.248122 2.314434 0.509401 6.687349 0.581374 5.413183 0.000109 0.000054 0.000043 -10.322160 11.388629 11.833108 78.729307 41.234386 -5.971743 175.377022 52.891441 -177.788297 -37.018890 5.996891 -8.270388 9.138038 5.541737 8.877205 12.136784 13.821459 4.050191 1.198866 9.333468 -7.817712 -0.000172 0.000412 -0.000230 9.819299 -5.856528 1.641521 3.928000 -1.301698 9.745668 -0.703867 0.696328 -0.927511 -4.231586 0.715848 -19.572353 0.000009 -0.000010 -0.000122 7.574960 -3.939955 -0.028514 5.259488 -4.934478 8.408251 5.512434 2.504835 -0.815007 -5.258580 2.534501 6.333478 0.000097 0.000618 -0.000069 3.615707 -3.942390 -12.938067 12.475548 -11.216242 21.050138 5.965140 2.586736 -1.278746 7.068640 0.591813 -1.596449 0.000394 0.002168 -0.000890 -0.679957 -5.510634 -7.187523 22.682596 -8.603398 13.297328 4.189593 3.274736 0.457199 -1.241126 0.162507 5.002001 -0.004314 0.002616 0.000183 -3.702847 8.283166 -28.547784 3.657475 2.056891 63.095172 1.188311 -6.035546 -22.534008 3.666480 0.782655 -8.541654 0.000608 -0.000098 0.999710 0.169311 -21.528674 -31.683996 1.718348 -5.615770 78.758411 4.856599 0.383787 -21.903209 -1.804346 -1.060249 -6.537605 -0.000262 0.000565 1.000290
-42.686260 93.359367 1.177725 174.647667 -73.015652 -176.657481 -0.980066 0.507446 10.857729 -1.110267 2.849849 -1.353332 0.936374 -2.104813 15.706206 0.329391 0.995632 -4.699354 -2.168042 1.136838 -9.635180 -0.780469 9.832587 -7.638092 0.000208 -0.000507 -0.000659 -0.153931 0.608629 -2.159492 -0.024843 -2.098407 2.502109 -0.339997 -0.328290 2.547077 5.031355 -11.522755 10.186909 -63.560331 -42.076783 -12.008152 -174.941871 -66.044731 -178.953653 32.154032 -11.164298 -5.194944 -3.055397 -5.564065 9.395589 -9.972862 -11.071671 5.241888 -0.555692 -14.700807 -22.742286 -0.000315 0.000661 -0.000157 -3.397215 4.774751 1.651514 4.732388 -3.911722 8.654943 -2.918010 4.327481 -1.417274 5.958860 -4.130783 2.593780 0.000547 -0.000890 0.000264 -2.724534 4.479579 2.572651 0.364163 5.297582 9.004594 -2.226175 2.731586 -0.250959 7.275465 -2.715221 8.870168 0.000080 -0.000340 0.000554 0.172107 6.324293 -12.001976 -7.251426 10.450469 21.204797 -3.823984 0.821193 1.011964 -2.968925 0.736705 4.490701 0.000661 0.000398 -0.000216 3.993855 7.949648 -6.625814 -15.641837 11.665589 16.533806 -1.240885 2.418529 0.481106 7.088299 0.456328 5.556390 0.000100 0.000086 0.000035 -10.306121 11.676147 11.528129 78.782767 42.587722 -5.958205 176.118351 52.799204 -176.526597 -35.850449 5.944908 -8.331288 8.132848 6.276500 8.562847 12.784282 14.227156 4.543418 1.225929 9.862263 -8.035088 -0.000143 0.000394 -0.000235 9.911120 -5.285256 1.762307 2.291566 -0.937586 9.468056 -1.750325 0.464113 -1.092568 -4.407779 0.493995 -20.112105 0.000076 -0.000069 -0.000138 7.720533 -3.414348 -0.212650 3.526670 -4.790931 8.379853 4.459356 2.370270 -0.981087 -5.478058 2.467067 6.385281 0.000113 0.000617 -0.000071 3.846261 -3.395929 -13.249014 10.647782 -10.804456 21.298521 4.870862 2.597094 -1.355672 6.693455 0.618448 -1.565188 0.000336 0.002252 -0.000848 -0.606915 -4.927036 -7.664082 20.974220 -8.745188 13.469162 3.078789 3.144385 0.410654 -1.643084 0.249853 5.250839 -0.004349 0.002650 0.000200 -3.553488 8.574966 -29.537533 3.663394 2.080080 64.615428 1.203052 -6.270833 -22.241289 3.735820 0.718155 -8.831239 0.000617 -0.000115 0.999683 0.322258 -21.612094 -32.480851 1.849310 -5.772605 80.148082 4.760134 0.190777 -21.798566 -1.818854 -0.932596 -6.646520 -0.000226 0.000615 1.000261
-42.494118 92.780998 1.094126 174.764980 -73.511627 -177.003646 -1.089664 0.576218 10.945334 -1.046158 2.927145 -1.217581 0.903495 -2.204596 15.849239 0.374994 0.981189 -4.572825 -2.228436 1.104334 -10.304337 -0.700019 10.032801 -7.658400 0.000229 -0.000540 -0.000654 -0.174301 0.618300 -2.130431 -0.022406 -2.122470 2.470443 -0.338553 -0.353099 2.515688 4.956239 -12.074828 9.719765 -63.133180 -42.831165 -12.689521 -176.204260 -65.937538 -177.365297 31.007313 -10.878606 -5.560504 -2.291323 -6.170523 8.904791 -10.435316 -11.368375 5.552862 -0.576755 -15.230625 -23.110305 -0.000304 0.000700 -0.000152 -3.547725 4.438245 1.496160 5.734815 -3.938206 8.304881 -2.279836 4.418085 -1.595595 6.095961 -4.138122 2.555098 0.000590 -0.000912 0.000280 -3.015670 4.244039 2.337210 1.396772 5.231888 8.925896 -1.456990 2.838186 -0.379837 7.428095 -2.750935 8.984677 0.000061 -0.000319 0.000589 -0.222194 6.091594 -12.221577 -6.174071 10.137506 21.343542 -2.930008 0.788216 0.956136 -2.646564 0.664556 4.575912 0.000695 0.000443 -0.000253 3.577908 7.708508 -6.946276 -14.446729 11.566330 16.789717 -0.350776 2.506520 0.445906 7.413521 0.346994 5.659746 0.000103 0.000103 0.000037 -10.325272 12.015255 11.168990 78.993503 43.871031 -5.795103 176.985802 52.769061 -175.115394 -34.771777 6.027626 -8.359861 7.294560 6.843501 8.402460 13.347655 14.618962 4.960760 1.230172 10.368692 -8.226479 -0.000107 0.000368 -0.000246 9.981314 -4.654066 1.919523 0.761782 -0.672032 9.223559 -2.810161 0.184527 -1.219048 -4.605698 0.275228 -20.464271 0.000116 -0.000115 -0.000166 7.817548 -2.841571 -0.368737 1.931327 -4.691819 8.353485 3.361083 2.137237 -1.124842 -5.786998 2.380638 6.452372 0.000089 0.000625 -0.000072 4.010231 -2.784581 -13.552663 8.903542 -10.427654 21.535792 3.774728 2.532337 -1.394347 6.315677 0.609513 -1.530452 0.000263 0.002366 -0.000801 -0.595972 -4.272584 -8.166214 19.317074 -8.922471 13.669672 2.026688 2.909454 0.393365 -2.075299 0.291657 5.499117 -0.004403 0.002713 0.000234 -3.445132 8.977789 -30.627638 3.698034 2.160499 66.255523 1.147052 -6.471259 -22.054276 3.782143 0.656666 -8.979137 0.000622 -0.000120 0.999650 0.449334 -21.955899 -33.283796 1.966099 -5.925841 81.545427 4.689171 -0.266380 -21.974853 -1.831530 -0.831475 -6.768466 -0.000172 0.000661 1.000208
-42.301739 92.272270 1.010603 174.969932 -74.091316 -177.523153 -1.243704 0.678067 10.980144 -0.969013 3.030126 -1.096915 0.863293 -2.335786 16.056729 0.454297 0.974289 -4.407374 -2.240716 1.058533 -10.931342 -0.629973 10.216981 -7.711292 0.000257 -0.000584 -0.000643 -0.195307 0.638686 -2.103794 -0.019740 -2.153356 2.451013 -0.336506 -0.384835 2.496790 4.880110 -12.679348 9.267574 -62.832333 -43.449440 -13.243097 -177.598170 -65.918805 -175.591352 29.640300 -10.562137 -5.919436 -1.535911 -6.672619 8.481508 -10.897246 -11.641432 5.810161 -0.639957 -15.637745 -23.365058 -0.000295 0.000750 -0.000139 -3.664498 4.071294 1.309314 6.521662 -3.906648 7.972691 -1.751063 4.489669 -1.764506 6.203385 -4.142714 2.524725 0.000641 -0.000937 0.000294 -3.289912 3.966401 2.083697 2.226787 5.186630 8.825024 -0.793176 2.935215 -0.500467 7.574937 -2.771379 9.041076 0.000036 -0.000298 0.000635 -0.599682 5.809951 -12.452704 -5.269704 9.844699 21.444940 -2.124928 0.755248 0.890851 -2.384975 0.597680 4.573729 0.000743 0.000499 -0.000295 3.165645 7.394095 -7.304808 -13.392372 11.463092 17.024115 0.435826 2.590347 0.405098 7.703092 0.266427 5.687142 0.000112 0.000121 0.000036 -10.325995 12.346787 10.866023 79.290815 45.082161 -5.733900 177.946038 52.643949 -173.588032 -33.583948 6.147478 -8.339396 6.558647 7.258528 8.322236 13.883613 14.923335 5.312323 1.266130 10.756160 -8.367607 -0.000064 0.000343 -0.000256 10.052945 -4.051253 2.106717 -0.522557 -0.476771 8.995265 -3.795438 -0.126132 -1.302138 -4.849836 0.080207 -20.604801 0.000166 -0.000164 -0.000202 7.903787 -2.275860 -0.489670 0.576239 -4.626668 8.330814 2.354495 1.849793 -1.248563 -6.140283 2.298623 6.528043 0.000067 0.000635 -0.000075 4.133631 -2.158020 -13.809493 7.405148 -10.111462 21.739122 2.777054 2.387148 -1.424220 5.953303 0.603098 -1.496433 0.000175 0.002483 -0.000747 -0.639113 -3.592829 -8.635613 17.889018 -9.096092 13.853911 1.129740 2.592173 0.383640 -2.507239 0.316487 5.701324 -0.004459 0.002771 0.000275 -3.267325 9.409446 -31.655549 3.701089 2.282581 67.749708 1.001014 -6.772723 -21.711256 3.857219 0.571923 -9.113515 0.000621 -0.000127 0.999609 0.620266 -22.420992 -33.978831 2.109675 -6.061661 82.679253 4.662989 -0.842252 -22.241236 -1.864567 -0.717011 -6.871027 -0.000107 0.000723 1.000151
-42.109337 91.805664 0.927199 175.343234 -74.501713 -178.289853 -1.428208 0.795108 10.995312 -0.871124 3.171340 -0.974415 0.822388 -2.493533 16.205646 0.558576 0.973827 -4.246252 -2.208555 1.018042 -11.472182 -0.569533 10.398519 -7.776589 0.000287 -0.000605 -0.000640 -0.212273 0.662578 -2.068340 -0.017323 -2.189188 2.418176 -0.335099 -0.421143 2.464949 4.780750 -13.188881 8.853598 -62.574730 -43.914172 -13.735779 -179.059277 -65.970932 -173.739792 28.364746 -10.232013 -6.127982 -0.883199 -7.044040 8.177306 -11.316634 -11.895788 5.998199 -0.733736 -15.919009 -23.510015 -0.000275 0.000802 -0.000109 -3.745328 3.699426 1.153918 7.080548 -3.827337 7.689798 -1.314070 4.550263 -1.905017 6.270788 -4.137280 2.513294 0.000687 -0.000954 0.000293 -3.505837 3.668622 1.863567 2.828063 5.188159 8.723436 -0.246378 3.033217 -0.593161 7.697388 -2.767718 9.060971 0.000001 -0.000260 0.000673 -0.903415 5.506987 -12.648649 -4.576253 9.617912 21.527685 -1.458486 0.755423 0.836692 -2.214866 0.551473 4.514910 0.000783 0.000567 -0.000328 2.837776 7.051510 -7.651430 -12.566569 11.391082 17.245491 1.064872 2.695070 0.381925 7.918634 0.217415 5.675965 0.000119 0.000134 0.000043 -10.306388 12.654603 10.576307 79.461788 46.117212 -5.862426 178.881388 52.487779 -172.130377 -32.480031 6.256214 -8.246106 5.994974 7.498988 8.356796 14.324060 15.129398 5.561012 1.329390 11.021320 -8.453910 -0.000024 0.000338 -0.000260 10.091953 -3.525981 2.331916 -1.498907 -0.348062 8.816333 -4.607334 -0.404553 -1.354833 -5.072667 -0.069565 -20.580812 0.000235 -0.000212 -0.000239 7.941967 -1.743560 -0.526388 -0.451706 -4.640149 8.328497 1.534592 1.567399 -1.342073 -6.477627 2.229691 6.578326 0.000068 0.000626 -0.000059 4.184006 -1.557597 -13.970084 6.249951 -9.915240 21.926751 1.971163 2.210701 -1.442510 5.671365 0.602009 -1.487659 0.000120 0.002543 -0.000705 -0.748640 -2.938537 -9.018652 16.791775 -9.283817 14.039249 0.440533 2.264275 0.396510 -2.869422 0.318491 5.828368 -0.004467 0.002773 0.000309 -3.053000 9.907656 -32.574774 3.719019 2.400922 69.086794 0.843482 -7.096053 -21.348270 3.941188 0.493800 -9.222624 0.000609 -0.000134 0.999560 0.874515 -22.897568 -34.641670 2.312318 -6.149141 83.638155 4.675788 -1.425406 -22.579505 -1.890172 -0.613351 -6.910823 -0.000035 0.000782 1.000140
-41.917122 91.332611 0.843958 175.814353 -74.769977 -179.156140 -1.620692 0.930373 11.110032 -0.743958 3.295430 -0.817246 0.825077 -2.621975 16.248533 0.672469 0.978638 -4.176330 -2.167099 1.021001 -11.993957 -0.500997 10.607498 -7.797559 0.000324 -0.000605 -0.000639 -0.230779 0.678326 -2.038941 -0.012959 -2.215909 2.357165 -0.332610 -0.448204 2.405734 4.830076 -13.557855 8.431161 -62.191302 -44.496757 -14.345423 179.673602 -65.930323 -172.130712 27.473301 -9.796741 -6.327245 -0.245551 -7.366030 7.911859 -11.720239 -12.125485 6.193196 -0.810443 -16.173506 -23.666620 -0.000254 0.000840 -0.000068 -3.820519 3.420622 1.077463 7.568425 -3.766609 7.456065 -0.936143 4.642629 -2.015547 6.333975 -4.134981 2.512260 0.000712 -0.000966 0.000279 -3.684594 3.445969 1.710676 3.341938 5.202400 8.653597 0.215937 3.159038 -0.657271 7.786579 -2.761826 9.101504 -0.000027 -0.000214 0.000703 -1.166454 5.277919 -12.802567 -3.957328 9.441858 21.614235 -0.901801 0.794941 0.807202 -2.064160 0.520107 4.493516 0.000811 0.000635 -0.000363 2.588004 6.776622 -7.919642 -11.835378 11.338999 17.463509 1.579338 2.811812 0.385632 8.117016 0.180976 5.680943 0.000113 0.000151 0.000050 -10.332553 12.914661 10.294337 79.335396 47.177088 -6.230246 179.561405 52.114276 -171.040282 -31.541307 6.261675 -8.313222 5.439170 7.762699 8.304268 14.736577 15.261484 5.803003 1.410454 11.196869 -8.540264 0.000015 0.000337 -0.000263 10.120987 -3.142523 2.513612 -2.205382 -0.235890 8.662008 -5.193901 -0.626233 -1.398632 -5.235294 -0.179578 -20.613815 0.000318 -0.000268 -0.000268 7.993712 -1.340453 -0.532439 -1.217778 -4.664856 8.322769 0.969741 1.360363 -1.417483 -6.704711 2.198611 6.633057 0.000093 0.000606 -0.000039 4.243671 -1.090675 -14.083855 5.427392 -9.804552 22.079752 1.389500 2.058268 -1.470475 5.456395 0.619270 -1.461387 0.000097 0.002586 -0.000671 -0.828482 -2.423393 -9.302665 16.009649 -9.441808 14.182069 -0.060694 1.999575 0.402403 -3.141516 0.342809 5.934371 -0.004454 0.002763 0.000325 -2.816180 10.442289 -33.558684 3.738876 2.494205 70.479117 0.754686 -7.500751 -20.938925 4.026449 0.431647 -9.359879 0.000593 -0.000149 0.999518 1.231230 -23.253133 -35.423165 2.525462 -6.201203 84.574953 4.618367 -1.814048 -22.724524 -1.924047 -0.515374 -6.921134 0.000021 0.000831 1.000144
-41.725311 89.716644 0.760924 177.504506 -71.391234 176.295882 -2.075931 0.314056 12.191180 -0.304384 3.269362 -0.106278 0.544651 -1.814600 16.533259 1.878707 -0.364415 -3.728420 -1.567488 1.632187 -13.484890 -0.843733 14.342688 -8.401497 0.000033 -0.000386 -0.000696 -0.429517 0.524488 -2.299778 -0.081870 -3.246078 0.693806 -0.452894 -1.481802 0.744783 5.467543 -14.469585 7.024623 -58.089395 -44.993784 -19.582107 173.041862 -65.287641 -165.096882 24.173972 -11.412816 -6.898438 4.072721 -10.290870 4.393651 -12.133822 -13.908886 8.539618 0.074081 -20.135676 -26.710433 0.000053 0.000798 -0.000192 -2.969404 2.432352 -0.015682 11.960228 -4.355010 5.874395 2.165304 5.750621 -2.826583 7.494631 -4.338683 2.193670 0.000865 -0.000798 0.000451 -3.701881 3.186330 0.370634 7.533248 4.316244 8.185907 4.502598 3.600073 -1.066619 8.961479 -3.202479 10.333578 -0.000287 -0.000097 0.000363 -2.204371 5.158351 -13.597862 0.904456 7.567131 21.170982 4.123435 0.479059 0.571793 0.883722 -0.039105 5.736238 0.000477 0.000493 0.000040 1.960315 6.564861 -9.829161 -6.799196 10.420043 18.037550 7.252821 3.395602 0.434863 11.013624 -0.787804 7.265862 0.000493 -0.000140 0.000205 -10.808166 13.282758 10.394406 82.248609 51.101287 -6.284023 179.290193 49.280203 -171.701975 -30.621579 9.062491 -5.954217 4.059275 9.930258 7.629037 16.700166 16.039449 7.764570 0.673140 14.226568 -9.330534 -0.000286 0.000479 -0.000124 12.153969 -1.895853 2.452100 -6.967366 -0.031875 8.535678 -8.366129 -0.743970 -1.623260 -5.852986 -1.990122 -24.646343 -0.000085 0.000061 -0.000243 9.150187 -0.234691 -1.104742 -4.971008 -3.564903 7.783440 -2.062699 1.517117 -2.004272 -7.519334 2.153066 6.545865 0.000016 0.000436 0.000218 5.493951 0.588058 -14.960453 1.455906 -8.991479 22.457392 -2.294539 3.047403 -1.541950 4.004278 0.581876 -1.607320 0.000648 0.001855 -0.001043 -0.756318 -1.048317 -10.732967 12.531972 -9.126599 14.049976 -4.715394 3.261492 0.042573 -4.327720 1.105258 6.999198 -0.003916 0.002242 0.000486 -2.732000 10.985419 -34.605768 3.147438 0.576613 75.340172 -1.343715 -9.851896 -17.275106 3.948308 1.047902 -9.752492 0.000944 0.000184 0.999543 2.207808 -26.670298 -37.679361 2.012160 -5.476893 89.178518 2.561948 -5.226678 -20.154900 -4.282233 -1.284863 -6.246255 -0.000200 0.000490 1.000897
-41.534115 89.248741 0.678142 177.381663 -71.613034 176.374372 -2.127744 0.435491 12.245164 -0.237198 3.322712 0.091906 0.568861 -1.832739 16.657963 1.931848 -0.293767 -3.931752 -1.475824 1.724702 -13.730058 -0.731161 14.250800 -7.984151 0.000021 -0.000383 -0.000638 -0.437406 0.550131 -2.261819 -0.077140 -3.253823 0.669059 -0.448937 -1.490644 0.722992 5.690081 -14.866508 6.494910 -57.025818 -45.580703 -20.620270 172.370508 -65.172390 -164.372814 24.073762 -11.355073 -6.888823 4.319476 -10.512933 4.250821 -12.298611 -14.044922 8.824453 0.124133 -20.349355 -26.982517 0.000064 0.000810 -0.000170 -3.107069 2.415146 -0.033881 12.449693 -4.431934 5.694058 2.537735 5.975286 -2.776252 7.604908 -4.441510 2.481088 0.000889 -0.000771 0.000473 -3.830483 3.105088 0.339088 7.968951 4.251963 8.181320 4.945926 3.813158 -1.083251 9.112972 -3.279582 10.633413 -0.000305 -0.000076 0.000359 -2.342622 5.069882 -13.621414 1.432742 7.416616 21.069148 4.599220 0.606609 0.579921 1.122638 -0.076350 5.819008 0.000475 0.000515 0.000044 1.860868 6.500868 -9.918616 -6.242972 10.245989 18.045323 7.668820 3.497458 0.467402 11.317045 -0.816224 7.312111 0.000517 -0.000159 0.000233 -10.772790 13.075215 10.158043 81.823425 52.154832 -6.742213 179.302375 48.083807 -171.706121 -30.434028 9.146580 -5.867047 4.161478 9.998595 7.677986 16.837120 16.029091 7.956800 0.635639 14.303631 -9.441074 -0.000216 0.000400 -0.000176 12.347548 -1.938035 2.502719 -7.481568 -0.018761 8.569459 -8.682748 -0.963637 -1.538533 -5.827862 -2.015631 -24.686341 -0.000133 0.000069 -0.000298 9.284973 -0.261122 -1.066845 -5.447579 -3.557072 7.863893 -2.228700 1.334443 -2.010669 -7.608792 2.141590 6.703019 -0.000090 0.000469 0.000211 5.562205 0.575649 -15.034585 1.087957 -8.913749 22.522457 -2.517260 2.899275 -1.519742 3.905190 0.524645 -1.473904 0.000582 0.002128 -0.000992 -0.773498 -1.052249 -10.817572 12.294657 -9.215765 14.085581 -4.837919 3.106669 0.065415 -4.500822 1.113473 7.183543 -0.004083 0.002466 0.000537 -2.616499 11.395145 -35.840448 3.054299 0.720722 76.315357 -1.606644 -10.506884 -17.245648 3.909845 1.147160 -9.532372 0.000949 0.000199 0.999512 2.703980 -26.841248 -38.807994 2.296105 -5.835434 89.694959 2.534424 -5.149833 -20.307780 -4.453555 -1.300679 -6.275711 -0.000174 0.000482 1.000690
-41.343750 88.174904 0.595656 176.570070 -71.999720 177.706112 -1.839274 0.909464 12.740443 -0.057441 3.323704 0.878540 0.627292 -1.568922 15.582350 2.341767 -0.536396 -4.285901 -1.440915 2.285834 -13.411127 -0.632585 13.816575 -7.367765 -0.000072 -0.000284 -0.000700 -0.421470 0.542894 -2.184920 -0.082409 -3.269576 0.556785 -0.457437 -1.500820 0.615922 5.964701 -15.093644 5.952866 -54.769094 -47.196184 -21.828190 171.934498 -64.622340 -163.945272 25.012940 -11.748238 -8.158915 3.576325 -11.051789 4.404501 -12.200340 -13.957054 8.842076 0.135187 -20.203018 -26.859140 0.000191 0.000780 -0.000197 -3.513902 2.131688 0.154672 12.920551 -4.485361 5.798442 2.487534 6.535938 -2.442126 7.601093 -4.478487 2.968565 0.000873 -0.000677 0.000504 -3.973935 2.820509 0.504566 8.067868 4.589901 8.451127 4.802204 4.208618 -1.057358 9.028946 -3.343325 11.064440 -0.000311 0.000054 0.000288 -2.450051 4.993692 -13.389109 1.402879 7.813644 20.994827 4.366752 1.062768 0.689066 1.003797 -0.042614 6.072452 0.000423 0.000482 0.000087 1.831448 6.720847 -9.515917 -6.568075 10.536798 17.854497 7.354408 3.640741 0.473435 11.302565 -0.839959 7.582027 0.000482 -0.000302 0.000264 -11.969458 13.000617 9.488449 79.477489 54.992699 -9.404250 177.844385 45.058284 -174.751081 -32.625148 10.035615 -9.058657 4.889769 9.863222 7.732043 16.147239 15.359970 7.627325 0.607454 13.886159 -9.477692 -0.000288 0.000431 -0.000146 11.870735 -2.654919 2.244919 -6.776155 -0.389740 9.112101 -7.454296 -0.778390 -1.300114 -5.150359 -1.611857 -24.829093 -0.000019 0.000069 -0.000220 8.944783 -1.059022 -0.666856 -4.579007 -3.601216 7.976826 -0.609470 1.657271 -2.069230 -6.875828 2.272289 6.620611 0.000088 0.000395 0.000336 5.218667 -0.218622 -14.812357 2.621921 -9.536455 22.294788 -1.047414 2.785637 -1.540466 4.441749 0.477310 -1.379156 0.000831 0.001977 -0.001076 -0.726844 -1.775829 -10.370853 14.238408 -9.402445 13.656992 -3.668769 3.187797 0.145418 -3.957268 1.075824 7.066454 -0.003817 0.002381 0.000460 -2.175752 11.849424 -37.401957 3.598258 1.837529 78.114695 -1.245479 -10.450368 -20.492438 3.921579 1.316787 -9.552640 0.000802 0.000219 0.999558 3.079004 -25.392639 -40.722313 2.333686 -6.641995 91.374849 1.820349 -6.200140 -22.012353 -3.879781 -1.678202 -6.636321 -0.000042 0.000378 1.000918
-41.154427 87.645149 0.513512 175.198458 -72.300066 179.296143 -1.586894 1.067516 13.161536 -0.005897 3.345171 1.180910 0.689818 -1.350707 15.059048 2.367469 -0.618126 -4.461458 -1.887175 2.304965 -13.511242 -0.444168 13.836983 -6.533076 -0.000009 -0.000175 -0.000799 -0.392617 0.520758 -2.197178 -0.091721 -3.253564 0.610901 -0.464984 -1.479648 0.671544 5.942440 -15.412192 5.651310 -53.175893 -48.194667 -22.963570 171.724711 -63.783919 -163.738346 25.681352 -11.500832 -8.105556 3.077699 -11.247544 4.681748 -12.145370 -14.001999 8.783747 0.099627 -19.965840 -26.634348 0.000299 0.000832 -0.000163 -3.801696 1.874303 0.465910 12.957270 -4.443664 5.878690 2.405603 6.846795 -2.291534 7.495920 -4.462367 3.278395 0.000878 -0.000727 0.000485 -4.112600 2.586497 0.659967 7.884421 4.860710 8.602801 4.645475 4.553748 -1.001663 8.901493 -3.360968 11.228840 -0.000329 0.000205 0.000299 -2.602122 4.899367 -13.239916 1.270207 8.082184 20.987088 4.065110 1.356189 0.802104 0.716493 0.031835 6.075225 0.000398 0.000585 0.000035 1.731642 6.775680 -9.227414 -6.792831 10.706258 17.836137 6.916056 3.702072 0.485572 11.100537 -0.773317 7.609105 0.000405 -0.000286 0.000262 -13.204624 13.255088 8.848033 78.202715 57.487984 -10.670476 177.483320 43.348581 -176.030625 -33.470179 9.596444 -11.113127 5.135120 9.825414 7.770833 15.757130 14.849938 7.341634 0.755035 13.377462 -9.392722 -0.000296 0.000509 -0.000108 11.488185 -3.064332 2.249338 -6.080521 -0.670778 9.385168 -6.625012 -0.617600 -1.237017 -4.814007 -1.346375 -24.663347 0.000230 -0.000054 -0.000185 8.720584 -1.560909 -0.469586 -3.743440 -3.611811 7.978326 0.401161 1.790855 -2.116424 -6.413826 2.352384 6.479767 0.000328 0.000263 0.000453 5.061700 -0.667195 -14.611335 3.752133 -9.968509 22.096579 -0.045997 2.658903 -1.566099 4.930254 0.484704 -1.475158 0.001055 0.001695 -0.001121 -0.503493 -2.172407 -10.088719 15.407269 -9.455559 13.396303 -2.787094 3.203142 0.171461 -3.423853 0.987874 6.747145 -0.003528 0.002105 0.000385 -2.052036 11.811622 -38.142903 4.114987 2.555741 79.077888 -0.705285 -10.370885 -22.256392 3.983715 1.276919 -9.574766 0.000670 0.000177 0.999571 3.073929 -24.441953 -41.612515 2.206578 -7.107179 92.089696 1.069235 -7.022389 -23.058813 -3.572423 -1.669847 -6.940706 0.000144 0.000395 1.001283
-40.966217 87.394089 0.431726 174.821445 -72.764675 179.656957 -1.508277 1.135066 13.246288 0.014389 3.371770 1.261246 0.814028 -1.319329 15.089553 2.295970 -0.578324 -4.451232 -2.054273 2.273889 -13.731601 -0.450247 14.037566 -6.540256 0.000010 -0.000124 -0.000818 -0.376843 0.514985 -2.215206 -0.092958 -3.286175 0.538170 -0.468479 -1.512471 0.599203 6.096841 -15.689301 5.399306 -52.442163 -48.816177 -23.633813 171.520317 -63.217027 -163.432024 25.725014 -11.506739 -8.197690 2.940585 -11.265657 4.762566 -12.157041 -14.059004 8.761956 0.107802 -19.992312 -26.616324 0.000331 0.000857 -0.000120 -3.854387 1.799851 0.559734 12.958768 -4.465587 5.858236 2.505298 6.886528 -2.274874 7.567807 -4.473471 3.313539 0.000885 -0.000720 0.000452 -4.185607 2.488285 0.725105 7.871022 4.887389 8.632300 4.742337 4.595231 -1.010251 8.990122 -3.390035 11.220092 -0.000324 0.000255 0.000306 -2.683303 4.788216 -13.159462 1.268004 8.111622 21.026893 4.099511 1.387907 0.809772 0.731496 0.022101 6.039813 0.000384 0.000626 0.000021 1.674230 6.703184 -9.245629 -6.848113 10.712008 17.876459 6.904885 3.701757 0.508657 11.107334 -0.774165 7.591781 0.000364 -0.000276 0.000292 -13.747044 13.641091 8.493011 78.104708 58.489983 -10.971093 177.702123 42.892826 -175.637980 -33.543500 9.363459 -11.941913 5.108965 9.819633 7.829538 15.741876 14.828178 7.315036 0.789401 13.438220 -9.414879 -0.000271 0.000509 -0.000117 11.421010 -3.066832 2.184878 -6.043146 -0.688113 9.389549 -6.764082 -0.687189 -1.219508 -4.931053 -1.376957 -24.528327 0.000280 -0.000088 -0.000191 8.738511 -1.588166 -0.560204 -3.767506 -3.579118 7.962450 0.258017 1.690126 -2.138365 -6.573390 2.368329 6.531011 0.000365 0.000228 0.000483 5.077102 -0.651157 -14.704603 3.759420 -9.954499 22.068400 -0.153381 2.527476 -1.550761 4.846436 0.472923 -1.426920 0.001118 0.001673 -0.001118 -0.375819 -2.072178 -10.225477 15.268581 -9.521143 13.402074 -2.839725 3.041089 0.186544 -3.488638 0.982182 6.805245 -0.003471 0.002057 0.000365 -1.941604 12.073193 -38.376810 4.207786 2.603191 79.594742 -0.592661 -10.897790 -22.026374 3.952754 1.251087 -9.454750 0.000623 0.000157 0.999555 3.298151 -24.491912 -42.083338 2.314406 -7.199675 92.605790 0.892745 -7.536843 -23.224671 -3.595200 -1.553188 -6.836413 0.000213 0.000399 1.001380
-40.779072 86.804893 0.350284 173.640542 -73.642876 -179.389294 -1.319217 1.047937 13.400323 -0.028771 3.390429 1.511607 0.909172 -1.235815 14.946289 2.172874 -0.556441 -4.522924 -2.308471 2.253239 -14.033567 -0.424668 13.951756 -6.346827 0.000075 0.000018 -0.000830 -0.358467 0.509273 -2.221428 -0.094883 -3.231107 0.563347 -0.469547 -1.456233 0.626920 6.378750 -15.770746 4.946757 -51.810935 -50.047899 -24.419314 171.628873 -62.673678 -163.466398 26.251930 -11.596968 -8.668742 2.571236 -11.252918 4.878622 -12.340412 -14.157019 8.707767 0.120570 -19.922797 -26.423013 0.000418 0.000950 -0.000016 -4.002222 1.448463 0.661368 12.650324 -4.470319 5.845741 2.395824 6.837297 -2.411205 7.671414 -4.341387 3.064324 0.000926 -0.000739 0.000388 -4.301827 2.116663 0.716770 7.547016 4.984069 8.652740 4.592683 4.555838 -1.113299 8.971923 -3.333198 10.990021 -0.000348 0.000387 0.000347 -2.813629 4.425837 -13.179391 0.966361 8.195581 21.087247 3.869069 1.414620 0.811439 0.596906 0.053385 5.970725 0.000378 0.000793 -0.000004 1.571422 6.362818 -9.326732 -7.047394 10.741290 17.946866 6.660504 3.706966 0.495344 10.888915 -0.766141 7.587962 0.000314 -0.000211 0.000351 -14.527048 14.191976 7.831748 77.030837 59.626659 -11.980648 178.360707 42.772325 -174.755735 -33.313456 8.833256 -13.574441 4.967678 9.847074 7.689992 15.755671 14.787639 7.216983 0.886998 13.441961 -9.423636 -0.000183 0.000490 -0.000150 11.199773 -3.036022 1.965877 -5.408925 -0.695812 9.333504 -6.553574 -0.540856 -1.269833 -5.009449 -1.387142 -24.576056 0.000435 -0.000171 -0.000239 8.642239 -1.639593 -0.705050 -3.235748 -3.497164 7.842216 0.443865 1.760830 -2.196642 -6.622344 2.435356 6.516252 0.000455 0.000183 0.000576 5.069775 -0.736353 -14.774846 4.358229 -9.964167 21.842967 -0.001955 2.510681 -1.603115 4.821683 0.522174 -1.419719 0.001203 0.001852 -0.001083 -0.182184 -1.986223 -10.275189 15.540978 -9.520027 13.319651 -2.782121 2.993935 0.148981 -3.418580 1.016721 6.806647 -0.003491 0.002139 0.000341 -1.928289 12.167033 -38.979672 4.613015 2.719562 81.204869 -0.554238 -10.992406 -21.750799 3.753882 1.228528 -9.267132 0.000545 0.000124 0.999475 3.322681 -23.996808 -42.739385 2.157349 -7.183409 93.905236 0.473821 -7.704047 -23.037457 -3.579060 -1.388487 -6.960899 0.000380 0.000440 1.001339
-40.592915 86.367859 0.269174 173.732729 -74.803132 -179.402768 -1.048230 1.176634 13.404472 0.021929 3.397673 1.535989 1.011774 -1.216005 14.672162 2.038085 -0.604451 -4.608162 -2.305510 2.388264 -14.212779 -0.181006 14.329893 -6.094661 -0.000008 0.000187 -0.000906 -0.368595 0.486334 -2.216314 -0.109504 -3.240728 0.560067 -0.484313 -1.462252 0.621479 6.696508 -15.696063 5.099422 -52.807087 -51.399424 -23.846084 172.357854 -61.777312 -164.296798 25.884397 -11.420059 -7.476830 2.092739 -11.404565 5.126454 -12.580822 -14.148508 8.716520 0.298440 -20.257808 -26.484912 0.000572 0.001013 0.000070 -4.371132 1.413659 0.781131 13.139180 -4.318709 5.762882 2.804782 7.008388 -2.625477 7.724301 -4.222509 2.916896 0.001031 -0.000778 0.000392 -4.575055 2.151573 0.818227 8.009219 5.153051 8.664078 4.958325 4.650762 -1.258945 8.939573 -3.322512 11.097537 -0.000522 0.000561 0.000241 -2.975151 4.552453 -13.167893 1.230502 8.253776 21.226475 4.260633 1.376788 0.784004 0.616975 0.031206 6.150957 0.000290 0.000949 0.000152 1.431224 6.535899 -9.195085 -6.834954 10.842317 18.039552 6.993839 3.749404 0.441099 10.803612 -0.893578 7.810333 0.000393 -0.000269 0.000536 -15.216265 14.992477 7.674934 76.678577 59.501349 -11.788182 179.220741 43.673553 -173.625098 -33.096638 8.362011 -13.132596 4.522119 10.448160 7.560668 15.910978 15.149775 7.374740 0.846374 14.196754 -9.601950 -0.000193 0.000644 -0.000102 10.938892 -2.628583 1.819740 -5.967944 -0.419871 9.077103 -7.145709 -0.307734 -1.582902 -5.063701 -1.485256 -25.194232 0.000555 -0.000117 -0.000275 8.597594 -1.354574 -1.052493 -4.026709 -3.254855 7.613320 -0.335456 2.053122 -2.428388 -6.673357 2.435316 6.392639 0.000563 0.000044 0.000778 5.147238 -0.533638 -15.113428 3.581241 -9.508872 21.655634 -0.740226 2.885208 -1.817923 4.685899 0.633037 -1.514449 0.001467 0.001374 -0.001208 0.029127 -1.698179 -10.769223 14.479153 -9.417849 13.288254 -3.655899 3.179719 0.015860 -3.477426 1.146649 6.913554 -0.003080 0.001625 0.000383 -1.695203 11.993492 -39.800263 5.074266 2.682584 82.744523 -0.067314 -11.140134 -21.645075 3.731919 0.954458 -9.191434 0.000551 0.000244 0.999298 3.541548 -23.293838 -42.824648 2.015313 -7.445419 94.369708 0.425086 -8.622396 -24.003535 -3.419936 -1.106735 -6.821301 0.000456 0.000336 1.001829
-40.407692 86.044617 0.188383 173.973338 -75.858288 -179.745276 -0.894188 1.213547 13.397730 0.002856 3.349671 1.483977 1.044303 -1.187789 14.716313 2.004672 -0.672345 -4.703549 -2.181359 2.402387 -14.375154 -0.108486 14.405394 -6.186757 -0.000058 0.000281 -0.000906 -0.375549 0.451184 -2.231908 -0.126971 -3.272817 0.543287 -0.502373 -1.493970 0.603161 6.982919 -15.505844 5.142494 -53.591957 -52.104906 -22.908736 173.185599 -61.389560 -165.516957 25.803225 -11.988294 -7.189983 1.909676 -11.540868 5.148732 -12.616910 -14.128232 8.761176 0.435533 -20.508668 -26.566062 0.000647 0.001026 0.000133 -4.461522 1.327736 0.711632 13.276534 -4.375438 5.686925 2.844246 6.926335 -2.778929 7.828196 -4.152555 2.580892 0.001078 -0.000815 0.000393 -4.706180 2.115344 0.723271 8.248622 5.005884 8.552696 5.072998 4.480528 -1.333399 8.953390 -3.295794 10.981956 -0.000613 0.000650 0.000155 -3.047650 4.513113 -13.292818 1.324562 8.090615 21.190226 4.473866 1.213930 0.718235 0.751490 -0.018634 6.226371 0.000219 0.001021 0.000243 1.345024 6.450983 -9.314121 -6.600650 10.747170 17.974494 7.279310 3.697853 0.395120 10.833979 -1.000435 7.924893 0.000434 -0.000303 0.000629 -15.131807 15.539133 7.628990 76.620689 58.745973 -11.496800 179.794569 44.823456 -172.649192 -32.023998 7.878436 -12.967556 4.237185 10.800246 7.237239 16.132523 15.385990 7.491150 0.784142 14.658669 -9.730312 -0.000148 0.000678 -0.000118 11.126408 -2.490918 1.536399 -6.258470 -0.272403 8.892361 -7.535704 -0.240585 -1.739493 -5.256434 -1.607976 -25.552582 0.000550 -0.000089 -0.000330 8.906940 -1.300120 -1.366884 -4.407725 -3.087004 7.463425 -0.943731 2.140727 -2.538911 -6.885961 2.471516 6.421664 0.000510 0.000014 0.000857 5.511884 -0.462858 -15.314003 3.135543 -9.326810 21.553925 -1.374168 3.063376 -1.936687 4.338757 0.731673 -1.492851 0.001549 0.001289 -0.001244 0.414591 -1.634717 -11.020358 13.918475 -9.295710 13.222343 -4.355147 3.204041 -0.078659 -3.765648 1.289252 7.103684 -0.002973 0.001504 0.000440 -1.605368 11.944006 -40.244650 5.307608 2.323909 83.907278 0.086969 -10.991871 -21.164759 3.690710 0.895435 -9.195377 0.000573 0.000321 0.999187 3.875474 -22.996449 -42.692122 1.953110 -7.433989 94.677067 0.491707 -9.233949 -24.632666 -3.373148 -0.998258 -6.881005 0.000474 0.000251 1.001940
-40.223343 87.436813 0.107895 174.652694 -76.975563 -179.878213 -0.671992 0.841836 12.512843 -0.112775 2.822601 0.277268 1.545982 -1.395826 15.726803 2.007947 -0.283513 -3.601805 -2.873444 1.665929 -15.081838 -0.520063 17.147165 -8.351969 -0.000152 0.000136 -0.000767 -0.609361 0.269550 -2.454431 -0.175691 -3.693902 1.002503 -0.537371 -1.920444 1.047202 7.638095 -14.579993 6.221170 -58.911508 -53.283491 -17.895767 177.385244 -60.619248 -171.401205 24.973575 -12.464748 -4.386701 2.412636 -10.218455 5.971865 -13.468509 -14.272645 8.471621 0.068746 -20.300141 -25.634184 0.000508 0.001023 0.000224 -3.579919 0.650824 0.058781 11.673043 -4.349294 5.562674 1.913888 5.489821 -3.592965 7.322194 -3.689909 0.626393 0.001189 -0.001085 0.000474 -4.136815 1.330504 0.104658 7.617259 4.142405 7.808771 4.062385 3.084442 -1.623316 8.459779 -2.894668 9.178033 -0.000753 0.000546 0.000058 -2.478584 3.294457 -14.090431 0.886409 7.211549 21.297582 3.721320 -0.039253 0.217397 -0.122597 0.083371 5.290258 0.000242 0.000996 0.000382 1.812153 4.740658 -10.268029 -6.503295 10.094430 17.663988 6.896008 3.220705 -0.013911 9.784205 -0.841477 7.255734 0.000631 -0.000375 0.000726 -12.755608 16.196273 8.176424 77.363029 55.604406 -7.929193 -179.116232 51.093207 -169.866955 -25.359183 3.733280 -13.389182 0.750511 10.778618 6.022500 17.188135 16.205829 6.882945 1.020307 15.482607 -9.723220 0.000033 0.000669 -0.000169 10.775207 -1.645075 0.643566 -7.210787 0.273387 7.804625 -9.174321 -0.318056 -2.579337 -6.602025 -1.815337 -24.841767 0.000299 0.000120 -0.000538 9.475172 -0.664435 -2.625186 -5.555210 -2.896869 7.037767 -3.780096 2.131653 -2.871278 -8.265199 2.570612 6.248290 0.000033 0.000200 0.000725 6.784279 0.468175 -16.092725 0.669478 -8.207174 21.692035 -3.993660 3.529661 -2.392991 3.103689 1.278140 -1.950318 0.001162 0.001365 -0.001209 1.957138 -0.282464 -12.354005 10.847302 -8.888683 13.737823 -6.625493 2.931631 -0.259554 -4.972262 1.601748 7.033257 -0.003177 0.001441 0.000748 -2.111871 12.280991 -39.113429 5.426188 1.703125 80.685046 0.306774 -8.335710 -19.711485 3.454578 0.543253 -9.418052 0.000733 0.000481 0.998913 3.393247 -23.013841 -40.074081 2.011608 -8.373840 90.883849 1.164431 -10.109981 -27.821331 -3.666589 -0.202505 -7.505200 0.000209 0.000177 1.001678
-40.039806 87.712357 0.027698 172.537213 -77.866262 -177.553452 -0.636551 0.902115 12.531797 -0.083467 2.783334 -0.008635 1.584244 -1.381894 15.943417 1.934043 -0.278721 -3.605886 -2.745498 1.373600 -15.927995 -0.491762 16.217673 -8.515199 -0.000105 0.000057 -0.000737 -0.565937 0.264846 -2.468625 -0.159834 -3.677940 0.706540 -0.530743 -1.910133 0.749851 7.580551 -14.492501 6.215508 -60.155725 -52.763391 -16.284976 178.115153 -60.355408 -171.717028 24.480744 -11.737907 -6.267683 3.296456 -9.462533 5.682191 -13.000996 -14.069800 7.880283 -0.278020 -19.346803 -25.092984 0.000398 0.001040 0.000216 -2.838839 1.028849 -0.154580 10.437945 -4.276649 5.771875 0.885067 4.975019 -3.526846 7.016047 -3.841576 0.710067 0.001159 -0.001001 0.000396 -3.803352 1.698427 0.153662 6.479600 4.100112 7.616010 3.143460 2.602034 -1.547220 8.420379 -2.868678 8.634645 -0.000632 0.000414 0.000174 -2.283294 3.418495 -14.042748 -0.199823 7.331768 21.245024 2.905364 -0.270517 -0.010412 -0.493613 0.103095 4.665374 0.000333 0.000929 0.000297 1.544902 4.669439 -10.450084 -7.231274 10.033765 17.585586 5.908462 2.903614 -0.169175 9.508717 -0.551534 6.479679 0.000540 -0.000335 0.000643 -12.021744 16.652797 8.522268 78.503992 54.823803 -6.927825 -178.274802 51.924650 -167.555218 -24.723045 2.640844 -13.910392 0.331630 10.182822 6.074237 16.893896 16.275331 6.443756 1.192964 14.527182 -9.494861 0.000049 0.000618 -0.000177 10.682331 -1.814738 0.735725 -6.283353 0.080854 7.629223 -8.822497 -0.572566 -2.385815 -6.960304 -1.478103 -23.186089 0.000183 0.000097 -0.000516 9.549632 -0.742639 -2.571250 -4.752360 -3.157968 6.973154 -3.533381 1.639351 -2.671448 -8.706768 2.691328 6.614196 -0.000070 0.000261 0.000583 6.814921 0.542152 -16.126473 1.276718 -8.318618 21.771021 -3.586098 2.939284 -2.194982 2.933296 1.251531 -1.720450 0.001015 0.001457 -0.001143 2.141812 -0.002026 -12.432951 11.072491 -8.976896 13.802933 -5.686080 2.220759 -0.168862 -5.290600 1.406261 6.954427 -0.003285 0.001567 0.000705 -2.274786 12.158402 -39.154694 5.132021 2.029328 80.307304 0.027091 -9.038834 -18.054744 3.498763 0.552051 -9.525612 0.000721 0.000383 0.999002 3.328517 -24.515975 -39.281027 2.523916 -8.125139 89.943944 1.863822 -9.880316 -28.362234 -3.867976 -0.007177 -7.514240 0.000189 0.000309 1.001575
-39.857018 87.799561 -0.052225 172.022087 -78.677382 -176.871233 -0.527759 1.036308 12.485093 -0.018170 2.698699 -0.234938 1.640986 -1.310196 16.097475 1.789192 -0.142234 -3.481698 -2.797434 1.253216 -15.982915 -0.422240 15.992910 -8.785858 -0.000101 0.000027 -0.000722 -0.547120 0.272024 -2.545258 -0.146528 -3.598879 0.695471 -0.517804 -1.833083 0.736416 7.270039 -14.298175 6.483519 -61.215398 -52.597601 -15.092838 178.843320 -60.292596 -172.513395 24.151175 -11.879948 -6.025006 3.170599 -9.195656 5.884513 -12.787955 -13.934711 7.637836 -0.391624 -19.084945 -24.855224 0.000358 0.001001 0.000193 -2.647600 1.148175 -0.198543 10.283509 -4.175381 5.871155 0.789067 4.895480 -3.515368 6.993036 -3.876915 0.797698 0.001119 -0.000982 0.000376 -3.669460 1.830399 0.173991 6.303541 4.157594 7.585538 3.006491 2.504937 -1.522051 8.498343 -2.868928 8.540956 -0.000571 0.000362 0.000184 -2.136553 3.493570 -13.977350 -0.449748 7.454493 21.231583 2.765388 -0.305668 -0.068957 -0.584711 0.095982 4.483098 0.000336 0.000872 0.000271 1.583473 4.769456 -10.522785 -7.512984 10.068298 17.545232 5.689731 2.843780 -0.198489 9.423030 -0.476895 6.291319 0.000486 -0.000323 0.000620 -11.670528 16.960183 8.822794 78.639966 54.365801 -6.964413 -177.673919 52.281438 -166.450405 -24.608266 2.651149 -13.759639 0.560596 9.965418 6.385486 16.665070 16.309357 6.245928 1.193375 14.503440 -9.441121 0.000019 0.000588 -0.000184 10.580341 -1.752921 0.732494 -6.286872 0.051888 7.601940 -8.966298 -0.667701 -2.317743 -7.202365 -1.409929 -22.555076 0.000145 0.000084 -0.000477 9.438385 -0.650537 -2.589236 -4.717849 -3.231719 6.980427 -3.785951 1.431624 -2.619136 -9.061952 2.708469 6.720698 -0.000088 0.000288 0.000528 6.702032 0.607141 -16.156375 1.190477 -8.225716 21.732966 -3.741642 2.736400 -2.128632 2.755892 1.227084 -1.648922 0.000985 0.001504 -0.001145 2.068367 0.117271 -12.481067 10.861333 -8.992129 13.815725 -5.653254 1.947983 -0.132686 -5.545478 1.337468 6.981261 -0.003320 0.001627 0.000663 -2.222622 12.216126 -39.380678 5.073362 2.018430 80.393870 0.032656 -9.445432 -17.820632 3.462946 0.563680 -9.466730 0.000719 0.000347 0.999053 3.506972 -24.738154 -38.868691 2.735758 -8.210290 89.457442 2.092640 -9.815980 -28.814181 -3.909224 0.050276 -7.384067 0.000146 0.000307 1.001521
-39.674927 87.364326 -0.131888 169.486853 -79.158983 -174.340376 -0.599986 1.036576 12.903242 0.111654 2.773385 -0.338323 1.408970 -1.336452 16.310101 1.863977 -0.087027 -3.713779 -2.762020 1.153496 -16.646368 -0.331206 15.031660 -8.814730 -0.000049 0.000031 -0.000715 -0.488518 0.312988 -2.579070 -0.120967 -3.486800 0.607159 -0.494963 -1.722898 0.646499 6.527503 -14.229032 6.268165 -60.535288 -51.740151 -15.287387 177.896266 -60.804436 -171.001243 23.063399 -12.075763 -7.119374 3.706310 -9.466197 5.283436 -12.951969 -13.978284 7.761355 -0.376435 -19.546133 -25.257525 0.000328 0.000978 0.000202 -2.637583 1.265322 -0.454449 11.042069 -4.179792 5.762745 1.409014 4.973665 -3.739721 7.359269 -3.946347 0.777467 0.001059 -0.000940 0.000329 -3.898811 2.172400 0.020793 6.964475 4.159764 7.398325 3.795563 2.529631 -1.606380 8.914441 -2.945046 8.671349 -0.000519 0.000330 0.000222 -2.511153 3.796886 -14.217956 0.118736 7.391333 21.284928 3.514658 -0.354530 -0.151715 -0.029671 0.003113 4.627380 0.000340 0.000876 0.000227 1.033772 5.132343 -10.928609 -6.851469 9.957568 17.742033 6.381477 2.920770 -0.185915 9.875658 -0.594771 6.416424 0.000418 -0.000282 0.000613 -11.468831 17.328164 8.929696 78.928468 54.435842 -7.197648 -176.962016 51.337665 -165.016424 -24.514652 3.790535 -13.122306 0.595961 10.328996 6.675214 17.050598 16.681415 6.757797 1.164996 15.187922 -9.657690 0.000012 0.000559 -0.000192 10.757190 -1.223399 1.016638 -7.070992 0.161817 7.415582 -9.861449 -0.959698 -2.364157 -7.604391 -1.708237 -22.617693 0.000130 0.000037 -0.000446 9.362797 -0.001901 -2.744857 -5.656118 -3.366616 6.981569 -4.751546 1.053139 -2.600771 -9.728546 2.709773 7.062179 -0.000070 0.000274 0.000489 6.544562 0.933135 -16.402317 0.201982 -7.760300 21.611813 -4.560509 2.540715 -2.077397 2.097963 1.156428 -1.374653 0.001004 0.001553 -0.001130 1.673313 0.532199 -12.555613 9.674535 -8.967850 13.771430 -6.393549 1.638804 -0.132206 -6.183237 1.413796 7.498869 -0.003380 0.001720 0.000604 -2.506558 11.841057 -40.513903 5.115863 1.843302 81.907237 0.281951 -10.377753 -17.507731 3.440886 0.702196 -9.385513 0.000793 0.000282 0.999099 4.117387 -25.440352 -39.930522 2.795615 -7.483442 90.571751 1.919965 -8.846623 -27.965490 -4.083157 0.150960 -6.760056 0.000076 0.000364 1.001479
-39.493473 87.690071 -0.211308 164.513326 -80.357889 -169.285370 -0.635945 1.181754 13.280633 0.246529 2.865752 -0.458504 0.995102 -1.211432 16.760861 1.523305 0.057607 -4.581969 -2.866127 0.646769 -17.160545 0.183046 13.582154 -6.919577 0.000002 -0.000062 -0.000743 -0.259068 0.455623 -2.544660 -0.125534 -3.226633 1.088065 -0.484775 -1.460646 1.122644 5.180348 -14.730140 6.373491 -58.805187 -49.546800 -15.956233 177.007863 -61.921632 -169.608367 22.664841 -11.564215 -7.111138 4.010585 -9.146526 5.229124 -12.467267 -13.913825 7.534123 -0.586996 -19.025181 -25.108057 0.000287 0.000961 0.000094 -2.388872 1.693484 -0.472598 11.038403 -4.162781 5.733029 1.709144 5.175815 -3.562918 7.140151 -4.324691 1.930155 0.001054 -0.000859 0.000350 -3.784009 2.616628 0.178435 6.745753 4.254509 7.257215 4.361795 2.832104 -1.438033 9.096483 -3.097868 9.217823 -0.000461 0.000236 0.000271 -2.450099 4.292274 -14.062703 0.089410 7.387823 20.926909 3.923370 -0.209973 -0.177033 0.002488 0.003610 4.391229 0.000353 0.000795 0.000182 0.821402 5.538148 -10.998755 -6.687344 9.959614 17.753936 6.571405 2.909703 -0.200672 10.136191 -0.399418 6.015107 0.000398 -0.000241 0.000491 -11.360799 17.254627 9.358811 81.208152 54.442808 -6.572292 -176.345517 49.676364 -163.073090 -25.175629 3.761805 -11.171307 1.766846 9.605026 7.690966 16.687429 16.384932 6.574479 1.369621 14.439863 -9.352683 -0.000123 0.000585 -0.000147 11.084481 -1.678725 1.588917 -6.704755 -0.154892 7.500944 -9.710149 -1.198854 -2.174435 -7.507810 -1.348463 -21.348010 0.000046 -0.000007 -0.000385 9.409607 -0.211397 -2.386635 -5.322858 -3.714156 7.170457 -4.192055 0.571375 -2.531764 -9.660212 2.693546 7.197358 -0.000038 0.000234 0.000445 6.185674 0.540036 -15.989178 0.686355 -7.845960 21.454134 -3.832406 2.156679 -1.870138 2.633352 0.955309 -1.420888 0.001030 0.001354 -0.001159 1.314135 0.184387 -12.005475 10.074777 -9.088025 13.669430 -5.388019 1.377289 -0.054357 -5.778064 1.073096 7.174048 -0.003237 0.001615 0.000527 -2.106401 10.959860 -40.553311 4.553488 2.777188 81.282725 0.064178 -11.464372 -17.644535 3.617472 0.874499 -8.993605 0.000911 0.000260 0.999210 4.377371 -26.789177 -40.454561 2.761096 -6.789763 90.094978 2.892810 -7.922192 -28.948805 -4.579588 0.239720 -6.291984 -0.000001 0.000456 1.001681
-39.312599 87.169518 -0.290500 161.384335 -81.312518 -166.591464 -0.502450 1.448062 13.546840 0.306776 2.786150 -0.505816 1.076104 -1.117332 16.733955 1.344572 0.108159 -4.823006 -3.059570 0.476680 -17.429586 0.493042 13.628782 -6.215660 -0.000001 -0.000039 -0.000809 -0.140740 0.489036 -2.609546 -0.125771 -3.143644 1.236487 -0.480456 -1.375796 1.269447 4.564669 -14.460095 6.343872 -58.829760 -48.953277 -15.124052 177.153828 -63.113552 -169.940816 23.025763 -12.205299 -6.827091 4.238892 -10.231089 4.593583 -12.619740 -14.237936 8.116905 -0.318893 -20.080807 -25.888567 0.000280 0.000908 0.000061 -2.577125 1.597766 -0.409365 12.345900 -4.408203 5.540812 2.464785 5.513972 -3.653995 7.750598 -4.466198 1.965513 0.001002 -0.000790 0.000337 -3.966553 2.625241 0.065201 7.773675 4.144705 7.357249 5.312459 3.044742 -1.460465 9.565480 -3.289051 9.684733 -0.000424 0.000220 0.000256 -2.780438 4.394417 -14.204123 1.054189 7.257922 20.896452 4.856033 -0.125834 -0.196968 0.917704 -0.145444 4.995181 0.000324 0.000744 0.000170 0.675262 5.739093 -11.325375 -5.780041 10.010198 17.835270 7.571105 3.069196 -0.138081 10.976380 -0.664507 6.556141 0.000375 -0.000252 0.000452 -11.298865 17.464755 9.346923 81.741134 54.561040 -6.978514 -176.108060 49.084871 -162.139128 -25.521672 3.988509 -10.705040 1.886054 10.228831 7.573851 17.315172 16.478217 7.283694 1.238025 15.299307 -9.641248 -0.000199 0.000659 -0.000100 11.776881 -1.895604 1.770953 -7.523997 -0.039752 7.599538 -10.103727 -1.197804 -2.226008 -7.535793 -1.700213 -22.621120 0.000033 -0.000007 -0.000323 9.717279 -0.233154 -2.315900 -6.039837 -3.642991 7.275875 -4.312189 0.582557 -2.641721 -9.523905 2.699599 7.276762 0.000056 0.000154 0.000446 6.301702 0.332420 -15.879886 0.230890 -7.778679 21.420468 -3.980947 2.264132 -1.945705 2.424465 0.963713 -1.175136 0.001190 0.001031 -0.001226 1.048097 -0.048570 -11.706853 9.807014 -9.187325 13.562967 -5.781074 1.562314 -0.065391 -5.772386 1.300288 7.637753 -0.002943 0.001346 0.000451 -1.893665 10.936137 -41.163002 4.528866 2.666488 82.625510 0.071208 -11.774869 -17.688389 3.779498 0.885982 -8.862988 0.000940 0.000242 0.999290 4.538404 -26.557396 -40.794105 2.668550 -6.767378 90.999051 2.698207 -8.085082 -29.397748 -4.821480 0.213578 -6.330831 -0.000059 0.000442 1.002006
-39.132263 86.930298 -0.369479 159.837945 -81.931360 -165.096607 -0.423452 1.522653 13.464223 0.351945 2.656471 -0.648974 1.175858 -1.022760 17.028266 1.237018 0.311756 -5.010141 -3.174679 0.252041 -17.550188 0.620412 13.614755 -6.084726 0.000009 -0.000029 -0.000779 -0.119156 0.490053 -2.628242 -0.120976 -3.092262 1.249223 -0.475278 -1.325729 1.280927 4.487184 -14.277405 6.559756 -59.427273 -48.709407 -14.579792 177.761748 -62.977796 -170.761348 23.262310 -12.457594 -6.778221 3.974259 -9.919786 4.817957 -12.341473 -14.129418 7.823427 -0.419541 -19.779561 -25.619970 0.000264 0.000883 0.000066 -2.388302 1.721281 -0.534494 11.864519 -4.435538 5.617559 2.189000 5.273755 -3.648554 7.689514 -4.484410 1.918621 0.000967 -0.000755 0.000309 -3.846349 2.695054 0.043105 7.296251 4.105773 7.299617 5.025369 2.787514 -1.464767 9.597054 -3.283065 9.453782 -0.000378 0.000206 0.000256 -2.648177 4.430666 -14.188501 0.482055 7.321738 20.835959 4.589941 -0.264016 -0.272312 0.774699 -0.151117 4.757754 0.000309 0.000719 0.000154 0.661084 5.748486 -11.385436 -6.403668 10.033622 17.709209 7.313178 2.919013 -0.204726 10.853767 -0.598546 6.311342 0.000329 -0.000235 0.000428 -11.149568 17.677061 9.392811 81.737933 54.375253 -7.143063 -175.980328 48.970113 -161.767667 -25.353695 3.756453 -10.406033 2.267304 9.838028 7.944607 17.043785 16.475287 6.983996 1.195630 15.175909 -9.517405 -0.000179 0.000622 -0.000130 11.777293 -1.967794 1.771931 -7.223192 -0.070783 7.611594 -10.108836 -1.239089 -2.126262 -7.773580 -1.652347 -22.035927 -0.000017 -0.000021 -0.000326 9.660682 -0.277627 -2.313371 -5.704290 -3.670295 7.328764 -4.337255 0.464292 -2.553220 -9.808596 2.710375 7.312510 -0.000003 0.000180 0.000410 6.187347 0.290044 -15.852749 0.517461 -7.809203 21.437143 -3.946710 2.127333 -1.840889 2.342979 0.939217 -1.175618 0.001159 0.001148 -0.001208 0.965026 -0.078493 -11.630471 10.046856 -9.164359 13.583820 -5.634489 1.406519 0.006219 -5.906140 1.226194 7.562403 -0.003008 0.001453 0.000433 -1.694812 11.189633 -41.622522 4.541060 2.428226 83.247160 0.021766 -11.830499 -17.774624 3.775536 0.985577 -8.927747 0.000940 0.000210 0.999316 4.755062 -26.475590 -40.803146 2.742892 -6.976441 91.103135 2.726217 -8.232132 -30.175874 -4.869254 0.184915 -6.492207 -0.000086 0.000435 1.001921
-38.952393 86.355049 -0.448261 150.893576 -82.932584 -156.158308 -0.160238 1.614638 13.601493 0.431057 2.492076 -0.808296 1.243942 -0.925115 16.821716 0.730646 0.628945 -5.165327 -3.863746 -0.384351 -17.933711 1.154072 14.039779 -5.174509 0.000010 -0.000017 -0.000668 0.016639 0.489282 -2.675943 -0.112223 -2.969775 1.469185 -0.459816 -1.205751 1.500974 4.463538 -13.857985 6.498038 -60.368483 -49.195537 -13.197984 179.219449 -62.844128 -172.562945 24.129653 -12.627693 -6.696463 3.963212 -10.106422 4.779840 -12.231752 -14.420293 7.835690 -0.380132 -19.780053 -25.677450 0.000184 0.000848 0.000086 -2.235641 1.590469 -0.479488 11.585711 -4.593954 5.578650 1.723388 5.004035 -3.733043 7.697573 -4.495962 1.645451 0.000898 -0.000683 0.000215 -3.781423 2.546451 0.066739 6.966210 3.985438 7.242117 4.668615 2.563735 -1.554952 9.593966 -3.301155 9.177714 -0.000314 0.000123 0.000297 -2.618961 4.308725 -14.249257 0.104779 7.286151 20.724151 4.218281 -0.407890 -0.401627 0.737050 -0.158205 4.699999 0.000353 0.000652 0.000141 0.620340 5.631520 -11.494646 -6.675577 10.037290 17.512570 6.993714 2.819491 -0.320393 10.788433 -0.587208 6.242686 0.000284 -0.000248 0.000404 -11.028182 18.087025 9.272782 82.223545 54.470394 -6.607714 -175.666968 49.408750 -160.734692 -25.294905 3.039341 -10.728699 2.092275 9.801245 7.724819 17.166932 16.680388 7.009008 1.145072 15.151866 -9.555949 -0.000108 0.000483 -0.000202 11.997608 -2.005804 1.878577 -6.919488 -0.038931 7.619621 -9.943527 -1.191459 -2.034441 -7.947345 -1.599416 -21.874255 -0.000202 0.000010 -0.000363 9.868404 -0.362222 -2.297385 -5.419892 -3.570486 7.378916 -4.224101 0.409447 -2.454346 -9.852153 2.760996 7.509370 -0.000197 0.000297 0.000291 6.364186 0.206931 -15.789925 0.777002 -7.766440 21.487782 -3.801715 1.969628 -1.770828 2.196886 0.968791 -0.950778 0.000993 0.001628 -0.001139 1.053320 -0.132616 -11.596088 10.212513 -9.125232 13.631290 -5.390521 1.117533 0.129806 -6.021335 1.252230 7.790588 -0.003351 0.001902 0.000454 -1.855647 12.156282 -42.333912 4.665968 2.804195 84.234367 0.136833 -11.396864 -17.724589 3.859095 0.976349 -8.855906 0.000924 0.000171 0.999349 4.812744 -26.419437 -41.167477 2.621658 -6.676277 91.907144 2.598027 -8.781691 -31.284703 -4.932981 0.355573 -6.884903 -0.000167 0.000478 1.001483
-38.772953 86.058548 -0.526861 148.562598 -83.484511 -153.802223 -0.026357 1.656591 13.512839 0.456241 2.357226 -0.958773 1.294993 -0.880199 16.953563 0.549335 0.853876 -5.177238 -3.941787 -0.617492 -17.665970 1.230042 13.950075 -5.255884 -0.000018 0.000017 -0.000590 0.072340 0.493781 -2.749005 -0.102568 -2.881168 1.529515 -0.448286 -1.119399 1.560890 4.663920 -13.613623 6.805562 -61.178201 -49.558152 -12.423558 -179.573566 -61.963915 -174.137114 23.997958 -12.848802 -6.164817 3.573159 -10.022612 5.086706 -12.059322 -14.336734 7.721682 -0.355017 -19.803312 -25.629849 0.000177 0.000859 0.000131 -2.179927 1.773596 -0.515932 11.563482 -4.675400 5.579072 1.695969 4.895285 -3.751841 7.762998 -4.494524 1.519955 0.000897 -0.000638 0.000158 -3.748947 2.713967 0.062161 6.946498 3.896306 7.243930 4.646610 2.397923 -1.595960 9.667072 -3.324591 9.083489 -0.000299 0.000112 0.000298 -2.540857 4.459735 -14.139281 -0.099014 7.307837 20.718052 4.191202 -0.535741 -0.441749 0.760089 -0.192923 4.674335 0.000363 0.000650 0.000177 0.603930 5.800121 -11.358201 -6.934948 9.999643 17.415349 7.019342 2.740597 -0.342737 10.754867 -0.629650 6.249998 0.000265 -0.000263 0.000443 -10.754247 18.388069 9.390433 82.072791 54.235975 -6.492006 -175.600302 49.906821 -160.688986 -25.166284 2.652692 -10.228614 2.476008 9.534309 8.084228 17.032767 16.782206 6.892267 0.999973 15.420060 -9.571845 -0.000039 0.000402 -0.000263 12.065280 -2.116318 1.899831 -7.111792 0.014903 7.622943 -10.271587 -1.215336 -1.986305 -8.173115 -1.689613 -21.754924 -0.000295 0.000039 -0.000403 9.848143 -0.464574 -2.311401 -5.539657 -3.523147 7.447486 -4.619985 0.339966 -2.386722 -10.166345 2.741367 7.570516 -0.000330 0.000379 0.000261 6.273803 0.097421 -15.758754 0.683696 -7.740059 21.540292 -4.176818 1.939061 -1.696016 1.949515 0.958025 -0.904930 0.000886 0.001953 -0.001095 0.946122 -0.303380 -11.551602 10.051759 -9.071786 13.728006 -5.666840 1.033795 0.190998 -6.277741 1.268797 7.922022 -0.003575 0.002194 0.000483 -1.927375 12.685705 -42.762142 4.693746 2.363207 84.776347 0.170173 -10.993048 -17.712122 3.764975 1.071789 -8.792177 0.000908 0.000169 0.999321 5.065741 -26.502055 -41.218952 2.691627 -6.734912 92.390436 2.550206 -8.524918 -31.592161 -4.974339 0.352415 -7.132884 -0.000174 0.000463 1.001203
-38.593891 86.396423 -0.605295 145.849682 -83.171132 -151.023021 0.357392 1.350744 12.861422 0.321452 2.284952 -1.279942 1.529206 -0.919206 17.499634 -0.211560 1.297874 -4.832482 -4.663402 -1.171579 -17.481397 1.265918 14.392565 -6.318322 0.000044 0.000109 -0.000430 0.083402 0.427473 -2.941204 -0.070765 -2.746823 1.521150 -0.416649 -0.990078 1.549456 4.808902 -13.255946 7.673204 -62.412871 -50.371620 -11.958747 -179.297106 -60.910513 -174.768942 24.609056 -12.892138 -4.029527 1.508900 -7.920949 6.857464 -11.338487 -13.815467 6.582008 -0.762590 -18.214184 -24.128590 0.000202 0.001091 0.000283 -2.209393 1.994634 -0.501708 9.415680 -4.315493 6.097896 0.745590 4.020231 -3.763012 6.845617 -4.233376 1.189885 0.001046 -0.000688 0.000035 -3.563471 2.758331 0.245820 5.038922 3.881317 7.094365 3.295625 1.815430 -1.565433 9.159414 -3.075084 8.044062 -0.000329 0.000143 0.000396 -1.966244 4.327385 -13.783865 -2.180998 7.702655 20.846019 2.831116 -1.006479 -0.587434 -0.735320 0.003066 3.491640 0.000419 0.000783 0.000204 0.961246 5.679007 -10.978521 -9.333752 10.097606 17.138088 5.476890 2.507706 -0.511543 9.351806 -0.274556 5.357611 0.000257 -0.000163 0.000468 -10.910705 18.941719 9.625995 81.910014 54.298204 -4.687997 -174.779450 52.271251 -160.258975 -24.797758 1.635295 -8.134162 3.310762 7.468314 9.603453 15.571989 16.923500 5.470557 0.961860 14.930556 -9.068617 0.000168 0.000275 -0.000360 11.048221 -1.793434 2.235618 -6.463753 -0.180663 7.471938 -10.432674 -1.177644 -1.964271 -8.707026 -1.178604 -19.224308 -0.000401 0.000019 -0.000553 8.980578 -0.167156 -2.408040 -4.548447 -3.725723 7.516630 -5.317634 0.122537 -2.176539 -11.066062 2.686421 7.400797 -0.000669 0.000521 0.000215 5.566768 0.379052 -15.881805 0.979207 -7.450065 21.520799 -4.388683 1.697372 -1.514574 1.936351 0.963322 -1.351511 0.000616 0.002625 -0.001005 0.502832 0.043179 -11.956772 10.268913 -8.874607 13.924883 -5.607780 0.595074 0.408203 -6.657475 0.929657 7.302271 -0.004062 0.002731 0.000611 -2.652096 13.912390 -42.551861 4.950005 2.032785 84.050264 0.174608 -9.266604 -17.399286 3.794740 1.210962 -8.570297 0.000915 0.000162 0.999250 4.935812 -26.927918 -39.323924 2.963367 -6.497729 90.524879 2.295429 -9.455446 -31.470556 -4.782653 0.576773 -7.658968 -0.000035 0.000587 1.000588
-38.415165 88.358330 -0.683576 138.384510 -84.118381 -142.642377 0.460681 1.269545 12.623461 0.160028 2.567441 -2.572148 1.588895 -0.953649 18.588933 -0.579922 1.838780 -5.053403 -5.231312 -2.356223 -16.902446 1.518665 13.900961 -5.183994 0.000364 -0.000068 -0.000564 0.060041 0.427158 -2.822777 -0.037757 -2.554864 1.967667 -0.370288 -0.797478 1.980562 3.831765 -14.024795 8.611846 -63.863084 -49.506307 -10.693316 -177.210176 -59.175120 -176.119611 27.490194 -13.750777 -3.223121 0.502252 -7.684198 7.427636 -11.042930 -14.083387 6.548117 -0.469340 -18.367221 -24.326102 -0.000030 0.001035 0.000276 -2.290579 2.169898 -0.130896 9.340665 -4.704072 5.924677 0.607475 3.453145 -3.713527 6.992788 -4.133903 0.950135 0.000841 -0.000711 -0.000100 -3.445687 2.679883 0.382555 4.777745 3.469082 7.051322 3.257147 1.315289 -1.470961 9.314497 -2.961519 7.781947 0.000033 -0.000020 0.000616 -1.651471 4.322567 -13.913169 -2.741421 7.584490 20.379624 2.409661 -1.159265 -0.493483 -0.739766 0.101773 3.300774 0.000540 0.000723 -0.000156 1.344297 5.570542 -11.193075 -9.933704 10.260278 16.795490 4.789454 2.170473 -0.564132 9.153374 -0.110810 4.973874 -0.000112 0.000201 0.000206 -9.886870 19.230515 10.409325 81.769841 52.841756 -4.656057 -173.388214 52.715094 -157.799742 -25.126934 1.028263 -6.257952 4.244026 7.261100 9.752691 15.515634 17.508718 5.676215 0.848811 15.250066 -9.141139 0.000244 0.000398 -0.000390 11.527767 -2.012698 2.210362 -7.241618 0.246575 7.639575 -10.882594 -1.475474 -1.602163 -9.058397 -1.330592 -18.616470 -0.000249 -0.000343 -0.000508 9.046822 -0.114749 -2.439637 -4.993032 -3.824730 7.930925 -6.042621 -0.022911 -1.779281 -11.667904 2.613463 7.767353 -0.000549 0.000478 -0.000058 5.703666 0.232223 -15.787016 0.164657 -7.157471 21.958166 -4.965511 1.481174 -1.458773 1.421338 0.920072 -0.975897 0.000511 0.001988 -0.000857 0.603052 -0.433856 -11.772462 9.505724 -8.745457 14.146866 -5.749812 0.549404 0.465493 -7.224947 0.933640 7.611517 -0.003693 0.002061 0.000436 -2.473845 15.315809 -40.436471 3.793264 3.107277 79.117702 -0.707481 -10.653816 -17.568169 3.805925 0.864810 -7.974954 0.000758 -0.000184 0.999410 4.336474 -27.317446 -37.265146 3.309413 -6.714533 86.273499 3.055829 -9.544330 -32.180169 -4.645452 0.833749 -7.025846 -0.000023 0.000793 1.001316
-38.236736 87.292557 -0.761719 136.726911 -84.039398 -141.645333 0.717687 1.667181 11.836922 0.045672 2.099725 -2.716825 1.552444 -0.436857 19.362201 -1.609780 2.069453 -5.488409 -5.063766 -2.381552 -15.023055 1.468115 13.413354 -5.082092 0.000246 0.000148 -0.000515 0.330081 0.580012 -3.206738 0.000089 -2.246711 2.132342 -0.327232 -0.485463 2.137076 4.649944 -13.199043 9.188579 -64.325905 -48.365049 -10.792193 -175.900771 -57.551109 -178.427638 26.841243 -14.618480 -2.088874 -2.106084 -4.101171 9.752215 -9.182637 -12.553042 4.493605 -1.145028 -15.930006 -22.467556 0.000201 0.001154 0.000392 -2.146115 4.572647 -0.280414 6.308244 -4.124215 6.951894 -0.436959 3.211594 -3.118587 6.052980 -4.539747 2.489312 0.000996 -0.000552 -0.000100 -3.115445 4.650661 1.141295 1.009913 4.151977 7.221999 1.973804 1.070974 -1.286911 9.385970 -3.120678 7.776067 -0.000180 0.000206 0.000499 -0.918146 6.078142 -12.668188 -6.651876 9.072994 20.092003 0.864448 -1.238208 -0.435569 -2.074267 0.073658 2.153185 0.000443 0.000917 0.000064 1.311937 7.348947 -9.592911 -14.690017 10.831516 16.114703 2.858672 1.762936 -0.615107 8.122061 0.286763 3.846752 0.000006 0.000126 0.000304 -10.021558 18.995037 10.480150 80.238493 52.537564 -5.678579 -173.664872 52.338871 -159.070886 -26.825806 1.687298 -4.103800 7.966557 3.166814 13.506339 12.605224 16.686235 3.457009 0.839020 13.818896 -8.071080 0.000315 0.000433 -0.000423 10.277966 -2.765647 2.598788 -5.092133 -0.271853 8.129034 -10.197327 -1.190793 -1.295695 -9.118679 -0.344076 -15.363806 -0.000278 -0.000239 -0.000605 7.621595 -0.618959 -1.770675 -2.609776 -4.171868 8.203612 -5.157355 -0.297078 -1.600325 -12.050641 2.419580 6.944841 -0.000591 0.000424 0.000186 3.788951 -0.391643 -15.017861 2.315119 -7.451821 21.570915 -3.533118 1.223100 -1.021466 2.772203 0.666676 -2.060282 0.000613 0.002080 -0.000930 -0.910171 -1.001027 -11.048896 11.625611 -8.940445 13.960199 -3.997254 0.332059 0.756550 -6.299299 0.082374 5.945244 -0.003744 0.002208 0.000523 -2.502694 13.745408 -40.931627 4.172897 3.072764 81.413803 1.007811 -7.891599 -23.474708 3.263939 1.221267 -6.563773 0.000856 -0.000007 0.999243 2.993851 -24.697983 -36.445075 3.716033 -7.668525 88.306407 2.310047 -8.540917 -33.647882 -4.767361 0.373061 -6.953711 0.000120 0.000723 1.001173
-38.058559 87.219147 -0.839737 135.939820 -84.095159 -140.901429 0.720800 1.634279 11.725959 0.069405 2.080186 -2.874321 1.455611 -0.373131 19.539809 -1.620555 2.119523 -5.542891 -5.100800 -2.369683 -14.742348 1.488166 13.280223 -5.037463 0.000251 0.000169 -0.000473 0.340920 0.607991 -3.272485 0.000054 -2.222023 2.136245 -0.327081 -0.461448 2.140878 4.406185 -12.813754 9.828041 -64.462795 -47.808141 -10.884456 -175.398277 -56.334878 -179.170257 27.002616 -15.346094 -2.347093 -2.595569 -3.448181 10.128447 -8.788900 -12.305716 4.109490 -1.205975 -15.399448 -22.053971 0.000199 0.001178 0.000431 -1.981312 4.738029 -0.398400 5.512087 -4.085291 7.100745 -0.862302 2.974751 -3.028569 5.907523 -4.549997 2.583086 0.000995 -0.000540 -0.000131 -2.930051 4.736348 1.125024 0.198679 4.106907 7.172519 1.519514 0.868752 -1.263286 9.370504 -3.104522 7.603706 -0.000177 0.000205 0.000519 -0.659111 6.094081 -12.575366 -7.590146 9.191433 19.939424 0.423270 -1.305656 -0.478545 -2.365176 0.089874 1.871006 0.000462 0.000945 0.000072 1.420183 7.381452 -9.553325 -15.590240 10.756229 15.892806 2.374757 1.670934 -0.640015 7.837507 0.381200 3.605414 -0.000001 0.000141 0.000336 -9.754043 18.966603 10.803730 80.413316 52.152022 -5.560798 -173.971940 51.919047 -159.533348 -26.807107 1.919989 -3.496598 8.615017 2.405443 14.108943 12.089444 16.552851 3.069472 0.765663 13.576184 -7.889036 0.000378 0.000396 -0.000458 10.200792 -2.733755 2.698623 -4.771632 -0.417233 8.225491 -10.120899 -1.221032 -1.134131 -9.205175 -0.190923 -14.556538 -0.000301 -0.000231 -0.000640 7.419495 -0.557670 -1.665858 -2.228320 -4.254864 8.263048 -5.105421 -0.473369 -1.438849 -12.283129 2.390125 7.003431 -0.000630 0.000460 0.000180 3.478574 -0.365960 -14.906699 2.635937 -7.469439 21.514851 -3.402223 1.032832 -0.889451 2.783284 0.599496 -2.069928 0.000550 0.002266 -0.000888 -1.194134 -0.958176 -10.878682 11.837323 -8.915465 13.936673 -3.731401 0.110916 0.844026 -6.382904 -0.049581 5.854009 -0.003882 0.002368 0.000537 -2.800118 13.760404 -41.020854 4.163415 2.844972 81.491505 0.849237 -7.551470 -23.339999 3.158391 1.353024 -6.318369 0.000841 -0.000018 0.999205 2.770893 -24.931656 -35.952402 3.775420 -7.413855 88.599060 2.264057 -8.205572 -33.911002 -4.872812 0.298936 -6.900555 0.000139 0.000738 1.000995
-37.880600 87.607895 -0.917643 139.645279 -84.054636 -144.084945 0.376635 1.327255 11.892531 0.069936 2.380301 -3.325602 1.479340 -0.488365 19.431085 -0.855964 2.343200 -5.492516 -5.141713 -2.453592 -14.823123 1.577977 13.189620 -4.110884 0.000430 0.000058 -0.000673 0.091149 0.637733 -3.266426 -0.063235 -2.496305 2.087444 -0.392015 -0.735683 2.078836 5.427044 -12.858765 10.038595 -66.118560 -47.465351 -11.221768 -175.462946 -54.092149 -179.038038 28.877566 -17.310055 -5.827123 -3.636672 -2.416139 10.484023 -8.233356 -11.735196 3.326151 -1.301773 -14.339880 -21.082508 0.000113 0.001108 0.000370 -1.790201 4.890079 -0.530467 2.485017 -4.650120 7.581179 -3.652331 1.915613 -2.636676 5.756128 -4.197901 1.467411 0.000892 -0.000590 -0.000106 -2.969216 4.528498 0.931681 -2.459576 3.534760 7.290158 -1.183834 -0.379776 -0.831083 9.021533 -2.762950 6.214803 0.000005 0.000159 0.000592 -0.419760 5.797219 -12.464910 -11.239772 9.206793 19.350328 -2.163336 -1.914222 -0.429131 -3.218317 0.239371 1.109296 0.000475 0.000866 -0.000103 1.434921 7.119607 -9.856669 -18.357735 10.301288 15.431551 0.015597 0.863917 -0.689874 6.671026 0.741382 2.843439 -0.000178 0.000348 0.000093 -9.891497 19.630802 11.293204 82.291411 51.810172 -5.030500 -174.776850 51.279787 -159.518007 -26.537721 1.814426 -4.584306 8.769204 2.070776 13.624919 11.802172 16.057482 2.695352 0.619447 12.642989 -7.871761 0.000270 0.000724 -0.000342 10.662643 -3.590650 2.677457 -3.124727 -1.019465 8.539855 -9.765635 -1.760507 -0.237586 -9.881766 0.089876 -12.683069 -0.000157 -0.000436 -0.000588 7.812148 -1.087670 -1.413303 -0.730120 -4.458900 8.512678 -5.069518 -1.265209 -0.631222 -13.437437 2.598039 8.083061 -0.000346 0.000229 0.000115 3.707957 -0.659266 -14.771855 3.737096 -7.894582 21.728041 -3.191183 -0.074522 -0.329764 1.522377 0.435716 -0.987373 0.000769 0.000972 -0.000982 -0.857131 -1.028060 -10.703171 12.421588 -8.909422 14.049592 -2.796036 -1.363330 1.240354 -7.731403 -0.139763 6.956714 -0.002947 0.001066 0.000394 -2.886398 15.821846 -40.224792 3.791605 2.838787 79.460359 -0.673504 -9.310960 -21.185985 3.334037 1.750502 -6.700862 0.000822 -0.000160 0.999283 3.878750 -27.725198 -35.561214 3.532103 -6.208676 87.843972 3.285242 -9.243080 -35.194773 -5.129846 0.514213 -6.763756 0.000118 0.000826 1.002286
-37.702827 87.583565 -0.995448 137.881126 -84.202103 -142.396341 0.390822 1.332355 11.739278 0.093388 2.329692 -3.472162 1.382990 -0.436759 19.529482 -0.908084 2.419202 -5.457170 -5.172292 -2.458673 -14.429516 1.597653 13.128612 -4.171271 0.000426 0.000088 -0.000651 0.115701 0.664937 -3.329832 -0.058456 -2.451541 2.099875 -0.386830 -0.690755 2.090514 5.574293 -12.441623 10.223817 -66.043591 -47.396657 -11.401850 -174.986708 -53.384605 -179.955770 29.013217 -18.004400 -5.798309 -4.109125 -2.047844 10.801434 -7.947072 -11.589459 3.136543 -1.273847 -14.159227 -20.945617 0.000122 0.001126 0.000420 -1.690374 5.098222 -0.537467 2.167299 -4.683434 7.656042 -3.857384 1.808212 -2.544323 5.732964 -4.197200 1.544299 0.000894 -0.000604 -0.000139 -2.805720 4.688282 0.977120 -2.875997 3.467495 7.280165 -1.389960 -0.461316 -0.801642 9.064120 -2.766488 6.198137 -0.000021 0.000174 0.000590 -0.183404 5.903230 -12.326724 -11.861646 9.318405 19.246476 -2.393553 -1.935659 -0.443131 -3.334213 0.258589 1.041900 0.000485 0.000916 -0.000077 1.602253 7.286860 -9.742823 -18.967034 10.239247 15.286743 -0.248588 0.848570 -0.669358 6.524815 0.777566 2.816670 -0.000177 0.000349 0.000151 -9.704439 19.614731 11.468377 82.386367 51.530194 -4.942815 -174.976600 51.300580 -159.822320 -26.736209 1.942566 -4.067444 9.338672 1.616070 14.064192 11.522750 16.020322 2.541950 0.538786 12.691906 -7.825639 0.000317 0.000725 -0.000360 10.651340 -3.669383 2.773747 -3.096103 -1.090600 8.606336 -9.840354 -1.749470 -0.144010 -9.921638 0.139123 -12.341029 -0.000158 -0.000418 -0.000618 7.693678 -1.110587 -1.328817 -0.657848 -4.488077 8.556494 -5.172797 -1.364652 -0.521440 -13.581619 2.570681 8.146656 -0.000351 0.000237 0.000131 3.476086 -0.712005 -14.654517 3.836135 -7.921797 21.674890 -3.240726 -0.163165 -0.257644 1.472850 0.389914 -0.955410 0.000740 0.001025 -0.000968 -1.069449 -1.092897 -10.523420 12.406013 -8.905927 14.018563 -2.768782 -1.488193 1.299552 -7.823735 -0.192553 6.995833 -0.003006 0.001120 0.000413 -3.265946 15.858322 -40.240105 3.808118 2.686627 79.317227 -0.715919 -8.927948 -21.096803 3.278052 1.861267 -6.487108 0.000808 -0.000151 0.999216 3.891508 -28.250351 -35.300931 3.530401 -6.077250 88.110630 3.212024 -8.697138 -35.261243 -5.246499 0.512322 -6.572262 0.000131 0.000827 1.002217
-37.525204 87.414780 -1.073164 135.649325 -84.479272 -139.996525 0.402254 1.307055 11.533456 -0.014996 2.322083 -3.667140 1.383896 -0.540297 19.528260 -0.847332 2.532117 -5.342587 -5.222750 -2.288432 -13.923827 1.699772 13.034694 -4.154074 0.000421 0.000141 -0.000562 0.138910 0.725672 -3.519353 -0.058128 -2.360307 2.336270 -0.379182 -0.600063 2.323960 5.769964 -11.835667 10.540242 -65.825334 -47.082009 -11.318824 -174.117364 -52.949800 178.451573 29.613187 -19.837738 -6.336527 -5.287369 -1.816197 11.214207 -7.519627 -11.182321 3.048550 -1.189666 -14.384773 -21.034847 0.000124 0.001107 0.000465 -1.797899 5.644955 -0.440925 2.148641 -4.846970 7.865551 -4.069420 1.758797 -2.440908 5.998076 -4.128315 1.296576 0.000853 -0.000535 -0.000188 -2.717014 5.135689 1.168039 -3.311319 3.419444 7.434297 -1.631023 -0.574829 -0.786386 9.172060 -2.779820 6.143789 0.000014 0.000173 0.000592 0.064695 6.307996 -11.962967 -12.951878 9.815889 19.168708 -2.798426 -1.992211 -0.393508 -3.246382 0.267565 1.292949 0.000483 0.000908 -0.000080 1.840111 7.832817 -9.226303 -20.122786 10.309194 14.980042 -0.574461 0.814758 -0.627797 6.406996 0.700535 3.184047 -0.000234 0.000370 0.000158 -9.360578 19.562760 11.798128 82.454853 50.766559 -4.734919 -175.551159 51.315615 -160.716665 -27.568622 2.741346 -3.874976 10.208653 1.310216 14.326940 11.034442 16.093638 2.530679 0.254548 13.328075 -7.969774 0.000381 0.000600 -0.000432 10.529065 -3.852298 2.686309 -2.939164 -0.994556 8.774527 -9.804796 -1.565244 -0.060539 -10.017607 0.004777 -12.762222 -0.000211 -0.000417 -0.000644 7.405662 -1.201222 -1.342169 -0.384131 -4.330349 8.617211 -5.162948 -1.278504 -0.451828 -13.695228 2.563385 8.146543 -0.000356 0.000318 0.000115 3.080290 -0.944598 -14.514402 4.251475 -7.869000 21.433337 -3.185361 -0.045646 -0.280623 1.305290 0.374566 -0.856024 0.000676 0.001535 -0.000918 -1.577124 -1.374220 -10.195431 12.814279 -8.754340 13.728919 -2.846410 -1.338636 1.264852 -7.869086 -0.093286 7.234911 -0.003361 0.001648 0.000388 -3.702466 16.232327 -40.298203 3.787053 2.529023 79.112604 -0.627225 -8.629697 -21.517908 3.213617 2.058076 -6.271472 0.000790 -0.000172 0.999194 3.820750 -28.439435 -35.396784 3.546308 -6.368166 88.746314 2.850402 -7.943827 -35.459937 -5.495493 0.454787 -6.364851 0.000146 0.000823 1.001705
-37.347706 87.393837 -1.150801 133.071675 -84.718788 -137.490830 0.381680 1.332055 11.354861 0.028800 2.295081 -3.723237 1.328402 -0.534274 19.595279 -0.827318 2.539612 -5.323037 -5.108145 -2.251596 -13.646509 1.680143 12.918133 -4.145134 0.000420 0.000164 -0.000539 0.153517 0.736680 -3.547189 -0.058803 -2.354740 2.355913 -0.379232 -0.594330 2.343430 5.747884 -11.526810 10.819826 -65.974050 -46.708449 -10.926589 -173.678639 -52.864330 177.704132 29.695263 -20.265059 -6.261574 -5.640019 -1.465247 11.486032 -7.276833 -11.078517 2.843160 -1.187981 -14.189271 -20.866900 0.000130 0.001113 0.000505 -1.677418 5.776207 -0.459936 1.810033 -4.868650 7.934938 -4.181375 1.652190 -2.375507 5.932774 -4.148938 1.417298 0.000847 -0.000551 -0.000213 -2.563302 5.233778 1.207255 -3.713591 3.341456 7.406071 -1.778294 -0.642149 -0.761377 9.196521 -2.795130 6.145963 -0.000005 0.000181 0.000586 0.263971 6.349269 -11.844376 -13.502744 9.865542 19.076426 -2.951054 -2.001444 -0.425391 -3.378837 0.268912 1.196801 0.000485 0.000941 -0.000063 1.969046 7.913452 -9.148895 -20.663570 10.212295 14.878620 -0.770023 0.807143 -0.620290 6.269717 0.725824 3.126077 -0.000235 0.000368 0.000202 -9.017841 19.436458 12.106599 82.387464 50.225988 -4.664070 -175.638786 51.549629 -160.973054 -27.915437 2.914848 -3.374244 10.682959 0.892189 14.733952 10.739456 16.096985 2.367158 0.202666 13.359723 -7.915019 0.000410 0.000581 -0.000450 10.419808 -3.783128 2.776200 -2.926358 -1.047667 8.795953 -9.904403 -1.541189 -0.010913 -10.052355 0.089627 -12.362131 -0.000207 -0.000404 -0.000659 7.223464 -1.105642 -1.291687 -0.329115 -4.358415 8.638238 -5.312313 -1.342034 -0.372369 -13.842107 2.544028 8.177590 -0.000357 0.000335 0.000124 2.839293 -0.880952 -14.439281 4.290514 -7.841823 21.358225 -3.272317 -0.119795 -0.234121 1.272084 0.344406 -0.869199 0.000655 0.001629 -0.000905 -1.791089 -1.344439 -10.153575 12.754548 -8.717608 13.703409 -2.856272 -1.457426 1.303109 -7.959195 -0.157012 7.211362 -0.003448 0.001753 0.000396 -4.024941 16.206126 -40.260225 3.772039 2.457146 78.996186 -0.619593 -8.430651 -21.432069 3.164997 2.153457 -6.195419 0.000776 -0.000167 0.999150 3.810858 -28.938792 -35.259301 3.497440 -6.308042 89.032291 2.918022 -7.656626 -35.446518 -5.589543 0.477790 -6.217009 0.000154 0.000820 1.001585
-37.170307 87.431503 -1.228370 131.853204 -84.853568 -136.285356 0.328333 1.338896 11.160178 0.096818 2.303781 -3.759238 1.286683 -0.527126 19.639295 -0.837437 2.562202 -5.318371 -4.977203 -2.252315 -13.414072 1.644080 12.726406 -4.069162 0.000437 0.000185 -0.000519 0.172490 0.750028 -3.564604 -0.058635 -2.346742 2.405421 -0.377537 -0.586145 2.392976 5.731881 -11.190618 11.098678 -66.301226 -46.207637 -10.483747 -173.282141 -52.856783 177.082089 29.771742 -20.582227 -6.082053 -5.970883 -1.078959 11.756963 -7.043996 -10.966561 2.624961 -1.187964 -13.996591 -20.684339 0.000128 0.001109 0.000544 -1.570538 5.920460 -0.469224 1.484491 -4.878004 8.005697 -4.271889 1.548758 -2.312964 5.855227 -4.169688 1.542408 0.000823 -0.000561 -0.000248 -2.423659 5.330196 1.258389 -4.104661 3.274843 7.389645 -1.907951 -0.704782 -0.735880 9.220689 -2.808050 6.145646 -0.000007 0.000184 0.000589 0.452161 6.385571 -11.713279 -14.037495 9.917999 18.994615 -3.081698 -2.008220 -0.460271 -3.504761 0.265827 1.084421 0.000489 0.000965 -0.000066 2.090566 7.986830 -9.070153 -21.199861 10.130987 14.795411 -0.945181 0.797938 -0.614966 6.143118 0.748980 3.053850 -0.000253 0.000382 0.000232 -8.730098 19.304997 12.399268 82.302088 49.686367 -4.701840 -175.754831 51.737954 -161.279488 -28.258344 3.045107 -2.864957 11.141617 0.461602 15.144009 10.465472 16.099453 2.208086 0.161042 13.394910 -7.856010 0.000436 0.000554 -0.000470 10.343029 -3.707282 2.879625 -2.945393 -1.102965 8.811779 -10.034709 -1.523649 0.032121 -10.107454 0.174119 -11.924786 -0.000186 -0.000412 -0.000664 7.067402 -0.999779 -1.238303 -0.294613 -4.388700 8.663229 -5.496109 -1.406658 -0.294906 -14.017562 2.523973 8.212331 -0.000339 0.000353 0.000121 2.624033 -0.795496 -14.361275 4.302930 -7.815001 21.297903 -3.400489 -0.197003 -0.186787 1.216006 0.315723 -0.883072 0.000638 0.001740 -0.000886 -1.985637 -1.297641 -10.128211 12.676656 -8.678428 13.697888 -2.895887 -1.584636 1.347608 -8.078309 -0.220008 7.188038 -0.003544 0.001870 0.000389 -4.272863 16.158469 -40.187273 3.723505 2.431604 78.781164 -0.649233 -8.262637 -21.421642 3.097323 2.237303 -6.158106 0.000746 -0.000181 0.999123 3.785700 -29.314497 -35.105230 3.461086 -6.317939 89.128353 3.049406 -7.448817 -35.503551 -5.663298 0.524590 -6.071896 0.000160 0.000824 1.001453
-36.992992 87.392090 -1.305878 132.666175 -84.827610 -137.084282 0.268189 1.299906 11.034404 0.164536 2.318878 -3.741337 1.246138 -0.528576 19.661519 -0.846078 2.632409 -5.362508 -4.857352 -2.317423 -13.313575 1.598892 12.528376 -3.947983 0.000453 0.000204 -0.000523 0.188769 0.763705 -3.575674 -0.051969 -2.328701 2.443145 -0.369717 -0.567776 2.430777 5.732636 -10.906036 11.274104 -66.738392 -45.828528 -10.188746 -173.075933 -52.848006 176.771488 29.587757 -20.611503 -5.728900 -6.235930 -0.700792 11.999081 -6.887391 -10.876187 2.401453 -1.205401 -13.794439 -20.480878 0.000126 0.001096 0.000572 -1.530773 6.000008 -0.468667 1.164385 -4.860846 8.083538 -4.333073 1.458653 -2.261085 5.756107 -4.192840 1.678603 0.000793 -0.000555 -0.000288 -2.348926 5.371527 1.286254 -4.449408 3.226986 7.404203 -2.017400 -0.732521 -0.699909 9.248019 -2.809485 6.144972 0.000009 0.000182 0.000592 0.567522 6.369802 -11.596246 -14.456143 9.943258 18.991757 -3.160671 -2.001771 -0.487359 -3.627858 0.264016 0.951313 0.000488 0.000969 -0.000075 2.154685 8.008934 -9.002645 -21.638865 10.051785 14.784084 -1.067417 0.796523 -0.598947 6.034242 0.771956 2.967517 -0.000285 0.000399 0.000254 -8.491820 19.214542 12.574819 82.119765 49.348760 -4.779127 -175.860851 51.882116 -161.602283 -28.426325 3.076533 -2.505392 11.419393 0.128150 15.489068 10.248956 16.171158 2.064228 0.141608 13.419883 -7.809779 0.000437 0.000548 -0.000475 10.241922 -3.513506 2.976686 -3.036232 -1.138921 8.796651 -10.244991 -1.533312 0.067353 -10.201635 0.258226 -11.429843 -0.000159 -0.000429 -0.000648 6.934212 -0.814341 -1.205761 -0.368604 -4.408041 8.672431 -5.789638 -1.483990 -0.232091 -14.258475 2.503682 8.257281 -0.000304 0.000355 0.000115 2.462755 -0.602259 -14.331699 4.189677 -7.767751 21.271649 -3.648776 -0.292492 -0.135861 1.100510 0.292687 -0.897366 0.000650 0.001746 -0.000882 -2.109983 -1.143485 -10.225875 12.470271 -8.636840 13.750721 -3.036928 -1.755105 1.402330 -8.285966 -0.281853 7.170606 -0.003563 0.001884 0.000365 -4.501863 16.167935 -40.252590 3.674391 2.356288 78.817813 -0.722306 -8.201982 -21.395841 3.033266 2.300396 -6.241576 0.000712 -0.000207 0.999127 3.815170 -29.442100 -35.127639 3.428887 -6.338778 89.386139 3.105145 -7.212890 -35.546171 -5.699324 0.555245 -5.976143 0.000161 0.000824 1.001428
-36.815727 87.573479 -1.383334 134.152632 -84.705223 -138.502899 0.171797 1.280096 10.849372 0.248693 2.358901 -3.796087 1.210498 -0.509924 19.629916 -0.938700 2.716221 -5.305859 -4.835504 -2.410440 -13.090476 1.580993 12.360862 -3.854740 0.000499 0.000233 -0.000494 0.211536 0.787439 -3.595034 -0.047872 -2.296789 2.473942 -0.364681 -0.536163 2.461918 5.708537 -10.584097 11.660500 -67.309949 -45.267004 -9.684941 -172.702274 -52.877566 176.277095 29.903649 -20.884920 -5.521200 -6.603186 -0.374352 12.249971 -6.691004 -10.740538 2.259092 -1.181296 -13.746349 -20.364759 0.000120 0.001091 0.000625 -1.480552 6.234169 -0.382494 1.007438 -4.850898 8.146275 -4.445046 1.395081 -2.170586 5.751058 -4.178658 1.700586 0.000753 -0.000552 -0.000342 -2.240389 5.527479 1.424083 -4.736573 3.234694 7.444023 -2.162438 -0.772934 -0.664595 9.268482 -2.808736 6.128650 0.000023 0.000189 0.000612 0.745705 6.473678 -11.409973 -14.931915 10.133912 18.954635 -3.347957 -2.014033 -0.480702 -3.679812 0.269419 0.938430 0.000498 0.000998 -0.000100 2.330121 8.173553 -8.839357 -22.123836 10.093034 14.728072 -1.270074 0.757886 -0.575319 5.943395 0.782394 2.965964 -0.000322 0.000435 0.000268 -8.286193 19.158465 12.899782 82.271134 48.830405 -4.823902 -176.122283 51.836248 -161.955622 -28.772495 3.204226 -2.281385 11.849532 -0.174008 15.732583 10.083608 16.145926 1.999989 0.090429 13.504836 -7.779748 0.000482 0.000503 -0.000509 10.295159 -3.595852 3.041160 -2.964032 -1.181738 8.831038 -10.238605 -1.508097 0.103334 -10.246504 0.269261 -11.268882 -0.000123 -0.000467 -0.000665 6.911092 -0.851526 -1.127657 -0.248411 -4.414124 8.689408 -5.806148 -1.504933 -0.180040 -14.331849 2.494678 8.282530 -0.000286 0.000377 0.000102 2.356774 -0.639946 -14.231340 4.341321 -7.826163 21.252298 -3.630240 -0.313085 -0.103751 1.070398 0.271732 -0.870952 0.000620 0.001912 -0.000839 -2.224411 -1.219722 -10.092883 12.558800 -8.618876 13.737775 -2.974709 -1.794986 1.428721 -8.312388 -0.302084 7.195307 -0.003700 0.002045 0.000350 -4.578854 16.094481 -39.937353 3.561899 2.492816 78.258780 -0.849109 -7.868754 -21.781485 2.958452 2.338584 -6.241575 0.000662 -0.000247 0.999106 3.747813 -29.500870 -34.780452 3.395308 -6.401050 89.000720 3.291974 -7.136013 -35.716678 -5.723301 0.600554 -5.835041 0.000178 0.000847 1.001253
-36.638512 87.649223 -1.460746 135.406068 -84.624943 -139.695019 0.111206 1.250850 10.750897 0.314443 2.362278 -3.796373 1.187317 -0.501813 19.602319 -0.991863 2.797531 -5.277289 -4.804117 -2.505045 -12.989937 1.581047 12.267944 -3.792052 0.000522 0.000248 -0.000484 0.223410 0.798348 -3.606342 -0.041810 -2.270213 2.489083 -0.358165 -0.509861 2.477409 5.739866 -10.355653 11.851708 -67.843852 -45.114315 -9.295926 -172.466759 -52.744411 175.955852 29.943623 -20.872938 -5.233933 -6.880116 0.009222 12.501874 -6.558917 -10.621031 2.067233 -1.203494 -13.533058 -20.139398 0.000114 0.001091 0.000656 -1.450929 6.342970 -0.317679 0.621491 -4.786266 8.239175 -4.617071 1.329346 -2.079792 5.661353 -4.183624 1.783018 0.000730 -0.000538 -0.000386 -2.168727 5.578038 1.513736 -5.148648 3.261380 7.478192 -2.386025 -0.789233 -0.606230 9.258407 -2.794363 6.087842 0.000043 0.000185 0.000631 0.867741 6.477563 -11.269948 -15.392413 10.263566 18.948160 -3.574910 -2.005049 -0.468778 -3.825400 0.281377 0.834024 0.000511 0.001006 -0.000114 2.441398 8.224219 -8.735247 -22.587791 10.106820 14.713463 -1.532117 0.724825 -0.546626 5.800333 0.824856 2.871935 -0.000350 0.000453 0.000280 -8.105348 19.088543 13.030315 82.212350 48.608101 -4.854723 -176.256711 51.768530 -162.179671 -28.867418 3.264846 -2.238241 12.092631 -0.452186 15.951322 9.900139 16.147273 1.864399 0.080699 13.438035 -7.721199 0.000501 0.000483 -0.000524 10.227925 -3.500738 3.088851 -2.845245 -1.236824 8.842475 -10.233705 -1.521944 0.154003 -10.288291 0.354759 -10.884918 -0.000112 -0.000486 -0.000666 6.850796 -0.780718 -1.069594 -0.144306 -4.437917 8.692526 -5.866768 -1.563391 -0.124941 -14.448730 2.489224 8.306638 -0.000285 0.000394 0.000088 2.264530 -0.546915 -14.189789 4.411351 -7.857650 21.251600 -3.648970 -0.397408 -0.050111 1.046711 0.250962 -0.868263 0.000597 0.001982 -0.000814 -2.270865 -1.161053 -10.114551 12.553491 -8.604254 13.789866 -2.912656 -1.929912 1.472045 -8.394922 -0.357855 7.159340 -0.003770 0.002108 0.000337 -4.668700 16.065226 -39.818353 3.503249 2.539218 78.044729 -0.972191 -7.641035 -22.043696 2.910965 2.360312 -6.324228 0.000628 -0.000276 0.999108 3.763439 -29.418915 -34.623269 3.368775 -6.450006 88.859329 3.373375 -7.036972 -35.772913 -5.715328 0.628359 -5.727412 0.000188 0.000864 1.001171
-36.461319 87.752060 -1.538120 135.517311 -84.629124 -139.754220 0.079042 1.237731 10.661966 0.369513 2.341169 -3.800418 1.187019 -0.499033 19.606372 -1.057245 2.871807 -5.265463 -4.802093 -2.584906 -12.903210 1.604060 12.238156 -3.739306 0.000541 0.000259 -0.000479 0.235447 0.805051 -3.623541 -0.037119 -2.246770 2.510426 -0.352829 -0.486503 2.498553 5.806345 -10.210288 11.984576 -68.294689 -45.157503 -8.985749 -172.203629 -52.585440 175.581514 30.088549 -20.863929 -5.012934 -7.180974 0.428915 12.773703 -6.417871 -10.489085 1.871827 -1.217481 -13.299446 -19.910955 0.000108 0.001090 0.000681 -1.420338 6.479529 -0.248345 0.163838 -4.733993 8.343022 -4.830974 1.258978 -1.982546 5.567242 -4.186467 1.851879 0.000712 -0.000525 -0.000423 -2.098492 5.645799 1.608269 -5.624778 3.275813 7.507924 -2.652761 -0.816214 -0.538180 9.239724 -2.776488 6.031079 0.000063 0.000179 0.000648 0.988587 6.493786 -11.126757 -15.928775 10.404629 18.920086 -3.851236 -2.005577 -0.449996 -3.984526 0.295502 0.722910 0.000522 0.001008 -0.000126 2.551264 8.283791 -8.629123 -23.137749 10.120721 14.680729 -1.838842 0.684532 -0.519252 5.643730 0.871980 2.765392 -0.000377 0.000468 0.000284 -7.948318 19.040904 13.131105 82.122242 48.465361 -4.904243 -176.319288 51.743495 -162.307899 -28.892440 3.322917 -2.249687 12.335395 -0.741521 16.164873 9.719106 16.135286 1.726541 0.073746 13.352500 -7.662559 0.000512 0.000472 -0.000533 10.153801 -3.427939 3.129993 -2.676989 -1.294592 8.864744 -10.199032 -1.535526 0.215886 -10.325952 0.450440 -10.500317 -0.000108 -0.000501 -0.000663 6.792146 -0.736052 -1.017779 0.004217 -4.455921 8.699623 -5.898969 -1.624137 -0.063766 -14.559839 2.488753 8.332947 -0.000283 0.000406 0.000076 2.180061 -0.479494 -14.143253 4.511789 -7.889030 21.246785 -3.636701 -0.488999 0.007725 1.027778 0.231763 -0.858984 0.000581 0.002020 -0.000797 -2.305703 -1.124575 -10.125062 12.588770 -8.590223 13.838837 -2.829376 -2.068653 1.517594 -8.474125 -0.412078 7.122665 -0.003811 0.002136 0.000324 -4.747648 16.063680 -39.685446 3.436635 2.607945 77.812697 -1.068843 -7.433600 -22.268982 2.867974 2.393826 -6.380059 0.000603 -0.000300 0.999111 3.780103 -29.289287 -34.453276 3.352954 -6.479837 88.623457 3.407114 -7.007657 -35.767894 -5.727205 0.649707 -5.610247 0.000196 0.000880 1.001123
-36.284145 87.917366 -1.615462 135.096163 -84.661182 -139.307008 0.096062 1.219297 10.554779 0.400047 2.317102 -3.776187 1.209210 -0.502028 19.719525 -1.153911 2.916505 -5.304187 -4.812459 -2.626911 -12.889287 1.620141 12.212107 -3.752844 0.000550 0.000259 -0.000503 0.252454 0.803941 -3.636221 -0.032382 -2.223672 2.569310 -0.346291 -0.462320 2.556003 5.788864 -10.163795 12.019677 -68.535392 -45.346118 -8.891744 -172.006506 -52.391239 175.320733 30.196615 -20.757606 -4.831512 -7.417894 0.932944 13.046600 -6.295232 -10.362163 1.642237 -1.248743 -12.965571 -19.632318 0.000103 0.001083 0.000685 -1.367033 6.607475 -0.213473 -0.480797 -4.676068 8.461642 -5.096280 1.165878 -1.902538 5.425124 -4.199144 1.946271 0.000704 -0.000524 -0.000435 -2.033796 5.693222 1.661954 -6.221500 3.270169 7.507427 -2.975412 -0.857835 -0.466381 9.208563 -2.751282 5.950464 0.000074 0.000174 0.000653 1.083460 6.471285 -11.026681 -16.532785 10.519596 18.867337 -4.161219 -2.015211 -0.445959 -4.191534 0.312511 0.546189 0.000526 0.001003 -0.000133 2.607184 8.282200 -8.600983 -23.771077 10.124226 14.631552 -2.181771 0.652865 -0.502446 5.467700 0.939051 2.595422 -0.000393 0.000478 0.000279 -7.864893 19.061249 13.147915 81.988391 48.428524 -4.947005 -176.180467 51.818530 -162.173367 -28.745319 3.269550 -2.254474 12.500391 -1.103186 16.410681 9.561039 16.090378 1.544064 0.108543 13.176253 -7.578433 0.000494 0.000509 -0.000518 10.046143 -3.368918 3.198485 -2.463329 -1.380581 8.884779 -10.165446 -1.551748 0.288783 -10.353460 0.587456 -9.993481 -0.000098 -0.000510 -0.000648 6.724245 -0.694566 -0.971930 0.177966 -4.504707 8.715630 -5.935804 -1.697099 0.004288 -14.690295 2.485039 8.354863 -0.000251 0.000386 0.000074 2.102969 -0.406055 -14.095014 4.595905 -7.910220 21.248617 -3.627453 -0.612374 0.073960 1.020453 0.209665 -0.873169 0.000609 0.001883 -0.000813 -2.305387 -1.048779 -10.158460 12.604335 -8.596470 13.909231 -2.735917 -2.243413 1.576545 -8.573348 -0.489801 7.044805 -0.003717 0.001993 0.000308 -4.846515 15.975218 -39.576655 3.388714 2.654576 77.553048 -1.119161 -7.199241 -22.323017 2.834929 2.446526 -6.396559 0.000602 -0.000309 0.999115 3.827208 -29.185322 -34.293386 3.334106 -6.420197 88.241065 3.377405 -6.958518 -35.645686 -5.771728 0.674350 -5.472762 0.000189 0.000887 1.001243
-36.106979 88.116226 -1.692778 134.663753 -84.679872 -138.794686 0.072767 1.193979 10.436122 0.434913 2.304487 -3.818004 1.211215 -0.507928 19.826214 -1.210309 2.948272 -5.337233 -4.866102 -2.655092 -12.822938 1.611704 12.261836 -3.764686 0.000582 0.000274 -0.000498 0.258681 0.808027 -3.643822 -0.036673 -2.228531 2.613057 -0.349224 -0.466542 2.599267 5.914856 -10.038467 12.107618 -68.725937 -45.375566 -8.838321 -171.727233 -52.157460 174.876114 30.679886 -21.073217 -4.848455 -7.793867 1.312963 13.294282 -6.112260 -10.232953 1.507926 -1.198073 -12.904728 -19.551210 0.000105 0.001077 0.000714 -1.326600 6.863496 -0.141757 -0.793261 -4.718280 8.540848 -5.269369 1.084790 -1.809538 5.406399 -4.173004 1.933593 0.000683 -0.000541 -0.000455 -1.942928 5.849854 1.768342 -6.638491 3.234841 7.541139 -3.185381 -0.925032 -0.409387 9.213660 -2.743053 5.902954 0.000074 0.000187 0.000657 1.221341 6.572388 -10.882638 -17.150316 10.695391 18.812345 -4.406593 -2.052552 -0.422267 -4.265224 0.324352 0.521323 0.000525 0.001024 -0.000148 2.738528 8.421581 -8.477663 -24.462675 10.165097 14.554404 -2.419791 0.613905 -0.481881 5.367668 0.950212 2.579858 -0.000412 0.000500 0.000280 -7.812858 19.014043 13.227802 82.036805 48.226239 -4.987289 -176.352286 51.803435 -162.437582 -28.867927 3.393806 -2.177306 12.847833 -1.401972 16.627842 9.446637 16.081725 1.492602 0.063804 13.237767 -7.555534 0.000516 0.000505 -0.000528 10.050666 -3.458015 3.257435 -2.336620 -1.426949 8.956145 -10.144077 -1.533280 0.345069 -10.383494 0.598101 -9.870744 -0.000072 -0.000536 -0.000660 6.681730 -0.768325 -0.922607 0.329984 -4.499918 8.758793 -5.944252 -1.714688 0.072578 -14.754773 2.470105 8.373590 -0.000226 0.000382 0.000075 2.017979 -0.470785 -13.994375 4.728863 -7.969433 21.265170 -3.603633 -0.631899 0.109761 0.991714 0.190086 -0.857588 0.000609 0.001911 -0.000799 -2.399171 -1.156450 -10.026195 12.747814 -8.592116 13.926208 -2.709157 -2.265816 1.612304 -8.612118 -0.503224 7.051764 -0.003740 0.002013 0.000303 -4.923549 15.802884 -39.339029 3.300196 2.749072 77.041285 -1.171062 -6.919339 -22.554539 2.796678 2.497126 -6.330424 0.000587 -0.000324 0.999093 3.768153 -29.045607 -34.063437 3.350013 -6.492450 87.750482 3.365155 -7.035030 -35.634713 -5.823805 0.658771 -5.333385 0.000195 0.000900 1.001205
-35.929810 88.343346 -1.770073 134.840813 -84.674286 -138.919656 0.085915 1.150949 10.309232 0.453103 2.287613 -3.808343 1.213792 -0.498537 20.022293 -1.261882 2.944060 -5.397668 -4.911473 -2.638560 -12.807122 1.587191 12.288033 -3.834147 0.000606 0.000276 -0.000515 0.263100 0.804600 -3.639594 -0.039535 -2.233032 2.669456 -0.350329 -0.469713 2.654785 5.916596 -9.958430 12.165216 -68.724038 -45.403170 -8.956372 -171.541253 -51.921423 174.592108 30.841865 -21.154242 -4.798983 -8.013551 1.718963 13.497015 -5.987324 -10.130427 1.348731 -1.186164 -12.750159 -19.422277 0.000109 0.001072 0.000726 -1.254069 7.063442 -0.123775 -1.233416 -4.726255 8.621493 -5.436965 0.990608 -1.744906 5.336117 -4.161803 1.973374 0.000675 -0.000571 -0.000455 -1.859693 5.957849 1.811936 -7.101770 3.203263 7.547266 -3.388345 -0.992208 -0.356129 9.212512 -2.731964 5.854566 0.000064 0.000200 0.000655 1.316021 6.621183 -10.801635 -17.704830 10.809976 18.759352 -4.613281 -2.094065 -0.420386 -4.377004 0.336024 0.430012 0.000523 0.001045 -0.000160 2.789703 8.478700 -8.453137 -25.096560 10.198788 14.490956 -2.622685 0.586482 -0.472430 5.267386 0.979872 2.499802 -0.000418 0.000519 0.000278 -7.787158 18.993335 13.255790 82.005868 48.069878 -4.990353 -176.354599 51.849882 -162.493461 -28.799516 3.371950 -2.052465 13.071858 -1.751580 16.873421 9.370825 16.044012 1.387756 0.066023 13.199332 -7.496811 0.000519 0.000533 -0.000521 10.010158 -3.517212 3.336770 -2.189698 -1.499956 9.010645 -10.140537 -1.525686 0.401651 -10.402357 0.644296 -9.623486 -0.000041 -0.000558 -0.000665 6.626524 -0.817287 -0.876942 0.474313 -4.530521 8.800724 -5.975178 -1.739192 0.141766 -14.829691 2.444777 8.375766 -0.000187 0.000358 0.000083 1.941556 -0.497637 -13.911532 4.811441 -8.020516 21.300420 -3.604515 -0.669604 0.151307 0.990290 0.165423 -0.885697 0.000632 0.001816 -0.000805 -2.450100 -1.194930 -9.945241 12.828624 -8.612281 13.982687 -2.679589 -2.312124 1.654243 -8.655102 -0.546579 6.996507 -0.003673 0.001916 0.000302 -5.004666 15.493672 -39.153322 3.243131 2.777193 76.544909 -1.194060 -6.597621 -22.600183 2.768076 2.541746 -6.244586 0.000591 -0.000327 0.999071 3.719015 -29.032557 -33.876271 3.337074 -6.516205 87.261097 3.355254 -6.995848 -35.523329 -5.877076 0.645235 -5.176559 0.000191 0.000910 1.001284
-35.752644 88.525795 -1.847351 134.978733 -84.673854 -139.031259 0.117817 1.102160 10.191731 0.459427 2.252467 -3.777042 1.205813 -0.469870 20.243584 -1.291982 2.927571 -5.452128 -4.961275 -2.602319 -12.776082 1.563782 12.341589 -3.907221 0.000633 0.000271 -0.000523 0.262041 0.797626 -3.637925 -0.042185 -2.243021 2.695016 -0.352172 -0.478905 2.680166 5.889108 -9.919072 12.206683 -68.616958 -45.411289 -9.131227 -171.409262 -51.752937 174.391761 30.789613 -21.059617 -4.748261 -8.120735 2.076769 13.657236 -5.892109 -10.052485 1.197061 -1.188129 -12.574337 -19.300062 0.000110 0.001076 0.000737 -1.154662 7.229368 -0.132335 -1.673818 -4.721135 8.685814 -5.578724 0.898836 -1.693951 5.245406 -4.164465 2.043292 0.000674 -0.000604 -0.000453 -1.774175 6.048779 1.829143 -7.533721 3.171577 7.542437 -3.552562 -1.054704 -0.312854 9.206101 -2.730135 5.820898 0.000054 0.000208 0.000663 1.391041 6.662051 -10.749256 -18.153911 10.868100 18.704063 -4.776756 -2.140083 -0.429359 -4.498366 0.341531 0.322463 0.000529 0.001069 -0.000175 2.798801 8.518492 -8.464476 -25.596890 10.203880 14.442813 -2.782285 0.554743 -0.471418 5.171541 1.011522 2.396808 -0.000420 0.000542 0.000275 -7.770780 18.963639 13.260759 81.964037 47.921825 -4.915265 -176.269329 51.972877 -162.442959 -28.662071 3.279388 -1.962383 13.229026 -2.082473 17.101369 9.302614 15.998847 1.264411 0.080579 13.121055 -7.430676 0.000530 0.000546 -0.000520 9.939836 -3.554027 3.392785 -2.038333 -1.571987 9.053476 -10.134500 -1.523596 0.454376 -10.407965 0.707461 -9.343503 -0.000017 -0.000579 -0.000674 6.568627 -0.863340 -0.845372 0.616115 -4.564401 8.831261 -6.008208 -1.763954 0.208758 -14.892756 2.420652 8.374522 -0.000166 0.000346 0.000085 1.880234 -0.514804 -13.854973 4.870322 -8.063999 21.335326 -3.612912 -0.705802 0.191935 1.010700 0.139159 -0.927540 0.000629 0.001771 -0.000798 -2.461508 -1.214811 -9.902143 12.873033 -8.637080 14.048772 -2.641353 -2.362831 1.689516 -8.684882 -0.599988 6.918418 -0.003651 0.001871 0.000308 -5.085736 15.159722 -39.000298 3.199570 2.790606 76.109324 -1.180536 -6.326714 -22.614132 2.743517 2.572634 -6.161666 0.000597 -0.000331 0.999050 3.642477 -29.133557 -33.751383 3.306488 -6.542974 86.908022 3.378577 -6.901430 -35.427303 -5.930822 0.625662 -5.045565 0.000194 0.000928 1.001314
-35.575466 88.575043 -1.924615 134.354709 -84.722633 -138.424599 0.169041 1.067160 10.103634 0.456450 2.203233 -3.736102 1.191609 -0.431461 20.458622 -1.304603 2.900126 -5.477282 -5.004968 -2.546449 -12.721111 1.544963 12.424489 -4.011571 0.000653 0.000255 -0.000519 0.257113 0.786769 -3.646409 -0.044839 -2.258034 2.688247 -0.355026 -0.493848 2.673776 5.859803 -9.909663 12.208832 -68.470500 -45.423336 -9.266395 -171.298623 -51.649374 174.205806 30.682465 -20.910088 -4.760156 -8.172466 2.462798 13.822251 -5.794388 -9.975565 1.020118 -1.214205 -12.291831 -19.116144 0.000103 0.001086 0.000743 -1.020176 7.340213 -0.152535 -2.277809 -4.676292 8.765363 -5.761409 0.804136 -1.641363 5.109485 -4.184829 2.155053 0.000680 -0.000632 -0.000452 -1.668339 6.100310 1.838524 -8.078882 3.149910 7.521720 -3.761093 -1.111182 -0.268697 9.177668 -2.731707 5.776455 0.000049 0.000205 0.000677 1.477839 6.665809 -10.709011 -18.623413 10.893773 18.628190 -4.990414 -2.171713 -0.443355 -4.685732 0.343241 0.160734 0.000543 0.001088 -0.000190 2.802149 8.515553 -8.504347 -26.058822 10.187186 14.397913 -3.011420 0.515485 -0.471447 5.026423 1.064996 2.230276 -0.000419 0.000560 0.000273 -7.773321 18.924015 13.250922 81.929751 47.800887 -4.752312 -176.157213 52.133323 -162.355137 -28.525679 3.164026 -1.944280 13.361671 -2.467763 17.335714 9.166241 15.925586 1.076089 0.112573 12.938954 -7.338430 0.000544 0.000540 -0.000524 9.807573 -3.553300 3.412186 -1.792946 -1.658590 9.094336 -10.064715 -1.528005 0.516194 -10.386770 0.830976 -8.930377 -0.000008 -0.000593 -0.000684 6.481480 -0.893913 -0.819184 0.845233 -4.613627 8.849556 -5.989131 -1.800899 0.281628 -14.944590 2.406782 8.370094 -0.000169 0.000352 0.000078 1.805205 -0.510070 -13.818224 4.986956 -8.101491 21.353148 -3.561679 -0.773655 0.241215 1.082284 0.109501 -0.982054 0.000599 0.001783 -0.000783 -2.447334 -1.204269 -9.899702 12.937054 -8.657977 14.113576 -2.507754 -2.454110 1.722597 -8.683102 -0.683059 6.793544 -0.003676 0.001888 0.000320 -5.186158 14.917472 -38.954722 3.177435 2.794717 75.928418 -1.145527 -6.173510 -22.607615 2.716751 2.591285 -6.087088 0.000602 -0.000334 0.999035 3.558213 -29.356871 -33.743073 3.278986 -6.552231 86.870613 3.410523 -6.779435 -35.404554 -5.977772 0.605942 -4.957813 0.000199 0.000950 1.001284
-35.398277 88.564980 -2.001869 133.422344 -84.810172 -137.548602 0.245916 1.060809 10.016288 0.451266 2.160830 -3.687892 1.190818 -0.389394 20.667435 -1.331652 2.834989 -5.488503 -5.003217 -2.434096 -12.637918 1.515585 12.499604 -4.154210 0.000648 0.000229 -0.000538 0.259840 0.774010 -3.670875 -0.044344 -2.268317 2.693803 -0.354362 -0.503553 2.678803 5.719145 -9.916597 12.187302 -68.258541 -45.389559 -9.314875 -171.200945 -51.639425 174.030775 30.590437 -20.817013 -4.759955 -8.231543 3.010994 14.042369 -5.654063 -9.849573 0.769970 -1.275120 -11.779227 -18.781282 0.000092 0.001084 0.000728 -0.849528 7.414236 -0.188215 -3.260473 -4.545574 8.921959 -6.081984 0.713903 -1.576378 4.891667 -4.227255 2.337446 0.000691 -0.000654 -0.000436 -1.530239 6.115981 1.839110 -8.918451 3.156055 7.479208 -4.123096 -1.147919 -0.203473 9.110839 -2.723424 5.704117 0.000045 0.000192 0.000681 1.602624 6.621147 -10.680960 -19.280888 10.934070 18.503415 -5.357274 -2.164595 -0.460131 -4.990899 0.350235 -0.101090 0.000555 0.001089 -0.000192 2.826363 8.456615 -8.579267 -26.654868 10.165592 14.312471 -3.419588 0.478340 -0.468802 4.797032 1.168750 1.953492 -0.000411 0.000560 0.000270 -7.772159 18.886855 13.276412 81.886537 47.658258 -4.594059 -176.040867 52.277564 -162.271949 -28.351825 3.053011 -1.893969 13.526221 -3.044039 17.648736 8.932264 15.742891 0.776716 0.190660 12.548778 -7.185649 0.000525 0.000569 -0.000507 9.619372 -3.560270 3.444564 -1.329951 -1.823750 9.149925 -9.864538 -1.542693 0.609539 -10.321962 1.055592 -8.254429 -0.000007 -0.000589 -0.000674 6.354080 -0.924914 -0.769001 1.273642 -4.728281 8.864712 -5.845880 -1.874854 0.376011 -14.988584 2.406456 8.369935 -0.000150 0.000338 0.000074 1.682577 -0.502543 -13.765095 5.260860 -8.166772 21.337577 -3.369171 -0.922504 0.315969 1.235806 0.069081 -1.051828 0.000602 0.001653 -0.000796 -2.438217 -1.167015 -9.891784 13.101591 -8.695117 14.155179 -2.183203 -2.629807 1.765053 -8.635094 -0.823261 6.589872 -0.003597 0.001777 0.000323 -5.328461 14.746757 -39.001194 3.210396 2.739294 75.920179 -1.109699 -6.121008 -22.462640 2.710130 2.623901 -5.989230 0.000620 -0.000324 0.999028 3.509528 -29.782685 -33.783722 3.260446 -6.484672 86.966815 3.417749 -6.576274 -35.414837 -6.058545 0.594473 -4.861451 0.000189 0.000958 1.001379
-35.221081 88.540962 -2.079115 131.864499 -84.937325 -136.000277 0.259232 1.092841 9.930705 0.479214 2.138998 -3.746854 1.179158 -0.356169 20.745566 -1.315342 2.756085 -5.429301 -4.993575 -2.299616 -12.423965 1.460739 12.637639 -4.268923 0.000653 0.000223 -0.000525 0.256569 0.771029 -3.703457 -0.050208 -2.302910 2.663762 -0.361145 -0.538343 2.649012 5.727432 -9.803412 12.296685 -68.200714 -45.081203 -9.075528 -170.974740 -51.698596 173.589550 31.017431 -21.354615 -4.936083 -8.512009 3.440962 14.248079 -5.415036 -9.689729 0.614091 -1.255787 -11.499867 -18.609911 0.000086 0.001072 0.000737 -0.715191 7.601036 -0.168188 -3.978136 -4.472408 9.075400 -6.366827 0.660122 -1.483660 4.798376 -4.234066 2.408142 0.000680 -0.000675 -0.000438 -1.366806 6.232482 1.914900 -9.654850 3.182579 7.480142 -4.442901 -1.186172 -0.145283 9.055269 -2.727165 5.655274 0.000036 0.000192 0.000677 1.794042 6.700303 -10.592520 -20.028141 11.099462 18.358702 -5.751387 -2.150233 -0.448576 -5.191121 0.357958 -0.205953 0.000559 0.001102 -0.000196 2.978781 8.557545 -8.520466 -27.359175 10.201973 14.172724 -3.820928 0.428853 -0.454311 4.609960 1.231622 1.822186 -0.000410 0.000560 0.000275 -7.729872 18.748098 13.495590 82.057705 47.279158 -4.474616 -176.465790 52.165540 -162.884588 -28.548187 3.226039 -1.665513 13.972255 -3.607181 17.929872 8.675154 15.548391 0.605553 0.183985 12.343872 -7.082971 0.000540 0.000556 -0.000518 9.584110 -3.744254 3.467523 -0.835497 -1.995682 9.275215 -9.571049 -1.527183 0.695622 -10.244348 1.173432 -7.947338 0.000002 -0.000591 -0.000683 6.258170 -1.082019 -0.680464 1.813518 -4.817273 8.903726 -5.556037 -1.909951 0.473039 -14.925091 2.409149 8.375406 -0.000140 0.000347 0.000072 1.524404 -0.656417 -13.632289 5.741789 -8.319905 21.308834 -3.036726 -0.998276 0.364856 1.413420 0.029872 -1.070831 0.000584 0.001696 -0.000784 -2.576646 -1.349616 -9.661253 13.533559 -8.727427 14.102725 -1.788262 -2.673257 1.776662 -8.467491 -0.906548 6.464716 -0.003645 0.001843 0.000328 -5.450774 14.667443 -38.907859 3.218396 2.755905 75.741215 -1.110134 -6.102966 -22.521581 2.713043 2.664473 -5.825948 0.000618 -0.000319 0.999003 3.401727 -30.165244 -33.727504 3.295026 -6.516369 87.038260 3.445057 -6.564870 -35.607688 -6.136404 0.545230 -4.752113 0.000183 0.000958 1.001297
-35.043877 88.488922 -2.156356 131.329462 -85.023490 -135.482713 0.263592 1.105828 9.854904 0.494202 2.165886 -3.796902 1.187917 -0.322278 20.814755 -1.283141 2.646865 -5.406472 -4.936996 -2.136889 -12.301087 1.377197 12.709457 -4.355172 0.000653 0.000221 -0.000531 0.259244 0.770370 -3.720841 -0.057861 -2.349340 2.669713 -0.368596 -0.584166 2.654578 5.689766 -9.655966 12.365773 -68.258794 -44.623178 -8.774136 -170.830376 -51.748276 173.324364 31.403293 -21.903822 -5.125793 -8.759563 3.845504 14.414234 -5.190245 -9.519148 0.470676 -1.236336 -11.259410 -18.471954 0.000085 0.001049 0.000737 -0.612921 7.810401 -0.177381 -4.602736 -4.443575 9.222786 -6.608390 0.607666 -1.416991 4.733043 -4.247475 2.459507 0.000665 -0.000702 -0.000427 -1.246924 6.365159 1.955432 -10.293332 3.174385 7.472450 -4.700938 -1.237605 -0.096839 9.032364 -2.730490 5.608821 0.000023 0.000201 0.000659 1.936574 6.794755 -10.547259 -20.721270 11.225696 18.223473 -6.056164 -2.142390 -0.452289 -5.327453 0.358683 -0.304782 0.000548 0.001110 -0.000197 3.071168 8.652262 -8.506812 -28.031048 10.237501 14.023772 -4.122048 0.386835 -0.449054 4.492355 1.281443 1.705541 -0.000410 0.000556 0.000277 -7.706511 18.630659 13.686749 82.243973 46.885734 -4.392813 -176.898115 51.953682 -163.506848 -28.618277 3.335929 -1.320352 14.382684 -4.143793 18.215215 8.495547 15.344917 0.478346 0.187822 12.173522 -7.000282 0.000542 0.000568 -0.000517 9.629851 -3.950808 3.525522 -0.458057 -2.176205 9.391970 -9.378456 -1.532114 0.780428 -10.215984 1.264465 -7.656667 0.000019 -0.000600 -0.000685 6.214815 -1.236878 -0.591436 2.248340 -4.913348 8.947835 -5.359113 -1.969662 0.564873 -14.928201 2.412313 8.405821 -0.000111 0.000331 0.000076 1.406510 -0.804794 -13.495033 6.123172 -8.466647 21.282068 -2.809012 -1.095546 0.414501 1.514607 -0.007434 -1.073019 0.000606 0.001632 -0.000789 -2.705411 -1.513316 -9.440407 13.885104 -8.778710 14.051602 -1.496810 -2.746398 1.800624 -8.378502 -0.977421 6.382670 -0.003605 0.001804 0.000329 -5.566672 14.623219 -38.918408 3.284095 2.714228 75.757855 -1.073725 -6.129545 -22.512224 2.728296 2.712843 -5.673570 0.000627 -0.000310 0.998983 3.392145 -30.560534 -33.649206 3.317698 -6.471405 87.118140 3.398799 -6.585482 -35.850931 -6.222678 0.491399 -4.631805 0.000163 0.000944 1.001322
-34.866665 88.431503 -2.233593 131.967332 -85.088858 -136.101082 0.249025 1.075292 9.805794 0.492877 2.212753 -3.846113 1.202189 -0.294560 20.841981 -1.213086 2.539229 -5.389703 -4.851994 -1.989072 -12.237612 1.272469 12.666254 -4.417366 0.000666 0.000224 -0.000530 0.260501 0.772705 -3.714739 -0.067749 -2.401941 2.688965 -0.377862 -0.636146 2.674064 5.693704 -9.488739 12.450233 -68.493346 -44.121702 -8.392193 -170.754210 -51.820508 173.211632 31.621331 -22.342609 -5.300113 -8.905485 4.038163 14.459139 -5.033304 -9.397165 0.407364 -1.203781 -11.200726 -18.466977 0.000087 0.001024 0.000742 -0.564959 8.003975 -0.215439 -4.864090 -4.486915 9.293440 -6.721615 0.557560 -1.385627 4.729641 -4.254918 2.448283 0.000641 -0.000736 -0.000418 -1.197219 6.503372 1.945461 -10.597600 3.126904 7.468371 -4.794281 -1.306664 -0.085755 9.040452 -2.740461 5.582222 0.000011 0.000217 0.000642 1.990232 6.912985 -10.558598 -21.130843 11.276194 18.136278 -6.180033 -2.162587 -0.467424 -5.346014 0.349627 -0.333060 0.000533 0.001121 -0.000210 3.076501 8.754950 -8.527596 -28.452207 10.259011 13.906590 -4.211148 0.353705 -0.455637 4.479955 1.287943 1.673535 -0.000416 0.000561 0.000275 -7.649608 18.514172 13.848952 82.390891 46.512353 -4.367713 -177.307169 51.753044 -164.119511 -28.558848 3.375413 -0.921290 14.688087 -4.492944 18.408333 8.448567 15.210258 0.459092 0.176921 12.137425 -6.964359 0.000558 0.000566 -0.000526 9.769924 -4.145717 3.581719 -0.315273 -2.312470 9.484401 -9.323893 -1.548706 0.831755 -10.233991 1.269432 -7.568105 0.000045 -0.000625 -0.000694 6.246148 -1.382787 -0.518751 2.462545 -4.977095 8.988123 -5.284856 -2.020860 0.625733 -14.952539 2.408647 8.439798 -0.000094 0.000321 0.000077 1.361752 -0.943274 -13.377528 6.324482 -8.599599 21.286689 -2.732547 -1.142834 0.440756 1.532522 -0.031962 -1.065014 0.000621 0.001616 -0.000783 -2.810921 -1.683847 -9.238342 14.117388 -8.828121 14.019747 -1.395828 -2.768980 1.816742 -8.347886 -1.000764 6.364627 -0.003599 0.001805 0.000334 -5.647207 14.638693 -38.966561 3.383606 2.646531 75.832748 -1.018854 -6.129264 -22.553521 2.749527 2.742772 -5.592370 0.000631 -0.000310 0.998967 3.440989 -30.828982 -33.556166 3.311776 -6.474876 87.179867 3.297749 -6.631690 -36.071904 -6.250140 0.416432 -4.512915 0.000144 0.000932 1.001310
-34.689445 88.362892 -2.310828 130.679264 -85.316282 -134.770560 0.274591 1.033864 9.820675 0.465861 2.215235 -3.864500 1.218645 -0.274671 20.821133 -1.106013 2.422386 -5.348920 -4.764506 -1.852968 -12.253971 1.179742 12.540301 -4.553595 0.000683 0.000226 -0.000523 0.263124 0.769132 -3.693673 -0.073391 -2.434993 2.684595 -0.383628 -0.669123 2.670570 5.732486 -9.365406 12.522314 -68.821240 -43.740209 -7.888636 -170.657721 -51.912175 173.091287 31.300091 -22.457673 -5.319136 -8.837214 4.127733 14.426560 -4.969481 -9.320926 0.343143 -1.205841 -11.119236 -18.438203 0.000089 0.001006 0.000741 -0.494740 8.104735 -0.317875 -5.148043 -4.487038 9.323515 -6.821707 0.466889 -1.380315 4.679003 -4.272305 2.430225 0.000618 -0.000764 -0.000415 -1.173964 6.590213 1.870156 -10.844537 3.090702 7.436191 -4.858668 -1.411094 -0.103988 9.016399 -2.750505 5.531039 0.000012 0.000228 0.000634 1.981535 6.991717 -10.636604 -21.380747 11.252019 18.072853 -6.256538 -2.212252 -0.506627 -5.405185 0.327560 -0.403918 0.000523 0.001125 -0.000231 2.989545 8.797452 -8.611615 -28.689530 10.243010 13.819616 -4.237744 0.316760 -0.480119 4.444656 1.284836 1.605441 -0.000430 0.000572 0.000264 -7.569637 18.377360 13.935058 82.450761 46.205440 -4.364871 -177.466520 51.671534 -164.405642 -28.264872 3.340092 -0.624352 14.805334 -4.741483 18.554580 8.461521 15.114465 0.426349 0.197845 12.059187 -6.908338 0.000576 0.000549 -0.000539 9.865511 -4.220397 3.602596 -0.199380 -2.414185 9.525215 -9.307190 -1.579664 0.860353 -10.249213 1.285280 -7.454495 0.000059 -0.000656 -0.000700 6.281697 -1.455491 -0.464703 2.594020 -5.025263 8.993884 -5.249069 -2.070787 0.658824 -14.965325 2.398699 8.437530 -0.000103 0.000327 0.000068 1.355126 -1.000318 -13.313125 6.418215 -8.693709 21.304543 -2.708352 -1.170305 0.460358 1.575789 -0.047563 -1.103828 0.000612 0.001663 -0.000766 -2.863642 -1.769175 -9.129056 14.257219 -8.856189 14.034567 -1.356878 -2.786793 1.823232 -8.310247 -1.031293 6.292478 -0.003637 0.001856 0.000337 -5.724584 14.646543 -39.043900 3.508215 2.593114 75.971265 -0.922386 -6.039562 -22.721333 2.788888 2.719642 -5.631188 0.000632 -0.000323 0.998971 3.532680 -31.021390 -33.513080 3.196384 -6.517381 87.276362 3.142608 -6.639596 -36.086875 -6.200593 0.336795 -4.421464 0.000131 0.000929 1.001248
-34.512222 88.212029 -2.388061 125.897487 -85.734725 -129.976817 0.326590 1.048366 9.908320 0.459668 2.149203 -3.826367 1.255284 -0.292210 20.771965 -1.014491 2.331716 -5.280832 -4.646887 -1.753024 -12.243878 1.121381 12.458785 -4.692363 0.000682 0.000194 -0.000514 0.272447 0.761069 -3.661893 -0.070527 -2.443755 2.678202 -0.380990 -0.678485 2.665631 5.807837 -9.280629 12.543032 -69.132221 -43.694397 -7.308270 -170.463221 -51.958831 172.799579 30.734519 -22.172216 -5.271010 -8.526765 3.958640 14.272841 -5.044233 -9.360028 0.337222 -1.241008 -11.106348 -18.465320 0.000064 0.000992 0.000718 -0.403702 8.071429 -0.439462 -5.233940 -4.537478 9.265860 -6.872173 0.377912 -1.408792 4.634825 -4.312509 2.390839 0.000601 -0.000759 -0.000418 -1.186824 6.590687 1.739781 -10.834432 3.039013 7.366162 -4.847987 -1.521875 -0.139970 8.992253 -2.768076 5.485213 0.000035 0.000198 0.000645 1.890420 6.994611 -10.770308 -21.283872 11.111565 18.049749 -6.233206 -2.280593 -0.553343 -5.437289 0.299804 -0.454161 0.000542 0.001091 -0.000247 2.828493 8.744377 -8.790398 -28.598630 10.215296 13.793957 -4.144229 0.286545 -0.505800 4.445101 1.269790 1.544542 -0.000435 0.000564 0.000232 -7.425732 18.234319 13.942090 82.261456 46.049425 -4.392084 -177.373724 51.767270 -164.323891 -27.960227 3.147316 -0.588583 14.628431 -4.729244 18.522972 8.585611 15.117232 0.428158 0.256843 11.985476 -6.881016 0.000568 0.000527 -0.000541 9.878273 -4.225147 3.564450 -0.176714 -2.389243 9.505735 -9.325103 -1.605734 0.854155 -10.251963 1.296286 -7.445771 0.000023 -0.000657 -0.000688 6.322754 -1.499967 -0.442005 2.583319 -5.013278 8.960796 -5.265075 -2.073647 0.642318 -14.946383 2.391874 8.408906 -0.000145 0.000359 0.000034 1.412012 -1.007355 -13.317281 6.383762 -8.723300 21.345363 -2.757516 -1.166154 0.456814 1.618567 -0.042555 -1.160633 0.000563 0.001715 -0.000752 -2.802327 -1.788139 -9.164120 14.247636 -8.856574 14.116967 -1.393184 -2.788729 1.810282 -8.289187 -1.043846 6.214786 -0.003692 0.001919 0.000336 -5.801600 14.805133 -39.277167 3.658272 2.561799 76.414832 -0.886252 -5.975511 -22.850050 2.833488 2.652242 -5.761498 0.000635 -0.000334 0.999010 3.689044 -31.293896 -33.608230 3.045300 -6.522905 87.557607 3.008554 -6.462410 -36.127838 -6.102434 0.297026 -4.325843 0.000105 0.000938 1.001176
-34.290688 88.030373 -2.484602 117.962068 -86.145098 -122.018969 0.392836 1.098362 10.020995 0.461097 2.049140 -3.773271 1.288853 -0.328952 20.700664 -0.954032 2.264904 -5.212042 -4.534629 -1.690256 -12.224796 1.106335 12.388258 -4.812939 0.000663 0.000143 -0.000502 0.286320 0.751635 -3.635718 -0.064864 -2.434080 2.676184 -0.375438 -0.669888 2.665121 5.877414 -9.222745 12.542609 -69.434782 -43.831254 -6.712379 -170.188357 -51.992292 172.401460 30.219690 -21.721449 -5.211428 -8.181075 3.787578 14.146071 -5.158345 -9.422856 0.333844 -1.293551 -11.056620 -18.452384 0.000022 0.000984 0.000679 -0.309703 7.989799 -0.536428 -5.324076 -4.574800 9.203421 -6.929711 0.305866 -1.441853 4.567621 -4.362679 2.364200 0.000595 -0.000728 -0.000424 -1.199548 6.547705 1.620766 -10.804953 3.004889 7.295142 -4.857893 -1.613053 -0.171325 8.942544 -2.786755 5.440728 0.000076 0.000138 0.000670 1.796182 6.951044 -10.898849 -21.107675 10.960908 18.042387 -6.237427 -2.335730 -0.591157 -5.503517 0.275033 -0.511614 0.000580 0.001031 -0.000256 2.679387 8.642856 -8.967818 -28.417857 10.179916 13.799651 -4.089162 0.255964 -0.528039 4.410874 1.261431 1.466957 -0.000434 0.000548 0.000195 -7.259677 18.119255 13.919709 82.037674 45.961959 -4.359894 -177.171410 52.004500 -164.071836 -27.727425 2.930354 -0.784785 14.353865 -4.638879 18.411612 8.694700 15.145915 0.413210 0.328115 11.870361 -6.857632 0.000539 0.000501 -0.000536 9.814649 -4.193899 3.480398 -0.131966 -2.321235 9.458268 -9.302355 -1.621692 0.837371 -10.225752 1.340751 -7.422250 -0.000044 -0.000629 -0.000660 6.346686 -1.528669 -0.438252 2.570330 -4.983070 8.908144 -5.258342 -2.055055 0.601677 -14.903243 2.397140 8.369740 -0.000202 0.000406 -0.000014 1.485380 -0.999219 -13.352700 6.350557 -8.707079 21.364461 -2.786744 -1.159649 0.443215 1.676780 -0.028492 -1.219965 0.000491 0.001788 -0.000742 -2.675355 -1.780149 -9.267776 14.207094 -8.822809 14.197096 -1.404094 -2.799185 1.783130 -8.269568 -1.058448 6.127170 -0.003764 0.002000 0.000328 -5.882726 15.027978 -39.554337 3.770020 2.587368 76.934263 -0.877526 -5.887525 -22.931193 2.852958 2.579860 -5.907367 0.000636 -0.000345 0.999070 3.844755 -31.496746 -33.805580 2.896065 -6.536438 87.923738 2.875089 -6.177266 -36.066044 -5.995141 0.276310 -4.265110 0.000080 0.000955 1.001086
-34.157772 87.907196 -2.542527 113.010103 -86.347568 -117.028125 0.435697 1.126885 10.090440 0.460739 1.977423 -3.763026 1.294546 -0.360763 20.669735 -0.919505 2.259753 -5.198818 -4.467436 -1.665844 -12.173997 1.115949 12.327921 -4.855976 0.000643 0.000103 -0.000494 0.290178 0.745456 -3.621886 -0.062523 -2.425788 2.689054 -0.372738 -0.662372 2.678958 5.908802 -9.160993 12.604791 -69.711546 -43.912503 -6.325619 -169.925490 -52.037942 172.084779 30.093376 -21.404977 -5.278978 -8.056798 3.827996 14.152466 -5.202073 -9.402736 0.282120 -1.337737 -10.929167 -18.354642 -0.000013 0.000980 0.000648 -0.250037 7.981719 -0.578754 -5.619818 -4.579554 9.206874 -7.079367 0.242852 -1.447115 4.492577 -4.391707 2.327618 0.000595 -0.000702 -0.000426 -1.195203 6.540194 1.568109 -11.018818 2.976849 7.263832 -4.992631 -1.697644 -0.173002 8.878276 -2.791992 5.368418 0.000108 0.000085 0.000691 1.763091 6.928247 -10.954942 -21.236050 10.899647 18.019806 -6.383593 -2.375467 -0.599023 -5.609169 0.261327 -0.585308 0.000610 0.000982 -0.000260 2.603129 8.587175 -9.047017 -28.502338 10.138788 13.794048 -4.207179 0.199969 -0.541078 4.312580 1.268073 1.377196 -0.000431 0.000534 0.000172 -7.145907 18.086683 13.935568 81.920074 45.892503 -4.255290 -177.029654 52.254787 -163.914668 -27.598917 2.822511 -1.090817 14.227258 -4.617287 18.323082 8.688800 15.150955 0.354214 0.363805 11.745905 -6.831627 0.000512 0.000484 -0.000529 9.721505 -4.158546 3.377777 0.043391 -2.280157 9.424432 -9.208440 -1.620679 0.839446 -10.207575 1.408957 -7.314841 -0.000099 -0.000601 -0.000637 6.346606 -1.550706 -0.453249 2.677142 -4.955268 8.862012 -5.202359 -2.034940 0.578550 -14.895985 2.416948 8.358507 -0.000241 0.000442 -0.000050 1.530306 -1.003707 -13.381658 6.425298 -8.677254 21.335950 -2.746125 -1.168361 0.439072 1.702717 -0.017741 -1.239194 0.000437 0.001840 -0.000738 -2.555763 -1.788245 -9.342192 14.237775 -8.764505 14.204882 -1.345129 -2.831080 1.763031 -8.278665 -1.073992 6.076807 -0.003817 0.002060 0.000322 -5.943794 15.207858 -39.716031 3.821845 2.588728 77.250006 -0.879882 -5.844213 -22.948438 2.836787 2.542375 -5.976414 0.000637 -0.000351 0.999117 3.924999 -31.488886 -33.959759 2.821150 -6.618669 88.224858 2.777818 -5.920578 -35.903295 -5.922236 0.255514 -4.220305 0.000064 0.000968 1.001022
